article	context	surface	readings	ambiguous	conservative	signals	baseline_guesses
articles/baikal.txt	Байкал ( бур .	бур	бур para=34 NOUN nomn sing masc inan score=0.250 || бур para=34 NOUN accs sing masc inan score=0.250 || бур para=52 NOUN nomn sing masc anim score=0.250 || бурый para=249 ADJF sing masc score=0.250	yes	yes		бура,буров,буру,бурый,бурам,бурами,бурах,бурее,бурой,буром,бурою,буры
articles/baikal.txt	Озеро и прибрежные территории являются уникальным биогеоценозом , большая часть видов животных которых эндемична .	большая	больший para=531 ADJF nomn sing femn score=0.500 || большой para=532 ADJF nomn sing femn score=0.500	yes	no		больше,больший,большой,велик,большие,большим,большими,больших,большую,велика,велики
articles/baikal.txt	göl — « озеро ». Названо озеро было так потому , что оно особенно богато редкой породой лососёвых рыб , которая здесь вылавливается .	Названо	назвать para=892 PRTF sing neut score=0.500 || названый para=73 ADJF sing neut score=0.500	yes	yes		названый,назвать,назван,названа,названы
articles/baikal.txt	göl — « озеро ». Названо озеро было так потому , что оно особенно богато редкой породой лососёвых рыб , которая здесь вылавливается .	богато	богато para=3 ADVB score=0.500 || богатый para=510 ADJF sing neut score=0.500	yes	yes		богатый,богаче
articles/baikal.txt	Дно Байкала в самой глубокой его части на 1187 метров ниже уровня Мирового океана .	самой	сам para=2823 ADJF gent sing femn score=0.125 || сам para=2823 ADJF datv sing femn score=0.125 || сам para=2823 ADJF ablt sing femn score=0.125 || сам para=2823 ADJF loct sing femn score=0.125 || самый para=2825 ADJF gent sing femn score=0.125 || самый para=2825 ADJF datv sing femn score=0.125 || самый para=2825 ADJF ablt sing femn score=0.125 || самый para=2825 ADJF loct sing femn score=0.125	yes	no		сам,сами,самый,самого,самом,самому
articles/baikal.txt	При этом западное побережье — скалистое и обрывистое , рельеф восточного побережья — более пологий ( местами горы отступают от берега на десятки километров ). Глубины Байкал — самое глубокое озеро на Земле .	местами	место para=54 NOUN ablt plur neut inan score=0.526 || местами para=3 ADVB score=0.474	yes	yes		место
articles/baikal.txt	При этом западное побережье — скалистое и обрывистое , рельеф восточного побережья — более пологий ( местами горы отступают от берега на десятки километров ). Глубины Байкал — самое глубокое озеро на Земле .	десятки	десятка para=8 NOUN gent sing femn inan score=0.200 || десятка para=8 NOUN nomn plur femn inan score=0.200 || десятка para=8 NOUN accs plur femn inan score=0.200 || десяток para=141 NOUN nomn plur masc inan score=0.200 || десяток para=141 NOUN accs plur masc inan score=0.200	yes	yes	preposition:на	десятка,десяток,десяткам,десятками,десятках,десятке,десятку
articles/baikal.txt	Колотило и А .	Колотило	колотило para=54 NOUN nomn sing neut inan score=0.333 || колотило para=54 NOUN accs sing neut inan score=0.333 || колотить para=828 VERB sing neut score=0.333	yes	yes		колотить,колотил,колотила,колочен,колочена,колочено,колочены
articles/baikal.txt	Колотило , был участником этого проекта ). Если учесть , что водная гладь озера находится на высоте 456 м над уровнем моря , то нижняя точка котловины лежит на 1186 м ниже уровня мирового океана , что делает чашу Байкала также одной из самых глубоких материковых впадин .	Колотило	колотило para=54 NOUN nomn sing neut inan score=0.333 || колотило para=54 NOUN accs sing neut inan score=0.333 || колотить para=828 VERB sing neut score=0.333	yes	yes		колотить,колотил,колотила,колочен,колочена,колочено,колочены
articles/baikal.txt	Более современных данных по данному вопросу нет , однако иногда приводятся цифры в 544 или 1123 ( которые приведены в результате подсчёта распадков , а не постоянных водотоков ). Также считается , что вследствие антропогенного воздействия и изменения климата на Байкале с XIX века по современное врем	данному	дать para=884 PRTF datv sing masc score=0.250 || дать para=884 PRTF datv sing neut score=0.250 || данный para=1306 ADJF datv sing masc score=0.250 || данный para=1306 ADJF datv sing neut score=0.250	yes	yes		дали,дан,дана,данные,данный,дать,дай,дам,данная,данного,данное,данной
articles/baikal.txt	Содержание минеральных солей в воде Байкала равно 96 , 7 мг / л .	солей	соль para=13 NOUN gent plur femn inan score=0.500 || солея para=709 NOUN gent plur femn inan score=0.500	yes	yes		солея,соль,соли,солью
articles/baikal.txt	Этот эндемик Байкала играет важнейшую роль в экосистеме озера , населяя всю толщу вод и формируя до 90 % и более биомассы водоёма .	вод	вода para=55 NOUN gent plur femn inan score=0.882 || вод para=34 NOUN nomn sing masc inan score=0.059 || вод para=34 NOUN accs sing masc inan score=0.059	yes	yes	noun_complement	вода,водам,водами,водах,воде,воду,воды
articles/baikal.txt	Эпишура потребляет основную массу водорослей и является важным объектом питания байкальского омуля .	основную	основный para=12 ADJF accs sing femn score=0.500 || основной para=138 ADJF accs sing femn score=0.500	yes	no		основное,основной,основный,основная,основнее,основней,основного,основному,основною,основные,основным,основными
articles/baikal.txt	Именно рачку - эпишуре озеро обязано чистотой своей воды .	обязано	обязать para=672 PRTF sing neut score=0.500 || обязанный para=2282 ADJF sing neut score=0.500	yes	yes		обязанный,обязать,обязан,обязана,обязанная,обязанного,обязанное,обязанной,обязанном,обязанному,обязанною,обязанную
articles/baikal.txt	Вода в Байкале холодная — температура поверхностных слоёв даже летом не превышает + 8 — + 9 ° C , а в отдельных заливах и сорах + 15 ° C ( максимальная зафиксированная температура + 23 ° C ). Температура глубинных слоёв — около + 4 ° C .	летом	лето para=110 NOUN ablt sing neut inan score=0.512 || летом para=3 ADVB score=0.475	yes	yes		лета,лето,лете
articles/baikal.txt	Летом же и осенью , когда в прогретой солнцем воде развивается масса растительных и животных организмов , прозрачность её снижается до 8 — 10 м , и цвет становится сине - зелёным и зелёным .	Летом	лето para=110 NOUN ablt sing neut inan score=0.512 || летом para=3 ADVB score=0.475	yes	yes		лета,лето,лете
articles/baikal.txt	Летом же и осенью , когда в прогретой солнцем воде развивается масса растительных и животных организмов , прозрачность её снижается до 8 — 10 м , и цвет становится сине - зелёным и зелёным .	её	она para=2304 NPRO accs sing femn score=0.103 || ее para=1440 ADJF accs plur score=0.069	yes	yes		ея,она,нею
articles/baikal.txt	Период судоходства для пассажирских и грузовых судов обычно открыт с июня по сентябрь ; научно - исследовательские суда начинают навигацию вслед за вскрытием озера ото льда и завершают её с замерзанием Байкала , то есть с мая по январь .	научно	научно para=3 ADVB score=0.500 || научный para=12 ADJF sing neut score=0.500	yes	yes		научный,научен
articles/baikal.txt	Период судоходства для пассажирских и грузовых судов обычно открыт с июня по сентябрь ; научно - исследовательские суда начинают навигацию вслед за вскрытием озера ото льда и завершают её с замерзанием Байкала , то есть с мая по январь .	её	она para=2304 NPRO accs sing femn score=0.103 || ее para=1440 ADJF accs plur score=0.069	yes	yes		ея,она,нею
articles/baikal.txt	Байкальский лёд , кроме того , очень прозрачен , и сквозь него проникают солнечные лучи , поэтому в воде бурно развиваются планктонные водоросли , выделяющие кислород .	него	он para=2303 NPRO gent sing masc score=0.333 || оно para=2306 NPRO gent sing neut score=0.333 || он para=2303 NPRO accs sing masc score=0.167 || оно para=2306 NPRO accs sing neut score=0.167	yes	no		его,он,оно,ему,нему
articles/baikal.txt	Внешним видом они напоминают ледяные шатры , « открытые » в противоположную от берега сторону .	открытые	открытый para=4 ADJF nomn plur score=0.250 || открытый para=4 ADJF accs plur inan score=0.250 || открыть para=811 PRTF nomn plur score=0.250 || открыть para=811 PRTF accs plur inan score=0.250	yes	yes		открыто,открытый,открыть,открою,открыт,открыта,открытая,открытого,открытое,открытой,открытом,открытому
articles/baikal.txt	В зоне , где течение достигает максимальных скоростей , усиливается вертикальный водообмен , что приводит к ускоренному разрушению ледового покрова .	ускоренному	ускоренный para=345 ADJF datv sing masc score=0.250 || ускоренный para=345 ADJF datv sing neut score=0.250 || ускорить para=657 PRTF datv sing masc score=0.250 || ускорить para=657 PRTF datv sing neut score=0.250	yes	yes		ускоренно,ускоренный,ускорить,ускорен,ускоренная,ускоренного,ускоренное,ускоренной,ускоренном,ускоренною,ускоренную,ускоренные
articles/baikal.txt	Рельеф дна Дно Байкала имеет ярко выраженный рельеф .	выраженный	выраженный para=153 ADJF nomn sing masc score=0.250 || выраженный para=153 ADJF accs sing masc inan score=0.250 || выразить para=1046 PRTF nomn sing masc score=0.250 || выразить para=1046 PRTF accs sing masc inan score=0.250	yes	yes		выразить,выражен,выраженная,выраженного,выраженное,выраженной,выраженном,выраженному,выраженною,выраженную,выраженные,выраженным
articles/baikal.txt	Вдоль всего побережья в большей или меньшей степени развиты прибрежные мелководья ( шельфы ) и подводные склоны ; есть подводные банки и даже подводные хребты ; выражено ложе трёх основных котловин озера — Южной , Средней и Северной , отделённых друг от друга двумя хребтами — Академическим и Селенги	развиты	развитой para=539 ADJF plur score=0.500 || развить para=665 PRTF plur score=0.500	yes	yes		развитой,развитый,развить,развей,развейте,развит,развита,развитая,развито,развитого,развитое,развитом
articles/baikal.txt	Вдоль всего побережья в большей или меньшей степени развиты прибрежные мелководья ( шельфы ) и подводные склоны ; есть подводные банки и даже подводные хребты ; выражено ложе трёх основных котловин озера — Южной , Средней и Северной , отделённых друг от друга двумя хребтами — Академическим и Селенги	подводные	подводный para=12 ADJF nomn plur score=0.250 || подводный para=12 ADJF accs plur inan score=0.250 || подводной para=138 ADJF nomn plur score=0.250 || подводной para=138 ADJF accs plur inan score=0.250	yes	no		подводной,подводный,подводная,подводнее,подводней,подводного,подводное,подводном,подводному,подводною,подводную,подводным
articles/baikal.txt	Вдоль всего побережья в большей или меньшей степени развиты прибрежные мелководья ( шельфы ) и подводные склоны ; есть подводные банки и даже подводные хребты ; выражено ложе трёх основных котловин озера — Южной , Средней и Северной , отделённых друг от друга двумя хребтами — Академическим и Селенги	подводные	подводный para=12 ADJF nomn plur score=0.250 || подводный para=12 ADJF accs plur inan score=0.250 || подводной para=138 ADJF nomn plur score=0.250 || подводной para=138 ADJF accs plur inan score=0.250	yes	no		подводной,подводный,подводная,подводнее,подводней,подводного,подводное,подводном,подводному,подводною,подводную,подводным
articles/baikal.txt	Вдоль всего побережья в большей или меньшей степени развиты прибрежные мелководья ( шельфы ) и подводные склоны ; есть подводные банки и даже подводные хребты ; выражено ложе трёх основных котловин озера — Южной , Средней и Северной , отделённых друг от друга двумя хребтами — Академическим и Селенги	банки	банк para=19 NOUN nomn plur masc inan score=0.625 || банк para=19 NOUN accs plur masc inan score=0.188 || банка para=8 NOUN accs plur femn inan score=0.094 || банка para=8 NOUN gent sing femn inan score=0.062	yes	yes	adjective_agreement	банк,банка,банкам,банками,банках,банке,банку
articles/baikal.txt	Вдоль всего побережья в большей или меньшей степени развиты прибрежные мелководья ( шельфы ) и подводные склоны ; есть подводные банки и даже подводные хребты ; выражено ложе трёх основных котловин озера — Южной , Средней и Северной , отделённых друг от друга двумя хребтами — Академическим и Селенги	подводные	подводный para=12 ADJF nomn plur score=0.250 || подводный para=12 ADJF accs plur inan score=0.250 || подводной para=138 ADJF nomn plur score=0.250 || подводной para=138 ADJF accs plur inan score=0.250	yes	no		подводной,подводный,подводная,подводнее,подводней,подводного,подводное,подводном,подводному,подводною,подводную,подводным
articles/baikal.txt	Вдоль всего побережья в большей или меньшей степени развиты прибрежные мелководья ( шельфы ) и подводные склоны ; есть подводные банки и даже подводные хребты ; выражено ложе трёх основных котловин озера — Южной , Средней и Северной , отделённых друг от друга двумя хребтами — Академическим и Селенги	основных	основный para=12 ADJF gent plur score=0.167 || основный para=12 ADJF accs plur anim score=0.167 || основный para=12 ADJF loct plur score=0.167 || основной para=138 ADJF gent plur score=0.167 || основной para=138 ADJF accs plur anim score=0.167 || основной para=138 ADJF loct plur score=0.167	yes	no		основное,основной,основный,основная,основнее,основней,основного,основному,основною,основную,основные,основным
articles/baikal.txt	Вдоль всего побережья в большей или меньшей степени развиты прибрежные мелководья ( шельфы ) и подводные склоны ; есть подводные банки и даже подводные хребты ; выражено ложе трёх основных котловин озера — Южной , Средней и Северной , отделённых друг от друга двумя хребтами — Академическим и Селенги	отделённых	отделенный para=12 ADJF gent plur score=0.111 || отделенный para=12 ADJF accs plur anim score=0.111 || отделенный para=12 ADJF loct plur score=0.111 || отделенный para=227 NOUN gent plur masc anim score=0.111 || отделенный para=227 NOUN accs plur masc anim score=0.111 || отделенный para=227 NOUN loct plur masc anim score=0.111 || отделить para=754 PRTF gent plur score=0.111 || отделить para=754 PRTF accs plur anim score=0.111 || отделить para=754 PRTF loct plur score=0.111	yes	yes		отделенный,отделить,отделим,отделённая,отделённого,отделённое,отделённой,отделённом,отделённому,отделённою,отделённую,отделённые
articles/baikal.txt	Наиболее выразителен Академический хребет , протянувшийся от острова Ольхон к Ушканьим островам , которые являются его самой высокой частью .	самой	сам para=2823 ADJF gent sing femn score=0.125 || сам para=2823 ADJF datv sing femn score=0.125 || сам para=2823 ADJF ablt sing femn score=0.125 || сам para=2823 ADJF loct sing femn score=0.125 || самый para=2825 ADJF gent sing femn score=0.125 || самый para=2825 ADJF datv sing femn score=0.125 || самый para=2825 ADJF ablt sing femn score=0.125 || самый para=2825 ADJF loct sing femn score=0.125	yes	no		сам,сами,самый,самого,самом,самому
articles/baikal.txt	Наибольшее сосредоточение островов наблюдается в районе Малого моря .	Малого	малое para=1019 NOUN gent sing neut inan score=0.583 || малый para=227 NOUN gent sing masc anim score=0.083 || малый para=227 NOUN accs sing masc anim score=0.083 || малый para=1985 ADJF gent sing masc score=0.083 || малый para=1985 ADJF accs sing masc anim score=0.083 || малый para=1985 ADJF gent sing neut score=0.083	yes	yes	noun_complement	малым
articles/baikal.txt	Сейсмоактивность Район Байкала ( т .	т	так para=2997 ADVB score=0.505 || так para=2996  score=0.412 || то para=3013  score=0.412	yes	yes		так,то
articles/baikal.txt	Сильные землетрясения отмечены также в 1903 году ( Байкальское ), 1950 году ( Мондинское ), 1957 году ( Муйское ), 1959 году ( Среднебайкальское ). Эпицентр 9 - балльного Среднебайкальского землетрясения находился на дне Байкала в районе села Сухая ( юго - восточное побережье ). В Улан - Удэ и Иркут	дне	день para=1327 NOUN loct sing masc inan score=0.500 || дно para=1347 NOUN loct sing neut inan score=0.500	yes	yes		день,днем,дно,днями,днём,доньям,доньями,доньях
articles/baikal.txt	Дней без солнца в году в этом же населённом пункте бывает только 37 , а на острове Ольхон — 48 .	населённом	населить para=982 PRTF loct sing masc score=0.250 || населить para=982 PRTF loct sing neut score=0.250 || населенный para=345 ADJF loct sing masc score=0.250 || населенный para=345 ADJF loct sing neut score=0.250	yes	yes		населенный,населить,насели,населён,населённая,населённого,населённое,населённой,населённому,населённою,населённую,населённые
articles/baikal.txt	Этот факт также делает Байкал уникальным природным объектом , так как большинство озёр , особенно ледникового происхождения , живёт в среднем 10 — 15 тысяч лет , а потом заполняется илистыми осадками и заболачивается .	осадками	осадка para=8 NOUN ablt plur femn inan score=0.333 || осадок para=141 NOUN ablt plur masc inan score=0.333 || осадки para=313 NOUN ablt plur inan score=0.333	yes	yes		осадка,осадки,осадок,осадкам,осадках,осадке,осадков,осадку
articles/baikal.txt	В частности , деятельность грязевых вулканов на дне озера позволяет учёным предполагать , что современной береговой линии Байкала всего лишь 8 тысяч лет , а глубоководной части — 150 тысяч лет .	грязевых	грязевый para=10 ADJF gent plur score=0.111 || грязевый para=10 ADJF accs plur anim score=0.111 || грязевый para=10 ADJF loct plur score=0.111 || грязев para=37 NOUN gent plur anim proper score=0.111 || грязев para=37 NOUN accs plur anim proper score=0.111 || грязев para=37 NOUN loct plur anim proper score=0.111 || грязевой para=138 ADJF gent plur score=0.111 || грязевой para=138 ADJF accs plur anim score=0.111 || грязевой para=138 ADJF loct plur score=0.111	yes	no	lowercase_common	грязев,грязевой,грязевый,грязевая,грязевого,грязевое,грязевом,грязевому,грязевою,грязевую,грязевые,грязевым
articles/baikal.txt	В частности , деятельность грязевых вулканов на дне озера позволяет учёным предполагать , что современной береговой линии Байкала всего лишь 8 тысяч лет , а глубоководной части — 150 тысяч лет .	дне	день para=1327 NOUN loct sing masc inan score=0.500 || дно para=1347 NOUN loct sing neut inan score=0.500	yes	yes		день,днем,дно,днями,днём,доньям,доньями,доньях
articles/baikal.txt	Насыщение поверхностных слоёв озера кислородом , в отличие от других водоёмов , зимой не прекращается , так как из - за прозрачного льда и ветрового очищения его от снега фитопланктон осуществляет фотосинтез и в это время года .	ветрового	ветровый para=10 ADJF gent sing masc score=0.167 || ветровый para=10 ADJF accs sing masc anim score=0.167 || ветровый para=10 ADJF gent sing neut score=0.167 || ветровой para=138 ADJF gent sing masc score=0.167 || ветровой para=138 ADJF accs sing masc anim score=0.167 || ветровой para=138 ADJF gent sing neut score=0.167	yes	no		ветровой,ветровый,ветровая,ветровое,ветровом,ветровому,ветровою,ветровую,ветровые,ветровым,ветровыми,ветровых
articles/baikal.txt	100 %- й эндемизм наблюдается среди нематод семейства Mermitidae ( 28 видов ), червей Polychaeta ( 4 ), губок Lubomirskiidae ( 14 ), грегарин Gregarinasina ( 6 ), рачков - изопод Isopoda ( 5 ), веснянок Plecoptera ( 2 ). Почти все виды и подвиды рачков - амфипод ( 349 из 350 , 99 %) и скорпенообразн	грегарин	грегарин para=37 NOUN nomn sing masc anim proper score=0.226 || грегарин para=27 NOUN nomn sing masc anim proper score=0.226 || грегарина para=69 NOUN gent plur femn anim proper score=0.226 || грегарина para=69 NOUN accs plur femn anim proper score=0.226	yes	yes		
articles/baikal.txt	Он выполняет функцию фильтра : пропускает через себя воду , очищая её .	её	она para=2304 NPRO accs sing femn score=0.103 || ее para=1440 ADJF accs plur score=0.069	yes	yes		ея,она,нею
articles/baikal.txt	В настоящее время на берегах Байкала в 85 населённых пунктах проживает около 100 тысяч человек .	населённых	населить para=982 PRTF gent plur score=0.167 || населить para=982 PRTF accs plur anim score=0.167 || населить para=982 PRTF loct plur score=0.167 || населенный para=345 ADJF gent plur score=0.167 || населенный para=345 ADJF accs plur anim score=0.167 || населенный para=345 ADJF loct plur score=0.167	yes	yes		населенный,населить,насели,населён,населённая,населённого,населённое,населённой,населённом,населённому,населённою,населённую
articles/baikal.txt	Крупнейшие населённые пункты : города Северобайкальск ( 24 375 чел .),	населённые	населить para=982 PRTF nomn plur score=0.250 || населить para=982 PRTF accs plur inan score=0.250 || населенный para=345 ADJF nomn plur score=0.250 || населенный para=345 ADJF accs plur inan score=0.250	yes	yes		населенный,населить,насели,населён,населённая,населённого,населённое,населённой,населённом,населённому,населённою,населённую
articles/baikal.txt	Крупнейшие населённые пункты : города Северобайкальск ( 24 375 чел .),	чел	чел para=3289 NOUN nomn sing masc anim score=0.071 || чел para=3289 NOUN gent sing masc anim score=0.071 || чел para=3289 NOUN datv sing masc anim score=0.071 || чел para=3289 NOUN accs sing masc anim score=0.071 || чел para=3289 NOUN ablt sing masc anim score=0.071 || чел para=3289 NOUN loct sing masc anim score=0.071 || чел para=3289 NOUN nomn plur masc anim score=0.071 || чел para=3289 NOUN gent plur masc anim score=0.071 || чел para=3289 NOUN datv plur masc anim score=0.071 || чел para=3289 NOUN accs plur masc anim score=0.071 || чел para=3289 NOUN ablt plur masc anim score=0.071 || чел para=3289 NOUN loct plur masc anim score=0.071 || чело para=1467 NOUN gent plur neut inan score=0.071 || честь para=3173 VERB sing masc score=0.071	yes	yes		чело,чти,чтите,чту,чтя
articles/baikal.txt	Слюдянка ( 17 906 чел .),	чел	чел para=3289 NOUN nomn sing masc anim score=0.071 || чел para=3289 NOUN gent sing masc anim score=0.071 || чел para=3289 NOUN datv sing masc anim score=0.071 || чел para=3289 NOUN accs sing masc anim score=0.071 || чел para=3289 NOUN ablt sing masc anim score=0.071 || чел para=3289 NOUN loct sing masc anim score=0.071 || чел para=3289 NOUN nomn plur masc anim score=0.071 || чел para=3289 NOUN gent plur masc anim score=0.071 || чел para=3289 NOUN datv plur masc anim score=0.071 || чел para=3289 NOUN accs plur masc anim score=0.071 || чел para=3289 NOUN ablt plur masc anim score=0.071 || чел para=3289 NOUN loct plur masc anim score=0.071 || чело para=1467 NOUN gent plur neut inan score=0.071 || честь para=3173 VERB sing masc score=0.071	yes	yes		чело,чти,чтите,чту,чтя
articles/baikal.txt	Байкальск ( 12 703 чел .),	чел	чел para=3289 NOUN nomn sing masc anim score=0.071 || чел para=3289 NOUN gent sing masc anim score=0.071 || чел para=3289 NOUN datv sing masc anim score=0.071 || чел para=3289 NOUN accs sing masc anim score=0.071 || чел para=3289 NOUN ablt sing masc anim score=0.071 || чел para=3289 NOUN loct sing masc anim score=0.071 || чел para=3289 NOUN nomn plur masc anim score=0.071 || чел para=3289 NOUN gent plur masc anim score=0.071 || чел para=3289 NOUN datv plur masc anim score=0.071 || чел para=3289 NOUN accs plur masc anim score=0.071 || чел para=3289 NOUN ablt plur masc anim score=0.071 || чел para=3289 NOUN loct plur masc anim score=0.071 || чело para=1467 NOUN gent plur neut inan score=0.071 || честь para=3173 VERB sing masc score=0.071	yes	yes		чело,чти,чтите,чту,чтя
articles/baikal.txt	Бабушкин ( 4209 чел .),	чел	чел para=3289 NOUN nomn sing masc anim score=0.071 || чел para=3289 NOUN gent sing masc anim score=0.071 || чел para=3289 NOUN datv sing masc anim score=0.071 || чел para=3289 NOUN accs sing masc anim score=0.071 || чел para=3289 NOUN ablt sing masc anim score=0.071 || чел para=3289 NOUN loct sing masc anim score=0.071 || чел para=3289 NOUN nomn plur masc anim score=0.071 || чел para=3289 NOUN gent plur masc anim score=0.071 || чел para=3289 NOUN datv plur masc anim score=0.071 || чел para=3289 NOUN accs plur masc anim score=0.071 || чел para=3289 NOUN ablt plur masc anim score=0.071 || чел para=3289 NOUN loct plur masc anim score=0.071 || чело para=1467 NOUN gent plur neut inan score=0.071 || честь para=3173 VERB sing masc score=0.071	yes	yes		чело,чти,чтите,чту,чтя
articles/baikal.txt	посёлки городского типа Усть - Баргузин ( 6064 чел .),	чел	чел para=3289 NOUN nomn sing masc anim score=0.071 || чел para=3289 NOUN gent sing masc anim score=0.071 || чел para=3289 NOUN datv sing masc anim score=0.071 || чел para=3289 NOUN accs sing masc anim score=0.071 || чел para=3289 NOUN ablt sing masc anim score=0.071 || чел para=3289 NOUN loct sing masc anim score=0.071 || чел para=3289 NOUN nomn plur masc anim score=0.071 || чел para=3289 NOUN gent plur masc anim score=0.071 || чел para=3289 NOUN datv plur masc anim score=0.071 || чел para=3289 NOUN accs plur masc anim score=0.071 || чел para=3289 NOUN ablt plur masc anim score=0.071 || чел para=3289 NOUN loct plur masc anim score=0.071 || чело para=1467 NOUN gent plur neut inan score=0.071 || честь para=3173 VERB sing masc score=0.071	yes	yes		чело,чти,чтите,чту,чтя
articles/baikal.txt	Нижнеангарск ( 3658 чел .),	чел	чел para=3289 NOUN nomn sing masc anim score=0.071 || чел para=3289 NOUN gent sing masc anim score=0.071 || чел para=3289 NOUN datv sing masc anim score=0.071 || чел para=3289 NOUN accs sing masc anim score=0.071 || чел para=3289 NOUN ablt sing masc anim score=0.071 || чел para=3289 NOUN loct sing masc anim score=0.071 || чел para=3289 NOUN nomn plur masc anim score=0.071 || чел para=3289 NOUN gent plur masc anim score=0.071 || чел para=3289 NOUN datv plur masc anim score=0.071 || чел para=3289 NOUN accs plur masc anim score=0.071 || чел para=3289 NOUN ablt plur masc anim score=0.071 || чел para=3289 NOUN loct plur masc anim score=0.071 || чело para=1467 NOUN gent plur neut inan score=0.071 || честь para=3173 VERB sing masc score=0.071	yes	yes		чело,чти,чтите,чту,чтя
articles/baikal.txt	Култук ( 3312 чел .),	чел	чел para=3289 NOUN nomn sing masc anim score=0.071 || чел para=3289 NOUN gent sing masc anim score=0.071 || чел para=3289 NOUN datv sing masc anim score=0.071 || чел para=3289 NOUN accs sing masc anim score=0.071 || чел para=3289 NOUN ablt sing masc anim score=0.071 || чел para=3289 NOUN loct sing masc anim score=0.071 || чел para=3289 NOUN nomn plur masc anim score=0.071 || чел para=3289 NOUN gent plur masc anim score=0.071 || чел para=3289 NOUN datv plur masc anim score=0.071 || чел para=3289 NOUN accs plur masc anim score=0.071 || чел para=3289 NOUN ablt plur masc anim score=0.071 || чел para=3289 NOUN loct plur masc anim score=0.071 || чело para=1467 NOUN gent plur neut inan score=0.071 || честь para=3173 VERB sing masc score=0.071	yes	yes		чело,чти,чтите,чту,чтя
articles/baikal.txt	село Выдрино ( 4374 чел .).	чел	чел para=3289 NOUN nomn sing masc anim score=0.071 || чел para=3289 NOUN gent sing masc anim score=0.071 || чел para=3289 NOUN datv sing masc anim score=0.071 || чел para=3289 NOUN accs sing masc anim score=0.071 || чел para=3289 NOUN ablt sing masc anim score=0.071 || чел para=3289 NOUN loct sing masc anim score=0.071 || чел para=3289 NOUN nomn plur masc anim score=0.071 || чел para=3289 NOUN gent plur masc anim score=0.071 || чел para=3289 NOUN datv plur masc anim score=0.071 || чел para=3289 NOUN accs plur masc anim score=0.071 || чел para=3289 NOUN ablt plur masc anim score=0.071 || чел para=3289 NOUN loct plur masc anim score=0.071 || чело para=1467 NOUN gent plur neut inan score=0.071 || честь para=3173 VERB sing masc score=0.071	yes	yes		чело,чти,чтите,чту,чтя
articles/baikal.txt	Происхождение топонима « Байкал » Наиболее распространённые версии происхождения топонима « Байкал »: От названия народности и страны байырку ( байегу , байирку , баюрку ) От бурятских бай - « стоять » и гал « огонь » ( по легенде , Байкал образовался на месте огнедышащей горы ) От бурятского « Байг	бай	бай para=67 NOUN nomn sing masc anim score=0.111 || бай para=334 NOUN nomn sing masc anim proper score=0.111 || бай para=334 NOUN nomn sing femn anim proper score=0.111 || бай para=334 NOUN gent sing femn anim proper score=0.111 || бай para=334 NOUN datv sing femn anim proper score=0.111 || бай para=334 NOUN accs sing femn anim proper score=0.111 || бай para=334 NOUN ablt sing femn anim proper score=0.111 || бай para=334 NOUN loct sing femn anim proper score=0.111 || баять para=380 VERB sing score=0.111	yes	yes	lowercase_common	баян,баянный,баять,бае,баем,баи,байте,баю,бая,баям,баями,баянная
articles/baikal.txt	Происхождение топонима « Байкал » Наиболее распространённые версии происхождения топонима « Байкал »: От названия народности и страны байырку ( байегу , байирку , баюрку ) От бурятских бай - « стоять » и гал « огонь » ( по легенде , Байкал образовался на месте огнедышащей горы ) От бурятского « Байг	существующий	существующий para=101 ADJF nomn sing masc score=0.250 || существующий para=101 ADJF accs sing masc inan score=0.250 || существовать para=177 PRTF nomn sing masc score=0.250 || существовать para=177 PRTF accs sing masc inan score=0.250	yes	yes		существовать,существующая,существующего,существующее,существующей,существующем,существующему,существующею,существующие,существующим,существующими,существующих
articles/baikal.txt	Происхождение топонима « Байкал » Наиболее распространённые версии происхождения топонима « Байкал »: От названия народности и страны байырку ( байегу , байирку , баюрку ) От бурятских бай - « стоять » и гал « огонь » ( по легенде , Байкал образовался на месте огнедышащей горы ) От бурятского « Байг	большая	больший para=531 ADJF nomn sing femn score=0.500 || большой para=532 ADJF nomn sing femn score=0.500	yes	no		больше,больший,большой,велик,большие,большим,большими,больших,большую,велика,велики
articles/baikal.txt	Происхождение топонима « Байкал » Наиболее распространённые версии происхождения топонима « Байкал »: От названия народности и страны байырку ( байегу , байирку , баюрку ) От бурятских бай - « стоять » и гал « огонь » ( по легенде , Байкал образовался на месте огнедышащей горы ) От бурятского « Байг	принятое	принять para=938 PRTF nomn sing neut score=0.250 || принять para=938 PRTF accs sing neut score=0.250 || принятый para=193 ADJF nomn sing neut score=0.250 || принятый para=193 ADJF accs sing neut score=0.250	yes	yes		принятый,принять,примет,приму,принят,принята,принятая,принято,принятого,принятой,принятом,принятому
articles/baikal.txt	Происхождение топонима « Байкал » Наиболее распространённые версии происхождения топонима « Байкал »: От названия народности и страны байырку ( байегу , байирку , баюрку ) От бурятских бай - « стоять » и гал « огонь » ( по легенде , Байкал образовался на месте огнедышащей горы ) От бурятского « Байг	бур	бур para=34 NOUN nomn sing masc inan score=0.250 || бур para=34 NOUN accs sing masc inan score=0.250 || бур para=52 NOUN nomn sing masc anim score=0.250 || бурый para=249 ADJF sing masc score=0.250	yes	yes		бура,буров,буру,бурый,бурам,бурами,бурах,бурее,бурой,буром,бурою,буры
articles/baikal.txt	Бурение позволило изучить разрез осадочной толщи на дне озера , детализировать его историю .	толщи	толща para=94 NOUN gent sing femn inan score=0.125 || толща para=94 NOUN nomn plur femn inan score=0.125 || толща para=94 NOUN accs plur femn inan score=0.125 || толщь para=454 NOUN gent sing femn inan score=0.125 || толщь para=454 NOUN datv sing femn inan score=0.125 || толщь para=454 NOUN loct sing femn inan score=0.125 || толщь para=454 NOUN nomn plur femn inan score=0.125 || толщь para=454 NOUN accs plur femn inan score=0.125	yes	yes	adjective_agreement	толща,толщь,толщам,толщами,толщах,толще,толщей,толщу
articles/baikal.txt	Бурение позволило изучить разрез осадочной толщи на дне озера , детализировать его историю .	дне	день para=1327 NOUN loct sing masc inan score=0.500 || дно para=1347 NOUN loct sing neut inan score=0.500	yes	yes		день,днем,дно,днями,днём,доньям,доньями,доньях
articles/baikal.txt	« Миры » на Байкале Летом 2008 года Фондом содействия сохранению озера Байкал была проведена научно - исследовательская экспедиция «„ Миры “ на Байкале ». Было проведено 52 погружения глубоководных обитаемых аппаратов « Мир » на дно Байкала .	научно	научно para=3 ADVB score=0.500 || научный para=12 ADJF sing neut score=0.500	yes	yes		научный,научен
articles/baikal.txt	Экология Озеро Байкал является уникальной экологической системой , правовые основы охраны которой регулируются принятым в 1999 году Федеральным законом « Об охране озера Байкал ». В соответствии с данным федеральным законом , на Байкальской природной территории установлен особый режим хозяйственной 	принятым	принять para=938 PRTF ablt sing masc score=0.167 || принять para=938 PRTF ablt sing neut score=0.167 || принять para=938 PRTF datv plur score=0.167 || принятый para=193 ADJF ablt sing masc score=0.167 || принятый para=193 ADJF ablt sing neut score=0.167 || принятый para=193 ADJF datv plur score=0.167	yes	yes		принятый,принять,примет,приму,принят,принята,принятая,принято,принятого,принятое,принятой,принятом
articles/baikal.txt	Наиболее известным загрязнителем вод озера Байкал является Байкальский целлюлозно - бумажный комбинат , однако значительное влияние на загрязнение озера оказывает всё же река Селенга .	вод	вода para=55 NOUN gent plur femn inan score=0.882 || вод para=34 NOUN nomn sing masc inan score=0.059 || вод para=34 NOUN accs sing masc inan score=0.059	yes	yes	noun_complement	вода,водам,водами,водах,воде,воду,воды
articles/baikal.txt	Экологические преступления , зарегистрированные на Байкальской природной территории в 2010 году , были связаны с незаконной рубкой деревьев и кустарников ( 78 , 5 % от общего количества выявленных преступлений ); незаконной добычей водных животных и растений ( 12 , 4 %); уничтожением и повреждением 	вод	вода para=55 NOUN gent plur femn inan score=0.882 || вод para=34 NOUN nomn sing masc inan score=0.059 || вод para=34 NOUN accs sing masc inan score=0.059	yes	yes	noun_complement	вода,водам,водами,водах,воде,воду,воды
articles/baikal.txt	В таблице приводится частота превышения ПДК в процентах от общего количества проб : На первом этапе , охватывающим временной период с 2009 до 2012 года , предусматривался мониторинг и оценка состояния объектов природной среды в соответствии с « Водной стратегией Российской Федерации на период до 202	временной	временной para=106 ADJF nomn sing masc score=0.100 || временной para=106 ADJF accs sing masc inan score=0.100 || временной para=106 ADJF gent sing femn score=0.100 || временной para=106 ADJF datv sing femn score=0.100 || временной para=106 ADJF ablt sing femn score=0.100 || временной para=106 ADJF loct sing femn score=0.100 || временный para=317 ADJF gent sing femn score=0.100 || временный para=317 ADJF datv sing femn score=0.100 || временный para=317 ADJF ablt sing femn score=0.100 || временный para=317 ADJF loct sing femn score=0.100	yes	no		временный,временная,временного,временное,временном,временному,временною,временную,временные,временным,временными,временных
articles/baikal.txt	По результатам исследования было установлено , что в 2017 году в поверхностном слое воды заметных отклонений в содержании алкилсульфатов , сурьмы , фенолов , фосфатов , мышьяка , ртути , свинца , нитратов , нитритов и нефтепродуктов не выявлено .	фенолов	феноловый para=4 ADJF sing masc score=0.500 || фенол para=34 NOUN gent plur masc inan score=0.500	yes	yes		фенол,феноловый
articles/baikal.txt	Мы говорим об уникальном объекте , а за основу берем документы , которые определяют эти воздействия для водопользования : хозяйственно - бытового и рыбохозяйственного .	хозяйственно	хозяйственно para=3 ADVB score=0.500 || хозяйственный para=516 ADJF sing neut score=0.500	yes	yes		хозяйственный
articles/baikal.txt	Основные источники загрязнений Река Селенга является крупнейшим притоком озера , объём её стока составляет 30 км ³ в год , что превышает половину общего речного стока в Байкал .	её	она para=2304 NPRO accs sing femn score=0.103 || ее para=1440 ADJF accs plur score=0.069	yes	yes		ея,она,нею
articles/baikal.txt	На территории Монголии основными источниками поступления загрязняющих веществ в бассейн Селенги и в последующем — в Байкал являются город Улан - Батор , а также золотодобывающие предприятия в Заамаре и предприятия по добыче полезных ископаемых в верхнем течении рек Орхон и Хараа - Гол .	основными	основный para=12 ADJF ablt plur score=0.500 || основной para=138 ADJF ablt plur score=0.500	yes	no		основное,основной,основный,основная,основнее,основней,основного,основному,основною,основную,основные,основным
articles/baikal.txt	На территории Монголии основными источниками поступления загрязняющих веществ в бассейн Селенги и в последующем — в Байкал являются город Улан - Батор , а также золотодобывающие предприятия в Заамаре и предприятия по добыче полезных ископаемых в верхнем течении рек Орхон и Хараа - Гол .	Батор	батор para=34 NOUN nomn sing masc inan score=0.290 || батор para=34 NOUN accs sing masc inan score=0.290 || батора para=55 NOUN gent plur femn inan score=0.290	yes	yes		
articles/baikal.txt	На территории Монголии основными источниками поступления загрязняющих веществ в бассейн Селенги и в последующем — в Байкал являются город Улан - Батор , а также золотодобывающие предприятия в Заамаре и предприятия по добыче полезных ископаемых в верхнем течении рек Орхон и Хараа - Гол .	Заамаре	заамар para=27 NOUN loct sing masc anim proper score=0.333 || заамара para=69 NOUN datv sing femn anim proper score=0.333 || заамара para=69 NOUN loct sing femn anim proper score=0.333	yes	yes	mid_sentence_capital preposition:в	
articles/baikal.txt	На территории Монголии основными источниками поступления загрязняющих веществ в бассейн Селенги и в последующем — в Байкал являются город Улан - Батор , а также золотодобывающие предприятия в Заамаре и предприятия по добыче полезных ископаемых в верхнем течении рек Орхон и Хараа - Гол .	Гол	гол para=34 NOUN nomn sing masc inan score=0.162 || гол para=34 NOUN accs sing masc inan score=0.135 || голый para=4 ADJF sing masc score=0.054	yes	yes		голам,голо,голов,голый,гола,голей,голом,голы
articles/baikal.txt	На территории России основным загрязнителем Селенги является город Улан - Удэ , очистные сооружения которого не справляются с очисткой до нормативного уровня сточных вод промышленности и жилищно - коммунального хозяйства .	очистные	очистный para=12 ADJF nomn plur score=0.250 || очистный para=12 ADJF accs plur inan score=0.250 || очистной para=138 ADJF nomn plur score=0.250 || очистной para=138 ADJF accs plur inan score=0.250	yes	no		очистной,очистный,очистная,очистнее,очистней,очистного,очистное,очистном,очистному,очистною,очистную,очистным
articles/baikal.txt	Большинство очистных сооружений в небольших населённых пунктах бассейна озера Байкал на территории Республики Бурятии находится в аварийном состоянии , а в ряде населённых пунктов очистные сооружения канализации или сами системы канализации вообще отсутствуют .	очистных	очистный para=12 ADJF gent plur score=0.167 || очистный para=12 ADJF accs plur anim score=0.167 || очистный para=12 ADJF loct plur score=0.167 || очистной para=138 ADJF gent plur score=0.167 || очистной para=138 ADJF accs plur anim score=0.167 || очистной para=138 ADJF loct plur score=0.167	yes	no		очистной,очистный,очистная,очистнее,очистней,очистного,очистное,очистном,очистному,очистною,очистную,очистные
articles/baikal.txt	Большинство очистных сооружений в небольших населённых пунктах бассейна озера Байкал на территории Республики Бурятии находится в аварийном состоянии , а в ряде населённых пунктов очистные сооружения канализации или сами системы канализации вообще отсутствуют .	населённых	населить para=982 PRTF gent plur score=0.167 || населить para=982 PRTF accs plur anim score=0.167 || населить para=982 PRTF loct plur score=0.167 || населенный para=345 ADJF gent plur score=0.167 || населенный para=345 ADJF accs plur anim score=0.167 || населенный para=345 ADJF loct plur score=0.167	yes	yes		населенный,населить,насели,населён,населённая,населённого,населённое,населённой,населённом,населённому,населённою,населённую
articles/baikal.txt	Большинство очистных сооружений в небольших населённых пунктах бассейна озера Байкал на территории Республики Бурятии находится в аварийном состоянии , а в ряде населённых пунктов очистные сооружения канализации или сами системы канализации вообще отсутствуют .	населённых	населить para=982 PRTF gent plur score=0.167 || населить para=982 PRTF accs plur anim score=0.167 || населить para=982 PRTF loct plur score=0.167 || населенный para=345 ADJF gent plur score=0.167 || населенный para=345 ADJF accs plur anim score=0.167 || населенный para=345 ADJF loct plur score=0.167	yes	yes		населенный,населить,насели,населён,населённая,населённого,населённое,населённой,населённом,населённому,населённою,населённую
articles/baikal.txt	Большинство очистных сооружений в небольших населённых пунктах бассейна озера Байкал на территории Республики Бурятии находится в аварийном состоянии , а в ряде населённых пунктов очистные сооружения канализации или сами системы канализации вообще отсутствуют .	очистные	очистный para=12 ADJF nomn plur score=0.250 || очистный para=12 ADJF accs plur inan score=0.250 || очистной para=138 ADJF nomn plur score=0.250 || очистной para=138 ADJF accs plur inan score=0.250	yes	no		очистной,очистный,очистная,очистнее,очистней,очистного,очистное,очистном,очистному,очистною,очистную,очистным
articles/baikal.txt	Одним из примеров экологических последствий деятельности ликвидированных предприятий являются отходы , накопленные в 1934 — 2001 годах , в период деятельности Джидинского вольфрам - молибденового комбината , в результате чего около одной третьей территории города Закаменска подверглось повышенному з	повышенному	повышенный para=345 ADJF datv sing masc score=0.250 || повышенный para=345 ADJF datv sing neut score=0.250 || повысить para=575 PRTF datv sing masc score=0.250 || повысить para=575 PRTF datv sing neut score=0.250	yes	yes		повысить,повышенный,повышен,повышенная,повышенного,повышенное,повышенной,повышенном,повышенною,повышенную,повышенные,повышенным
articles/baikal.txt	Помимо основных источников загрязнений , появляются и локальные .	основных	основный para=12 ADJF gent plur score=0.167 || основный para=12 ADJF accs plur anim score=0.167 || основный para=12 ADJF loct plur score=0.167 || основной para=138 ADJF gent plur score=0.167 || основной para=138 ADJF accs plur anim score=0.167 || основной para=138 ADJF loct plur score=0.167	yes	no		основное,основной,основный,основная,основнее,основней,основного,основному,основною,основную,основные,основным
articles/baikal.txt	Так , существует угроза попадания в Байкал канализационных стоков от прибрежных гостиниц .	стоков	стоковый para=4 ADJF sing masc score=0.500 || сток para=19 NOUN gent plur masc inan score=0.500	yes	yes		сток,стоковый
articles/bee.txt	С развитием сельского хозяйства росла роль пчёл как естественных опылителей растений ( в том числе распространилось опыление культур пчёлами в теплицах ). Этимология названия Русское слово пчела восходит к праслав .	праслав	праслава para=55 NOUN gent plur femn inan score=0.200 || праслава para=2890 NOUN gent plur anim proper score=0.200 || праслава para=2890 NOUN accs plur anim proper score=0.200 || праслава para=2890 NOUN voct sing anim proper score=0.200 || праслать para=2892  score=0.200	yes	yes	lowercase_common	
articles/bee.txt	bee « пчела »). Строение Геном Медоносная пчела стала третьим после дрозофилы и комара насекомым , геном которого известен .	Геном	геном para=34 NOUN nomn sing masc inan score=0.333 || геном para=34 NOUN accs sing masc inan score=0.333 || ген para=34 NOUN ablt sing masc inan score=0.333	yes	yes	noun_complement	ген,гена,генам,генами,генах,гене,гену,гены
articles/bee.txt	bee « пчела »). Строение Геном Медоносная пчела стала третьим после дрозофилы и комара насекомым , геном которого известен .	геном	геном para=34 NOUN nomn sing masc inan score=0.333 || геном para=34 NOUN accs sing masc inan score=0.333 || ген para=34 NOUN ablt sing masc inan score=0.333	yes	yes		ген,гена,генам,генами,генах,гене,гену,гены
articles/bee.txt	В целом по миру был выявлен высокий уровень генетического разнообразия , однако , в некоторых регионах колонии пчёл вымирают из - за инбридинга ( близкородственного скрещивания ). Митохондриальная ДНК у пчёл может передаваться следующему потомству не только от самок , но и от самцов .	следующему	следующий para=213 ADJF datv sing masc score=0.250 || следующий para=213 ADJF datv sing neut score=0.250 || следовать para=2894 PRTF datv sing masc score=0.250 || следовать para=2894 PRTF datv sing neut score=0.250	yes	yes		следовать,следующий,следуем,следующая,следующего,следующее,следующей,следующем,следующею,следующие,следующим,следующими
articles/bee.txt	На голове расположены два больших сложных и три простых глаза .	больших	больший para=531 ADJF gent plur score=0.167 || больший para=531 ADJF accs plur anim score=0.167 || больший para=531 ADJF loct plur score=0.167 || большой para=532 ADJF gent plur score=0.167 || большой para=532 ADJF accs plur anim score=0.167 || большой para=532 ADJF loct plur score=0.167	yes	no		больше,больший,большой,велик,большая,большие,большим,большими,большую,велика,велики
articles/bee.txt	Сложные глаза состоят из большого количества фасеток и расположены по бокам головы , а простые — на темени ( у трутня простые глаза несколько сдвинуты на лоб ). Внутри головы находится внутренний скелет ( тенториум ). Это прочные хитиновые балки , идущие от передней стенки головы к задней и придающи	темени	темя para=433 NOUN loct sing neut inan score=0.222 || темень para=13 NOUN gent sing femn inan score=0.111 || темень para=13 NOUN datv sing femn inan score=0.111 || темень para=13 NOUN loct sing femn inan score=0.111 || темень para=13 NOUN nomn plur femn inan score=0.111 || темень para=13 NOUN accs plur femn inan score=0.111 || темя para=433 NOUN gent sing neut inan score=0.111 || темя para=433 NOUN datv sing neut inan score=0.111	yes	yes	preposition:на	темень,темя
articles/bee.txt	Сложные глаза состоят из большого количества фасеток и расположены по бокам головы , а простые — на темени ( у трутня простые глаза несколько сдвинуты на лоб ). Внутри головы находится внутренний скелет ( тенториум ). Это прочные хитиновые балки , идущие от передней стенки головы к задней и придающи	её	она para=2304 NPRO accs sing femn score=0.103 || ее para=1440 ADJF accs plur score=0.069	yes	yes		ея,она,нею
articles/bee.txt	Спереди рот прикрывает узкая хитиновая полоска — верхняя губа , а с боков расположены верхние челюсти — жвалы .	жвалы	жвал para=112 NOUN nomn plur masc inan score=0.083 || жвал para=112 NOUN accs plur masc inan score=0.083 || жвалы para=25 NOUN nomn sing masc anim proper score=0.083 || жвалы para=25 NOUN gent sing masc anim proper score=0.083 || жвалы para=25 NOUN datv sing masc anim proper score=0.083 || жвалы para=25 NOUN accs sing masc anim proper score=0.083 || жвалы para=25 NOUN ablt sing masc anim proper score=0.083 || жвалы para=25 NOUN loct sing masc anim proper score=0.083 || жвала para=32 NOUN gent sing masc anim proper score=0.083 || жвала para=32 NOUN nomn plur masc anim proper score=0.083 || жвалый para=249 ADJF plur score=0.083	yes	yes	lowercase_common	
articles/bee.txt	В первый отдел входят глотка , пищевод и медовый зобик .	глотка	глотка para=8 NOUN nomn sing femn inan score=0.500 || глоток para=141 NOUN gent sing masc inan score=0.500	yes	yes		глоток,глоткам,глотками,глотках,глотке,глотки,глотку
articles/bee.txt	Объём пустого медового зобика составляет 14 мм3 , но при заполнении мёдом или нектаром может увеличиваться в 3 — 4 раза .	медового	медовый para=4 ADJF gent sing masc score=0.167 || медовый para=4 ADJF accs sing masc anim score=0.167 || медовый para=4 ADJF gent sing neut score=0.167 || медовой para=106 ADJF gent sing masc score=0.167 || медовой para=106 ADJF accs sing masc anim score=0.167 || медовой para=106 ADJF gent sing neut score=0.167	yes	no		медовой,медовый,медов,медовая,медовое,медовом,медовому,медовою,медовую,медовые,медовым,медовыми
articles/bee.txt	Второй отдел ( средняя кишка ) находится за медовым зобиком и служит основным органом пищеварения .	медовым	медовый para=4 ADJF ablt sing masc score=0.286 || медовый para=4 ADJF ablt sing neut score=0.143 || медовый para=4 ADJF datv plur score=0.143 || медовой para=106 ADJF ablt sing masc score=0.143 || медовой para=106 ADJF ablt sing neut score=0.143 || медовой para=106 ADJF datv plur score=0.143	yes	no		медовой,медовый,медов,медовая,медового,медовое,медовом,медовому,медовою,медовую,медовые,медовыми
articles/bee.txt	Второй отдел ( средняя кишка ) находится за медовым зобиком и служит основным органом пищеварения .	зобиком	зобикома para=55 NOUN gent plur femn inan score=0.254 || зобиком para=577 NOUN nomn sing masc inan score=0.254 || зобиком para=577 NOUN accs sing masc inan score=0.254	yes	yes		
articles/bee.txt	В прямой кишке , отличающейся большой ёмкостью , скапливаются непереваренные остатки корма в зимний период , в холод , ненастье , а у молодых пчёл — до их ориентировочного облёта .	их	они para=2305 NPRO accs plur score=0.139 || их para=1440 ADJF nomn sing femn score=0.083 || они para=2305 NPRO gent plur score=0.083 || их para=1440 ADJF accs sing neut score=0.056 || их para=1440 ADJF nomn plur score=0.056	yes	yes		они,им,ним
articles/bee.txt	Трубка прикреплена мышечными волокнами к спинной стороне тела , имеет 5 сообщающихся камер ( задняя , находящаяся под шестым тергитом , замкнута ), отделённых друг от друга клапанами , которые пропускают гемолимфу только в одном направлении — от брюшка к голове .	отделённых	отделенный para=12 ADJF gent plur score=0.111 || отделенный para=12 ADJF accs plur anim score=0.111 || отделенный para=12 ADJF loct plur score=0.111 || отделенный para=227 NOUN gent plur masc anim score=0.111 || отделенный para=227 NOUN accs plur masc anim score=0.111 || отделенный para=227 NOUN loct plur masc anim score=0.111 || отделить para=754 PRTF gent plur score=0.111 || отделить para=754 PRTF accs plur anim score=0.111 || отделить para=754 PRTF loct plur score=0.111	yes	yes		отделенный,отделить,отделим,отделённая,отделённого,отделённое,отделённой,отделённом,отделённому,отделённою,отделённую,отделённые
articles/bee.txt	Сердце у пчёл в спокойном состоянии сокращается 60 — 70 раз в минуту , а сразу после полёта пульсация её сердца достигает 150 сокращений в минуту .	её	она para=2304 NPRO accs sing femn score=0.103 || ее para=1440 ADJF accs plur score=0.069	yes	yes		ея,она,нею
articles/bee.txt	Воздух , очищенный в дыхальцах от пыли с помощью имеющихся в них волосков , поступает в головные , грудные и брюшные парные мешки , соединённые между собой , и затем по трахеям во все органы тела насекомого .	парные	парный para=70 ADJF nomn plur score=0.167 || парный para=70 ADJF accs plur inan score=0.167 || парной para=106 ADJF nomn plur score=0.167 || парной para=106 ADJF accs plur inan score=0.167 || парная para=117 NOUN nomn plur femn inan score=0.167 || парная para=117 NOUN accs plur femn inan score=0.167	yes	yes		парная,парной,парный,парен,парного,парное,парном,парному,парною,парную,парным,парными
articles/bee.txt	Роль точки опоры для крыла играет столбик — вырост плейрита .	опоры	опора para=55 NOUN gent sing femn inan score=0.417 || опора para=55 NOUN accs plur femn inan score=0.250 || опора para=55 NOUN nomn plur femn inan score=0.167 || опор para=34 NOUN nomn plur masc inan score=0.083 || опор para=34 NOUN accs plur masc inan score=0.083	yes	yes	noun_complement	опор,опора,опорам,опорами,опорах,опоре,опору
articles/bee.txt	Основную роль в полёте играют непрямые мышцы , заполняющие полость тела : сокращение этих мышц изменяет кривизну сегментов груди .	Основную	основный para=12 ADJF accs sing femn score=0.500 || основной para=138 ADJF accs sing femn score=0.500	yes	no		основное,основной,основный,основная,основнее,основней,основного,основному,основною,основные,основным,основными
articles/bee.txt	Общее число таких крючков ( зацепок ) составляет от 17 до 28 штук .	крючков	крючков para=37 NOUN nomn sing masc anim proper score=0.500 || крючок para=141 NOUN gent plur masc inan score=0.250 || крючковый para=193 ADJF sing masc score=0.250	yes	yes	lowercase_common	крючковой,крючковым,крючковых
articles/bee.txt	Пчёлы видят поляризованный свет , что позволяет определять направление на Солнце даже когда оно скрыто за облаками .	поляризованный	поляризовать para=76 PRTF nomn sing masc score=0.167 || поляризовать para=76 PRTF accs sing masc inan score=0.167 || поляризовать para=76 PRTF nomn sing masc score=0.167 || поляризовать para=76 PRTF accs sing masc inan score=0.167 || поляризованный para=345 ADJF nomn sing masc score=0.167 || поляризованный para=345 ADJF accs sing masc inan score=0.167	yes	yes		поляризовать,поляризован,поляризованная,поляризованного,поляризованное,поляризованной,поляризованном,поляризованному,поляризованною,поляризованную,поляризованные,поляризованным
articles/bee.txt	Пчёлы видят поляризованный свет , что позволяет определять направление на Солнце даже когда оно скрыто за облаками .	скрыто	скрытый para=4 ADJF sing neut score=0.500 || скрыть para=811 PRTF sing neut score=0.500	yes	yes		скрытый,скрыть,скрою,скрыт,скрыта,скрытая,скрытого,скрытое,скрытой,скрытом,скрытому,скрытою
articles/bee.txt	Вкус Органы вкуса находятся на хоботке , в глотке , на члениках усиков , на лапках ножек .	глотке	глотка para=8 NOUN datv sing femn inan score=0.333 || глотка para=8 NOUN loct sing femn inan score=0.333 || глоток para=141 NOUN loct sing masc inan score=0.333	yes	yes	preposition:в	глотка,глоток,глоткам,глотками,глотках,глотки,глотку
articles/bee.txt	Наряду с ингредиентами , характерными и для других животных ядов , в нём присутствуют вещества , характерные только для него .	него	он para=2303 NPRO gent sing masc score=0.333 || оно para=2306 NPRO gent sing neut score=0.333 || он para=2303 NPRO accs sing masc score=0.167 || оно para=2306 NPRO accs sing neut score=0.167	yes	no		его,он,оно,ему,нему
articles/bee.txt	Смертельная доза пчелиного яда для человека — около 0 , 2 г ( 500 — 1000 ужалений ). Пчелиная матка Матка в семье является единственной полноценной самкой с хорошо развитыми половыми органами .	развитыми	развитой para=539 ADJF ablt plur score=0.333 || развитый para=540 ADJF ablt plur score=0.333 || развить para=665 PRTF ablt plur score=0.333	yes	yes		развитой,развитый,развить,развей,развейте,развит,развита,развитая,развито,развитого,развитое,развитом
articles/bee.txt	Смертельная доза пчелиного яда для человека — около 0 , 2 г ( 500 — 1000 ужалений ). Пчелиная матка Матка в семье является единственной полноценной самкой с хорошо развитыми половыми органами .	половыми	половой para=138 ADJF ablt plur score=0.333 || половой para=483 NOUN ablt plur masc anim score=0.333 || половый para=1791 ADJF ablt plur score=0.333	yes	yes		половой,половый,половая,половее,половей,полового,половое,половом,половому,половою,половую,половые
articles/bee.txt	Матка постоянно находится в окружении рабочих пчёл , которые ухаживают за ней : дают корм , чистят её тело , очищают ячейки сот для откладывания в них яиц и т .	её	она para=2304 NPRO accs sing femn score=0.103 || ее para=1440 ADJF accs plur score=0.069	yes	yes		ея,она,нею
articles/bee.txt	Матка постоянно находится в окружении рабочих пчёл , которые ухаживают за ней : дают корм , чистят её тело , очищают ячейки сот для откладывания в них яиц и т .	т	так para=2997 ADVB score=0.505 || так para=2996  score=0.412 || то para=3013  score=0.412	yes	yes		так,то
articles/bee.txt	Присутствие в семье матки пчёлы узнают по её запаху .	узнают	узнавать para=882 VERB plur score=0.500 || узнать para=648 VERB plur score=0.500	yes	no		узнаваемый,узнавать,узнать,узнаваем,узнаваема,узнаваемая,узнаваемо,узнаваемого,узнаваемое,узнаваемой,узнаваемом,узнаваемому
articles/bee.txt	Присутствие в семье матки пчёлы узнают по её запаху .	её	она para=2304 NPRO accs sing femn score=0.103 || ее para=1440 ADJF accs plur score=0.069	yes	yes		ея,она,нею
articles/bee.txt	Матка выделяет особое вещество , так называемое « маточное вещество », которое слизывают рабочие пчёлы из окружающей её « свиты ». Запах этого вещества передаётся всем особям пчелиной семьи благодаря существующему между ними постоянному обмену пищей .	окружающей	окружающий para=213 ADJF gent sing femn score=0.125 || окружающий para=213 ADJF datv sing femn score=0.125 || окружающий para=213 ADJF ablt sing femn score=0.125 || окружающий para=213 ADJF loct sing femn score=0.125 || окружать para=215 PRTF gent sing femn score=0.125 || окружать para=215 PRTF datv sing femn score=0.125 || окружать para=215 PRTF ablt sing femn score=0.125 || окружать para=215 PRTF loct sing femn score=0.125	yes	yes		окружать,окружающее,окружающие,окружающий,окружающая,окружающего,окружающем,окружающему,окружающею,окружающим,окружающими,окружающих
articles/bee.txt	Матка выделяет особое вещество , так называемое « маточное вещество », которое слизывают рабочие пчёлы из окружающей её « свиты ». Запах этого вещества передаётся всем особям пчелиной семьи благодаря существующему между ними постоянному обмену пищей .	её	она para=2304 NPRO accs sing femn score=0.103 || ее para=1440 ADJF accs plur score=0.069	yes	yes		ея,она,нею
articles/bee.txt	Матка выделяет особое вещество , так называемое « маточное вещество », которое слизывают рабочие пчёлы из окружающей её « свиты ». Запах этого вещества передаётся всем особям пчелиной семьи благодаря существующему между ними постоянному обмену пищей .	свиты	свита para=55 NOUN gent sing femn inan score=0.250 || свита para=55 NOUN nomn plur femn inan score=0.250 || свита para=55 NOUN accs plur femn inan score=0.250 || свить para=665 PRTF plur score=0.250	yes	yes		свита,свить,свей,свейте,свили,свит,свитой,свитою,совью
articles/bee.txt	Матка выделяет особое вещество , так называемое « маточное вещество », которое слизывают рабочие пчёлы из окружающей её « свиты ». Запах этого вещества передаётся всем особям пчелиной семьи благодаря существующему между ними постоянному обмену пищей .	существующему	существующий para=101 ADJF datv sing masc score=0.250 || существующий para=101 ADJF datv sing neut score=0.250 || существовать para=177 PRTF datv sing masc score=0.250 || существовать para=177 PRTF datv sing neut score=0.250	yes	yes		существовать,существующий,существующая,существующего,существующее,существующей,существующем,существующею,существующие,существующим,существующими,существующих
articles/bee.txt	При гибели матки поступление « маточного вещества » прекращается , и её отсутствие быстро ощущает вся семья .	её	она para=2304 NPRO accs sing femn score=0.103 || ее para=1440 ADJF accs plur score=0.069	yes	yes		ея,она,нею
articles/bee.txt	Органы размножения у пчелиной матки развиты очень сильно .	развиты	развитой para=539 ADJF plur score=0.500 || развить para=665 PRTF plur score=0.500	yes	yes		развитой,развитый,развить,развей,развейте,развит,развита,развитая,развито,развитого,развитое,развитом
articles/bee.txt	При осеменении маток сперма трутней , содержащая огромное количество сперматозоидов , попадает в семяприёмник матки , где и хранится в течение её жизни .	её	она para=2304 NPRO accs sing femn score=0.103 || ее para=1440 ADJF accs plur score=0.069	yes	yes		ея,она,нею
articles/bee.txt	Откладываемые маткой яйца проходят из яичников сначала по парным яйцеводам , а затем — по непарному .	парным	парный para=70 ADJF ablt sing masc score=0.143 || парный para=70 ADJF ablt sing neut score=0.143 || парный para=70 ADJF datv plur score=0.143 || парной para=106 ADJF ablt sing masc score=0.143 || парной para=106 ADJF ablt sing neut score=0.143 || парной para=106 ADJF datv plur score=0.143 || парная para=117 NOUN datv plur femn inan score=0.143	yes	yes		парная,парной,парный,парен,парного,парное,парном,парному,парною,парную,парные,парными
articles/bee.txt	Если при этом в созревшие яйца из семяприёмника проникнут сперматозоиды ( по 8 — 12 штук ), то яйца будут оплодотворены .	проникнут	проникнутый para=73 ADJF sing masc score=0.500 || проникнуть para=674 VERB plur score=0.500	yes	yes		проникнутый,проникнуть
articles/bee.txt	На развивающиеся организмы всех особей пчелиной семьи оказывает влияние питание , которым личинок снабжают рабочие пчёлы .	развивающиеся	развивающийся para=158 ADJF nomn plur score=0.250 || развивающийся para=158 ADJF accs plur inan score=0.250 || развиваться para=234 PRTF nomn plur score=0.250 || развиваться para=234 PRTF accs plur inan score=0.250	yes	yes		развиваться,развивающийся,развивающаяся,развивающегося,развивающееся,развивающейся,развивающемся,развивающемуся,развивающеюся,развивающимися,развивающимся,развивающихся
articles/bee.txt	Если развивающуюся из оплодотворённого яйца личинку до запечатывания ячейки пчёлы кормят только высокопитательным молочком , выделяемым аллотрофическими железами ( видоизменёнными верхнечелюстными слюнными железами ), то из неё вырастает матка .	развивающуюся	развивающийся para=158 ADJF accs sing femn score=0.500 || развиваться para=234 PRTF accs sing femn score=0.500	yes	yes		развиваться,развивающийся,развивающаяся,развивающегося,развивающееся,развивающейся,развивающемся,развивающемуся,развивающеюся,развивающиеся,развивающимися,развивающимся
articles/bee.txt	Если же личинку после трёх дней её жизни начинают кормить мёдом и пергой ( белковый корм , приготовленный из пыльцы растений ), то из личинки развивается рабочая пчела .	её	она para=2304 NPRO accs sing femn score=0.103 || ее para=1440 ADJF accs plur score=0.069	yes	yes		ея,она,нею
articles/bee.txt	Развитие матки Пчёлы выращивают маток в специально отстраиваемых для этого больших ячейках сота — маточниках .	больших	больший para=531 ADJF gent plur score=0.167 || больший para=531 ADJF accs plur anim score=0.167 || больший para=531 ADJF loct plur score=0.167 || большой para=532 ADJF gent plur score=0.167 || большой para=532 ADJF accs plur anim score=0.167 || большой para=532 ADJF loct plur score=0.167	yes	no		больше,больший,большой,велик,большая,большие,большим,большими,большую,велика,велики
articles/bee.txt	Отстраивать их пчёлы могут на обычных пчелиных ячейках сота , в которые матка ранее уже отложила оплодотворённые яйца .	их	они para=2305 NPRO accs plur score=0.139 || их para=1440 ADJF nomn sing femn score=0.083 || они para=2305 NPRO gent plur score=0.083 || их para=1440 ADJF accs sing neut score=0.056 || их para=1440 ADJF nomn plur score=0.056	yes	yes		они,им,ним
articles/bee.txt	При подготовке же пчёл к роению ( во время которого матка улетает с роем ) яйца для вывода новых маток старая матка откладывает в заранее отстроенные пчёлами маточные мисочки — основания будущих роевых маточников .	роем	рой para=42 NOUN ablt sing masc anim proper score=0.400 || рой para=520 NOUN ablt sing masc inan score=0.200 || рыть para=1891 VERB plur score=0.200 || рыть para=1891 PRTF sing masc score=0.200	yes	yes	lowercase_common	рой
articles/bee.txt	Осеменяют матку обычно 7 — 10 трутней ( полиандрия ), но иногда их количество может быть большим , а матка может вылетать на встречу не один раз .	их	они para=2305 NPRO accs plur score=0.139 || их para=1440 ADJF nomn sing femn score=0.083 || они para=2305 NPRO gent plur score=0.083 || их para=1440 ADJF accs sing neut score=0.056 || их para=1440 ADJF nomn plur score=0.056	yes	yes		они,им,ним
articles/bee.txt	Осеменяют матку обычно 7 — 10 трутней ( полиандрия ), но иногда их количество может быть большим , а матка может вылетать на встречу не один раз .	большим	больший para=531 ADJF ablt sing masc score=0.167 || больший para=531 ADJF ablt sing neut score=0.167 || больший para=531 ADJF datv plur score=0.167 || большой para=532 ADJF ablt sing masc score=0.167 || большой para=532 ADJF ablt sing neut score=0.167 || большой para=532 ADJF datv plur score=0.167	yes	no		больше,больший,большой,велик,большая,большие,большими,больших,большую,велика,велики
articles/bee.txt	Матки пчёл являются рекордсменами среди общественных насекомых ( наряду с матками кочевых муравьёв родов Dorylus и Eciton , а также Pogonomyrmex ) по числу спариваний с самцами ( до 24 ). С 10 - дневного возраста пчелиные матки начинают откладывать яйца ( если неблагоприятная погода не задержала спа	дневного	дневный para=10 ADJF gent sing masc score=0.167 || дневный para=10 ADJF accs sing masc anim score=0.167 || дневный para=10 ADJF gent sing neut score=0.167 || дневной para=138 ADJF gent sing masc score=0.167 || дневной para=138 ADJF accs sing masc anim score=0.167 || дневной para=138 ADJF gent sing neut score=0.167	yes	no		дневной,дневный,дневная,дневное,дневном,дневному,дневною,дневную,дневные,дневным,дневными,дневных
articles/bee.txt	Матки пчёл являются рекордсменами среди общественных насекомых ( наряду с матками кочевых муравьёв родов Dorylus и Eciton , а также Pogonomyrmex ) по числу спариваний с самцами ( до 24 ). С 10 - дневного возраста пчелиные матки начинают откладывать яйца ( если неблагоприятная погода не задержала спа	их	они para=2305 NPRO accs plur score=0.139 || их para=1440 ADJF nomn sing femn score=0.083 || они para=2305 NPRO gent plur score=0.083 || их para=1440 ADJF accs sing neut score=0.056 || их para=1440 ADJF nomn plur score=0.056	yes	yes		они,им,ним
articles/bee.txt	Матки пчёл являются рекордсменами среди общественных насекомых ( наряду с матками кочевых муравьёв родов Dorylus и Eciton , а также Pogonomyrmex ) по числу спариваний с самцами ( до 24 ). С 10 - дневного возраста пчелиные матки начинают откладывать яйца ( если неблагоприятная погода не задержала спа	их	они para=2305 NPRO accs plur score=0.139 || их para=1440 ADJF nomn sing femn score=0.083 || они para=2305 NPRO gent plur score=0.083 || их para=1440 ADJF accs sing neut score=0.056 || их para=1440 ADJF nomn plur score=0.056	yes	yes		они,им,ним
articles/bee.txt	При этом очень важно , чтобы в природе существовал хотя бы не сильный , но продолжительный взяток ( так называют сбор пчёлами нектара с цветков растений ). Вес яиц , откладываемых маткой в течение суток , нередко превышает вес её тела .	важно	важно para=404 ADVB score=0.533 || важный para=223 ADJF sing neut score=0.467	yes	yes		важный
articles/bee.txt	При этом очень важно , чтобы в природе существовал хотя бы не сильный , но продолжительный взяток ( так называют сбор пчёлами нектара с цветков растений ). Вес яиц , откладываемых маткой в течение суток , нередко превышает вес её тела .	цветков	цветковый para=4 ADJF sing masc score=0.333 || цветков para=37 NOUN nomn sing masc anim proper score=0.333 || цветок para=3143 NOUN gent plur masc inan score=0.333	yes	yes	lowercase_common	цветковый,цветок,цветам,цветами,цветах,цветкова,цветковой,цветковы,цветковым,цветковыми,цветковых,цветов
articles/bee.txt	При этом очень важно , чтобы в природе существовал хотя бы не сильный , но продолжительный взяток ( так называют сбор пчёлами нектара с цветков растений ). Вес яиц , откладываемых маткой в течение суток , нередко превышает вес её тела .	её	она para=2304 NPRO accs sing femn score=0.103 || ее para=1440 ADJF accs plur score=0.069	yes	yes		ея,она,нею
articles/bee.txt	В течение всего периода откладки яиц маткой пчёлы кормят её высокопитательной пищей — молочком ( каким кормят личинок будущих маток ). В пчеловодстве наибольшую ценность матка представляет в первые два года своей жизни .	её	она para=2304 NPRO accs sing femn score=0.103 || ее para=1440 ADJF accs plur score=0.069	yes	yes		ея,она,нею
articles/bee.txt	В хорошей семье зимой их насчитывается обычно 20 — 30 тысяч , а летом до 60 — 80 тысяч и больше .	их	они para=2305 NPRO accs plur score=0.139 || их para=1440 ADJF nomn sing femn score=0.083 || они para=2305 NPRO gent plur score=0.083 || их para=1440 ADJF accs sing neut score=0.056 || их para=1440 ADJF nomn plur score=0.056	yes	yes		они,им,ним
articles/bee.txt	В хорошей семье зимой их насчитывается обычно 20 — 30 тысяч , а летом до 60 — 80 тысяч и больше .	летом	лето para=110 NOUN ablt sing neut inan score=0.512 || летом para=3 ADVB score=0.475	yes	yes		лета,лето,лете
articles/bee.txt	Они , как и пчелиная матка , являются женскими особями ; однако , в отличие от матки , половые органы у рабочих пчёл недоразвиты .	половые	половой para=138 ADJF nomn plur score=0.200 || половой para=138 ADJF accs plur inan score=0.200 || половой para=483 NOUN nomn plur masc anim score=0.200 || половый para=1791 ADJF nomn plur score=0.200 || половый para=1791 ADJF accs plur inan score=0.200	yes	yes		половой,половый,половая,половее,половей,полового,половое,половом,половому,половою,половую,половым
articles/bee.txt	Развивающихся из яиц личинок выращивают уже рабочие пчёлы .	Развивающихся	развивающийся para=158 ADJF gent plur score=0.286 || развивающийся para=158 ADJF accs plur anim score=0.143 || развивающийся para=158 ADJF loct plur score=0.143 || развиваться para=234 PRTF gent plur score=0.143 || развиваться para=234 PRTF accs plur anim score=0.143 || развиваться para=234 PRTF loct plur score=0.143	yes	yes		развиваться,развивающийся,развивающаяся,развивающегося,развивающееся,развивающейся,развивающемся,развивающемуся,развивающеюся,развивающиеся,развивающимися,развивающимся
articles/bee.txt	Они чистят гнездо , готовят ячейки сот для откладки в них яиц маткой , выделяют воск и строят новые соты , выкармливают личинок , поддерживают в улье необходимую температуру , охраняют гнездо , собирают с цветков растений нектар и пыльцу и приносят их в улей ; словом , рабочие пчёлы выполняют все ра	цветков	цветковый para=4 ADJF sing masc score=0.333 || цветков para=37 NOUN nomn sing masc anim proper score=0.333 || цветок para=3143 NOUN gent plur masc inan score=0.333	yes	yes	lowercase_common	цветковый,цветок,цветам,цветами,цветах,цветкова,цветковой,цветковы,цветковым,цветковыми,цветковых,цветов
articles/bee.txt	Они чистят гнездо , готовят ячейки сот для откладки в них яиц маткой , выделяют воск и строят новые соты , выкармливают личинок , поддерживают в улье необходимую температуру , охраняют гнездо , собирают с цветков растений нектар и пыльцу и приносят их в улей ; словом , рабочие пчёлы выполняют все ра	их	они para=2305 NPRO accs plur score=0.139 || их para=1440 ADJF nomn sing femn score=0.083 || они para=2305 NPRO gent plur score=0.083 || их para=1440 ADJF accs sing neut score=0.056 || их para=1440 ADJF nomn plur score=0.056	yes	yes		они,им,ним
articles/bee.txt	Они чистят гнездо , готовят ячейки сот для откладки в них яиц маткой , выделяют воск и строят новые соты , выкармливают личинок , поддерживают в улье необходимую температуру , охраняют гнездо , собирают с цветков растений нектар и пыльцу и приносят их в улей ; словом , рабочие пчёлы выполняют все ра	связанные	связанный para=345 ADJF nomn plur score=0.250 || связанный para=345 ADJF accs plur inan score=0.250 || связать para=672 PRTF nomn plur score=0.250 || связать para=672 PRTF accs plur inan score=0.250	yes	yes		связанный,связать,связан,связанная,связанного,связанное,связанной,связанном,связанному,связанною,связанную,связанным
articles/bee.txt	Затем , по мере развития зародышей , яйца постепенно опускаются ; к концу третьих суток они уже лежат на донышках ячеек .	мере	мера para=55 NOUN datv sing femn inan score=0.500 || меря para=353 NOUN datv sing femn inan score=0.500 || мера para=55 NOUN loct sing femn inan score=0.167 || меря para=353 NOUN loct sing femn inan score=0.167	yes	yes		мера,мери,меря,мерей,мерею,мерь,мерю
articles/bee.txt	По положению яиц в ячейке можно установить дату откладки их маткой .	их	они para=2305 NPRO accs plur score=0.139 || их para=1440 ADJF nomn sing femn score=0.083 || они para=2305 NPRO gent plur score=0.083 || их para=1440 ADJF accs sing neut score=0.056 || их para=1440 ADJF nomn plur score=0.056	yes	yes		они,им,ним
articles/bee.txt	К концу третьих суток пчёлы - кормилицы добавляют к яйцу капельку молочка , выделяемого их железами .	их	они para=2305 NPRO accs plur score=0.139 || их para=1440 ADJF nomn sing femn score=0.083 || они para=2305 NPRO gent plur score=0.083 || их para=1440 ADJF accs sing neut score=0.056 || их para=1440 ADJF nomn plur score=0.056	yes	yes		они,им,ним
articles/bee.txt	После этого оболочка яйца размягчается , и из него вылупляется маленькая личинка .	него	он para=2303 NPRO gent sing masc score=0.333 || оно para=2306 NPRO gent sing neut score=0.333 || он para=2303 NPRO accs sing masc score=0.167 || оно para=2306 NPRO accs sing neut score=0.167	yes	no		его,он,оно,ему,нему
articles/bee.txt	Первые трое суток личинки рабочих пчёл получают молочко ( по своему составу оно несколько отличается от молочка , которым пчёлы кормят маток и личинок будущих маток ). Личинки рабочих пчёл быстро растут , к концу третьих суток вес их увеличивается почти в 190 раз .	их	они para=2305 NPRO accs plur score=0.139 || их para=1440 ADJF nomn sing femn score=0.083 || они para=2305 NPRO gent plur score=0.083 || их para=1440 ADJF accs sing neut score=0.056 || их para=1440 ADJF nomn plur score=0.056	yes	yes		они,им,ним
articles/bee.txt	Развитие рабочей пчелы со времени кладки яйца до выхода взрослого насекомого длится в течение 21 суток , из них стадии : яйца — 3 суток , личинки в открытой ячейке — 6 суток , личинки и куколки в запечатанной ячейке — 12 суток .	открытой	открытый para=4 ADJF loct sing femn score=0.222 || открытый para=4 ADJF gent sing femn score=0.111 || открытый para=4 ADJF datv sing femn score=0.111 || открытый para=4 ADJF ablt sing femn score=0.111 || открыть para=811 PRTF gent sing femn score=0.111 || открыть para=811 PRTF datv sing femn score=0.111 || открыть para=811 PRTF ablt sing femn score=0.111 || открыть para=811 PRTF loct sing femn score=0.111	yes	yes		открыто,открытый,открыть,открою,открыт,открыта,открытая,открытого,открытое,открытом,открытому,открытою
articles/bee.txt	Яйца и личинки в открытых ячейках называют открытым расплодом , а личинки и куколки в запечатанных ячейках — печатным расплодом .	открытых	открытый para=4 ADJF gent plur score=0.167 || открытый para=4 ADJF accs plur anim score=0.167 || открытый para=4 ADJF loct plur score=0.167 || открыть para=811 PRTF gent plur score=0.167 || открыть para=811 PRTF accs plur anim score=0.167 || открыть para=811 PRTF loct plur score=0.167	yes	yes		открыто,открытый,открыть,открою,открыт,открыта,открытая,открытого,открытое,открытой,открытом,открытому
articles/bee.txt	Яйца и личинки в открытых ячейках называют открытым расплодом , а личинки и куколки в запечатанных ячейках — печатным расплодом .	открытым	открытый para=4 ADJF ablt sing masc score=0.167 || открытый para=4 ADJF ablt sing neut score=0.167 || открытый para=4 ADJF datv plur score=0.167 || открыть para=811 PRTF ablt sing masc score=0.167 || открыть para=811 PRTF ablt sing neut score=0.167 || открыть para=811 PRTF datv plur score=0.167	yes	yes		открыто,открытый,открыть,открою,открыт,открыта,открытая,открытого,открытое,открытой,открытом,открытому
articles/bee.txt	Пчёлы забираются в ячейку , очищают и вылизывают ( полируют ) её стенки и донышко .	её	она para=2304 NPRO accs sing femn score=0.103 || ее para=1440 ADJF accs plur score=0.069	yes	yes		ея,она,нею
articles/bee.txt	В мозге пчёл - нянек увеличено содержание основных белков маточного молочка пчёл MRJP1 , MRJP2 и MRJP7 , которые связаны с определением касты пчелы в процессе личиночного развития .	основных	основный para=12 ADJF gent plur score=0.167 || основный para=12 ADJF accs plur anim score=0.167 || основный para=12 ADJF loct plur score=0.167 || основной para=138 ADJF gent plur score=0.167 || основной para=138 ADJF accs plur anim score=0.167 || основной para=138 ADJF loct plur score=0.167	yes	no		основное,основной,основный,основная,основнее,основней,основного,основному,основною,основную,основные,основным
articles/bee.txt	К 12 - дневному возрасту у пчёл развиваются восковые железы .	дневному	дневный para=10 ADJF datv sing masc score=0.250 || дневный para=10 ADJF datv sing neut score=0.250 || дневной para=138 ADJF datv sing masc score=0.250 || дневной para=138 ADJF datv sing neut score=0.250	yes	no		дневной,дневный,дневная,дневного,дневное,дневном,дневною,дневную,дневные,дневным,дневными,дневных
articles/bee.txt	Восковые железы у рабочих пчёл наиболее развиты в возрасте от 12 до 18 дней .	развиты	развитой para=539 ADJF plur score=0.500 || развить para=665 PRTF plur score=0.500	yes	yes		развитой,развитый,развить,развей,развейте,развит,развита,развитая,развито,развитого,развитое,развитом
articles/bee.txt	Они поддерживают чистоту в гнезде , запечатывают крышечками ячейки сот при наполнении их мёдом и ячейки со взрослыми личинками , охраняют гнездо от проникновения в него других насекомых и пчёл - воровок из чужих семей , стремящихся поживиться готовыми кормовыми запасами .	их	они para=2305 NPRO accs plur score=0.139 || их para=1440 ADJF nomn sing femn score=0.083 || они para=2305 NPRO gent plur score=0.083 || их para=1440 ADJF accs sing neut score=0.056 || их para=1440 ADJF nomn plur score=0.056	yes	yes		они,им,ним
articles/bee.txt	Они поддерживают чистоту в гнезде , запечатывают крышечками ячейки сот при наполнении их мёдом и ячейки со взрослыми личинками , охраняют гнездо от проникновения в него других насекомых и пчёл - воровок из чужих семей , стремящихся поживиться готовыми кормовыми запасами .	него	он para=2303 NPRO gent sing masc score=0.333 || оно para=2306 NPRO gent sing neut score=0.333 || он para=2303 NPRO accs sing masc score=0.167 || оно para=2306 NPRO accs sing neut score=0.167	yes	no		его,он,оно,ему,нему
articles/bee.txt	Пчёлы испаряют из нектара лишнюю воду и доводят содержание её в меду в среднем до 18 — 20 %. Для этого свежесобранный нектар они сначала размещают маленькими капельками ( напрысками ) по стенкам пустых ячеек сот , потом над этими ячейками долго машут крыльями , выпаривая лишнюю воду .	её	она para=2304 NPRO accs sing femn score=0.103 || ее para=1440 ADJF accs plur score=0.069	yes	yes		ея,она,нею
articles/bee.txt	После некоторого сгущения другие пчёлы переносят его из ячейки в ячейку и складывают несколько большими порциями , пока он не загустеет .	большими	больший para=531 ADJF ablt plur score=0.500 || большой para=532 ADJF ablt plur score=0.500	yes	no		больше,больший,большой,велик,большая,большие,большим,больших,большую,велика,велики
articles/saturn.txt	Скорость ветра на Сатурне может достигать местами 1800 км / ч , что значительно больше , чем на Юпитере .	местами	место para=54 NOUN ablt plur neut inan score=0.526 || местами para=3 ADVB score=0.474	yes	yes		место
articles/saturn.txt	Ударная волна была зафиксирована « Вояджером - 1 » на расстоянии в 26 , 2 радиуса Сатурна от самой планеты , магнитопауза расположена на расстоянии в 22 , 9 радиуса .	самой	сам para=2823 ADJF gent sing femn score=0.125 || сам para=2823 ADJF datv sing femn score=0.125 || сам para=2823 ADJF ablt sing femn score=0.125 || сам para=2823 ADJF loct sing femn score=0.125 || самый para=2825 ADJF gent sing femn score=0.125 || самый para=2825 ADJF datv sing femn score=0.125 || самый para=2825 ADJF ablt sing femn score=0.125 || самый para=2825 ADJF loct sing femn score=0.125	yes	no		сам,сами,самый,самого,самом,самому
articles/saturn.txt	Вокруг планеты обращается как минимум 285 спутников , это наибольшее число открытых спутников среди всех планет Солнечной системы .	открытых	открытый para=4 ADJF gent plur score=0.167 || открытый para=4 ADJF accs plur anim score=0.167 || открытый para=4 ADJF loct plur score=0.167 || открыть para=811 PRTF gent plur score=0.167 || открыть para=811 PRTF accs plur anim score=0.167 || открыть para=811 PRTF loct plur score=0.167	yes	yes		открыто,открытый,открыть,открою,открыт,открыта,открытая,открытого,открытое,открытой,открытом,открытому
articles/saturn.txt	С 2004 по 2017 год на орбите Сатурна находилась автоматическая межпланетная станция « Кассини », запущенная в 1997 году .	запущенная	запустить para=970 PRTF nomn sing femn score=0.500 || запущенный para=345 ADJF nomn sing femn score=0.500	yes	yes		запустить,запущенно,запущенный,запущен,запущенного,запущенное,запущенной,запущенном,запущенному,запущенною,запущенную,запущенные
articles/saturn.txt	Поэтому , хотя массы Юпитера и Сатурна различаются более чем в 3 раза , их экваториальный диаметр различается только на 19 %. Плотность остальных газовых гигантов значительно больше ( 1 , 27 — 1 , 64 г / см ³). Ускорение свободного падения на экваторе составляет 10 , 44 м / с ², что сопоставимо со з	их	они para=2305 NPRO accs plur score=0.139 || их para=1440 ADJF nomn sing femn score=0.083 || они para=2305 NPRO gent plur score=0.083 || их para=1440 ADJF accs sing neut score=0.056 || их para=1440 ADJF nomn plur score=0.056	yes	yes		они,им,ним
articles/saturn.txt	млн км , среднее расстояние во время их противостояния около 1280 млн км .	их	они para=2305 NPRO accs plur score=0.139 || их para=1440 ADJF nomn sing femn score=0.083 || они para=2305 NPRO gent plur score=0.083 || их para=1440 ADJF accs sing neut score=0.056 || их para=1440 ADJF nomn plur score=0.056	yes	yes		они,им,ним
articles/saturn.txt	Видимые при наблюдениях характерные объекты атмосферы Сатурна вращаются с разной скоростью в зависимости от широты .	Видимые	видимый para=4 ADJF nomn plur score=0.250 || видимый para=4 ADJF accs plur inan score=0.250 || видеть para=821 PRTF nomn plur score=0.250 || видеть para=821 PRTF accs plur inan score=0.250	yes	yes		видеть,видимо,видимый,виден,видим,видима,видимая,видимого,видимое,видимой,видимом,видимому
articles/saturn.txt	« Зона 3 », наличие которой предполагается на основе наблюдений радиоизлучения планеты в период полёта « Вояджера − 1 », имеет период вращения 10 ч 39 мин 22 , 5 с ( скорость 810 , 8 °/ сутки или 2 , 2522 оборота / сутки ). В качестве продолжительности оборота Сатурна вокруг оси принята величина 10 	принята	принять para=938 PRTF sing femn score=0.500 || принятый para=193 ADJF sing femn score=0.500	yes	yes		принятый,принять,примет,приму,принят,принятая,принято,принятого,принятое,принятой,принятом,принятому
articles/saturn.txt	Было также сообщено , что колебание периода вращения диаграммы направленности связано с активностью гейзера на спутнике Сатурна — Энцеладе .	Энцеладе	энцеладь para=58 NOUN loct sing masc anim proper score=0.100 || энцелада para=69 NOUN datv sing femn anim proper score=0.100 || энцелада para=69 NOUN loct sing femn anim proper score=0.100 || энцелад para=112 NOUN loct sing masc inan score=0.100 || энцелада para=344 NOUN datv sing anim score=0.100 || энцелада para=344 NOUN loct sing anim score=0.100 || энцеладо para=1919 NOUN loct sing neut anim score=0.100 || энцеладо para=1920 NOUN loct sing masc anim score=0.100 || энцелад para=184 NOUN loct sing masc inan score=0.100	yes	yes	mid_sentence_capital	
articles/saturn.txt	Согласно гипотезе « контракции », схожесть состава Сатурна с Солнцем в том , что у обоих небесных тел имеется большая доля водорода , и , как следствие , малую плотность можно объяснить тем , что в процессе формирования планет на ранних стадиях развития Солнечной системы в газопылевом диске образова	большая	больший para=531 ADJF nomn sing femn score=0.500 || большой para=532 ADJF nomn sing femn score=0.500	yes	no		больше,больший,большой,велик,большие,большим,большими,больших,большую,велика,велики
articles/saturn.txt	Согласно гипотезе « контракции », схожесть состава Сатурна с Солнцем в том , что у обоих небесных тел имеется большая доля водорода , и , как следствие , малую плотность можно объяснить тем , что в процессе формирования планет на ранних стадиях развития Солнечной системы в газопылевом диске образова	начало	начало para=54 NOUN nomn sing neut inan score=0.383 || начать para=1364 VERB sing neut score=0.333 || начало para=54 NOUN accs sing neut inan score=0.283	yes	yes		начать,начал,начала
articles/saturn.txt	Согласно гипотезе « контракции », схожесть состава Сатурна с Солнцем в том , что у обоих небесных тел имеется большая доля водорода , и , как следствие , малую плотность можно объяснить тем , что в процессе формирования планет на ранних стадиях развития Солнечной системы в газопылевом диске образова	планетам	планет para=34 NOUN datv plur masc inan score=0.500 || планета para=55 NOUN datv plur femn inan score=0.500	yes	yes		планет,планета,планетами,планетах,планете,планету,планеты
articles/saturn.txt	Затем начался второй этап , когда самые крупные тела достигли удвоенной массы Земли .	удвоенной	удвоенный para=345 ADJF gent sing femn score=0.125 || удвоенный para=345 ADJF datv sing femn score=0.125 || удвоенный para=345 ADJF ablt sing femn score=0.125 || удвоенный para=345 ADJF loct sing femn score=0.125 || удвоить para=479 PRTF gent sing femn score=0.125 || удвоить para=479 PRTF datv sing femn score=0.125 || удвоить para=479 PRTF ablt sing femn score=0.125 || удвоить para=479 PRTF loct sing femn score=0.125	yes	yes		удвоенный,удвоить,удвоен,удвоенная,удвоенного,удвоенное,удвоенном,удвоенному,удвоенною,удвоенную,удвоенные,удвоенным
articles/saturn.txt	Ветра дуют в основном в восточном направлении ( по направлению осевого вращения ). Их сила ослабевает при удалении от экватора ; при удалении от экватора появляются также и западные атмосферные течения .	Их	они para=2305 NPRO accs plur score=0.139 || их para=1440 ADJF nomn sing femn score=0.083 || они para=2305 NPRO gent plur score=0.083 || их para=1440 ADJF accs sing neut score=0.056 || их para=1440 ADJF nomn plur score=0.056	yes	yes		они,им,ним
articles/saturn.txt	Ряд данных указывает , что циркуляция атмосферы происходит не только в слое верхних облаков , но и на глубине , по крайней мере , до 2 тыс .	мере	мера para=55 NOUN datv sing femn inan score=0.500 || меря para=353 NOUN datv sing femn inan score=0.500 || мера para=55 NOUN loct sing femn inan score=0.167 || меря para=353 NOUN loct sing femn inan score=0.167	yes	yes	adjective_agreement	мера,мери,меря,мерей,мерею,мерь,мерю
articles/saturn.txt	Есть предположение , что симметричные потоки как - то связаны под слоем видимой атмосферы .	видимой	видимый para=4 ADJF gent sing femn score=0.125 || видимый para=4 ADJF datv sing femn score=0.125 || видимый para=4 ADJF ablt sing femn score=0.125 || видимый para=4 ADJF loct sing femn score=0.125 || видеть para=821 PRTF gent sing femn score=0.125 || видеть para=821 PRTF datv sing femn score=0.125 || видеть para=821 PRTF ablt sing femn score=0.125 || видеть para=821 PRTF loct sing femn score=0.125	yes	yes		видеть,видимо,видимый,виден,видим,видима,видимая,видимого,видимое,видимом,видимому,видимою
articles/saturn.txt	Также данные сияния наблюдались в ультрафиолетовом и видимом диапазонах .	данные	дать para=884 PRTF nomn plur score=0.167 || дать para=884 PRTF accs plur inan score=0.167 || данные para=154 NOUN nomn plur inan score=0.167 || данные para=154 NOUN accs plur inan score=0.167 || данный para=1306 ADJF nomn plur score=0.167 || данный para=1306 ADJF accs plur inan score=0.167	yes	yes		дали,дан,дана,данный,дать,дай,дам,данная,данного,данное,данной,данном
articles/saturn.txt	Также данные сияния наблюдались в ультрафиолетовом и видимом диапазонах .	видимом	видимый para=4 ADJF loct sing masc score=0.250 || видимый para=4 ADJF loct sing neut score=0.250 || видеть para=821 PRTF loct sing masc score=0.250 || видеть para=821 PRTF loct sing neut score=0.250	yes	yes		видеть,видимо,видимый,виден,видим,видима,видимая,видимого,видимое,видимой,видимому,видимою
articles/saturn.txt	Полярные сияния представляют собой яркие непрерывные кольца овальной формы , окружающие полюс планеты .	окружающие	окружающий para=213 ADJF nomn plur score=0.143 || окружающий para=213 ADJF accs plur inan score=0.143 || окружать para=215 PRTF nomn plur score=0.143 || окружать para=215 PRTF accs plur inan score=0.143 || окружающие para=422 NOUN nomn plur anim score=0.143 || окружающее para=526 NOUN nomn plur neut inan score=0.143 || окружающее para=526 NOUN accs plur neut inan score=0.143	yes	yes		окружать,окружающее,окружающий,окружающая,окружающего,окружающей,окружающем,окружающему,окружающею,окружающим,окружающими,окружающих
articles/saturn.txt	Их расположение и яркость сильно связаны с давлением солнечного ветра : чем оно больше , тем сияния ярче и ближе к полюсу .	Их	они para=2305 NPRO accs plur score=0.139 || их para=1440 ADJF nomn sing femn score=0.083 || они para=2305 NPRO gent plur score=0.083 || их para=1440 ADJF accs sing neut score=0.056 || их para=1440 ADJF nomn plur score=0.056	yes	yes		они,им,ним
articles/saturn.txt	Шестиугольное образование на северном полюсе Облака на северном полюсе Сатурна образуют гигантский шестиугольник ( гексагон ). Впервые это обнаружено во время пролётов « Вояджера » около Сатурна в 1980 - х годах , подобное явление никогда не наблюдалось ни в одном другом месте Солнечной системы .	другом	друг para=1423 NOUN ablt sing masc anim score=0.457 || другой para=1424 ADJF loct sing masc score=0.333 || другой para=1424 ADJF loct sing neut score=0.210	yes	yes		друг,другой
articles/saturn.txt	Шестиугольник располагается на широте 78 °, и каждая его сторона составляет приблизительно 13 800 км , то есть больше диаметра Земли и внутри него могут поместиться четыре Земли .	него	он para=2303 NPRO gent sing masc score=0.333 || оно para=2306 NPRO gent sing neut score=0.333 || он para=2303 NPRO accs sing masc score=0.167 || оно para=2306 NPRO accs sing neut score=0.167	yes	no		его,он,оно,ему,нему
articles/saturn.txt	Этот период совпадает с периодом изменения интенсивности радиоизлучения , который , в свою очередь , принят равным периоду вращения внутренней части Сатурна .	принят	принять para=938 PRTF sing masc score=0.500 || принятый para=193 ADJF sing masc score=0.500	yes	yes		принятый,принять,примет,приму,принята,принятая,принято,принятого,принятое,принятой,принятом,принятому
articles/saturn.txt	Изображения показывают , что шестиугольник оставался стабильным все 20 лет после полёта « Вояджера », причём шестиугольная структура облаков сохраняется во время их вращения .	их	они para=2305 NPRO accs plur score=0.139 || их para=1440 ADJF nomn sing femn score=0.083 || они para=2305 NPRO gent plur score=0.083 || их para=1440 ADJF accs sing neut score=0.056 || их para=1440 ADJF nomn plur score=0.056	yes	yes		они,им,ним
articles/saturn.txt	Значительная часть этой энергии генерируется за счёт механизма Кельвина — Гельмгольца ( когда температура планеты падает , то падает и давление в ней , в результате она сжимается , а потенциальная энергия её вещества переходит в тепло ). При этом , однако , было показано , что этот механизм не может	её	она para=2304 NPRO accs sing femn score=0.103 || ее para=1440 ADJF accs plur score=0.069	yes	yes		ея,она,нею
articles/saturn.txt	Предполагается , что дополнительная часть тепла создаётся за счёт конденсации и последующего падения капель гелия через слой водорода ( менее плотный , чем капли ) вглубь ядра .	капель	капля para=640 NOUN gent plur femn inan score=0.571 || капель para=13 NOUN nomn sing femn inan score=0.286 || капель para=13 NOUN accs sing femn inan score=0.143	yes	yes	noun_complement	капля,каплю
articles/saturn.txt	Магнитосфера Сатурна наполнена плазмой , продуцируемой планетой и её спутниками .	её	она para=2304 NPRO accs sing femn score=0.103 || ее para=1440 ADJF accs plur score=0.069	yes	yes		ея,она,нею
articles/saturn.txt	Взаимодействие между магнитосферой Сатурна и солнечным ветром генерирует яркие овалы полярного сияния вокруг полюсов планеты , наблюдаемые в видимом , ультрафиолетовом и инфракрасном свете .	видимом	видимый para=4 ADJF loct sing masc score=0.250 || видимый para=4 ADJF loct sing neut score=0.250 || видеть para=821 PRTF loct sing masc score=0.250 || видеть para=821 PRTF loct sing neut score=0.250	yes	yes		видеть,видимо,видимый,виден,видим,видима,видимая,видимого,видимое,видимой,видимому,видимою
articles/saturn.txt	Северный магнитный полюс находится в северном полушарии , а южный — в южном , в отличие от Земли , где расположение географических полюсов противоположно расположению магнитных .	противоположно	противоположно para=3 ADVB score=0.500 || противоположный para=406 ADJF sing neut score=0.500	yes	yes		противоположный,противоположен
articles/saturn.txt	Поэтому с Земли в зависимости от взаимного расположения планет они выглядят по - разному , меняется их так называемое « раскрытие » — от максимального , когда видна вся их ширина в плоскости , до минимального , очень тонкой полоски , когда эта плоскость видна « с ребра ». Как предполагал ещё Гюйгенс	их	они para=2305 NPRO accs plur score=0.139 || их para=1440 ADJF nomn sing femn score=0.083 || они para=2305 NPRO gent plur score=0.083 || их para=1440 ADJF accs sing neut score=0.056 || их para=1440 ADJF nomn plur score=0.056	yes	yes		они,им,ним
articles/saturn.txt	Поэтому с Земли в зависимости от взаимного расположения планет они выглядят по - разному , меняется их так называемое « раскрытие » — от максимального , когда видна вся их ширина в плоскости , до минимального , очень тонкой полоски , когда эта плоскость видна « с ребра ». Как предполагал ещё Гюйгенс	их	они para=2305 NPRO accs plur score=0.139 || их para=1440 ADJF nomn sing femn score=0.083 || они para=2305 NPRO gent plur score=0.083 || их para=1440 ADJF accs sing neut score=0.056 || их para=1440 ADJF nomn plur score=0.056	yes	yes		они,им,ним
articles/saturn.txt	У Сатурна выделяют семь главных колец , названных буквами латинского алфавита в порядке их открытия .	их	они para=2305 NPRO accs plur score=0.139 || их para=1440 ADJF nomn sing femn score=0.083 || они para=2305 NPRO gent plur score=0.083 || их para=1440 ADJF accs sing neut score=0.056 || их para=1440 ADJF nomn plur score=0.056	yes	yes		они,им,ним
articles/saturn.txt	Все вместе они отражают больше света , чем диск самого Сатурна .	самого	сам para=2823 ADJF gent sing masc score=0.167 || сам para=2823 ADJF accs sing masc anim score=0.167 || сам para=2823 ADJF gent sing neut score=0.167 || самый para=2825 ADJF gent sing masc score=0.167 || самый para=2825 ADJF accs sing masc anim score=0.167 || самый para=2825 ADJF gent sing neut score=0.167	yes	no		сам,сами,самый,самой,самом,самому
articles/saturn.txt	Основную систему колец образуют кольца C , B и A .	Основную	основный para=12 ADJF accs sing femn score=0.500 || основной para=138 ADJF accs sing femn score=0.500	yes	no		основное,основной,основный,основная,основнее,основней,основного,основному,основною,основные,основным,основными
articles/saturn.txt	Кольцо D — наиболее близкое к Сатурну и более тонкое , чем три основных .	основных	основный para=12 ADJF gent plur score=0.167 || основный para=12 ADJF accs plur anim score=0.167 || основный para=12 ADJF loct plur score=0.167 || основной para=138 ADJF gent plur score=0.167 || основной para=138 ADJF accs plur anim score=0.167 || основной para=138 ADJF loct plur score=0.167	yes	no		основное,основной,основный,основная,основнее,основней,основного,основному,основною,основную,основные,основным
articles/saturn.txt	При диаметре около 250 000 км их толщина не достигает и километра ( хотя существуют на поверхности колец и своеобразные горы ). Несмотря на внушительный вид , количество вещества , составляющего кольца , крайне незначительно .	их	они para=2305 NPRO accs plur score=0.139 || их para=1440 ADJF nomn sing femn score=0.083 || они para=2305 NPRO gent plur score=0.083 || их para=1440 ADJF accs sing neut score=0.056 || их para=1440 ADJF nomn plur score=0.056	yes	yes		они,им,ним
articles/saturn.txt	На изображениях , полученных зондами , видно , что на самом деле кольца образованы из тысяч колец , чередующихся со щелями ; картина напоминает дорожки грампластинок .	видно	видно para=130  score=0.333 || видный para=223 ADJF sing neut score=0.333 || видно para=254  score=0.333	yes	yes		видное,видный,виден,видного,видном,видному,видные,видным,видными,видных
articles/saturn.txt	На изображениях , полученных зондами , видно , что на самом деле кольца образованы из тысяч колец , чередующихся со щелями ; картина напоминает дорожки грампластинок .	самом	сам para=2823 ADJF loct sing neut score=0.400 || самый para=2825 ADJF loct sing neut score=0.400 || сам para=2823 ADJF loct sing masc score=0.200 || самый para=2825 ADJF loct sing masc score=0.200	yes	no		сам,сами,самый,самого,самой,самому
articles/saturn.txt	Некоторые из них , так называемые « спутники - пастухи », играют роль в удержании колец на их местах .	Некоторые	некоторый para=1306 ADJF nomn plur score=0.473 || некоторые para=2165 NPRO nomn plur score=0.324 || некоторый para=1306 ADJF accs plur inan score=0.189	yes	yes		некоторый,некоторым,некоторыми,некоторых
articles/saturn.txt	Некоторые из них , так называемые « спутники - пастухи », играют роль в удержании колец на их местах .	их	они para=2305 NPRO accs plur score=0.139 || их para=1440 ADJF nomn sing femn score=0.083 || они para=2305 NPRO gent plur score=0.083 || их para=1440 ADJF accs sing neut score=0.056 || их para=1440 ADJF nomn plur score=0.056	yes	yes		они,им,ним
articles/saturn.txt	В 2010 году были получены данные от зонда Кассини , которые говорят о том , что кольца Сатурна колеблются .	данные	дать para=884 PRTF nomn plur score=0.167 || дать para=884 PRTF accs plur inan score=0.167 || данные para=154 NOUN nomn plur inan score=0.167 || данные para=154 NOUN accs plur inan score=0.167 || данный para=1306 ADJF nomn plur score=0.167 || данный para=1306 ADJF accs plur inan score=0.167	yes	yes		дали,дан,дана,данный,дать,дай,дам,данная,данного,данное,данной,данном
articles/saturn.txt	Существует гипотеза , согласно которой у одного из спутников Сатурна — Реи — могут быть свои кольца .	Реи	рей para=180 NOUN nomn plur masc inan score=0.200 || рей para=180 NOUN accs plur masc inan score=0.200 || рея para=244 NOUN gent sing femn inan score=0.200 || рея para=244 NOUN nomn plur femn inan score=0.200 || рея para=244 NOUN accs plur femn inan score=0.200	yes	yes		рей,рея,рее,реем,рею,реям,реями,реях
articles/saturn.txt	Наблюдать кольца Сатурна удобнее всего , когда их раскрытие максимально .	их	они para=2305 NPRO accs plur score=0.139 || их para=1440 ADJF nomn sing femn score=0.083 || они para=2305 NPRO gent plur score=0.083 || их para=1440 ADJF accs sing neut score=0.056 || их para=1440 ADJF nomn plur score=0.056	yes	yes		они,им,ним
articles/saturn.txt	Спутники Крупнейшие спутники — Мимас , Энцелад , Тефия , Диона , Рея , Титан и Япет — были открыты к 1789 году , однако и по сегодняшний день остаются основными объектами исследований .	Диона	дион para=27 NOUN gent sing masc anim proper score=0.200 || дион para=27 NOUN accs sing masc anim proper score=0.200 || диона para=32 NOUN nomn sing masc anim proper score=0.200 || дион para=34 NOUN gent sing masc inan score=0.200 || диона para=69 NOUN nomn sing femn anim proper score=0.200	yes	yes	mid_sentence_capital	
articles/saturn.txt	Спутники Крупнейшие спутники — Мимас , Энцелад , Тефия , Диона , Рея , Титан и Япет — были открыты к 1789 году , однако и по сегодняшний день остаются основными объектами исследований .	Рея	рей para=180 NOUN gent sing masc inan score=0.333 || рея para=244 NOUN nomn sing femn inan score=0.333 || реять para=491  score=0.333	yes	yes		рей,реять,рее,реем,реи,рею,реям,реями,реях
articles/saturn.txt	Спутники Крупнейшие спутники — Мимас , Энцелад , Тефия , Диона , Рея , Титан и Япет — были открыты к 1789 году , однако и по сегодняшний день остаются основными объектами исследований .	основными	основный para=12 ADJF ablt plur score=0.500 || основной para=138 ADJF ablt plur score=0.500	yes	no		основное,основной,основный,основная,основнее,основней,основного,основному,основною,основную,основные,основным
articles/saturn.txt	Диаметры этих спутников варьируются в пределе от 397 ( Мимас ) до 5150 км ( Титан ), большая полуось орбиты от 186 тыс .	большая	больший para=531 ADJF nomn sing femn score=0.500 || большой para=532 ADJF nomn sing femn score=0.500	yes	no		больше,больший,большой,велик,большие,большим,большими,больших,большую,велика,велики
articles/saturn.txt	Наибольшим эксцентриситетом орбиты обладает Титан , наименьшим — Диона и Тефия .	Диона	дион para=27 NOUN gent sing masc anim proper score=0.200 || дион para=27 NOUN accs sing masc anim proper score=0.200 || диона para=32 NOUN nomn sing masc anim proper score=0.200 || дион para=34 NOUN gent sing masc inan score=0.200 || диона para=69 NOUN nomn sing femn anim proper score=0.200	yes	yes	mid_sentence_capital	
articles/saturn.txt	Все спутники c известными параметрами находятся выше синхронной орбиты , что приводит к их постепенному удалению .	выше	выше para=3 ADVB score=0.286 || высоко para=1134  score=0.286 || выше para=24 PREP score=0.143 || выша para=302 NOUN datv sing femn inan proper score=0.143 || выша para=302 NOUN loct sing femn inan proper score=0.143	yes	yes	lowercase_common	высоко
articles/saturn.txt	Все спутники c известными параметрами находятся выше синхронной орбиты , что приводит к их постепенному удалению .	их	они para=2305 NPRO accs plur score=0.139 || их para=1440 ADJF nomn sing femn score=0.083 || они para=2305 NPRO gent plur score=0.083 || их para=1440 ADJF accs sing neut score=0.056 || их para=1440 ADJF nomn plur score=0.056	yes	yes		они,им,ним
articles/saturn.txt	Так , Япет имеет два полушария с разным альбедо ( 0 , 03 — 0 , 05 и 0 , 5 соответственно ). Поэтому , когда Джованни Кассини открыл данный спутник , то обнаружил , что он виден только тогда , когда находится по определённую сторону от Сатурна .	виден	видный para=223 ADJF sing masc score=0.500 || видеть para=821 PRTF sing masc score=0.500	yes	yes		видеть,видимо,видимый,видно,видное,видный,видим,видима,видимая,видимого,видимое,видимой
articles/saturn.txt	Ведущее и заднее полушария Дионы и Реи также имеют свои отличия .	Ведущее	ведущий para=691 ADJF nomn sing neut score=0.250 || ведущий para=691 ADJF accs sing neut score=0.250 || вести para=732 PRTF nomn sing neut score=0.250 || вести para=732 PRTF accs sing neut score=0.250	yes	yes		веди,ведомый,ведущий,вели,вести,ведомая,ведомого,ведомое,ведомой,ведомом,ведомому,ведомою
articles/saturn.txt	Ведущее и заднее полушария Дионы и Реи также имеют свои отличия .	Реи	рей para=180 NOUN nomn plur masc inan score=0.200 || рей para=180 NOUN accs plur masc inan score=0.200 || рея para=244 NOUN gent sing femn inan score=0.200 || рея para=244 NOUN nomn plur femn inan score=0.200 || рея para=244 NOUN accs plur femn inan score=0.200	yes	yes		рей,рея,рее,реем,рею,реям,реями,реях
articles/saturn.txt	Ведущее полушарие Дионы сильно кратерировано и однородно по яркости .	Ведущее	ведущий para=691 ADJF nomn sing neut score=0.250 || ведущий para=691 ADJF accs sing neut score=0.250 || вести para=732 PRTF nomn sing neut score=0.250 || вести para=732 PRTF accs sing neut score=0.250	yes	yes		веди,ведомый,ведущий,вели,вести,ведомая,ведомого,ведомое,ведомой,ведомом,ведомому,ведомою
articles/saturn.txt	Энцелад согласно изображениям « Вояджер - 2 » имеет поверхность с участками разного геологического возраста , массивными кратерами в средних и высоких северных широтах и незначительными кратерами ближе к экватору .	Энцелад	энцелада para=69 NOUN gent plur femn anim proper score=0.150 || энцелада para=69 NOUN accs plur femn anim proper score=0.150 || энцелад para=112 NOUN nomn sing masc inan score=0.150 || энцелад para=112 NOUN accs sing masc inan score=0.150 || энцелада para=344 NOUN gent plur anim score=0.150 || энцелада para=344 NOUN accs plur anim score=0.150	yes	yes		
articles/saturn.txt	Тефии и Дионе сопутствуют по два спутника в точках Лагранжа L4 и L5 .	Дионе	дион para=27 NOUN loct sing masc anim proper score=0.167 || диона para=32 NOUN datv sing masc anim proper score=0.167 || диона para=32 NOUN loct sing masc anim proper score=0.167 || дион para=34 NOUN loct sing masc inan score=0.167 || диона para=69 NOUN datv sing femn anim proper score=0.167 || диона para=69 NOUN loct sing femn anim proper score=0.167	yes	yes	mid_sentence_capital	
articles/saturn.txt	Период их обращения вокруг планеты составляет от 862 до 1300 дней .	их	они para=2305 NPRO accs plur score=0.139 || их para=1440 ADJF nomn sing femn score=0.083 || они para=2305 NPRO gent plur score=0.083 || их para=1440 ADJF accs sing neut score=0.056 || их para=1440 ADJF nomn plur score=0.056	yes	yes		они,им,ним
articles/saturn.txt	В 2015 году впервые были получены качественные снимки одного из спутников — Тефии — с хорошо освещённым гигантским ударным кратером , названным Одиссеем .	снимки	снимок para=141 NOUN nomn plur masc inan score=0.500 || снимок para=141 NOUN accs plur masc inan score=0.286 || снимка para=8 NOUN gent sing femn inan score=0.071 || снимка para=8 NOUN nomn plur femn inan score=0.071 || снимка para=8 NOUN accs plur femn inan score=0.071	yes	yes	adjective_agreement	снимка,снимок,снимкам,снимками,снимках,снимке,снимку
articles/saturn.txt	16 марта 2026 года Центр малых планет объявил об открытии 11 новых спутников , что увеличило их общее число с 274 до 285 , а на 5 мая на сайте JPL NASA добавилось ещё 7 новых спутников .	их	они para=2305 NPRO accs plur score=0.139 || их para=1440 ADJF nomn sing femn score=0.083 || они para=2305 NPRO gent plur score=0.083 || их para=1440 ADJF accs sing neut score=0.056 || их para=1440 ADJF nomn plur score=0.056	yes	yes		они,им,ним
articles/tolstoy.txt	Просветитель , публицист , религиозный мыслитель , его авторитетное мнение послужило причиной возникновения нового религиозно - нравственного течения — толстовства .	религиозно	религиозно para=3 ADVB score=0.500 || религиозный para=406 ADJF sing neut score=0.500	yes	yes		религиозный
articles/tolstoy.txt	За свои религиозные взгляды и их распространение был отлучён от Православной церкви .	их	они para=2305 NPRO accs plur score=0.139 || их para=1440 ADJF nomn sing femn score=0.083 || они para=2305 NPRO gent plur score=0.083 || их para=1440 ADJF accs sing neut score=0.056 || их para=1440 ADJF nomn plur score=0.056	yes	yes		они,им,ним
articles/tolstoy.txt	Писатель , ещё при жизни признанный главой русской литературы .	признанный	признанный para=345 ADJF nomn sing masc score=0.250 || признанный para=345 ADJF accs sing masc inan score=0.250 || признать para=648 PRTF nomn sing masc score=0.250 || признать para=648 PRTF accs sing masc inan score=0.250	yes	yes		признать,признан,признанная,признанного,признанное,признанной,признанном,признанному,признанною,признанную,признанные,признанным
articles/tolstoy.txt	Наиболее известны такие произведения Толстого , как романы « Война и мир », « Анна Каренина », « Воскресение »; автобиографическая трилогия « Детство », « Отрочество », « Юность »; повести « Казаки », « Смерть Ивана Ильича », « Крейцерова соната », « Отец Сергий », « Хаджи - Мурат »; цикл очерков « 	повести	повесть para=13 NOUN nomn plur femn inan score=0.273 || повесть para=13 NOUN accs plur femn inan score=0.182 || повести para=662 VERB score=0.182 || повесть para=13 NOUN gent sing femn inan score=0.091 || повесть para=13 NOUN datv sing femn inan score=0.091 || повесть para=13 NOUN loct sing femn inan score=0.091 || повестить para=798 VERB sing score=0.091	yes	yes		повесть,повели
articles/tolstoy.txt	Наиболее известны такие произведения Толстого , как романы « Война и мир », « Анна Каренина », « Воскресение »; автобиографическая трилогия « Детство », « Отрочество », « Юность »; повести « Казаки », « Смерть Ивана Ильича », « Крейцерова соната », « Отец Сергий », « Хаджи - Мурат »; цикл очерков « 	Хаджи	хаджи para=182 NOUN gent sing masc anim score=0.133 || хадж para=80 NOUN nomn plur masc inan score=0.067 || хадж para=80 NOUN accs plur masc inan score=0.067 || хаджи para=182 NOUN nomn sing masc anim score=0.067 || хаджи para=182 NOUN datv sing masc anim score=0.067 || хаджи para=182 NOUN accs sing masc anim score=0.067 || хаджи para=182 NOUN ablt sing masc anim score=0.067 || хаджи para=182 NOUN loct sing masc anim score=0.067 || хаджи para=182 NOUN nomn plur masc anim score=0.067 || хаджи para=182 NOUN gent plur masc anim score=0.067 || хаджи para=182 NOUN datv plur masc anim score=0.067 || хаджи para=182 NOUN accs plur masc anim score=0.067 || хаджи para=182 NOUN ablt plur masc anim score=0.067 || хаджи para=182 NOUN loct plur masc anim score=0.067	yes	yes		хадж
articles/tolstoy.txt	Наиболее известны такие произведения Толстого , как романы « Война и мир », « Анна Каренина », « Воскресение »; автобиографическая трилогия « Детство », « Отрочество », « Юность »; повести « Казаки », « Смерть Ивана Ильича », « Крейцерова соната », « Отец Сергий », « Хаджи - Мурат »; цикл очерков « 	религиозно	религиозно para=3 ADVB score=0.500 || религиозный para=406 ADJF sing neut score=0.500	yes	yes		религиозный
articles/tolstoy.txt	Мансуров и А .	Мансуров	мансур para=27 NOUN gent plur masc anim proper score=0.333 || мансур para=27 NOUN accs plur masc anim proper score=0.333 || мансуров para=37 NOUN nomn sing masc anim proper score=0.333	yes	yes		мансур
articles/tolstoy.txt	Горчаковым ( его отец Горчаков Михаил Алексеевич ( 1768 — 1831 ) был двоюродным братом бабушки писателя — Пелагеи Николаевны Горчаковой ( 1762 — 1838 )). Общим предком Льва Толстого и Пушкина был адмирал Иван Головин , помогавший Петру I создавать русский флот .	Петру	петр para=2448 NOUN datv sing masc anim proper score=0.667 || петра para=69 NOUN accs sing femn anim proper score=0.333	yes	yes	mid_sentence_capital	петр,петра,петрам,петрами,петрах,петре,петры
articles/tolstoy.txt	Участник заграничного похода русской армии против Наполеона , в том числе участвовал в « битве народов » у Лейпцига и побывал в плену у французов , но смог сбежать , после заключения мира вышел в отставку в чине подполковника Павлоградского гусарского полка .	чине	чин para=112 NOUN loct sing masc inan score=0.571 || чин para=52 NOUN loct sing masc anim score=0.143 || чина para=55 NOUN datv sing femn inan score=0.143 || чина para=55 NOUN loct sing femn inan score=0.143	yes	yes	preposition:в	чин,чина,чинам,чинами,чинах,чинов,чином,чину
articles/tolstoy.txt	Участник заграничного похода русской армии против Наполеона , в том числе участвовал в « битве народов » у Лейпцига и побывал в плену у французов , но смог сбежать , после заключения мира вышел в отставку в чине подполковника Павлоградского гусарского полка .	полка	полка para=8 NOUN nomn sing femn inan score=0.500 || полок para=141 NOUN gent sing masc inan score=0.250 || полк para=299 NOUN gent sing masc inan score=0.250	yes	yes	adjective_agreement	полок,полкам,полками,полках,полке,полки,полку
articles/tolstoy.txt	Вскоре после отставки вынужден был пойти на чиновничью службу , чтобы не оказаться в долговой тюрьме из - за долгов отца , казанского губернатора , умершего под следствием за служебные злоупотребления .	умершего	умерший para=617 ADJF gent sing masc score=0.167 || умерший para=617 ADJF accs sing masc anim score=0.167 || умерший para=617 ADJF gent sing neut score=0.167 || умереть para=3083 PRTF gent sing masc score=0.167 || умереть para=3083 PRTF accs sing masc anim score=0.167 || умереть para=3083 PRTF gent sing neut score=0.167	yes	yes		ум,умереть,умерший,умершая,умершее,умершей,умершем,умершему,умершею,умершие,умершим,умершими
articles/tolstoy.txt	Чтобы привести свои расстроенные дела в порядок , Николай Ильич ( как и Николай Ростов ), женился на уже не очень молодой княжне ( ей было 32 года , что по тем временам считалось весьма почтенным возрастом ) Марии Николаевне из рода Волконских в 1822 году , брак был счастливый .	почтенным	почтенный para=686 ADJF ablt sing masc score=0.167 || почтенный para=686 ADJF ablt sing neut score=0.167 || почтенный para=686 ADJF datv plur score=0.167 || почесть para=1409 PRTF ablt sing masc score=0.167 || почесть para=1409 PRTF ablt sing neut score=0.167 || почесть para=1409 PRTF datv plur score=0.167	yes	yes		почесть,почтенный,почти,почтите
articles/tolstoy.txt	На следующий день после рождения был крещён в церкви Николая Чудотворца в соседнем селе Кочаки священником Василием Можайским .	следующий	следующий para=213 ADJF nomn sing masc score=0.250 || следующий para=213 ADJF accs sing masc inan score=0.250 || следовать para=2894 PRTF nomn sing masc score=0.250 || следовать para=2894 PRTF accs sing masc inan score=0.250	yes	yes		следовать,следуем,следующая,следующего,следующее,следующей,следующем,следующему,следующею,следующие,следующим,следующими
articles/tolstoy.txt	На следующий день после рождения был крещён в церкви Николая Чудотворца в соседнем селе Кочаки священником Василием Можайским .	крещён	крещеный para=73 ADJF sing masc score=0.333 || крестить para=1885 PRTF sing masc score=0.333 || крестить para=1885 PRTF sing masc score=0.333	yes	yes		крести,крестить,крещеный,крещёного,крещёном,крещёному,крещёные,крещёный,крещёным,крещёными,крещёных
articles/tolstoy.txt	Вскоре внезапно умер отец , Николай Ильич , оставив дела ( в том числе некоторые связанные с имуществом семьи тяжбы ) в незаконченном состоянии , и трое младших детей снова поселились в Ясной Поляне под наблюдением Ергольской и тётки по отцу , графини А .	некоторые	некоторый para=1306 ADJF nomn plur score=0.473 || некоторые para=2165 NPRO nomn plur score=0.324 || некоторый para=1306 ADJF accs plur inan score=0.189	yes	yes		некоторый,некоторым,некоторыми,некоторых
articles/tolstoy.txt	Вскоре внезапно умер отец , Николай Ильич , оставив дела ( в том числе некоторые связанные с имуществом семьи тяжбы ) в незаконченном состоянии , и трое младших детей снова поселились в Ясной Поляне под наблюдением Ергольской и тётки по отцу , графини А .	связанные	связанный para=345 ADJF nomn plur score=0.250 || связанный para=345 ADJF accs plur inan score=0.250 || связать para=672 PRTF nomn plur score=0.250 || связать para=672 PRTF accs plur inan score=0.250	yes	yes		связанный,связать,связан,связанная,связанного,связанное,связанной,связанном,связанному,связанною,связанную,связанным
articles/tolstoy.txt	Остен - Сакен , назначенной опекуншей детей .	Остен	остен para=34 NOUN nomn sing masc inan score=0.091 || остен para=34 NOUN accs sing masc inan score=0.091 || остена para=55 NOUN gent plur femn inan score=0.091 || остен para=29 NOUN nomn sing masc anim proper score=0.091 || остен para=29 NOUN nomn sing femn anim proper score=0.091 || остен para=29 NOUN gent sing femn anim proper score=0.091 || остен para=29 NOUN datv sing femn anim proper score=0.091 || остен para=29 NOUN accs sing femn anim proper score=0.091 || остен para=29 NOUN ablt sing femn anim proper score=0.091 || остен para=29 NOUN loct sing femn anim proper score=0.091	yes	yes		
articles/tolstoy.txt	« Добрая тётушка моя , — рассказывает Толстой , — чистейшее существо , всегда говорила , что она ничего не желала бы так для меня , как того , чтобы я имел связь с замужнею женщиною ». Льву Николаевичу хотелось блистать в обществе , но ему мешали природная застенчивость и отсутствие внешней привлека	ничего	ничего para=2210 ADVB score=0.250 || ничего para=2211  score=0.250 || ничто para=2213 NPRO gent sing neut score=0.250 || ничего para=3326 NPRO nomn sing neut score=0.250	yes	yes		ничто,ничё
articles/tolstoy.txt	Разнообразнейшие , как их определяет сам Толстой , « умствования » о главнейших вопросах нашего бытия — счастье , смерти , Боге , любви , вечности — накладывали отпечаток на его характер в ту эпоху его жизни .	их	они para=2305 NPRO accs plur score=0.139 || их para=1440 ADJF nomn sing femn score=0.083 || они para=2305 NPRO gent plur score=0.083 || их para=1440 ADJF accs sing neut score=0.056 || их para=1440 ADJF nomn plur score=0.056	yes	yes		они,им,ним
articles/tolstoy.txt	Венгеров , привело к тому , что у Толстого создалась , по выражению из его повести « Отрочество », « привычка к постоянному моральному анализу , уничтожившая свежесть чувства и ясность рассудка ». Приводя примеры самоанализа этого периода , он иронически отзывается о преувеличенности своего отроческ	повести	повесть para=13 NOUN nomn plur femn inan score=0.273 || повесть para=13 NOUN accs plur femn inan score=0.182 || повести para=662 VERB score=0.182 || повесть para=13 NOUN gent sing femn inan score=0.091 || повесть para=13 NOUN datv sing femn inan score=0.091 || повесть para=13 NOUN loct sing femn inan score=0.091 || повестить para=798 VERB sing score=0.091	yes	yes		повесть,повели
articles/tolstoy.txt	Образование Его образованием первоначально занимался гувернёр - француз Сен - Тома ( прототип St .-	Тома	том para=147 NOUN gent sing masc inan score=0.500 || том para=27 NOUN accs sing masc anim proper score=0.125 || том para=147 NOUN nomn plur masc inan score=0.125 || том para=27 NOUN gent sing masc anim proper score=0.083 || тома para=69 NOUN nomn sing femn anim proper score=0.083 || том para=147 NOUN accs plur masc inan score=0.083	yes	yes	mid_sentence_capital	томам,томами,томах,томе,томов,томом
articles/tolstoy.txt	Jérôme в повести « Отрочество »), заменивший собою добродушного немца Ресельмана , которого Толстой изобразил в повести « Детство » под именем Карла Ивановича .	Карла	карла para=69 NOUN nomn sing femn anim proper score=0.429 || карла para=537 NOUN nomn sing masc anim score=0.286 || карл para=27 NOUN gent sing masc anim proper score=0.143 || карл para=27 NOUN accs sing masc anim proper score=0.143	yes	yes	mid_sentence_capital	
articles/tolstoy.txt	Юшкова , взяв на себя роль опекунши своих несовершеннолетних племянников ( совершеннолетним был только старший — Николай ) и племянницы , привезла их в Казань .	их	они para=2305 NPRO accs plur score=0.139 || их para=1440 ADJF nomn sing femn score=0.083 || они para=2305 NPRO gent plur score=0.083 || их para=1440 ADJF accs sing neut score=0.056 || их para=1440 ADJF nomn plur score=0.056	yes	yes		они,им,ним
articles/tolstoy.txt	На вступительных экзаменах он , в частности , показал отличные результаты по обязательному для поступления « турецко - татарскому языку ». По результатам года имел неуспеваемость по соответствующим предметам , не выдержал переходного экзамена и должен был заново пройти программу первого курса .	соответствующим	соответствовать para=177 PRTF ablt sing neut score=0.286 || соответствовать para=177 PRTF ablt sing masc score=0.143 || соответствовать para=177 PRTF datv plur score=0.143 || соответствующий para=213 ADJF ablt sing masc score=0.143 || соответствующий para=213 ADJF ablt sing neut score=0.143 || соответствующий para=213 ADJF datv plur score=0.143	yes	yes		соответствовать,соответствующий,соответствующая,соответствующего,соответствующее,соответствующей,соответствующем,соответствующему,соответствующею,соответствующие,соответствующими,соответствующих
articles/tolstoy.txt	На вступительных экзаменах он , в частности , показал отличные результаты по обязательному для поступления « турецко - татарскому языку ». По результатам года имел неуспеваемость по соответствующим предметам , не выдержал переходного экзамена и должен был заново пройти программу первого курса .	переходного	переходный para=12 ADJF gent sing masc score=0.167 || переходный para=12 ADJF accs sing masc anim score=0.167 || переходный para=12 ADJF gent sing neut score=0.167 || переходной para=138 ADJF gent sing masc score=0.167 || переходной para=138 ADJF accs sing masc anim score=0.167 || переходной para=138 ADJF gent sing neut score=0.167	yes	no		переходной,переходный,переходная,переходнее,переходней,переходное,переходном,переходному,переходною,переходную,переходные,переходным
articles/tolstoy.txt	Переходные майские экзамены 1846 года были сданы удовлетворительно ( получил одну пятёрку , три четвёрки и четыре тройки ; средний вывод получился три ), и Лев Николаевич был переведён на второй курс .	Переходные	переходный para=12 ADJF nomn plur score=0.250 || переходный para=12 ADJF accs plur inan score=0.250 || переходной para=138 ADJF nomn plur score=0.250 || переходной para=138 ADJF accs plur inan score=0.250	yes	no		переходной,переходный,переходная,переходнее,переходней,переходного,переходное,переходном,переходному,переходною,переходную,переходным
articles/tolstoy.txt	Переходные майские экзамены 1846 года были сданы удовлетворительно ( получил одну пятёрку , три четвёрки и четыре тройки ; средний вывод получился три ), и Лев Николаевич был переведён на второй курс .	удовлетворительно	удовлетворительно para=3 ADVB score=0.500 || удовлетворительный para=79 ADJF sing neut score=0.500	yes	yes		удовлетворительный
articles/tolstoy.txt	На юридическом факультете Лев Толстой пробыл менее двух лет : « Всегда ему было трудно всякое навязанное другими образование , и всему , чему он в жизни выучился , — он выучился сам , вдруг , быстро , усиленным трудом », — пишет С .	усиленным	усиленный para=345 ADJF ablt sing masc score=0.167 || усиленный para=345 ADJF ablt sing neut score=0.167 || усиленный para=345 ADJF datv plur score=0.167 || усилить para=657 PRTF ablt sing masc score=0.167 || усилить para=657 PRTF ablt sing neut score=0.167 || усилить para=657 PRTF datv plur score=0.167	yes	yes		усиленный,усилить,усилен,усиленная,усиленного,усиленное,усиленной,усиленном,усиленному,усиленною,усиленную,усиленные
articles/tolstoy.txt	ничего не делал .	ничего	ничего para=2210 ADVB score=0.250 || ничего para=2211  score=0.250 || ничто para=2213 NPRO gent sing neut score=0.250 || ничего para=3326 NPRO nomn sing neut score=0.250	yes	yes		ничто,ничё
articles/tolstoy.txt	меня эта работа увлекла , я уехал в деревню , стал читать Монтескьё , это чтение открыло мне бесконечные горизонты ; я стал читать Руссо и бросил университет , именно потому , что захотел заниматься ». Толстой стал полиглотом : помимо французского и немецкого , которыми в совершенстве владел с детст	Начало	начало para=54 NOUN nomn sing neut inan score=0.383 || начать para=1364 VERB sing neut score=0.333 || начало para=54 NOUN accs sing neut inan score=0.283	yes	yes		начать,начал,начала
articles/tolstoy.txt	на памятнике родной тёти А .	родной	родный para=10 ADJF gent sing femn score=0.182 || родный para=10 ADJF ablt sing femn score=0.182 || родной para=1680 ADJF gent sing femn score=0.182 || родной para=1680 ADJF ablt sing femn score=0.182 || родный para=10 ADJF datv sing femn score=0.136 || родной para=1680 ADJF nomn sing masc score=0.136 || родной para=1680 ADJF datv sing femn score=0.136 || родный para=10 ADJF loct sing femn score=0.091 || родной para=1680 ADJF accs sing masc inan score=0.091 || родной para=1680 ADJF loct sing femn score=0.091	yes	no		родные,родный,породнее,породней,родная,родней,родного,родное,родном,родному,родною,родную
articles/tolstoy.txt	Остен - Сакен в Оптиной пустыни было выгравировано первое восьмистишие Л .	Остен	остен para=34 NOUN nomn sing masc inan score=0.091 || остен para=34 NOUN accs sing masc inan score=0.091 || остена para=55 NOUN gent plur femn inan score=0.091 || остен para=29 NOUN nomn sing masc anim proper score=0.091 || остен para=29 NOUN nomn sing femn anim proper score=0.091 || остен para=29 NOUN gent sing femn anim proper score=0.091 || остен para=29 NOUN datv sing femn anim proper score=0.091 || остен para=29 NOUN accs sing femn anim proper score=0.091 || остен para=29 NOUN ablt sing femn anim proper score=0.091 || остен para=29 NOUN loct sing femn anim proper score=0.091	yes	yes		
articles/tolstoy.txt	Остен - Сакен в Оптиной пустыни было выгравировано первое восьмистишие Л .	Оптиной	оптина para=55 NOUN ablt sing femn inan score=0.237 || оптина para=69 NOUN ablt sing femn anim proper score=0.237 || оптиной para=42 NOUN nomn sing masc anim proper score=0.237 || оптиныть para=1152 VERB sing score=0.237	yes	yes	mid_sentence_capital	
articles/tolstoy.txt	Остен - Сакен в Оптиной пустыни было выгравировано первое восьмистишие Л .	пустыни	пустынь para=13 NOUN gent sing femn inan score=0.125 || пустынь para=13 NOUN datv sing femn inan score=0.125 || пустынь para=13 NOUN loct sing femn inan score=0.125 || пустынь para=13 NOUN nomn plur femn inan score=0.125 || пустынь para=13 NOUN accs plur femn inan score=0.125 || пустыня para=353 NOUN gent sing femn inan score=0.125 || пустыня para=353 NOUN nomn plur femn inan score=0.125 || пустыня para=353 NOUN accs plur femn inan score=0.125	yes	yes	noun_complement	пустынь,пустыня,пустыней,пустыням,пустынями,пустынях
articles/tolstoy.txt	Григоровича и начало « Записок охотника » И .	начало	начало para=54 NOUN nomn sing neut inan score=0.383 || начать para=1364 VERB sing neut score=0.333 || начало para=54 NOUN accs sing neut inan score=0.283	yes	yes		начать,начал,начала
articles/tolstoy.txt	В своём дневнике Толстой сформулировал себе большое количество жизненных правил и целей , но удавалось следовать лишь их незначительной части .	их	они para=2305 NPRO accs plur score=0.139 || их para=1440 ADJF nomn sing femn score=0.083 || они para=2305 NPRO gent plur score=0.083 || их para=1440 ADJF accs sing neut score=0.056 || их para=1440 ADJF nomn plur score=0.056	yes	yes		они,им,ним
articles/tolstoy.txt	Основным преподавателем был Фока Демидович , крепостной , но и сам Лев Николаевич часто проводил занятия .	Основным	основный para=12 ADJF ablt sing masc score=0.143 || основный para=12 ADJF ablt sing neut score=0.143 || основный para=12 ADJF datv plur score=0.143 || основной para=138 ADJF ablt sing masc score=0.143 || основной para=138 ADJF ablt sing neut score=0.143 || основной para=138 ADJF datv plur score=0.143 || основное para=2336 NOUN ablt sing neut inan score=0.143	yes	yes		основное,основной,основный,основная,основнее,основней,основного,основном,основному,основною,основную,основные
articles/tolstoy.txt	Но так как он играл весьма азартно и не всегда обдумывая свои ходы — часто проигрывал .	азартно	азартно para=3 ADVB score=0.500 || азартный para=12 ADJF sing neut score=0.500	yes	yes		азартный
articles/tolstoy.txt	В этот период жизни Толстой особенно страстно интересовался музыкой ( он сам неплохо играл на рояле и очень ценил любимые произведения в исполнении других ). Увлечение музыкой побудило его позднее к написанию « Крейцеровой сонаты ». Любимыми композиторами Толстого были Бах , Гендель и Шопен .	любимые	любимый para=1965 ADJF nomn plur score=0.250 || любимый para=1965 ADJF accs plur inan score=0.250 || любить para=1966 PRTF nomn plur score=0.250 || любить para=1966 PRTF accs plur inan score=0.250	yes	yes		любим,любимый,любить,любя,любящий,любима,любимая,любимо,любимого,любимое,любимой,любимом
articles/tolstoy.txt	В этот период жизни Толстой особенно страстно интересовался музыкой ( он сам неплохо играл на рояле и очень ценил любимые произведения в исполнении других ). Увлечение музыкой побудило его позднее к написанию « Крейцеровой сонаты ». Любимыми композиторами Толстого были Бах , Гендель и Шопен .	Любимыми	любимый para=1965 ADJF ablt plur score=0.500 || любить para=1966 PRTF ablt plur score=0.500	yes	yes		любим,любимый,любить,любя,любящий,любима,любимая,любимо,любимого,любимое,любимой,любимом
articles/tolstoy.txt	Развитию любви Толстого к музыке содействовало и то , что во время поездки в Петербург в 1848 году он встретился в весьма мало подходящей обстановке танцкласса с даровитым , но сбившимся с пути немцем - музыкантом , которого впоследствии описал в повести « Альберт ». В 1849 году Лев Николаевич посел	подходящей	подходящий para=165 ADJF gent sing femn score=0.111 || подходящий para=165 ADJF datv sing femn score=0.111 || подходящий para=165 ADJF ablt sing femn score=0.111 || подходящий para=165 ADJF loct sing femn score=0.111 || подходящий para=165  score=0.111 || подходить para=498 PRTF gent sing femn score=0.111 || подходить para=498 PRTF datv sing femn score=0.111 || подходить para=498 PRTF ablt sing femn score=0.111 || подходить para=498 PRTF loct sing femn score=0.111	yes	yes		подходить,подходящий,подходящая,подходящего,подходящее,подходящем,подходящему,подходящею,подходящие,подходящим,подходящими,подходящих
articles/tolstoy.txt	Танееве , сделавшем нотную запись этого музыкального произведения ( единственного сочинённого Толстым ). Вальс звучит в фильме « Отец Сергий », снятом по повести Л .	сочинённого	сочиненный para=345 ADJF gent sing masc score=0.167 || сочиненный para=345 ADJF accs sing masc anim score=0.167 || сочиненный para=345 ADJF gent sing neut score=0.167 || сочинить para=754 PRTF gent sing masc score=0.167 || сочинить para=754 PRTF accs sing masc anim score=0.167 || сочинить para=754 PRTF gent sing neut score=0.167	yes	yes		сочиненный,сочинить,сочинён,сочинённая,сочинённое,сочинённой,сочинённом,сочинённому,сочинённою,сочинённую,сочинённые,сочинённый
articles/tolstoy.txt	Танееве , сделавшем нотную запись этого музыкального произведения ( единственного сочинённого Толстым ). Вальс звучит в фильме « Отец Сергий », снятом по повести Л .	снятом	снятой para=539 ADJF loct sing masc score=0.250 || снятой para=539 ADJF loct sing neut score=0.250 || снять para=1394 PRTF loct sing masc score=0.250 || снять para=1394 PRTF loct sing neut score=0.250	yes	yes		снятой,снять,снят,снята,снятая,снято,снятого,снятое,снятому,снятою,снятую,сняты
articles/tolstoy.txt	Танееве , сделавшем нотную запись этого музыкального произведения ( единственного сочинённого Толстым ). Вальс звучит в фильме « Отец Сергий », снятом по повести Л .	повести	повесть para=13 NOUN nomn plur femn inan score=0.273 || повесть para=13 NOUN accs plur femn inan score=0.182 || повести para=662 VERB score=0.182 || повесть para=13 NOUN gent sing femn inan score=0.091 || повесть para=13 NOUN datv sing femn inan score=0.091 || повесть para=13 NOUN loct sing femn inan score=0.091 || повестить para=798 VERB sing score=0.091	yes	yes		повесть,повели
articles/tolstoy.txt	Старший брат в отсутствие родителей был ему другом и наставником .	другом	друг para=1423 NOUN ablt sing masc anim score=0.457 || другой para=1424 ADJF loct sing masc score=0.333 || другой para=1424 ADJF loct sing neut score=0.210	yes	yes		друг,другой
articles/tolstoy.txt	Чтобы расплатиться по долгам , надо было сократить свои расходы до минимума — и весной 1851 года Толстой торопливо уехал из Москвы на Кавказ без определённой цели .	торопливо	торопливо para=3 ADVB score=0.500 || торопливый para=4 ADJF sing neut score=0.500	yes	yes		торопливый
articles/tolstoy.txt	Чтобы расплатиться по долгам , надо было сократить свои расходы до минимума — и весной 1851 года Толстой торопливо уехал из Москвы на Кавказ без определённой цели .	определённой	определенный para=12 ADJF gent sing femn score=0.125 || определенный para=12 ADJF datv sing femn score=0.125 || определенный para=12 ADJF ablt sing femn score=0.125 || определенный para=12 ADJF loct sing femn score=0.125 || определить para=754 PRTF gent sing femn score=0.125 || определить para=754 PRTF datv sing femn score=0.125 || определить para=754 PRTF ablt sing femn score=0.125 || определить para=754 PRTF loct sing femn score=0.125	yes	yes		определенно,определенный,определить,определим,определённая,определённо,определённого,определённое,определённом,определённому,определённою,определённую
articles/tolstoy.txt	К 1851 году относится известная запись в дневнике Толстого с его переживаниями о гомосексуальности : «… В мужчин я очень часто влюблялся , 1 любовью были два Пушкина , потом 2 - й — Сабуров , потом 3 - й — Зыбин и Дьяков , 4 — Оболенский , Блосфельд , Иславин , ещё Готье и многие другие …	Пушкина	пушкин para=37 NOUN gent sing masc anim proper score=0.688 || пушкин para=37 NOUN accs sing masc anim proper score=0.125 || пушкин para=33 NOUN gent sing masc inan proper score=0.062 || пушкин para=37 NOUN nomn sing femn anim proper score=0.062 || пушкино para=56 NOUN gent sing neut inan proper score=0.062	yes	yes	mid_sentence_capital	пушкин,пушкине,пушкину,пушкины
articles/tolstoy.txt	К 1851 году относится известная запись в дневнике Толстого с его переживаниями о гомосексуальности : «… В мужчин я очень часто влюблялся , 1 любовью были два Пушкина , потом 2 - й — Сабуров , потом 3 - й — Зыбин и Дьяков , 4 — Оболенский , Блосфельд , Иславин , ещё Готье и многие другие …	Сабуров	сабуровый para=4 ADJF sing masc score=0.200 || сабур para=27 NOUN gent plur masc anim proper score=0.200 || сабур para=27 NOUN accs plur masc anim proper score=0.200 || сабур para=34 NOUN gent plur masc inan score=0.200 || сабуров para=37 NOUN nomn sing masc anim proper score=0.200	yes	yes	mid_sentence_capital	сабур,сабурово,сабуровый,сабура,сабурам,сабурами,сабурах,сабуре,сабурова,сабуровой,сабуровом,сабуровы
articles/tolstoy.txt	К 1851 году относится известная запись в дневнике Толстого с его переживаниями о гомосексуальности : «… В мужчин я очень часто влюблялся , 1 любовью были два Пушкина , потом 2 - й — Сабуров , потом 3 - й — Зыбин и Дьяков , 4 — Оболенский , Блосфельд , Иславин , ещё Готье и многие другие …	Иславин	иславина para=69 NOUN gent plur femn anim proper score=0.092 || иславина para=69 NOUN accs plur femn anim proper score=0.092 || иславина para=55 NOUN gent plur femn inan score=0.092 || иславин para=3316 NOUN nomn sing femn anim proper score=0.092 || иславин para=3316 NOUN gent sing femn anim proper score=0.092 || иславин para=3316 NOUN datv sing femn anim proper score=0.092 || иславин para=3316 NOUN accs sing femn anim proper score=0.092 || иславин para=3316 NOUN ablt sing femn anim proper score=0.092 || иславин para=3316 NOUN loct sing femn anim proper score=0.092 || иславино para=54 NOUN gent plur neut inan score=0.092	yes	yes	mid_sentence_capital	
articles/tolstoy.txt	Т .»,	Т	так para=2997 ADVB score=0.505 || так para=2996  score=0.412 || то para=3013  score=0.412	yes	yes		так,то
articles/tolstoy.txt	Он или поощрит меня к продолжению любимых занятий , или заставит сжечь всё начатое ». Получив рукопись « Детства », редактор « Современника » Н .	любимых	любимый para=1965 ADJF gent plur score=0.167 || любимый para=1965 ADJF accs plur anim score=0.167 || любимый para=1965 ADJF loct plur score=0.167 || любить para=1966 PRTF gent plur score=0.167 || любить para=1966 PRTF accs plur anim score=0.167 || любить para=1966 PRTF loct plur score=0.167	yes	yes		любим,любимый,любить,любя,любящий,любима,любимая,любимо,любимого,любимое,любимой,любимом
articles/tolstoy.txt	Некрасов сразу признал её литературную ценность и написал автору любезное письмо , подействовавшее на него весьма ободряющим образом .	её	она para=2304 NPRO accs sing femn score=0.103 || ее para=1440 ADJF accs plur score=0.069	yes	yes		ея,она,нею
articles/tolstoy.txt	Некрасов сразу признал её литературную ценность и написал автору любезное письмо , подействовавшее на него весьма ободряющим образом .	него	он para=2303 NPRO gent sing masc score=0.333 || оно para=2306 NPRO gent sing neut score=0.333 || он para=2303 NPRO accs sing masc score=0.167 || оно para=2306 NPRO accs sing neut score=0.167	yes	no		его,он,оно,ему,нему
articles/tolstoy.txt	Между тем начинающий и вдохновлённый автор принялся за продолжение тетралогии « Четыре эпохи развития », последняя часть которой — « Молодость » — так и не состоялась .	начинающий	начинающий para=691 ADJF nomn sing masc score=0.250 || начинающий para=691 ADJF accs sing masc inan score=0.250 || начинать para=2128 PRTF nomn sing masc score=0.250 || начинать para=2128 PRTF accs sing masc inan score=0.250	yes	yes		начинать,начинающая,начинающего,начинающее,начинающей,начинающем,начинающему,начинающею,начинающие,начинающим,начинающими,начинающих
articles/tolstoy.txt	Критики Аполлон Григорьев , Анненков , Дружинин , Чернышевский оценили глубину психологического анализа , серьёзность авторских намерений и яркую выпуклость реализма .	Критики	критика para=44 NOUN gent sing femn inan score=0.554 || критик para=2 NOUN nomn plur masc anim score=0.415	yes	yes		критик,критика,критикам,критиками,критиках,критике,критику
articles/tolstoy.txt	Он не принимал близко к сердцу интересы литературных партий , неохотно беседовал о литературе , предпочитая разговоры о вопросах веры , морали , общественных отношений .	неохотно	неохотно para=3 ADVB score=0.500 || неохотный para=12 ADJF sing neut score=0.500	yes	yes		неохотный
articles/tolstoy.txt	Он имел право на Георгиевский крест , однако в соответствии со своими убеждениями « уступил » его сослуживцу - солдату , посчитав , что существенное облегчение условий службы сослуживца стоит выше личного тщеславия .	стоит	стоить para=1366 VERB sing score=0.333 || стоить para=2951 VERB sing score=0.333 || стоять para=2268 VERB sing score=0.333	yes	no		стоить,стоя,стоять,стоящий,стоило,стоим,стоите,стоишь,стой,стойте,стою,стоят
articles/tolstoy.txt	Он имел право на Георгиевский крест , однако в соответствии со своими убеждениями « уступил » его сослуживцу - солдату , посчитав , что существенное облегчение условий службы сослуживца стоит выше личного тщеславия .	выше	выше para=3 ADVB score=0.286 || высоко para=1134  score=0.286 || выше para=24 PREP score=0.143 || выша para=302 NOUN datv sing femn inan proper score=0.143 || выша para=302 NOUN loct sing femn inan proper score=0.143	yes	yes	lowercase_common	высоко
articles/tolstoy.txt	Он имел право на Георгиевский крест , однако в соответствии со своими убеждениями « уступил » его сослуживцу - солдату , посчитав , что существенное облегчение условий службы сослуживца стоит выше личного тщеславия .	личного	личный para=12 ADJF gent sing masc score=0.167 || личный para=12 ADJF accs sing masc anim score=0.167 || личный para=12 ADJF gent sing neut score=0.167 || личной para=106 ADJF gent sing masc score=0.167 || личной para=106 ADJF accs sing masc anim score=0.167 || личной para=106 ADJF gent sing neut score=0.167	yes	no		личной,личный,личная,личное,личном,личному,личною,личную,личные,личным,личными,личных
articles/tolstoy.txt	Долгое время находился на 4 - м бастионе , в т .	т	так para=2997 ADVB score=0.505 || так para=2996  score=0.412 || то para=3013  score=0.412	yes	yes		так,то
articles/tolstoy.txt	Ещё при жизни императора Николая I Толстой предполагал издавать вместе с офицерами - артиллеристами « дешёвый и популярный » журнал « Военный листок », однако проект журнала Толстому осуществить не удалось : « На проект мой Государь император всемилостивейше изволил разрешить печатать статьи наши в 	горько	горько para=404 ADVB score=0.500 || горький para=1249 ADJF sing neut score=0.500	yes	yes		горький,горькая,горькие,горьким,горькими,горьких,горькой,горьком,горькому
articles/tolstoy.txt	Тем не менее его карьера оказалась испорченной написанием нескольких сатирических песен , стилизованных под солдатские .	стилизованных	стилизовать para=76 PRTF gent plur score=0.111 || стилизовать para=76 PRTF accs plur anim score=0.111 || стилизовать para=76 PRTF loct plur score=0.111 || стилизовать para=76 PRTF gent plur score=0.111 || стилизовать para=76 PRTF accs plur anim score=0.111 || стилизовать para=76 PRTF loct plur score=0.111 || стилизованный para=345 ADJF gent plur score=0.111 || стилизованный para=345 ADJF accs plur anim score=0.111 || стилизованный para=345 ADJF loct plur score=0.111	yes	yes		стилизованный,стилизовать,стилизован,стилизованная,стилизованного,стилизованное,стилизованной,стилизованном,стилизованному,стилизованною,стилизованную,стилизованные
articles/tolstoy.txt	Тютчевой ( до сентября 1858 года ). Путешествия по Европе В Петербурге молодого писателя радушно встретили в великосветских салонах и в литературных кружках .	радушно	радушно para=3 ADVB score=0.500 || радушный para=12 ADJF sing neut score=0.500	yes	yes		радушный
articles/tolstoy.txt	Тютчевой ( до сентября 1858 года ). Путешествия по Европе В Петербурге молодого писателя радушно встретили в великосветских салонах и в литературных кружках .	кружках	кружка para=9 NOUN loct plur femn inan score=0.500 || кружок para=141 NOUN loct plur masc inan score=0.500	yes	yes		кружка,кружком,кружок,кружкам,кружками,кружке,кружки,кружку
articles/tolstoy.txt	Тургенев представил его в кружке « Современника », после чего у Толстого установились дружеские отношения с такими известными литераторами , как Н .	кружке	кружка para=9 NOUN datv sing femn inan score=0.400 || кружка para=9 NOUN loct sing femn inan score=0.400 || кружок para=141 NOUN loct sing masc inan score=0.200	yes	yes	preposition:в	кружка,кружкам,кружками,кружках,кружки,кружку
articles/tolstoy.txt	В это время были написаны « Метель », « Два гусара », закончены « Севастополь в августе » и « Юность », продолжено написание будущих « Казаков ». Однако весёлая и насыщенная жизнь оставила горький осадок в душе Толстого , в это же время у него начался сильный разлад с близким ему кружком писателей .	насыщенная	насыщенный para=345 ADJF nomn sing femn score=0.500 || насытить para=2121 PRTF nomn sing femn score=0.500	yes	yes		насытить,насыщенно,насыщенный,насыщен,насыщенного,насыщенное,насыщенной,насыщенном,насыщенному,насыщенною,насыщенную,насыщенные
articles/tolstoy.txt	В это время были написаны « Метель », « Два гусара », закончены « Севастополь в августе » и « Юность », продолжено написание будущих « Казаков ». Однако весёлая и насыщенная жизнь оставила горький осадок в душе Толстого , в это же время у него начался сильный разлад с близким ему кружком писателей .	него	он para=2303 NPRO gent sing masc score=0.333 || оно para=2306 NPRO gent sing neut score=0.333 || он para=2303 NPRO accs sing masc score=0.167 || оно para=2306 NPRO accs sing neut score=0.167	yes	no		его,он,оно,ему,нему
articles/tolstoy.txt	В первой заграничной поездке он посетил Париж , где его ужаснул культ Наполеона I (« Обоготворение злодея , ужасно »), в то же время он посещал балы , музеи , восхищался « чувством социальной свободы ». Однако присутствие на гильотинировании произвело столь тяжкое впечатление , что Толстой покинул П	связанные	связанный para=345 ADJF nomn plur score=0.250 || связанный para=345 ADJF accs plur inan score=0.250 || связать para=672 PRTF nomn plur score=0.250 || связать para=672 PRTF accs plur inan score=0.250	yes	yes		связанный,связать,связан,связанная,связанного,связанное,связанной,связанном,связанному,связанною,связанную,связанным
articles/tolstoy.txt	Тургенев следующим образом описывал свои встречи со Львом Толстым в Париже после внезапного отъезда того из Петербурга : Действительно , Париж вовсе не приходится в лад его духовному строю ; странный он человек , я таких не встречал и не совсем понимаю .	следующим	следующий para=213 ADJF ablt sing neut score=0.286 || следующий para=213 ADJF ablt sing masc score=0.143 || следующий para=213 ADJF datv plur score=0.143 || следовать para=2894 PRTF ablt sing masc score=0.143 || следовать para=2894 PRTF ablt sing neut score=0.143 || следовать para=2894 PRTF datv plur score=0.143	yes	yes		следовать,следующий,следуем,следующая,следующего,следующее,следующей,следующем,следующему,следующею,следующие,следующими
articles/tolstoy.txt	Тургенев следующим образом описывал свои встречи со Львом Толстым в Париже после внезапного отъезда того из Петербурга : Действительно , Париж вовсе не приходится в лад его духовному строю ; странный он человек , я таких не встречал и не совсем понимаю .	Действительно	действительно para=3 ADVB score=0.333 || действительно para=130  score=0.333 || действительный para=220 ADJF sing neut score=0.333	yes	yes		действительный
articles/tolstoy.txt	Тургенев следующим образом описывал свои встречи со Львом Толстым в Париже после внезапного отъезда того из Петербурга : Действительно , Париж вовсе не приходится в лад его духовному строю ; странный он человек , я таких не встречал и не совсем понимаю .	лад	лад para=112 NOUN accs sing masc inan score=0.286 || лада para=69 NOUN gent plur femn anim proper score=0.143 || лада para=69 NOUN accs plur femn anim proper score=0.143 || лад para=112 NOUN nomn sing masc inan score=0.143 || лада para=344 NOUN gent plur anim score=0.143 || лада para=344 NOUN accs plur anim score=0.143	yes	yes	lowercase_common preposition:в	лада,ладам,ладами,ладах,ладе,ладов,ладой,ладом,ладою,лады
articles/tolstoy.txt	Поездки по Западной Европе — Германии , Франции , Англии , Швейцарии , Италии ( в 1857 и 1860 — 1861 годах ) произвели на него скорее отрицательное впечатление .	него	он para=2303 NPRO gent sing masc score=0.333 || оно para=2306 NPRO gent sing neut score=0.333 || он para=2303 NPRO accs sing masc score=0.167 || оно para=2306 NPRO accs sing neut score=0.167	yes	no		его,он,оно,ему,нему
articles/tolstoy.txt	Поездки по Западной Европе — Германии , Франции , Англии , Швейцарии , Италии ( в 1857 и 1860 — 1861 годах ) произвели на него скорее отрицательное впечатление .	скорее	скорее para=130  score=0.500 || скорый para=618  score=0.500	yes	no		скора,скорый,скорой,скорою,скоры
articles/tolstoy.txt	Приблизительно в это же время у него завязался роман с крестьянкой Аксиньей Базыкиной , зреют планы женитьбы .	него	он para=2303 NPRO gent sing masc score=0.333 || оно para=2306 NPRO gent sing neut score=0.333 || он para=2303 NPRO accs sing masc score=0.167 || оно para=2306 NPRO accs sing neut score=0.167	yes	no		его,он,оно,ему,нему
articles/tolstoy.txt	В следующей поездке его интересовали , в основном , народное образование и учреждения , имеющие целью поднятие образовательного уровня рабочего населения .	следующей	следующий para=213 ADJF gent sing femn score=0.125 || следующий para=213 ADJF datv sing femn score=0.125 || следующий para=213 ADJF ablt sing femn score=0.125 || следующий para=213 ADJF loct sing femn score=0.125 || следовать para=2894 PRTF gent sing femn score=0.125 || следовать para=2894 PRTF datv sing femn score=0.125 || следовать para=2894 PRTF ablt sing femn score=0.125 || следовать para=2894 PRTF loct sing femn score=0.125	yes	yes		следовать,следующий,следуем,следующая,следующего,следующее,следующем,следующему,следующею,следующие,следующим,следующими
articles/tolstoy.txt	Из выдающихся людей Германии его больше всех заинтересовал Бертольд Ауэрбах как автор посвящённых народному быту « Шварцвальдских рассказов » и как издатель народных календарей .	выдающихся	выдающийся para=158 ADJF gent plur score=0.167 || выдающийся para=158 ADJF accs plur anim score=0.167 || выдающийся para=158 ADJF loct plur score=0.167 || выдаваться para=679 PRTF gent plur score=0.167 || выдаваться para=679 PRTF accs plur anim score=0.167 || выдаваться para=679 PRTF loct plur score=0.167	yes	yes		выдаваться,выдающийся,выдающаяся,выдающегося,выдающееся,выдающейся,выдающемся,выдающемуся,выдающеюся,выдающиеся,выдающимися,выдающимся
articles/tolstoy.txt	Серьёзному настроению Толстого во время второго путешествия по югу Франции содействовало ещё то , что почти на его руках умер от туберкулёза его любимый брат Николай .	любимый	любимый para=1965 ADJF nomn sing masc score=0.250 || любимый para=1965 ADJF accs sing masc inan score=0.250 || любить para=1966 PRTF nomn sing masc score=0.250 || любить para=1966 PRTF accs sing masc inan score=0.250	yes	yes		любим,любить,любя,любящий,любима,любимая,любимо,любимого,любимое,любимой,любимом,любимому
articles/tolstoy.txt	Постепенно критика лет на 10 — 12 охладевает ко Льву Толстому , до самого появления « Войны и мира », и сам он не стремился к сближению с литераторами , делая исключение лишь для Афанасия Фета .	самого	сам para=2823 ADJF gent sing masc score=0.167 || сам para=2823 ADJF accs sing masc anim score=0.167 || сам para=2823 ADJF gent sing neut score=0.167 || самый para=2825 ADJF gent sing masc score=0.167 || самый para=2825 ADJF accs sing masc anim score=0.167 || самый para=2825 ADJF gent sing neut score=0.167	yes	no		сам,сами,самый,самой,самом,самому
leads/baikal.txt	Байкал ( бур .	бур	бур para=34 NOUN nomn sing masc inan score=0.250 || бур para=34 NOUN accs sing masc inan score=0.250 || бур para=52 NOUN nomn sing masc anim score=0.250 || бурый para=249 ADJF sing masc score=0.250	yes	yes		бура,буров,буру,бурый,бурам,бурами,бурах,бурее,бурой,буром,бурою,буры
leads/baikal.txt	Озеро и прибрежные территории являются уникальным биогеоценозом , большая часть видов животных которых эндемична .	большая	больший para=531 ADJF nomn sing femn score=0.500 || большой para=532 ADJF nomn sing femn score=0.500	yes	no		больше,больший,большой,велик,большие,большим,большими,больших,большую,велика,велики
leads/saturn.txt	Скорость ветра на Сатурне может достигать местами 1800 км / ч , что значительно больше , чем на Юпитере .	местами	место para=54 NOUN ablt plur neut inan score=0.526 || местами para=3 ADVB score=0.474	yes	yes		место
leads/tolstoy.txt	Просветитель , публицист , религиозный мыслитель , его авторитетное мнение послужило причиной возникновения нового религиозно - нравственного течения — толстовства .	религиозно	религиозно para=3 ADVB score=0.500 || религиозный para=406 ADJF sing neut score=0.500	yes	yes		религиозный
leads/tolstoy.txt	За свои религиозные взгляды и их распространение был отлучён от Православной церкви .	их	они para=2305 NPRO accs plur score=0.139 || их para=1440 ADJF nomn sing femn score=0.083 || они para=2305 NPRO gent plur score=0.083 || их para=1440 ADJF accs sing neut score=0.056 || их para=1440 ADJF nomn plur score=0.056	yes	yes		они,им,ним
magnetism_math_raw.txt	Микроскопические уравнения ==== На микроскопическом уровне электромагнитные поля задаются уравнениями Лоренца — Максвелла ( так называемые , микроскопические уравнения ). Магнитное поле с микроскопической напряжённостью h описывается системой из двух уравнений ( СГС ): где e — микроскопическая напря	их	они para=2305 NPRO accs plur score=0.139 || их para=1440 ADJF nomn sing femn score=0.083 || они para=2305 NPRO gent plur score=0.083 || их para=1440 ADJF accs sing neut score=0.056 || их para=1440 ADJF nomn plur score=0.056	yes	yes		они,им,ним
magnetism_math_raw.txt	Здесь ток ассоциируется с орбитальным и спиновым движением внутри атомов ( молекулярные токи , концепцию которых предложил Ампер ). Переход к макроскопическим уравнениям происходит путём усреднения уравнений Лоренца — Максвелла .	спиновым	спиновый para=73 ADJF ablt sing masc score=0.167 || спиновый para=73 ADJF ablt sing neut score=0.167 || спиновый para=73 ADJF datv plur score=0.167 || спиновой para=106 ADJF ablt sing masc score=0.167 || спиновой para=106 ADJF ablt sing neut score=0.167 || спиновой para=106 ADJF datv plur score=0.167	yes	no		спиновой,спиновый,спинов,спиновая,спинового,спиновое,спиновом,спиновому,спиновою,спиновую,спиновые,спиновыми
magnetism_math_raw.txt	Когда внешнего поля нет , токи намагничивания в среднем равны нулю , а воздействие внешнего магнитного поля на вещество связано с их появлением .	их	они para=2305 NPRO accs plur score=0.139 || их para=1440 ADJF nomn sing femn score=0.083 || они para=2305 NPRO gent plur score=0.083 || их para=1440 ADJF accs sing neut score=0.056 || их para=1440 ADJF nomn plur score=0.056	yes	yes		они,им,ним
moscow_lead_raw.txt	Мегаполис ; крупнейший по численности населения город России и её субъект — 13 274 285 человек ( 2025 ), что делает Москву 18 - й среди городов мира по численности населения .	её	она para=2304 NPRO accs sing femn score=0.103 || ее para=1440 ADJF accs plur score=0.069	yes	yes		ея,она,нею
moscow_lead_raw.txt	История Москвы насчитывает , по меньшей мере , 879 лет : первое письменное упоминание о Москве относится к 1147 году .	мере	мера para=55 NOUN datv sing femn inan score=0.500 || меря para=353 NOUN datv sing femn inan score=0.500 || мера para=55 NOUN loct sing femn inan score=0.167 || меря para=353 NOUN loct sing femn inan score=0.167	yes	yes		мера,мери,меря,мерей,мерею,мерь,мерю
pool/china.txt	трад .	трад	трада para=55 NOUN gent plur femn inan score=0.500 || трад para=1236 ADJF sing masc score=0.500	yes	yes		
pool/china.txt	трад .	трад	трада para=55 NOUN gent plur femn inan score=0.500 || трад para=1236 ADJF sing masc score=0.500	yes	yes		
pool/china.txt	На северо - востоке она граничит с КНДР и Россией , на севере — с Монголией , на северо - западе — с Россией и Казахстаном , на западе — с Кыргызстаном , Таджикистаном и Афганистаном , на юго - западе — с контролируемым Пакистаном Гилгит - Балтистаном , Индией , Непалом и Бутаном , на юге — с Мьянмо	контролируемым	контролировать para=171 PRTF ablt sing masc score=0.167 || контролировать para=171 PRTF ablt sing neut score=0.167 || контролировать para=171 PRTF datv plur score=0.167 || контролируемый para=193 ADJF ablt sing masc score=0.167 || контролируемый para=193 ADJF ablt sing neut score=0.167 || контролируемый para=193 ADJF datv plur score=0.167	yes	yes		контролировать,контролируемый,контролируем,контролируема,контролируемая,контролируемо,контролируемого,контролируемое,контролируемой,контролируемом,контролируемому,контролируемою
pool/china.txt	Столица — Пекин ; другие крупные города — Чунцин , Шанхай , Гуанчжоу , Нанкин , Харбин и т .	т	так para=2997 ADVB score=0.505 || так para=2996  score=0.412 || то para=3013  score=0.412	yes	yes		так,то
pool/china.txt	В Китае используется и другие языки этой семьи — например , тибетский ( в Тибете ) — а также языки других языковых семей , как например тюркский уйгурский язык ( в Синьцзян - Уйгурском автономном районе ). Китайская Народная Республика , согласно конституции , — социалистическое государство , унитар	языковых	языковой para=138 ADJF gent plur score=0.167 || языковой para=138 ADJF accs plur anim score=0.167 || языковой para=138 ADJF loct plur score=0.167 || языковый para=224 ADJF gent plur score=0.167 || языковый para=224 ADJF accs plur anim score=0.167 || языковый para=224 ADJF loct plur score=0.167	yes	no		языковой,языковый,поязыковее,поязыковей,языковая,языковее,языковей,языкового,языковое,языковом,языковому,языковою
pool/china.txt	Одна из ведущих космических держав мира , обладает ядерным оружием и крупнейшей в мире армией по численности военнослужащих .	ведущих	ведущий para=691 ADJF gent plur score=0.286 || ведущий para=691 ADJF accs plur anim score=0.143 || ведущий para=691 ADJF loct plur score=0.143 || вести para=732 PRTF gent plur score=0.143 || вести para=732 PRTF accs plur anim score=0.143 || вести para=732 PRTF loct plur score=0.143	yes	yes		веди,ведомый,ведущий,вели,вести,ведомая,ведомого,ведомое,ведомой,ведомом,ведомому,ведомою
pool/china.txt	В 1990 - х , 2000 - х и 2010 - х годах темпы экономического роста Китая были выше , чем в среднем в странах АТР .	выше	выше para=3 ADVB score=0.286 || высоко para=1134  score=0.286 || выше para=24 PREP score=0.143 || выша para=302 NOUN datv sing femn inan proper score=0.143 || выша para=302 NOUN loct sing femn inan proper score=0.143	yes	yes	lowercase_common	высоко
pool/china.txt	В Китае находятся 26 из 100 ведущих научно - технологических кластеров мира , четыре из которых вошли в первую десятку рейтинга : Шэньчжэнь — Гонконг — Гуанчжоу , Пекин , Шанхай — Сучжоу и Нанкин .	ведущих	ведущий para=691 ADJF gent plur score=0.286 || ведущий para=691 ADJF accs plur anim score=0.143 || ведущий para=691 ADJF loct plur score=0.143 || вести para=732 PRTF gent plur score=0.143 || вести para=732 PRTF accs plur anim score=0.143 || вести para=732 PRTF loct plur score=0.143	yes	yes		веди,ведомый,ведущий,вели,вести,ведомая,ведомого,ведомое,ведомой,ведомом,ведомому,ведомою
pool/china.txt	В Китае находятся 26 из 100 ведущих научно - технологических кластеров мира , четыре из которых вошли в первую десятку рейтинга : Шэньчжэнь — Гонконг — Гуанчжоу , Пекин , Шанхай — Сучжоу и Нанкин .	научно	научно para=3 ADVB score=0.500 || научный para=12 ADJF sing neut score=0.500	yes	yes		научный,научен
pool/china.txt	Китай инициировал создание « Одного пояса и одного пути ». Со времени провозглашения Китайской Народной Республики в 1949 году правящей партией является Коммунистическая партия Китая ( КПК ), чья руководящая роль закреплена в конституции КНР .	правящей	правящий para=213 ADJF gent sing femn score=0.083 || правящий para=213 ADJF datv sing femn score=0.083 || правящий para=213 ADJF ablt sing femn score=0.083 || правящий para=213 ADJF loct sing femn score=0.083 || править para=450 PRTF gent sing femn score=0.083 || править para=450 PRTF datv sing femn score=0.083 || править para=450 PRTF ablt sing femn score=0.083 || править para=450 PRTF loct sing femn score=0.083 || править para=1218 PRTF gent sing femn score=0.083 || править para=1218 PRTF datv sing femn score=0.083 || править para=1218 PRTF ablt sing femn score=0.083 || править para=1218 PRTF loct sing femn score=0.083	yes	yes		править,правящий,правив,правившая,правившего,правившее,правившей,правившем,правившему,правившею,правивши,правившие
pool/china.txt	Китай инициировал создание « Одного пояса и одного пути ». Со времени провозглашения Китайской Народной Республики в 1949 году правящей партией является Коммунистическая партия Китая ( КПК ), чья руководящая роль закреплена в конституции КНР .	руководящая	руководящий para=165 ADJF nomn sing femn score=0.333 || руководить para=498 PRTF nomn sing femn score=0.333 || руководить para=2809 PRTF nomn sing femn score=0.333	yes	yes		руководить,руководящий,руководи,руководив,руководившая,руководившего,руководившее,руководившей,руководившем,руководившему,руководившею,руководивши
pool/china.txt	Председателем КНР является Си Цзиньпин ( с 2013 года ). Этимология Русское слово « Китай », по словарю Фасмера , впервые встречается в древнерусском тексте « Хожение за три моря » Афанасия Никитина ( 1475 год ). Оно происходит от уйг .	Афанасия	афанасий para=61 NOUN gent sing masc anim proper score=0.333 || афанасий para=61 NOUN accs sing masc anim proper score=0.333 || афанасия para=64 NOUN nomn sing femn anim proper score=0.333	yes	yes	mid_sentence_capital	афанасий,афанасии,афанасию,афанасиям,афанасиями,афанасиях
pool/china.txt	Их место в XII — XIII веках заняли другие кочевники — чжурчжэни и монголы , однако этноним их предшественников закрепился как топоним Северного Китая .	Их	они para=2305 NPRO accs plur score=0.139 || их para=1440 ADJF nomn sing femn score=0.083 || они para=2305 NPRO gent plur score=0.083 || их para=1440 ADJF accs sing neut score=0.056 || их para=1440 ADJF nomn plur score=0.056	yes	yes		они,им,ним
pool/china.txt	Их место в XII — XIII веках заняли другие кочевники — чжурчжэни и монголы , однако этноним их предшественников закрепился как топоним Северного Китая .	их	они para=2305 NPRO accs plur score=0.139 || их para=1440 ADJF nomn sing femn score=0.083 || они para=2305 NPRO gent plur score=0.083 || их para=1440 ADJF accs sing neut score=0.056 || их para=1440 ADJF nomn plur score=0.056	yes	yes		они,им,ним
pool/china.txt	трад .	трад	трада para=55 NOUN gent plur femn inan score=0.500 || трад para=1236 ADJF sing masc score=0.500	yes	yes		
pool/china.txt	На северо - востоке страна граничит с КНДР и Россией , на севере — с Монголией , на северо - западе — с Россией и Казахстаном , на западе — с Кыргызстаном , Таджикистаном и Афганистаном , на юго - западе — с контролируемым Пакистаном Гилгит - Балтистаном , Индией , Непалом и Бутаном , на юге — с Мья	контролируемым	контролировать para=171 PRTF ablt sing masc score=0.167 || контролировать para=171 PRTF ablt sing neut score=0.167 || контролировать para=171 PRTF datv plur score=0.167 || контролируемый para=193 ADJF ablt sing masc score=0.167 || контролируемый para=193 ADJF ablt sing neut score=0.167 || контролируемый para=193 ADJF datv plur score=0.167	yes	yes		контролировать,контролируемый,контролируем,контролируема,контролируемая,контролируемо,контролируемого,контролируемое,контролируемой,контролируемом,контролируемому,контролируемою
pool/china.txt	Остров Тайвань отделён от материка Тайваньским проливом .	отделён	отдельный para=225 ADJF sing masc score=0.500 || отделить para=754 PRTF sing masc score=0.500	yes	yes		отделенный,отделить,отдельный,отделим,отделённая,отделённого,отделённое,отделённой,отделённом,отделённому,отделённою,отделённую
pool/china.txt	Более 2 / 3 страны занимают горные хребты , нагорья , плато , пустыни и полупустыни .	пустыни	пустынь para=13 NOUN gent sing femn inan score=0.125 || пустынь para=13 NOUN datv sing femn inan score=0.125 || пустынь para=13 NOUN loct sing femn inan score=0.125 || пустынь para=13 NOUN nomn plur femn inan score=0.125 || пустынь para=13 NOUN accs plur femn inan score=0.125 || пустыня para=353 NOUN gent sing femn inan score=0.125 || пустыня para=353 NOUN nomn plur femn inan score=0.125 || пустыня para=353 NOUN accs plur femn inan score=0.125	yes	yes		пустынь,пустыня,пустыней,пустыням,пустынями,пустынях
pool/china.txt	Каждая ступень занята одним или несколькими крупными геоморфологическими регионами , которые делятся на регионы меньших уровней .	занята	занятый para=193 ADJF sing femn score=0.500 || занять para=1383 PRTF sing femn score=0.500	yes	yes		занятой,занятый,занять,займу,занят,занятая,занято,занятого,занятое,занятом,занятому,занятою
pool/china.txt	У больших регионов ( областей ) есть русскоязычные названия .	больших	больший para=531 ADJF gent plur score=0.167 || больший para=531 ADJF accs plur anim score=0.167 || больший para=531 ADJF loct plur score=0.167 || большой para=532 ADJF gent plur score=0.167 || большой para=532 ADJF accs plur anim score=0.167 || большой para=532 ADJF loct plur score=0.167	yes	no		больше,больший,большой,велик,большая,большие,большим,большими,большую,велика,велики
pool/china.txt	Первая ступень рельефа Тибетское нагорье ( в китайской трактовке Цинхай - Тибетское нагорье ): Трансгималаи , Сино - Тибетские горы , хребты Тангла , Кукушили и Баян - Хара - Ула ; а также китайские части Гималаев , Каракорума и Памира , Куньлунь , Наньшань и Цайдамская впадина .	Баян	баян para=34 NOUN nomn sing masc inan score=0.333 || баян para=34 NOUN accs sing masc inan score=0.333 || баять para=380 PRTF sing masc score=0.333	yes	yes		бай,баянный,баянов,баять,баем,байте,баю,бая,баяна,баянная,баянного,баянное
pool/china.txt	В современных естественнонаучных статьях территория Куньлуня была существенно урезана в пользу Памира ( горы Конгур — Музтагата ) и внутренней части Тибетского нагорья , к которой отнесли южную цепь восточной части Куньлуня , состоящую из хребтов Кукушили и Баян - Хара - Ула .	Баян	баян para=34 NOUN nomn sing masc inan score=0.333 || баян para=34 NOUN accs sing masc inan score=0.333 || баять para=380 PRTF sing masc score=0.333	yes	yes		бай,баянный,баянов,баять,баем,байте,баю,бая,баяна,баянная,баянного,баянное
pool/china.txt	Бассейн Жемчужной реки ( и её главного притока Сицзян ) расположен в южной части Китая и отделён от бассейна реки Янцзы горами Наньлин и хребтом Уишань ( который включён в список Всемирного наследия ЮНЕСКО в Китае ). Климат Климат Китая очень разнообразен — от субтропического на юго - востоке до рез	её	она para=2304 NPRO accs sing femn score=0.103 || ее para=1440 ADJF accs plur score=0.069	yes	yes		ея,она,нею
pool/china.txt	Бассейн Жемчужной реки ( и её главного притока Сицзян ) расположен в южной части Китая и отделён от бассейна реки Янцзы горами Наньлин и хребтом Уишань ( который включён в список Всемирного наследия ЮНЕСКО в Китае ). Климат Климат Китая очень разнообразен — от субтропического на юго - востоке до рез	главного	главное para=1019 NOUN gent sing neut inan score=0.353 || главный para=223 ADJF gent sing neut score=0.294 || главный para=223 ADJF accs sing masc anim score=0.235 || главный para=223 ADJF gent sing masc score=0.118	yes	yes		главное,главный,главном,главному,главные,главным,главными,главных
pool/china.txt	Бассейн Жемчужной реки ( и её главного притока Сицзян ) расположен в южной части Китая и отделён от бассейна реки Янцзы горами Наньлин и хребтом Уишань ( который включён в список Всемирного наследия ЮНЕСКО в Китае ). Климат Климат Китая очень разнообразен — от субтропического на юго - востоке до рез	отделён	отдельный para=225 ADJF sing masc score=0.500 || отделить para=754 PRTF sing masc score=0.500	yes	yes		отделенный,отделить,отдельный,отделим,отделённая,отделённого,отделённое,отделённой,отделённом,отделённому,отделённою,отделённую
pool/china.txt	Сезонные движения воздуха и сопутствующие ветра содержат большое количество влаги в летний период и довольно сухие зимой .	сопутствующие	сопутствовать para=177 PRTF nomn plur score=0.250 || сопутствовать para=177 PRTF accs plur inan score=0.250 || сопутствующий para=213 ADJF nomn plur score=0.250 || сопутствующий para=213 ADJF accs plur inan score=0.250	yes	yes		сопутствовать,сопутствующий,сопутствующая,сопутствующего,сопутствующее,сопутствующей,сопутствующем,сопутствующему,сопутствующею,сопутствующим,сопутствующими,сопутствующих
pool/china.txt	Огромные разницы по широте , долготе и высоте на территории Китая порождают большое разнообразие температурных и метеорологических режимов , несмотря на то , что большая часть страны лежит в области умеренного климата .	большая	больший para=531 ADJF nomn sing femn score=0.500 || большой para=532 ADJF nomn sing femn score=0.500	yes	no		больше,больший,большой,велик,большие,большим,большими,больших,большую,велика,велики
pool/china.txt	Огромные разницы по широте , долготе и высоте на территории Китая порождают большое разнообразие температурных и метеорологических режимов , несмотря на то , что большая часть страны лежит в области умеренного климата .	умеренного	умеренный para=345 ADJF gent sing masc score=0.167 || умеренный para=345 ADJF accs sing masc anim score=0.167 || умеренный para=345 ADJF gent sing neut score=0.167 || умерить para=657 PRTF gent sing masc score=0.167 || умерить para=657 PRTF accs sing masc anim score=0.167 || умерить para=657 PRTF gent sing neut score=0.167	yes	yes		умеренный,умерить,умерен,умеренная,умеренное,умеренной,умеренном,умеренному,умеренною,умеренную,умеренные,умеренным
pool/china.txt	Более 2 / 3 страны занимают горные хребты , нагорья и плато , пустыни и полупустыни .	пустыни	пустынь para=13 NOUN gent sing femn inan score=0.125 || пустынь para=13 NOUN datv sing femn inan score=0.125 || пустынь para=13 NOUN loct sing femn inan score=0.125 || пустынь para=13 NOUN nomn plur femn inan score=0.125 || пустынь para=13 NOUN accs plur femn inan score=0.125 || пустыня para=353 NOUN gent sing femn inan score=0.125 || пустыня para=353 NOUN nomn plur femn inan score=0.125 || пустыня para=353 NOUN accs plur femn inan score=0.125	yes	yes		пустынь,пустыня,пустыней,пустыням,пустынями,пустынях
pool/china.txt	Около 90 % населения живёт всего на 10 % площади страны — в прибрежных районах и поймах больших рек , как например Янцзы , Хуанхэ (« Жёлтая река ») и Чжуцзян .	больших	больший para=531 ADJF gent plur score=0.167 || больший para=531 ADJF accs plur anim score=0.167 || больший para=531 ADJF loct plur score=0.167 || большой para=532 ADJF gent plur score=0.167 || большой para=532 ADJF accs plur anim score=0.167 || большой para=532 ADJF loct plur score=0.167	yes	no		больше,больший,большой,велик,большая,большие,большим,большими,большую,велика,велики
pool/china.txt	Эти территории находятся в тяжёлом экологическом состоянии в результате долгой и интенсивной сельскохозяйственной обработки и промышленного загрязнения окружающей среды .	окружающей	окружающий para=213 ADJF gent sing femn score=0.125 || окружающий para=213 ADJF datv sing femn score=0.125 || окружающий para=213 ADJF ablt sing femn score=0.125 || окружающий para=213 ADJF loct sing femn score=0.125 || окружать para=215 PRTF gent sing femn score=0.125 || окружать para=215 PRTF datv sing femn score=0.125 || окружать para=215 PRTF ablt sing femn score=0.125 || окружать para=215 PRTF loct sing femn score=0.125	yes	yes		окружать,окружающее,окружающие,окружающий,окружающая,окружающего,окружающем,окружающему,окружающею,окружающим,окружающими,окружающих
pool/china.txt	Самая северная провинция Китая — Хэйлунцзян — находится в области умеренного климата , похожего на климат Владивостока и Хабаровска , а южный остров — Хайнань — расположен в тропиках .	умеренного	умеренный para=345 ADJF gent sing masc score=0.167 || умеренный para=345 ADJF accs sing masc anim score=0.167 || умеренный para=345 ADJF gent sing neut score=0.167 || умерить para=657 PRTF gent sing masc score=0.167 || умерить para=657 PRTF accs sing masc anim score=0.167 || умерить para=657 PRTF gent sing neut score=0.167	yes	yes		умеренный,умерить,умерен,умеренная,умеренное,умеренной,умеренном,умеренному,умеренною,умеренную,умеренные,умеренным
pool/china.txt	Разница температур между этими регионами в зимние месяцы велика , но летом различие уменьшается .	летом	лето para=110 NOUN ablt sing neut inan score=0.512 || летом para=3 ADVB score=0.475	yes	yes		лета,лето,лете
pool/china.txt	При движении к северу и западу от гор вероятность дождей уменьшается .	западу	запад para=34 NOUN datv sing masc inan score=0.846 || запасть para=956 VERB sing score=0.077 || запад para=33 NOUN datv sing masc inan proper score=0.077	yes	yes	lowercase_common	запад,запада,западам,западами,западах,западе,западов,западом,запады
pool/china.txt	Северо - западные районы страны — самые сухие , в расположенных там пустынях ( Такла - Макан , Гоби , Ордос ) осадков почти нет .	пустынях	пустынь para=13 NOUN loct plur femn inan score=0.500 || пустыня para=353 NOUN loct plur femn inan score=0.500	yes	yes		пустынь,пустыня,пустыней,пустыни,пустыням,пустынями
pool/china.txt	Северные районы Китая каждую весну накрывают жёлтые пыльные бури , которые зарождаются в северных пустынях и переносятся ветрами в сторону Кореи и Японии .	пустынях	пустынь para=13 NOUN loct plur femn inan score=0.500 || пустыня para=353 NOUN loct plur femn inan score=0.500	yes	yes		пустынь,пустыня,пустыней,пустыни,пустыням,пустынями
pool/china.txt	Полезные ископаемые Китай богат разнообразными видами топливных и сырьевых минеральных ресурсов .	ископаемые	ископаемое para=1019 NOUN nomn plur neut inan score=0.250 || ископаемое para=1019 NOUN accs plur neut inan score=0.250 || ископаемый para=4 ADJF accs plur inan score=0.250 || ископаемый para=4 ADJF nomn plur score=0.125 || ископаемое para=1464 NOUN nomn plur neut anim score=0.125	yes	yes		ископаемое,ископаемый,ископаем,ископаемого,ископаемом,ископаемому,ископаемым,ископаемыми,ископаемых
pool/china.txt	Основным источником энергии в Китае является уголь , по запасам которого Китай уступает немногим странам , а по добыче занимает первое место в мире — 3561 млн т в 2013 году .	Основным	основный para=12 ADJF ablt sing masc score=0.143 || основный para=12 ADJF ablt sing neut score=0.143 || основный para=12 ADJF datv plur score=0.143 || основной para=138 ADJF ablt sing masc score=0.143 || основной para=138 ADJF ablt sing neut score=0.143 || основной para=138 ADJF datv plur score=0.143 || основное para=2336 NOUN ablt sing neut inan score=0.143	yes	yes		основное,основной,основный,основная,основнее,основней,основного,основном,основному,основною,основную,основные
pool/china.txt	Основным источником энергии в Китае является уголь , по запасам которого Китай уступает немногим странам , а по добыче занимает первое место в мире — 3561 млн т в 2013 году .	т	так para=2997 ADVB score=0.505 || так para=2996  score=0.412 || то para=3013  score=0.412	yes	yes		так,то
pool/china.txt	Большая часть залежей представлена каменным углём .	Большая	больший para=531 ADJF nomn sing femn score=0.500 || большой para=532 ADJF nomn sing femn score=0.500	yes	no		больше,больший,большой,велик,большие,большим,большими,больших,большую,велика,велики
pool/china.txt	Самые большие запасы угля сконцентрированы в провинции Шаньси ( 30 % общего объёма запасов ) — Датунские и Янцюаньские угольные шахты .	большие	больший para=531 ADJF nomn plur score=0.400 || большой para=532 ADJF nomn plur score=0.400 || больший para=531 ADJF accs plur inan score=0.200 || большой para=532 ADJF accs plur inan score=0.200	yes	no		больше,больший,большой,велик,большая,большим,большими,больших,большую,велика,велики
pool/china.txt	Китай также занимает первое место в мире как импортёр угля — 320 млн т ввезено в КНР в 2013 году .	т	так para=2997 ADVB score=0.505 || так para=2996  score=0.412 || то para=3013  score=0.412	yes	yes		так,то
pool/china.txt	Месторождения нефти обнаружены в различных районах , но наиболее значительны они в Северо - Восточном Китае ( равнина Сунгари - Нонни ), прибрежных территориях и шельфе Северного Китая , а также в некоторых внутренних районах — Джунгарской котловине , Сычуани .	Сычуани	сычуани para=25 NOUN nomn sing masc anim proper score=0.111 || сычуани para=25 NOUN gent sing masc anim proper score=0.111 || сычуани para=25 NOUN datv sing masc anim proper score=0.111 || сычуани para=25 NOUN accs sing masc anim proper score=0.111 || сычуани para=25 NOUN ablt sing masc anim proper score=0.111 || сычуани para=25 NOUN loct sing masc anim proper score=0.111 || сычуаня para=278 NOUN gent sing femn anim proper score=0.111 || сычуаня para=278 NOUN nomn plur femn anim proper score=0.111	yes	yes	mid_sentence_capital	
pool/china.txt	Также в стране весьма велики залежи сланца , из которого можно добывать сланцевый газ .	велики	большой para=532 ADJF plur score=0.478 || велик para=19 NOUN accs plur masc inan score=0.435 || велик para=19 NOUN nomn plur masc inan score=0.087	yes	yes		больше,большой,велик,большая,большие,большим,большими,больших,большую,велика
pool/china.txt	Общий объём производства природного газа в стране вырастет на 6 % с текущего уровня .	текущего	текущий para=213 ADJF gent sing masc score=0.167 || текущий para=213 ADJF accs sing masc anim score=0.167 || текущий para=213 ADJF gent sing neut score=0.167 || течь para=3010 PRTF gent sing masc score=0.167 || течь para=3010 PRTF accs sing masc anim score=0.167 || течь para=3010 PRTF gent sing neut score=0.167	yes	yes		текущий,течь,теки,теку,текущая,текущее,текущей,текущем,текущему,текущею,текущие,текущим
pool/china.txt	Свыше 5000 из них несут воды , собранные с площади более 100 км ² каждая .	собранные	собранный para=345 ADJF nomn plur score=0.250 || собранный para=345 ADJF accs plur inan score=0.250 || собрать para=1349 PRTF nomn plur score=0.250 || собрать para=1349 PRTF accs plur inan score=0.250	yes	yes		собранно,собранный,собрать,собран,собранная,собранного,собранное,собранной,собранном,собранному,собранною,собранную
pool/china.txt	Внешние реки — это Янцзы , Хуанхэ , Хэйлунцзян ( Амур ), Чжуцзян , Ланьцанцзян ( Меконг ), Нуцзян и Ялуцангпо , имеющие выход к Тихому , Индийскому и Северному Ледовитому океанам , их общая водосборная площадь охватывает около 64 % территории страны .	их	они para=2305 NPRO accs plur score=0.139 || их para=1440 ADJF nomn sing femn score=0.083 || они para=2305 NPRO gent plur score=0.083 || их para=1440 ADJF accs sing neut score=0.056 || их para=1440 ADJF nomn plur score=0.056	yes	yes		они,им,ним
pool/china.txt	Они впадают в озёра внутренних районов или теряются в пустынях или солёных топях ; их водосборная площадь охватывает около 36 % территории страны .	пустынях	пустынь para=13 NOUN loct plur femn inan score=0.500 || пустыня para=353 NOUN loct plur femn inan score=0.500	yes	yes		пустынь,пустыня,пустыней,пустыни,пустыням,пустынями
pool/china.txt	Они впадают в озёра внутренних районов или теряются в пустынях или солёных топях ; их водосборная площадь охватывает около 36 % территории страны .	их	они para=2305 NPRO accs plur score=0.139 || их para=1440 ADJF nomn sing femn score=0.083 || они para=2305 NPRO gent plur score=0.083 || их para=1440 ADJF accs sing neut score=0.056 || их para=1440 ADJF nomn plur score=0.056	yes	yes		они,им,ним
pool/china.txt	В Китае много озёр , общая площадь , которую они занимают , составляет около 80 000 км ². Имеются также десятки тысяч искусственных озёр — водохранилищ .	десятки	десятка para=8 NOUN gent sing femn inan score=0.200 || десятка para=8 NOUN nomn plur femn inan score=0.200 || десятка para=8 NOUN accs plur femn inan score=0.200 || десяток para=141 NOUN nomn plur masc inan score=0.200 || десяток para=141 NOUN accs plur masc inan score=0.200	yes	yes		десятка,десяток,десяткам,десятками,десятках,десятке,десятку
pool/china.txt	К бессточным относятся многие крупные солёные озёра на западе Китая , самое большое из которых — озеро Кукунор ( Цинхай ). Среди озёр внутренних районов много высохших — например , Лоб - Нор и Цзюйянь .	высохших	высохший para=1023 ADJF gent plur score=0.167 || высохший para=1023 ADJF accs plur anim score=0.167 || высохший para=1023 ADJF loct plur score=0.167 || высохнуть para=764 PRTF gent plur score=0.167 || высохнуть para=764 PRTF accs plur anim score=0.167 || высохнуть para=764 PRTF loct plur score=0.167	yes	yes		высохнуть,высохший,высохшая,высохшего,высохшее,высохшей,высохшем,высохшему,высохшею,высохшие,высохшим,высохшими
pool/china.txt	Заросли бамбука , встречающиеся в 18 провинциях — не только среда обитания многих животных , но и источник ценного сырья .	Заросли	заросль para=13 NOUN gent sing femn inan score=0.167 || заросль para=13 NOUN datv sing femn inan score=0.167 || заросль para=13 NOUN loct sing femn inan score=0.167 || заросль para=13 NOUN nomn plur femn inan score=0.167 || заросль para=13 NOUN accs plur femn inan score=0.167 || зарасти para=808 VERB plur score=0.167	yes	yes		зарасти,заросль,зарастите
pool/china.txt	Их одревесневшие соломины ( стебли ) широко используются в промышленности .	Их	они para=2305 NPRO accs plur score=0.139 || их para=1440 ADJF nomn sing femn score=0.083 || они para=2305 NPRO gent plur score=0.083 || их para=1440 ADJF accs sing neut score=0.056 || их para=1440 ADJF nomn plur score=0.056	yes	yes		они,им,ним
pool/china.txt	Фауна Животный мир Китая очень разнообразный , в разных частях страны обитают : амурский тигр , макак Давида , большая панда ( единственная популяция которой в Китае ), японский журавль , бирманская гадюка , китайский богомол и другие .	большая	больший para=531 ADJF nomn sing femn score=0.500 || большой para=532 ADJF nomn sing femn score=0.500	yes	no		больше,больший,большой,велик,большие,большим,большими,больших,большую,велика,велики
pool/china.txt	Здесь обитают около 6 300 видов позвоночных и 3 862 вида рыб — это около 10 % всех существующих на Земле видов .	существующих	существующий para=101 ADJF gent plur score=0.286 || существующий para=101 ADJF accs plur anim score=0.143 || существующий para=101 ADJF loct plur score=0.143 || существовать para=177 PRTF gent plur score=0.143 || существовать para=177 PRTF accs plur anim score=0.143 || существовать para=177 PRTF loct plur score=0.143	yes	yes		существовать,существующий,существующая,существующего,существующее,существующей,существующем,существующему,существующею,существующие,существующим,существующими
pool/china.txt	Канонизированные древнекитайские тексты религиозно - философского и исторического содержания — особенно те из них , в которых излагалось учение Конфуция — в свою очередь , сами влияли на дальнейшее развитие китайской цивилизации , мировоззрение китайского народа .	религиозно	религиозно para=3 ADVB score=0.500 || религиозный para=406 ADJF sing neut score=0.500	yes	yes		религиозный
pool/china.txt	По утверждениям китайских учёных , таких как Лю Бэй Синь и Сиу Фэньма , её возраст может составлять пять тысяч лет , при этом имеющиеся письменные источники покрывают период не менее 3500 лет .	Синь	синь para=13 NOUN nomn sing femn inan score=0.333 || синь para=13 NOUN accs sing femn inan score=0.333 || синий para=2881 ADJF sing masc score=0.333	yes	yes		синий,посиней,синей,синею,сини,синим,синя
pool/china.txt	По утверждениям китайских учёных , таких как Лю Бэй Синь и Сиу Фэньма , её возраст может составлять пять тысяч лет , при этом имеющиеся письменные источники покрывают период не менее 3500 лет .	её	она para=2304 NPRO accs sing femn score=0.103 || ее para=1440 ADJF accs plur score=0.069	yes	yes		ея,она,нею
pool/china.txt	Давнее наличие систем административного управления , которые совершенствовались сменявшими друг друга династиями , создавало преимущества для китайского государства , экономика которого основывалась на развитом земледелии , по сравнению с более отсталыми соседями - кочевниками и горцами .	развитом	развитой para=539 ADJF loct sing masc score=0.167 || развитой para=539 ADJF loct sing neut score=0.167 || развитый para=540 ADJF loct sing masc score=0.167 || развитый para=540 ADJF loct sing neut score=0.167 || развить para=665 PRTF loct sing masc score=0.167 || развить para=665 PRTF loct sing neut score=0.167	yes	yes		развитой,развитый,развить,развей,развейте,развит,развита,развитая,развито,развитого,развитое,развитому
pool/china.txt	С политической точки зрения Китай в течение нескольких тысячелетий проходил через циклически повторяющиеся периоды политического единства и распада , причём в ряде случаев частично или полностью становился частью иностранных государств ( например , империй Юань и Цин ). Территория Китая регулярно по	их	они para=2305 NPRO accs plur score=0.139 || их para=1440 ADJF nomn sing femn score=0.083 || они para=2305 NPRO gent plur score=0.083 || их para=1440 ADJF accs sing neut score=0.056 || их para=1440 ADJF nomn plur score=0.056	yes	yes		они,им,ним
pool/china.txt	Современное китайское государство и общество является результатом многовекового культурного и политического взаимопроникновения и взаимодействия с многочисленными окружающими азиатскими народами , сопровождавшегося перемещениями многомиллионных людских масс и многовековой ханьской ассимиляцией .	многовекового	многовековый para=10 ADJF gent sing masc score=0.167 || многовековый para=10 ADJF accs sing masc anim score=0.167 || многовековый para=10 ADJF gent sing neut score=0.167 || многовековой para=138 ADJF gent sing masc score=0.167 || многовековой para=138 ADJF accs sing masc anim score=0.167 || многовековой para=138 ADJF gent sing neut score=0.167	yes	no		многовековой,многовековый,многовековая,многовековое,многовековом,многовековому,многовековою,многовековую,многовековые,многовековым,многовековыми,многовековых
pool/china.txt	Современное китайское государство и общество является результатом многовекового культурного и политического взаимопроникновения и взаимодействия с многочисленными окружающими азиатскими народами , сопровождавшегося перемещениями многомиллионных людских масс и многовековой ханьской ассимиляцией .	окружающими	окружающие para=422 NOUN ablt plur anim score=0.429 || окружающий para=213 ADJF ablt plur score=0.286 || окружать para=215 PRTF ablt plur score=0.143 || окружающее para=526 NOUN ablt plur neut inan score=0.143	yes	yes		окружающее,окружающие,окружающий,окружающая,окружающего,окружающей,окружающем,окружающему,окружающею,окружающим,окружающих,окружающую
pool/china.txt	Современное китайское государство и общество является результатом многовекового культурного и политического взаимопроникновения и взаимодействия с многочисленными окружающими азиатскими народами , сопровождавшегося перемещениями многомиллионных людских масс и многовековой ханьской ассимиляцией .	многовековой	многовековый para=10 ADJF gent sing femn score=0.100 || многовековый para=10 ADJF datv sing femn score=0.100 || многовековый para=10 ADJF ablt sing femn score=0.100 || многовековый para=10 ADJF loct sing femn score=0.100 || многовековой para=138 ADJF nomn sing masc score=0.100 || многовековой para=138 ADJF accs sing masc inan score=0.100 || многовековой para=138 ADJF gent sing femn score=0.100 || многовековой para=138 ADJF datv sing femn score=0.100 || многовековой para=138 ADJF ablt sing femn score=0.100 || многовековой para=138 ADJF loct sing femn score=0.100	yes	no		многовековый,многовековая,многовекового,многовековое,многовековом,многовековому,многовековою,многовековую,многовековые,многовековым,многовековыми,многовековых
pool/china.txt	При этом необходимо учитывать , что традиционная китайская историография включает суверенные государства других народов ( монголов , маньчжуров и др .)	необходимо	необходимо para=254  score=0.500 || необходимый para=249 ADJF sing neut score=0.500	yes	yes		необходимый
pool/china.txt	в хроникально - династийную историю Китая , игнорируя собственные исторические традиции этих народов и рассматривая их государства как исторические части Китая .	их	они para=2305 NPRO accs plur score=0.139 || их para=1440 ADJF nomn sing femn score=0.083 || они para=2305 NPRO gent plur score=0.083 || их para=1440 ADJF accs sing neut score=0.056 || их para=1440 ADJF nomn plur score=0.056	yes	yes		они,им,ним
pool/china.txt	Краткая хронологическая таблица , принятая в китайской исторической науке Династия Цин Первоначально династия была названа Цзинь ( 金 — « золото »), по империи Цзинь — бывшему государству чжурчжэней , от которых выводили себя маньчжуры .	принятая	принять para=938 PRTF nomn sing femn score=0.500 || принятый para=193 ADJF nomn sing femn score=0.500	yes	yes		принятый,принять,примет,приму,принят,принята,принято,принятого,принятое,принятой,принятом,принятому
pool/china.txt	Война , шедшая на территории Китая , была для России неудачной : по её результатам Россия была вынуждена уступить Японии Порт - Артур и Ляодунский полуостров с частью построенной к тому времени КВЖД .	её	она para=2304 NPRO accs sing femn score=0.103 || ее para=1440 ADJF accs plur score=0.069	yes	yes		ея,она,нею
pool/china.txt	Гуансюй был отравлен , так как Цыси не хотела , чтобы он её пережил .	её	она para=2304 NPRO accs sing femn score=0.103 || ее para=1440 ADJF accs plur score=0.069	yes	yes		ея,она,нею
pool/china.txt	На следующий день скончалась и сама Цыси .	следующий	следующий para=213 ADJF nomn sing masc score=0.250 || следующий para=213 ADJF accs sing masc inan score=0.250 || следовать para=2894 PRTF nomn sing masc score=0.250 || следовать para=2894 PRTF accs sing masc inan score=0.250	yes	yes		следовать,следуем,следующая,следующего,следующее,следующей,следующем,следующему,следующею,следующие,следующим,следующими
pool/china.txt	Юань Шикай подавил разрозненные выступления в центральных и южных провинциях .	разрозненные	разрозненный para=345 ADJF nomn plur score=0.250 || разрозненный para=345 ADJF accs plur inan score=0.250 || разрознить para=651 PRTF nomn plur score=0.250 || разрознить para=651 PRTF accs plur inan score=0.250	yes	yes		разрозненный,разрознить,разрознен,разрозненная,разрозненного,разрозненное,разрозненной,разрозненном,разрозненному,разрозненною,разрозненную,разрозненным
pool/china.txt	Однако 22 августа 1914 года Япония объявила о своём состоянии войны с Германией и высадила 30 - тысячную армию севернее Циндао — центра немецкой колонии в провинции Шаньдун .	тысячную	тысячная para=117 NOUN accs sing femn inan score=0.500 || тысячный para=1316 ADJF accs sing femn score=0.500	yes	yes		тысячная,тысячный,тысячной,тысячною,тысячные,тысячным,тысячными,тысячных
pool/china.txt	После двухмесячной военной кампании Япония захватила германские владения в Шаньдуне , а также распространила свой контроль на всю территорию провинции .	Шаньдуне	шаньдун para=27 NOUN loct sing masc anim proper score=0.200 || шаньдуня para=208 NOUN datv sing femn anim proper score=0.200 || шаньдуня para=208 NOUN loct sing femn anim proper score=0.200 || шаньдуна para=69 NOUN datv sing femn anim proper score=0.200 || шаньдуна para=69 NOUN loct sing femn anim proper score=0.200	yes	yes	mid_sentence_capital preposition:в	
pool/china.txt	Наиболее крупной была бэйянская группировка , распавшаяся впоследствии на фынтянскую во главе с бывшим главарём шайки хунхузов Чжан Цзолинем , чжилийскую во главе с генералом Фэн Гочжаном и аньхойскую во главе с генералом Дуань Цижуем .	бывшим	бывший para=617 ADJF ablt sing masc score=0.167 || бывший para=617 ADJF ablt sing neut score=0.167 || бывший para=617 ADJF datv plur score=0.167 || быть para=620 PRTF ablt sing masc score=0.167 || быть para=620 PRTF ablt sing neut score=0.167 || быть para=620 PRTF datv plur score=0.167	yes	yes		бывший,было,быть,е,суть,бывшая,бывшего,бывшее,бывшей,бывшем,бывшему,бывшею
pool/china.txt	Наиболее крупной была бэйянская группировка , распавшаяся впоследствии на фынтянскую во главе с бывшим главарём шайки хунхузов Чжан Цзолинем , чжилийскую во главе с генералом Фэн Гочжаном и аньхойскую во главе с генералом Дуань Цижуем .	Цижуем	цижевать para=1465 VERB plur score=0.336 || цижуесть para=1064 VERB sing score=0.336	yes	no		
pool/china.txt	Фэнтяньская и аньхойская клики финансировались Японией , чжилийская — Англией и США .	клики	клик para=19 NOUN nomn plur masc inan score=0.200 || клик para=19 NOUN accs plur masc inan score=0.200 || клика para=44 NOUN gent sing femn inan score=0.200 || клика para=44 NOUN nomn plur femn inan score=0.200 || клика para=44 NOUN accs plur femn inan score=0.200	yes	yes	followed_by_finite_verb	клик,клика,кликам,кликами,кликах,клике,клику
pool/china.txt	На съезде был принят курс на союз с китайскими коммунистами и СССР .	принят	принять para=938 PRTF sing masc score=0.500 || принятый para=193 ADJF sing masc score=0.500	yes	yes		принятый,принять,примет,приму,принята,принятая,принято,принятого,принятое,принятой,принятом,принятому
pool/china.txt	16 июня учреждена Военная академия Вампу под руководством Чан Кайши .	Кайши	кайши para=25 NOUN nomn sing masc anim proper score=0.125 || кайши para=25 NOUN gent sing masc anim proper score=0.125 || кайши para=25 NOUN datv sing masc anim proper score=0.125 || кайши para=25 NOUN accs sing masc anim proper score=0.125 || кайши para=25 NOUN ablt sing masc anim proper score=0.125 || кайши para=25 NOUN loct sing masc anim proper score=0.125 || кайша para=164 NOUN gent sing femn anim proper score=0.125 || кайша para=164 NOUN nomn plur femn anim proper score=0.125	yes	yes	mid_sentence_capital noun_complement	
pool/china.txt	В академию Вампу прибыла большая группа советских военных советников .	большая	больший para=531 ADJF nomn sing femn score=0.500 || большой para=532 ADJF nomn sing femn score=0.500	yes	no		больше,больший,большой,велик,большие,большим,большими,больших,большую,велика,велики
pool/china.txt	В октябре 1924 года была принята Конституция Китая — законодательным органом становился Парламент , состоящий из Сената , избираемого органами местного самоуправления сроком на 6 лет , и Палаты Депутатов , избираемого народом сроком на 3 года , главой государства Президент , избираемый Парламентом с	принята	принять para=938 PRTF sing femn score=0.500 || принятый para=193 ADJF sing femn score=0.500	yes	yes		принятый,принять,примет,приму,принят,принятая,принято,принятого,принятое,принятой,принятом,принятому
pool/china.txt	В марте 1926 году Чан Кайши осуществил в Кантоне военный переворот , изгнал из города коммунистов , а спустя три месяца был избран председателем Гоминьдана и главнокомандующим вооружёнными войсками .	Кайши	кайши para=25 NOUN nomn sing masc anim proper score=0.125 || кайши para=25 NOUN gent sing masc anim proper score=0.125 || кайши para=25 NOUN datv sing masc anim proper score=0.125 || кайши para=25 NOUN accs sing masc anim proper score=0.125 || кайши para=25 NOUN ablt sing masc anim proper score=0.125 || кайши para=25 NOUN loct sing masc anim proper score=0.125 || кайша para=164 NOUN gent sing femn anim proper score=0.125 || кайша para=164 NOUN nomn plur femn anim proper score=0.125	yes	yes	mid_sentence_capital noun_complement	
pool/china.txt	В марте 1926 году Чан Кайши осуществил в Кантоне военный переворот , изгнал из города коммунистов , а спустя три месяца был избран председателем Гоминьдана и главнокомандующим вооружёнными войсками .	вооружёнными	вооруженный para=746 ADJF ablt plur score=0.500 || вооружить para=775 PRTF ablt plur score=0.500	yes	yes		вооруженный,вооружить,вооружена,вооружено,вооружены,вооружён,вооружённая,вооружённого,вооружённое,вооружённой,вооружённом,вооружённому
pool/china.txt	Добившись высшей власти , Чан Кайши пригласил немецких советников во главе с бывшим генералом рейхсвера фон Сектом .	Кайши	кайши para=25 NOUN nomn sing masc anim proper score=0.125 || кайши para=25 NOUN gent sing masc anim proper score=0.125 || кайши para=25 NOUN datv sing masc anim proper score=0.125 || кайши para=25 NOUN accs sing masc anim proper score=0.125 || кайши para=25 NOUN ablt sing masc anim proper score=0.125 || кайши para=25 NOUN loct sing masc anim proper score=0.125 || кайша para=164 NOUN gent sing femn anim proper score=0.125 || кайша para=164 NOUN nomn plur femn anim proper score=0.125	yes	yes	mid_sentence_capital noun_complement	
pool/china.txt	Добившись высшей власти , Чан Кайши пригласил немецких советников во главе с бывшим генералом рейхсвера фон Сектом .	бывшим	бывший para=617 ADJF ablt sing masc score=0.167 || бывший para=617 ADJF ablt sing neut score=0.167 || бывший para=617 ADJF datv plur score=0.167 || быть para=620 PRTF ablt sing masc score=0.167 || быть para=620 PRTF ablt sing neut score=0.167 || быть para=620 PRTF datv plur score=0.167	yes	yes		бывший,было,быть,е,суть,бывшая,бывшего,бывшее,бывшей,бывшем,бывшему,бывшею
pool/china.txt	Добившись высшей власти , Чан Кайши пригласил немецких советников во главе с бывшим генералом рейхсвера фон Сектом .	Сектом	сектом para=27 NOUN nomn sing masc anim proper score=0.167 || сектома para=69 NOUN gent plur femn anim proper score=0.167 || сектома para=69 NOUN accs plur femn anim proper score=0.167 || сектом para=147 NOUN nomn sing masc inan score=0.167 || сектом para=147 NOUN accs sing masc inan score=0.167	yes	yes	mid_sentence_capital	
pool/differential.txt	Дифференциальное уравнение — уравнение , связывающее неизвестную функцию одной или нескольких переменных и одну или несколько её производных ( обыкновенных или частных ) конечного порядка .	её	она para=2304 NPRO accs sing femn score=0.103 || ее para=1440 ADJF accs plur score=0.069	yes	yes		ея,она,нею
pool/differential.txt	При этом не всякое уравнение , содержащее производные неизвестной функции , является дифференциальным .	производные	производный para=35 ADJF nomn plur score=0.250 || производный para=35 ADJF accs plur inan score=0.250 || производная para=117 NOUN nomn plur femn inan score=0.250 || производная para=117 NOUN accs plur femn inan score=0.250	yes	yes		производная,производный,производной,производною,производную,производным,производными,производных
pool/differential.txt	В отличие от алгебраических уравнений , решением которых служит число ( или набор чисел ), решением дифференциального уравнения является функция ( или семейство функций ). Дифференциальное уравнение порядка выше первого можно свести к системе уравнений первого порядка ; число уравнений в такой систе	выше	выше para=3 ADVB score=0.286 || высоко para=1134  score=0.286 || выше para=24 PREP score=0.143 || выша para=302 NOUN datv sing femn inan proper score=0.143 || выша para=302 NOUN loct sing femn inan proper score=0.143	yes	yes	lowercase_common	высоко
pool/differential.txt	Современные быстродействующие ЭВМ эффективно дают численное решение обыкновенных дифференциальных уравнений , без обращения к аналитическому виду решения .	численное	численный para=345 ADJF nomn sing neut score=0.250 || численный para=345 ADJF accs sing neut score=0.250 || числить para=634 PRTF nomn sing neut score=0.250 || числить para=634 PRTF accs sing neut score=0.250	yes	yes		численно,численный,числить,числен,численная,численного,численной,численном,численному,численною,численную,численные
pool/differential.txt	Терминология и классификация Порядок дифференциального уравнения — наивысший порядок входящих в него производных .	входящих	входящий para=213 ADJF gent plur score=0.167 || входящий para=213 ADJF accs plur anim score=0.167 || входящий para=213 ADJF loct plur score=0.167 || входить para=498 PRTF gent plur score=0.167 || входить para=498 PRTF accs plur anim score=0.167 || входить para=498 PRTF loct plur score=0.167	yes	yes		входить,входящий,входящая,входящего,входящее,входящей,входящем,входящему,входящею,входящие,входящим,входящими
pool/differential.txt	Терминология и классификация Порядок дифференциального уравнения — наивысший порядок входящих в него производных .	него	он para=2303 NPRO gent sing masc score=0.333 || оно para=2306 NPRO gent sing neut score=0.333 || он para=2303 NPRO accs sing masc score=0.167 || оно para=2306 NPRO accs sing neut score=0.167	yes	no		его,он,оно,ему,нему
pool/differential.txt	Если дифференциальное уравнение является многочленом относительно старшей производной , то степень этого многочлена называется степенью дифференциального уравнения .	производной	производный para=35 ADJF gent sing femn score=0.125 || производный para=35 ADJF datv sing femn score=0.125 || производный para=35 ADJF ablt sing femn score=0.125 || производный para=35 ADJF loct sing femn score=0.125 || производная para=117 NOUN gent sing femn inan score=0.125 || производная para=117 NOUN datv sing femn inan score=0.125 || производная para=117 NOUN ablt sing femn inan score=0.125 || производная para=117 NOUN loct sing femn inan score=0.125	yes	yes		производная,производный,производною,производную,производные,производным,производными,производных
pool/differential.txt	Все дифференциальные уравнения можно разделить на обыкновенные ( ОДУ ), в которые входят только функции ( и их производные ) от одного аргумента , и уравнения с частными производными ( УРЧП ), в которых входящие функции зависят от многих переменных .	их	они para=2305 NPRO accs plur score=0.139 || их para=1440 ADJF nomn sing femn score=0.083 || они para=2305 NPRO gent plur score=0.083 || их para=1440 ADJF accs sing neut score=0.056 || их para=1440 ADJF nomn plur score=0.056	yes	yes		они,им,ним
pool/differential.txt	Все дифференциальные уравнения можно разделить на обыкновенные ( ОДУ ), в которые входят только функции ( и их производные ) от одного аргумента , и уравнения с частными производными ( УРЧП ), в которых входящие функции зависят от многих переменных .	входящие	входящий para=213 ADJF nomn plur score=0.250 || входящий para=213 ADJF accs plur inan score=0.250 || входить para=498 PRTF nomn plur score=0.250 || входить para=498 PRTF accs plur inan score=0.250	yes	yes		входить,входящий,входящая,входящего,входящее,входящей,входящем,входящему,входящею,входящим,входящими,входящих
pool/differential.txt	Важнейшим вопросом для дифференциальных уравнений является существование и единственность их решения .	их	они para=2305 NPRO accs plur score=0.139 || их para=1440 ADJF nomn sing femn score=0.083 || они para=2305 NPRO gent plur score=0.083 || их para=1440 ADJF accs sing neut score=0.056 || их para=1440 ADJF nomn plur score=0.056	yes	yes		они,им,ним
pool/differential.txt	Для обыкновенных дифференциальных уравнений такие условия были сформулированы Рудольфом Липшицем ( 1864 ). Для уравнений в частных производных соответствующая теорема была доказана Софьей Ковалевской ( 1874 ). Решения дифференциальных уравнений подразделяются на общие и частные решения .	соответствующая	соответствовать para=177 PRTF nomn sing femn score=0.500 || соответствующий para=213 ADJF nomn sing femn score=0.500	yes	yes		соответствовать,соответствующий,соответствующего,соответствующее,соответствующей,соответствующем,соответствующему,соответствующею,соответствующие,соответствующим,соответствующими,соответствующих
pool/differential.txt	Их свойства были подробно изучены , составлены таблицы значений , определены взаимные связи и так далее .	Их	они para=2305 NPRO accs plur score=0.139 || их para=1440 ADJF nomn sing femn score=0.083 || они para=2305 NPRO gent plur score=0.083 || их para=1440 ADJF accs sing neut score=0.056 || их para=1440 ADJF nomn plur score=0.056	yes	yes		они,им,ним
pool/differential.txt	Развитие теории дифференциальных уравнений позволило в ряде случаев отказаться от требования непрерывности исследуемых функций и ввести обобщённые решения дифференциальных уравнений .	обобщённые	обобщенный para=345 ADJF nomn plur score=0.250 || обобщенный para=345 ADJF accs plur inan score=0.250 || обобщить para=775 PRTF nomn plur score=0.250 || обобщить para=775 PRTF accs plur inan score=0.250	yes	yes		обобщенно,обобщенный,обобщить,обобщён,обобщённая,обобщённо,обобщённого,обобщённое,обобщённой,обобщённом,обобщённому,обобщённою
pool/differential.txt	История Первоначально дифференциальные уравнения возникли из задач механики , в которых требовалось определить координаты тел , их скорости и ускорения , рассматриваемые как функции времени при различных воздействиях .	их	они para=2305 NPRO accs plur score=0.139 || их para=1440 ADJF nomn sing femn score=0.083 || они para=2305 NPRO gent plur score=0.083 || их para=1440 ADJF accs sing neut score=0.056 || их para=1440 ADJF nomn plur score=0.056	yes	yes		они,им,ним
pool/differential.txt	К дифференциальным уравнениям приводили также некоторые рассмотренные в то время геометрические задачи .	некоторые	некоторый para=1306 ADJF nomn plur score=0.473 || некоторые para=2165 NPRO nomn plur score=0.324 || некоторый para=1306 ADJF accs plur inan score=0.189	yes	yes		некоторый,некоторым,некоторыми,некоторых
pool/differential.txt	Основой теории дифференциальных уравнений стало дифференциальное исчисление , созданное Лейбницем и Ньютоном ( 1642 — 1727 ). Сам термин « дифференциальное уравнение » был предложен в 1676 году Лейбницем .	предложен	предложный para=12 ADJF sing masc score=0.500 || предложить para=668 PRTF sing masc score=0.500	yes	yes		предложить,предложный
pool/differential.txt	Позже Софус Ли ( 1842 — 1899 ), анализируя вопрос об интегрировании уравнений в квадратурах , пришёл к необходимости подробно исследовать группы диффеоморфизмов ( получившие впоследствии имя групп Ли ) — так по теории дифференциальных уравнений возникла одна из самых плодотворных областей современно	Карл	карл para=27 NOUN nomn sing masc anim proper score=0.789 || карла para=69 NOUN gent plur femn anim proper score=0.053 || карла para=69 NOUN accs plur femn anim proper score=0.053 || карла para=537 NOUN gent plur masc anim score=0.053 || карла para=537 NOUN accs plur masc anim score=0.053	yes	yes	mid_sentence_capital	карлов,карлу
pool/differential.txt	Позже Софус Ли ( 1842 — 1899 ), анализируя вопрос об интегрировании уравнений в квадратурах , пришёл к необходимости подробно исследовать группы диффеоморфизмов ( получившие впоследствии имя групп Ли ) — так по теории дифференциальных уравнений возникла одна из самых плодотворных областей современно	Густав	густав para=27 NOUN nomn sing masc anim proper score=0.714 || густава para=69 NOUN gent plur femn anim proper score=0.143 || густава para=69 NOUN accs plur femn anim proper score=0.143	yes	yes	mid_sentence_capital	густава,густавам,густавами,густавах,густаве,густаву,густавы
pool/differential.txt	Позже Софус Ли ( 1842 — 1899 ), анализируя вопрос об интегрировании уравнений в квадратурах , пришёл к необходимости подробно исследовать группы диффеоморфизмов ( получившие впоследствии имя групп Ли ) — так по теории дифференциальных уравнений возникла одна из самых плодотворных областей современно	Якоби	якоби para=25 NOUN nomn sing masc anim proper score=0.109 || якоби para=25 NOUN gent sing masc anim proper score=0.109 || якоби para=25 NOUN datv sing masc anim proper score=0.109 || якоби para=25 NOUN accs sing masc anim proper score=0.109 || якоби para=25 NOUN ablt sing masc anim proper score=0.109 || якоби para=25 NOUN loct sing masc anim proper score=0.109 || якобь para=167 NOUN gent sing femn inan proper score=0.109 || якобь para=167 NOUN datv sing femn inan proper score=0.109 || якобь para=167 NOUN loct sing femn inan proper score=0.109	yes	yes	mid_sentence_capital noun_complement	
pool/differential.txt	Качественная теория дифференциальных уравнений , или , как теперь её чаще называют , теория динамических систем , сейчас активно развивается и имеет важные применения в естествознании .	её	она para=2304 NPRO accs sing femn score=0.103 || ее para=1440 ADJF accs plur score=0.069	yes	yes		ея,она,нею
pool/differential.txt	Простейшие дифференциальные уравнения первого порядка Простейшие дифференциальные уравнения первого порядка — класс дифференциальных уравнений первого порядка , наиболее легко поддающихся решению и исследованию .	Простейшие	простейшее para=2042 NOUN nomn plur neut anim score=0.400 || простой para=2708 ADJF accs plur inan score=0.400 || простой para=2708 ADJF nomn plur score=0.200	yes	yes		простейшее,простой,простейшего,простейшем,простейшему,простейшим,простейшими,простейших,простое,простою
pool/differential.txt	Простейшие дифференциальные уравнения первого порядка Простейшие дифференциальные уравнения первого порядка — класс дифференциальных уравнений первого порядка , наиболее легко поддающихся решению и исследованию .	Простейшие	простейшее para=2042 NOUN nomn plur neut anim score=0.400 || простой para=2708 ADJF accs plur inan score=0.400 || простой para=2708 ADJF nomn plur score=0.200	yes	yes		простейшее,простой,простейшего,простейшем,простейшему,простейшим,простейшими,простейших,простое,простою
pool/differential.txt	К нему относятся уравнения в полных дифференциалах , уравнения с разделяющимися переменными , однородные уравнения первого порядка и линейные уравнения первого порядка .	нему	он para=2303 NPRO datv sing masc score=0.500 || оно para=2306 NPRO datv sing neut score=0.500	yes	no		его,он,оно,ему,него
pool/differential.txt	Данные ДУ имеют вид : где функции и определены и непрерывны в некоторой области .	Данные	дать para=884 PRTF nomn plur score=0.167 || дать para=884 PRTF accs plur inan score=0.167 || данные para=154 NOUN nomn plur inan score=0.167 || данные para=154 NOUN accs plur inan score=0.167 || данный para=1306 ADJF nomn plur score=0.167 || данный para=1306 ADJF accs plur inan score=0.167	yes	yes		дали,дан,дана,данный,дать,дай,дам,данная,данного,данное,данной,данном
pool/differential.txt	Дифференциальные уравнения в частных производных Дифференциальные уравнения в частных производных ( УРЧП ) — это уравнения , содержащие неизвестные функции от нескольких переменных и их частные производные .	их	они para=2305 NPRO accs plur score=0.139 || их para=1440 ADJF nomn sing femn score=0.083 || они para=2305 NPRO gent plur score=0.083 || их para=1440 ADJF accs sing neut score=0.056 || их para=1440 ADJF nomn plur score=0.056	yes	yes		они,им,ним
pool/differential.txt	Дифференциальные уравнения в частных производных Дифференциальные уравнения в частных производных ( УРЧП ) — это уравнения , содержащие неизвестные функции от нескольких переменных и их частные производные .	производные	производный para=35 ADJF nomn plur score=0.250 || производный para=35 ADJF accs plur inan score=0.250 || производная para=117 NOUN nomn plur femn inan score=0.250 || производная para=117 NOUN accs plur femn inan score=0.250	yes	yes		производная,производный,производной,производною,производную,производным,производными,производных
pool/differential.txt	Ещё одной важной классификацией уравнений в частных производных является их разделение на уравнения эллиптического , параболического и гиперболического типа , в особенности для уравнений второго порядка .	их	они para=2305 NPRO accs plur score=0.139 || их para=1440 ADJF nomn sing femn score=0.083 || они para=2305 NPRO gent plur score=0.083 || их para=1440 ADJF accs sing neut score=0.056 || их para=1440 ADJF nomn plur score=0.056	yes	yes		они,им,ним
pool/differential.txt	Дифференциальное уравнение является линейным , если неизвестная функция и её производные входят в уравнение только в первой степени ( и не перемножаются друг с другом ). Для таких уравнений решения образуют аффинное подпространство пространства функций .	её	она para=2304 NPRO accs sing femn score=0.103 || ее para=1440 ADJF accs plur score=0.069	yes	yes		ея,она,нею
pool/differential.txt	Дифференциальное уравнение является линейным , если неизвестная функция и её производные входят в уравнение только в первой степени ( и не перемножаются друг с другом ). Для таких уравнений решения образуют аффинное подпространство пространства функций .	другом	друг para=1423 NOUN ablt sing masc anim score=0.457 || другой para=1424 ADJF loct sing masc score=0.333 || другой para=1424 ADJF loct sing neut score=0.210	yes	yes		друг,другой
pool/differential.txt	Функция r ( x ) в правой части называется свободным членом ( единственное слагаемое , не зависящее от неизвестной функции ). Важным частным классом линейных уравнений являются линейные дифференциальные уравнения с постоянными коэффициентами .	слагаемое	слагаемое para=1019 NOUN nomn sing neut inan score=0.250 || слагаемое para=1019 NOUN accs sing neut inan score=0.250 || слагать para=215 PRTF nomn sing neut score=0.250 || слагать para=215 PRTF accs sing neut score=0.250	yes	yes		слагать,слагаемого,слагаемом,слагаемому,слагаемые,слагаемым,слагаемыми,слагаемых
pool/differential.txt	Пример неоднородного нелинейного обыкновенного дифференциального уравнения 1 - го порядка : В следующей группе примеров неизвестная функция u зависит от двух переменных x и t или x и y .	следующей	следующий para=213 ADJF gent sing femn score=0.125 || следующий para=213 ADJF datv sing femn score=0.125 || следующий para=213 ADJF ablt sing femn score=0.125 || следующий para=213 ADJF loct sing femn score=0.125 || следовать para=2894 PRTF gent sing femn score=0.125 || следовать para=2894 PRTF datv sing femn score=0.125 || следовать para=2894 PRTF ablt sing femn score=0.125 || следовать para=2894 PRTF loct sing femn score=0.125	yes	yes		следовать,следующий,следуем,следующая,следующего,следующее,следующем,следующему,следующею,следующие,следующим,следующими
pool/differential.txt	Однородное линейное дифференциальное уравнение в частных производных первого порядка : Одномерное волновое уравнение — однородное линейное уравнение в частных производных гиперболического типа второго порядка с постоянными коэффициентами , описывает колебание струны , если — отклонение струны в точк	уединённые	уединенный para=345 ADJF nomn plur score=0.250 || уединенный para=345 ADJF accs plur inan score=0.250 || уединить para=754 PRTF nomn plur score=0.250 || уединить para=754 PRTF accs plur inan score=0.250	yes	yes		уединенно,уединенный,уединить,уединён,уединённая,уединённо,уединённого,уединённое,уединённой,уединённом,уединённому,уединённою
pool/em_field.txt	Представляет собой совокупность электрического и магнитного полей , которые могут , при определённых условиях , порождать друг друга , а по сути являются одной сущностью , формализуемой через тензор электромагнитного поля .	определённых	определенный para=12 ADJF gent plur score=0.167 || определенный para=12 ADJF accs plur anim score=0.167 || определенный para=12 ADJF loct plur score=0.167 || определить para=754 PRTF gent plur score=0.167 || определить para=754 PRTF accs plur anim score=0.167 || определить para=754 PRTF loct plur score=0.167	yes	yes		определенно,определенный,определить,определим,определённая,определённо,определённого,определённое,определённой,определённом,определённому,определённою
pool/em_field.txt	В современной формулировке электромагнитное поле представлено тензором электромагнитного поля , компонентами которого являются три компоненты напряжённости электрического поля и три компоненты напряжённости магнитного поля ( или — магнитной индукции ), а также четырёхмерным электромагнитным потенциа	определённом	определенный para=12 ADJF loct sing masc score=0.250 || определенный para=12 ADJF loct sing neut score=0.250 || определить para=754 PRTF loct sing masc score=0.250 || определить para=754 PRTF loct sing neut score=0.250	yes	yes		определенно,определенный,определить,определим,определённая,определённо,определённого,определённое,определённой,определённому,определённою,определённую
pool/em_field.txt	Квантовые свойства электромагнитного поля и его взаимодействия с заряженными частицами ( а также квантовые поправки к классическому приближению ) — предмет квантовой электродинамики , хотя часть квантовых свойств электромагнитного поля более или менее удовлетворительно описывается упрощённой квантов	удовлетворительно	удовлетворительно para=3 ADVB score=0.500 || удовлетворительный para=79 ADJF sing neut score=0.500	yes	yes		удовлетворительный
pool/em_field.txt	Квантовые свойства электромагнитного поля и его взаимодействия с заряженными частицами ( а также квантовые поправки к классическому приближению ) — предмет квантовой электродинамики , хотя часть квантовых свойств электромагнитного поля более или менее удовлетворительно описывается упрощённой квантов	упрощённой	упрощенный para=345 ADJF gent sing femn score=0.125 || упрощенный para=345 ADJF datv sing femn score=0.125 || упрощенный para=345 ADJF ablt sing femn score=0.125 || упрощенный para=345 ADJF loct sing femn score=0.125 || упростить para=798 PRTF gent sing femn score=0.125 || упростить para=798 PRTF datv sing femn score=0.125 || упростить para=798 PRTF ablt sing femn score=0.125 || упростить para=798 PRTF loct sing femn score=0.125	yes	yes		упростить,упрощенно,упрощенный,упрощён,упрощённая,упрощённо,упрощённого,упрощённое,упрощённом,упрощённому,упрощённою,упрощённую
pool/em_field.txt	История открытия Известные ещё со времён античности электричество и магнетизм до начала XIX века считались явлениями , не связанными друг с другом , и рассматривались в разных разделах физики .	связанными	связанный para=345 ADJF ablt plur score=0.500 || связать para=672 PRTF ablt plur score=0.500	yes	yes		связанный,связать,связан,связанная,связанного,связанное,связанной,связанном,связанному,связанною,связанную,связанные
pool/em_field.txt	История открытия Известные ещё со времён античности электричество и магнетизм до начала XIX века считались явлениями , не связанными друг с другом , и рассматривались в разных разделах физики .	другом	друг para=1423 NOUN ablt sing masc anim score=0.457 || другой para=1424 ADJF loct sing masc score=0.333 || другой para=1424 ADJF loct sing neut score=0.210	yes	yes		друг,другой
pool/em_field.txt	Фарадей экспериментально обнаружил и дал математическое описание явления электромагнитной индукции — возникновения электродвижущей силы в проводнике , находящемся под действием изменяющегося магнитного поля .	экспериментально	экспериментально para=3 ADVB score=0.500 || экспериментальный para=60 ADJF sing neut score=0.500	yes	yes		экспериментальный
pool/em_field.txt	Эта теория , в целом завершённая рядом физиков около середины XX века , оказалась одной из наиболее точных физических теорий , существующих на сегодняшний день .	существующих	существующий para=101 ADJF gent plur score=0.286 || существующий para=101 ADJF accs plur anim score=0.143 || существующий para=101 ADJF loct plur score=0.143 || существовать para=177 PRTF gent plur score=0.143 || существовать para=177 PRTF accs plur anim score=0.143 || существовать para=177 PRTF loct plur score=0.143	yes	yes		существовать,существующий,существующая,существующего,существующее,существующей,существующем,существующему,существующею,существующие,существующим,существующими
pool/em_field.txt	Его калибровочная группа — группа U ( 1 ). Среди известных ( не гипотетических ) фундаментальных полей электромагнитное поле — единственное , относящееся к указанному типу .	указанному	указанный para=10 ADJF datv sing masc score=0.250 || указанный para=10 ADJF datv sing neut score=0.250 || указать para=672 PRTF datv sing masc score=0.250 || указать para=672 PRTF datv sing neut score=0.250	yes	yes		указанный,указать,указанная,указанного,указанное,указанной,указанном,указанною,указанную,указанные,указанным,указанными
pool/em_field.txt	Все другие поля такого же типа ( которые можно рассматривать , по крайней мере , чисто теоретически ) — ( были бы ) полностью эквивалентны электромагнитному полю , за исключением , быть может , констант .	мере	мера para=55 NOUN datv sing femn inan score=0.500 || меря para=353 NOUN datv sing femn inan score=0.500 || мера para=55 NOUN loct sing femn inan score=0.167 || меря para=353 NOUN loct sing femn inan score=0.167	yes	yes	adjective_agreement	мера,мери,меря,мерей,мерею,мерь,мерю
pool/em_field.txt	Фотон также называют квантом электромагнитного поля ( подразумевая , что соседние по энергии стационарные состояния свободного электромагнитного поля с определённой частотой и волновым вектором различаются на один фотон ). Электромагнитное взаимодействие — это один из основных видов дальнодействующи	определённой	определенный para=12 ADJF gent sing femn score=0.125 || определенный para=12 ADJF datv sing femn score=0.125 || определенный para=12 ADJF ablt sing femn score=0.125 || определенный para=12 ADJF loct sing femn score=0.125 || определить para=754 PRTF gent sing femn score=0.125 || определить para=754 PRTF datv sing femn score=0.125 || определить para=754 PRTF ablt sing femn score=0.125 || определить para=754 PRTF loct sing femn score=0.125	yes	yes		определенно,определенный,определить,определим,определённая,определённо,определённого,определённое,определённом,определённому,определённою,определённую
pool/em_field.txt	Фотон также называют квантом электромагнитного поля ( подразумевая , что соседние по энергии стационарные состояния свободного электромагнитного поля с определённой частотой и волновым вектором различаются на один фотон ). Электромагнитное взаимодействие — это один из основных видов дальнодействующи	основных	основный para=12 ADJF gent plur score=0.167 || основный para=12 ADJF accs plur anim score=0.167 || основный para=12 ADJF loct plur score=0.167 || основной para=138 ADJF gent plur score=0.167 || основной para=138 ADJF accs plur anim score=0.167 || основной para=138 ADJF loct plur score=0.167	yes	no		основное,основной,основный,основная,основнее,основней,основного,основному,основною,основную,основные,основным
pool/em_field.txt	Существует теория ( входящая в Стандартную модель ), объединяющая электромагнитное и слабое взаимодействие в одно — электрослабое .	входящая	входящий para=213 ADJF nomn sing femn score=0.500 || входить para=498 PRTF nomn sing femn score=0.500	yes	yes		входить,входящий,входящего,входящее,входящей,входящем,входящему,входящею,входящие,входящим,входящими,входящих
pool/em_field.txt	Также существуют теории , объединяющие электромагнитное и гравитационное взаимодействие ( например , теория Калуцы - Клейна ). Однако последняя , при её теоретических достоинствах и красоте , не является общепринятой ( в смысле её предпочтительности ), так как экспериментально не обнаружено её отлич	её	она para=2304 NPRO accs sing femn score=0.103 || ее para=1440 ADJF accs plur score=0.069	yes	yes		ея,она,нею
pool/em_field.txt	Также существуют теории , объединяющие электромагнитное и гравитационное взаимодействие ( например , теория Калуцы - Клейна ). Однако последняя , при её теоретических достоинствах и красоте , не является общепринятой ( в смысле её предпочтительности ), так как экспериментально не обнаружено её отлич	её	она para=2304 NPRO accs sing femn score=0.103 || ее para=1440 ADJF accs plur score=0.069	yes	yes		ея,она,нею
pool/em_field.txt	Также существуют теории , объединяющие электромагнитное и гравитационное взаимодействие ( например , теория Калуцы - Клейна ). Однако последняя , при её теоретических достоинствах и красоте , не является общепринятой ( в смысле её предпочтительности ), так как экспериментально не обнаружено её отлич	экспериментально	экспериментально para=3 ADVB score=0.500 || экспериментальный para=60 ADJF sing neut score=0.500	yes	yes		экспериментальный
pool/em_field.txt	Также существуют теории , объединяющие электромагнитное и гравитационное взаимодействие ( например , теория Калуцы - Клейна ). Однако последняя , при её теоретических достоинствах и красоте , не является общепринятой ( в смысле её предпочтительности ), так как экспериментально не обнаружено её отлич	её	она para=2304 NPRO accs sing femn score=0.103 || ее para=1440 ADJF accs plur score=0.069	yes	yes		ея,она,нею
pool/em_field.txt	Также существуют теории , объединяющие электромагнитное и гравитационное взаимодействие ( например , теория Калуцы - Клейна ). Однако последняя , при её теоретических достоинствах и красоте , не является общепринятой ( в смысле её предпочтительности ), так как экспериментально не обнаружено её отлич	её	она para=2304 NPRO accs sing femn score=0.103 || ее para=1440 ADJF accs plur score=0.069	yes	yes		ея,она,нею
pool/em_field.txt	Это же ( в лучшем случае ) можно сказать пока и о других подобных теориях : даже лучшие из них , по меньшей мере , недостаточно разработаны , чтобы считаться вполне успешными .	мере	мера para=55 NOUN datv sing femn inan score=0.500 || меря para=353 NOUN datv sing femn inan score=0.500 || мера para=55 NOUN loct sing femn inan score=0.167 || меря para=353 NOUN loct sing femn inan score=0.167	yes	yes		мера,мери,меря,мерей,мерею,мерь,мерю
pool/em_field.txt	Безопасность электромагнитных полей В связи со всё большим распространением источников ЭМП в быту ( СВЧ - печи , мобильные телефоны , теле - радиовещание ) и на производстве ( оборудование ТВЧ , радиосвязь ), большое значение приобретают нормирование уровней ЭМП и изучение возможного влияния ЭМП на 	большим	больший para=531 ADJF ablt sing masc score=0.167 || больший para=531 ADJF ablt sing neut score=0.167 || больший para=531 ADJF datv plur score=0.167 || большой para=532 ADJF ablt sing masc score=0.167 || большой para=532 ADJF ablt sing neut score=0.167 || большой para=532 ADJF datv plur score=0.167	yes	no		больше,больший,большой,велик,большая,большие,большими,больших,большую,велика,велики
pool/entropy.txt	Кроме физики , термин широко употребляется в математике : теории информации и математической статистике .	математике	математика para=44 NOUN datv sing femn inan score=0.625 || математика para=44 NOUN loct sing femn inan score=0.250 || математик para=2 NOUN loct sing masc anim score=0.125	yes	yes	preposition:в	математиками,математиках,математики,математику
pool/entropy.txt	Данное определение энтропии известно также как энтропия Шеннона ( в математике ) и энтропия Больцмана — Гиббса ( в физике ). Хотя понятия термодинамической и информационной энтропии вводятся в рамках различных формализмов , они имеют общий физический смысл — логарифм числа доступных состояний систем	математике	математика para=44 NOUN datv sing femn inan score=0.625 || математика para=44 NOUN loct sing femn inan score=0.250 || математик para=2 NOUN loct sing masc anim score=0.125	yes	yes	preposition:в	математиками,математиках,математики,математику
pool/entropy.txt	Информационная энтропия — в теории информации мера неопределённости источника сообщений , определяемая вероятностями появления тех или иных символов при их передаче .	их	они para=2305 NPRO accs plur score=0.139 || их para=1440 ADJF nomn sing femn score=0.083 || они para=2305 NPRO gent plur score=0.083 || их para=1440 ADJF accs sing neut score=0.056 || их para=1440 ADJF nomn plur score=0.056	yes	yes		они,им,ним
pool/entropy.txt	Технологическая энтропия — « количественная мера отставания данной технологии от наивысшего в мире уровня , принимаемого за единицу .	данной	дать para=884 PRTF gent sing femn score=0.111 || дать para=884 PRTF datv sing femn score=0.111 || дать para=884 PRTF ablt sing femn score=0.111 || дать para=884 PRTF loct sing femn score=0.111 || данна para=69 NOUN ablt sing femn anim proper score=0.111 || данный para=1306 ADJF gent sing femn score=0.111 || данный para=1306 ADJF datv sing femn score=0.111 || данный para=1306 ADJF ablt sing femn score=0.111 || данный para=1306 ADJF loct sing femn score=0.111	yes	yes	lowercase_common	дали,дан,дана,данна,данные,данный,дать,дай,дам,данная,данного,данное
pool/entropy.txt	Основным параметром , характеризующим меру технологической энтропии , является степень неопределённости получения конечного результата , а именно : объёма выпуска инновационной продукции , который может быть получен при данных объёмах вовлечённых в производство ресурсов ». В термодинамике Понятие эн	Основным	основный para=12 ADJF ablt sing masc score=0.143 || основный para=12 ADJF ablt sing neut score=0.143 || основный para=12 ADJF datv plur score=0.143 || основной para=138 ADJF ablt sing masc score=0.143 || основной para=138 ADJF ablt sing neut score=0.143 || основной para=138 ADJF datv plur score=0.143 || основное para=2336 NOUN ablt sing neut inan score=0.143	yes	yes		основное,основной,основный,основная,основнее,основней,основного,основном,основному,основною,основную,основные
pool/entropy.txt	Определённая как сумма приведённых теплот , она является функцией состояния и остаётся постоянной при замкнутых обратимых процессах , тогда как в необратимых замкнутых — её изменение всегда положительно .	Определённая	определенный para=12 ADJF nomn sing femn score=0.500 || определить para=754 PRTF nomn sing femn score=0.500	yes	yes		определенно,определенный,определить,определим,определённо,определённого,определённое,определённой,определённом,определённому,определённою,определённую
pool/entropy.txt	Определённая как сумма приведённых теплот , она является функцией состояния и остаётся постоянной при замкнутых обратимых процессах , тогда как в необратимых замкнутых — её изменение всегда положительно .	замкнутых	замкнутый para=4 ADJF gent plur score=0.167 || замкнутый para=4 ADJF accs plur anim score=0.167 || замкнутый para=4 ADJF loct plur score=0.167 || замкнуть para=758 PRTF gent plur score=0.167 || замкнуть para=758 PRTF accs plur anim score=0.167 || замкнуть para=758 PRTF loct plur score=0.167	yes	yes		замкнуто,замкнутый,замкнуть,замкнут,замкнута,замкнутая,замкнутого,замкнутое,замкнутой,замкнутом,замкнутому,замкнутою
pool/entropy.txt	Определённая как сумма приведённых теплот , она является функцией состояния и остаётся постоянной при замкнутых обратимых процессах , тогда как в необратимых замкнутых — её изменение всегда положительно .	замкнутых	замкнутый para=4 ADJF gent plur score=0.167 || замкнутый para=4 ADJF accs plur anim score=0.167 || замкнутый para=4 ADJF loct plur score=0.167 || замкнуть para=758 PRTF gent plur score=0.167 || замкнуть para=758 PRTF accs plur anim score=0.167 || замкнуть para=758 PRTF loct plur score=0.167	yes	yes		замкнуто,замкнутый,замкнуть,замкнут,замкнута,замкнутая,замкнутого,замкнутое,замкнутой,замкнутом,замкнутому,замкнутою
pool/entropy.txt	Определённая как сумма приведённых теплот , она является функцией состояния и остаётся постоянной при замкнутых обратимых процессах , тогда как в необратимых замкнутых — её изменение всегда положительно .	её	она para=2304 NPRO accs sing femn score=0.103 || ее para=1440 ADJF accs plur score=0.069	yes	yes		ея,она,нею
pool/entropy.txt	В открытой системе может происходить уменьшение энтропии рассматриваемой системы за счет уноса энергии , например , в виде излучения , при этом полная энтропия окружающей среды увеличивается .	открытой	открытый para=4 ADJF loct sing femn score=0.222 || открытый para=4 ADJF gent sing femn score=0.111 || открытый para=4 ADJF datv sing femn score=0.111 || открытый para=4 ADJF ablt sing femn score=0.111 || открыть para=811 PRTF gent sing femn score=0.111 || открыть para=811 PRTF datv sing femn score=0.111 || открыть para=811 PRTF ablt sing femn score=0.111 || открыть para=811 PRTF loct sing femn score=0.111	yes	yes		открыто,открытый,открыть,открою,открыт,открыта,открытая,открытого,открытое,открытом,открытому,открытою
pool/entropy.txt	В открытой системе может происходить уменьшение энтропии рассматриваемой системы за счет уноса энергии , например , в виде излучения , при этом полная энтропия окружающей среды увеличивается .	окружающей	окружающий para=213 ADJF gent sing femn score=0.125 || окружающий para=213 ADJF datv sing femn score=0.125 || окружающий para=213 ADJF ablt sing femn score=0.125 || окружающий para=213 ADJF loct sing femn score=0.125 || окружать para=215 PRTF gent sing femn score=0.125 || окружать para=215 PRTF datv sing femn score=0.125 || окружать para=215 PRTF ablt sing femn score=0.125 || окружать para=215 PRTF loct sing femn score=0.125	yes	yes		окружать,окружающее,окружающие,окружающий,окружающая,окружающего,окружающем,окружающему,окружающею,окружающим,окружающими,окружающих
pool/entropy.txt	Математически энтропия определяется как функция состояния системы , определённая с точностью до произвольного постоянного слагаемого .	определённая	определенный para=12 ADJF nomn sing femn score=0.500 || определить para=754 PRTF nomn sing femn score=0.500	yes	yes		определенно,определенный,определить,определим,определённо,определённого,определённое,определённой,определённом,определённому,определённою,определённую
pool/entropy.txt	Математически энтропия определяется как функция состояния системы , определённая с точностью до произвольного постоянного слагаемого .	слагаемого	слагаемое para=1019 NOUN gent sing neut inan score=0.250 || слагать para=215 PRTF gent sing masc score=0.250 || слагать para=215 PRTF accs sing masc anim score=0.250 || слагать para=215 PRTF gent sing neut score=0.250	yes	yes		слагаемое,слагать,слагаемом,слагаемому,слагаемые,слагаемым,слагаемыми,слагаемых
pool/entropy.txt	Разность энтропий в двух равновесных состояниях 1 и 2 по определению равна приведённому количеству тепла , которое надо сообщить системе , чтобы перевести её из состояния 1 в состояние 2 по любому квазистатическому пути : Так как энтропия определена с точностью до произвольной аддитивной постоянной 	её	она para=2304 NPRO accs sing femn score=0.103 || ее para=1440 ADJF accs plur score=0.069	yes	yes		ея,она,нею
pool/entropy.txt	Особенность данной характеристики заключается в том , что это единственная функция в физике , которая показывает направленность процессов .	данной	дать para=884 PRTF gent sing femn score=0.111 || дать para=884 PRTF datv sing femn score=0.111 || дать para=884 PRTF ablt sing femn score=0.111 || дать para=884 PRTF loct sing femn score=0.111 || данна para=69 NOUN ablt sing femn anim proper score=0.111 || данный para=1306 ADJF gent sing femn score=0.111 || данный para=1306 ADJF datv sing femn score=0.111 || данный para=1306 ADJF ablt sing femn score=0.111 || данный para=1306 ADJF loct sing femn score=0.111	yes	yes	lowercase_common	дали,дан,дана,данна,данные,данный,дать,дай,дам,данная,данного,данное
pool/entropy.txt	Физический смысл энтропии Термодинамическая энтропия как физическая величина отличается своей абстрактностью , физический смысл энтропии непосредственно не вытекает из её математического выражения и не поддаётся простому интуитивному восприятию .	её	она para=2304 NPRO accs sing femn score=0.103 || ее para=1440 ADJF accs plur score=0.069	yes	yes		ея,она,нею
pool/entropy.txt	Она является мерой диссипации ( рассеивания ) энергии , а также мерой оценки энергии в плане её пригодности ( или эффективности ) использования для превращения теплоты в работу .	её	она para=2304 NPRO accs sing femn score=0.103 || ее para=1440 ADJF accs plur score=0.069	yes	yes		ея,она,нею
pool/entropy.txt	В теории информации Для энтропии ( чаще в математике ) встречается также название шенноновская информация или количество информации по Шеннону .	математике	математика para=44 NOUN datv sing femn inan score=0.625 || математика para=44 NOUN loct sing femn inan score=0.250 || математик para=2 NOUN loct sing masc anim score=0.125	yes	yes	preposition:в	математиками,математиках,математики,математику
pool/entropy.txt	С данной интерпретацией связан тот факт , что создатель понятия энтропии в теории информации ( Клод Шеннон ) сначала хотел назвать эту величину информацией .	данной	дать para=884 PRTF gent sing femn score=0.111 || дать para=884 PRTF datv sing femn score=0.111 || дать para=884 PRTF ablt sing femn score=0.111 || дать para=884 PRTF loct sing femn score=0.111 || данна para=69 NOUN ablt sing femn anim proper score=0.111 || данный para=1306 ADJF gent sing femn score=0.111 || данный para=1306 ADJF datv sing femn score=0.111 || данный para=1306 ADJF ablt sing femn score=0.111 || данный para=1306 ADJF loct sing femn score=0.111	yes	yes	lowercase_common	дали,дан,дана,данна,данные,данный,дать,дай,дам,данная,данного,данное
pool/entropy.txt	Понятие информационной энтропии применяется как в теории информации и математической статистике , так и в статистической физике ( энтропия Гиббса и её упрощённый вариант — энтропия Больцмана ). Математический смысл информационной энтропии — это логарифм числа доступных состояний системы ( основание 	её	она para=2304 NPRO accs sing femn score=0.103 || ее para=1440 ADJF accs plur score=0.069	yes	yes		ея,она,нею
pool/entropy.txt	Понятие информационной энтропии применяется как в теории информации и математической статистике , так и в статистической физике ( энтропия Гиббса и её упрощённый вариант — энтропия Больцмана ). Математический смысл информационной энтропии — это логарифм числа доступных состояний системы ( основание 	упрощённый	упрощенный para=345 ADJF nomn sing masc score=0.250 || упрощенный para=345 ADJF accs sing masc inan score=0.250 || упростить para=798 PRTF nomn sing masc score=0.250 || упростить para=798 PRTF accs sing masc inan score=0.250	yes	yes		упростить,упрощенно,упрощён,упрощённая,упрощённо,упрощённого,упрощённое,упрощённой,упрощённом,упрощённому,упрощённою,упрощённую
pool/entropy.txt	Понятие информационной энтропии применяется как в теории информации и математической статистике , так и в статистической физике ( энтропия Гиббса и её упрощённый вариант — энтропия Больцмана ). Математический смысл информационной энтропии — это логарифм числа доступных состояний системы ( основание 	большим	больший para=531 ADJF ablt sing masc score=0.167 || больший para=531 ADJF ablt sing neut score=0.167 || больший para=531 ADJF datv plur score=0.167 || большой para=532 ADJF ablt sing masc score=0.167 || большой para=532 ADJF ablt sing neut score=0.167 || большой para=532 ADJF datv plur score=0.167	yes	no		больше,больший,большой,велик,большая,большие,большими,больших,большую,велика,велики
pool/entropy.txt	Причём , если состояния различаются по степени доступности ( то есть не равновероятны ), под числом состояний системы нужно понимать их эффективное количество , которое определяется следующим образом .	их	они para=2305 NPRO accs plur score=0.139 || их para=1440 ADJF nomn sing femn score=0.083 || они para=2305 NPRO gent plur score=0.083 || их para=1440 ADJF accs sing neut score=0.056 || их para=1440 ADJF nomn plur score=0.056	yes	yes		они,им,ним
pool/entropy.txt	Причём , если состояния различаются по степени доступности ( то есть не равновероятны ), под числом состояний системы нужно понимать их эффективное количество , которое определяется следующим образом .	следующим	следующий para=213 ADJF ablt sing neut score=0.286 || следующий para=213 ADJF ablt sing masc score=0.143 || следующий para=213 ADJF datv plur score=0.143 || следовать para=2894 PRTF ablt sing masc score=0.143 || следовать para=2894 PRTF ablt sing neut score=0.143 || следовать para=2894 PRTF datv plur score=0.143	yes	yes		следовать,следующий,следуем,следующая,следующего,следующее,следующей,следующем,следующему,следующею,следующие,следующими
pool/entropy.txt	Из данной интерпретации непосредственно вытекает выражение для информационной энтропии Шеннона : Подобная интерпретация справедлива и для энтропии Реньи , которая является одним из обобщений понятия информационная энтропия , но в этом случае иначе определяется эффективное количество состояний систем	данной	дать para=884 PRTF gent sing femn score=0.111 || дать para=884 PRTF datv sing femn score=0.111 || дать para=884 PRTF ablt sing femn score=0.111 || дать para=884 PRTF loct sing femn score=0.111 || данна para=69 NOUN ablt sing femn anim proper score=0.111 || данный para=1306 ADJF gent sing femn score=0.111 || данный para=1306 ADJF datv sing femn score=0.111 || данный para=1306 ADJF ablt sing femn score=0.111 || данный para=1306 ADJF loct sing femn score=0.111	yes	yes	lowercase_common	дали,дан,дана,данна,данные,данный,дать,дай,дам,данная,данного,данное
pool/entropy.txt	Энтропии Реньи соответствует эффективное количество состояний , определяемое как среднее степенное взвешенное с параметром от величин .	степенное	степенной para=106 ADJF nomn sing neut score=0.250 || степенной para=106 ADJF accs sing neut score=0.250 || степенный para=317 ADJF nomn sing neut score=0.250 || степенный para=317 ADJF accs sing neut score=0.250	yes	no		степенно,степенной,степенный,постепеннее,постепенней,степенная,степенного,степенном,степенному,степенною,степенную,степенные
pool/entropy.txt	Следует заметить , что интерпретация формулы Шеннона на основе взвешенного среднего не является её обоснованием .	среднего	среднее para=526 NOUN gent sing neut inan score=0.467 || средний para=493 ADJF gent sing neut score=0.333 || средний para=493 ADJF accs sing masc anim score=0.133 || средний para=493 ADJF gent sing masc score=0.067	yes	yes		средне,среднее,средний,среднем,среднему,средние,средним,средними,средних
pool/entropy.txt	Следует заметить , что интерпретация формулы Шеннона на основе взвешенного среднего не является её обоснованием .	её	она para=2304 NPRO accs sing femn score=0.103 || ее para=1440 ADJF accs plur score=0.069	yes	yes		ея,она,нею
pool/entropy.txt	Указанный набор аксиом однозначно приводит к формуле для энтропии Шеннона .	Указанный	указанный para=10 ADJF nomn sing masc score=0.250 || указанный para=10 ADJF accs sing masc inan score=0.250 || указать para=672 PRTF nomn sing masc score=0.250 || указать para=672 PRTF accs sing masc inan score=0.250	yes	yes		указать,указанная,указанного,указанное,указанной,указанном,указанному,указанною,указанную,указанные,указанным,указанными
pool/entropy.txt	Некоторые авторы обращают внимание на неестественность последней аксиомы Хинчина .	Некоторые	некоторый para=1306 ADJF nomn plur score=0.473 || некоторые para=2165 NPRO nomn plur score=0.324 || некоторый para=1306 ADJF accs plur inan score=0.189	yes	yes		некоторый,некоторым,некоторыми,некоторых
pool/entropy.txt	И действительно , более простым и очевидным является требование аддитивности энтропии для независимых систем .	действительно	действительно para=3 ADVB score=0.333 || действительно para=130  score=0.333 || действительный para=220 ADJF sing neut score=0.333	yes	yes		действительный
pool/entropy.txt	Таким образом , последняя аксиома может быть заменена следующим условием .	следующим	следующий para=213 ADJF ablt sing neut score=0.286 || следующий para=213 ADJF ablt sing masc score=0.143 || следующий para=213 ADJF datv plur score=0.143 || следовать para=2894 PRTF ablt sing masc score=0.143 || следовать para=2894 PRTF ablt sing neut score=0.143 || следовать para=2894 PRTF datv plur score=0.143	yes	yes		следовать,следующий,следуем,следующая,следующего,следующее,следующей,следующем,следующему,следующею,следующие,следующими
pool/entropy.txt	Чисаром в 1972 г .	Чисаром	чисар para=34 NOUN ablt sing masc inan score=0.145 || чисаром para=161 NOUN nomn sing masc inan score=0.145 || чисаром para=161 NOUN accs sing masc inan score=0.145 || чисарома para=631 NOUN gent plur masc anim proper score=0.145 || чисарома para=631 NOUN accs plur masc anim proper score=0.145 || чисарома para=631 NOUN voct sing masc anim proper score=0.145	yes	yes		
pool/entropy.txt	Чисара .	Чисара	чисара para=69 NOUN nomn sing femn anim proper score=0.067 || чисар para=34 NOUN gent sing masc inan score=0.067 || чисара para=182 NOUN nomn sing masc anim score=0.067 || чисара para=182 NOUN gent sing masc anim score=0.067 || чисара para=182 NOUN datv sing masc anim score=0.067 || чисара para=182 NOUN accs sing masc anim score=0.067 || чисара para=182 NOUN ablt sing masc anim score=0.067 || чисара para=182 NOUN loct sing masc anim score=0.067 || чисара para=182 NOUN nomn plur masc anim score=0.067 || чисара para=182 NOUN gent plur masc anim score=0.067 || чисара para=182 NOUN datv plur masc anim score=0.067 || чисара para=182 NOUN accs plur masc anim score=0.067 || чисара para=182 NOUN ablt plur masc anim score=0.067 || чисара para=182 NOUN loct plur masc anim score=0.067	yes	yes		
pool/entropy.txt	Элементы этих классов образуют парное соответствие , причём каждая такая пара функционалов определяется некоторой выпуклой функцией при , удовлетворяющей условию .	парное	парный para=70 ADJF nomn sing neut score=0.250 || парный para=70 ADJF accs sing neut score=0.250 || парной para=106 ADJF nomn sing neut score=0.250 || парной para=106 ADJF accs sing neut score=0.250	yes	no		парная,парной,парный,парен,парного,парном,парному,парною,парную,парные,парным,парными
pool/entropy.txt	Для заданной функции f - энтропия дискретного распределения определяется как Наиболее известными частными случаями f - энтропии являются : энтропия Шеннона для ; энтропия Берга для ; энтропия Цаллиса для , , ; альфа - энтропия для , , .	заданной	задать para=884 PRTF gent sing femn score=0.125 || задать para=884 PRTF datv sing femn score=0.125 || задать para=884 PRTF ablt sing femn score=0.125 || задать para=884 PRTF loct sing femn score=0.125 || заданный para=345 ADJF gent sing femn score=0.125 || заданный para=345 ADJF datv sing femn score=0.125 || заданный para=345 ADJF ablt sing femn score=0.125 || заданный para=345 ADJF loct sing femn score=0.125	yes	yes		заданный,задать,задам,задан,заданная,заданного,заданное,заданном,заданному,заданною,заданную,заданные
pool/entropy.txt	Понятие f - энтропии определяют в общем виде следующим образом .	следующим	следующий para=213 ADJF ablt sing neut score=0.286 || следующий para=213 ADJF ablt sing masc score=0.143 || следующий para=213 ADJF datv plur score=0.143 || следовать para=2894 PRTF ablt sing masc score=0.143 || следовать para=2894 PRTF ablt sing neut score=0.143 || следовать para=2894 PRTF datv plur score=0.143	yes	yes		следовать,следующий,следуем,следующая,следующего,следующее,следующей,следующем,следующему,следующею,следующие,следующими
pool/entropy.txt	f - энтропия является вогнутым функционалом от распределения вероятностей .	вогнутым	вогнутый para=4 ADJF ablt sing masc score=0.167 || вогнутый para=4 ADJF ablt sing neut score=0.167 || вогнутый para=4 ADJF datv plur score=0.167 || вогнуть para=758 PRTF ablt sing masc score=0.167 || вогнуть para=758 PRTF ablt sing neut score=0.167 || вогнуть para=758 PRTF datv plur score=0.167	yes	yes		вогнутый,вогнуть,вогнут,вогнута,вогнутая,вогнуто,вогнутого,вогнутое,вогнутой,вогнутом,вогнутому,вогнутою
pool/entropy.txt	А функционал f - энтропии оказывается определённым с точностью до произвольной аддитивной постоянной , то есть выбором константы можно задать начало отсчёта энтропии .	определённым	определенный para=12 ADJF ablt sing masc score=0.167 || определенный para=12 ADJF ablt sing neut score=0.167 || определенный para=12 ADJF datv plur score=0.167 || определить para=754 PRTF ablt sing masc score=0.167 || определить para=754 PRTF ablt sing neut score=0.167 || определить para=754 PRTF datv plur score=0.167	yes	yes		определенно,определенный,определить,определим,определённая,определённо,определённого,определённое,определённой,определённом,определённому,определённою
pool/entropy.txt	А функционал f - энтропии оказывается определённым с точностью до произвольной аддитивной постоянной , то есть выбором константы можно задать начало отсчёта энтропии .	начало	начало para=54 NOUN nomn sing neut inan score=0.383 || начать para=1364 VERB sing neut score=0.333 || начало para=54 NOUN accs sing neut inan score=0.283	yes	yes		начать,начал,начала
pool/entropy.txt	При этом возникает следующий нюанс : в случае константа должна выбираться так , чтобы подынтегральное выражение не содержало ненулевых постоянных слагаемых , иначе интеграл будет всегда расходиться , то есть перестаёт быть произвольной .	следующий	следующий para=213 ADJF nomn sing masc score=0.250 || следующий para=213 ADJF accs sing masc inan score=0.250 || следовать para=2894 PRTF nomn sing masc score=0.250 || следовать para=2894 PRTF accs sing masc inan score=0.250	yes	yes		следовать,следуем,следующая,следующего,следующее,следующей,следующем,следующему,следующею,следующие,следующим,следующими
pool/entropy.txt	При этом возникает следующий нюанс : в случае константа должна выбираться так , чтобы подынтегральное выражение не содержало ненулевых постоянных слагаемых , иначе интеграл будет всегда расходиться , то есть перестаёт быть произвольной .	слагаемых	слагаемое para=1019 NOUN gent plur neut inan score=0.200 || слагаемое para=1019 NOUN loct plur neut inan score=0.200 || слагать para=215 PRTF gent plur score=0.200 || слагать para=215 PRTF accs plur anim score=0.200 || слагать para=215 PRTF loct plur score=0.200	yes	yes		слагаемое,слагать,слагаемого,слагаемом,слагаемому,слагаемые,слагаемым,слагаемыми
pool/entropy.txt	Функция может также задаваться с точностью до произвольного положительного сомножителя , выбор которого равносилен выбору единицы измерения соответствующей f - энтропии или f - дивергенции .	соответствующей	соответствовать para=177 PRTF gent sing femn score=0.125 || соответствовать para=177 PRTF datv sing femn score=0.125 || соответствовать para=177 PRTF ablt sing femn score=0.125 || соответствовать para=177 PRTF loct sing femn score=0.125 || соответствующий para=213 ADJF gent sing femn score=0.125 || соответствующий para=213 ADJF datv sing femn score=0.125 || соответствующий para=213 ADJF ablt sing femn score=0.125 || соответствующий para=213 ADJF loct sing femn score=0.125	yes	yes		соответствовать,соответствующий,соответствующая,соответствующего,соответствующее,соответствующем,соответствующему,соответствующею,соответствующие,соответствующим,соответствующими,соответствующих
pool/entropy.txt	Сравнивая выражения для f - энтропии и f - дивергенции в общем виде , можно записать следующее связывающее их соотношение : где — равномерное на распределение .	следующее	следующий para=213 ADJF nomn sing neut score=0.250 || следующий para=213 ADJF accs sing neut score=0.250 || следовать para=2894 PRTF nomn sing neut score=0.250 || следовать para=2894 PRTF accs sing neut score=0.250	yes	yes		следовать,следующий,следуем,следующая,следующего,следующей,следующем,следующему,следующею,следующие,следующим,следующими
pool/entropy.txt	Сравнивая выражения для f - энтропии и f - дивергенции в общем виде , можно записать следующее связывающее их соотношение : где — равномерное на распределение .	их	они para=2305 NPRO accs plur score=0.139 || их para=1440 ADJF nomn sing femn score=0.083 || они para=2305 NPRO gent plur score=0.083 || их para=1440 ADJF accs sing neut score=0.056 || их para=1440 ADJF nomn plur score=0.056	yes	yes		они,им,ним
pool/entropy.txt	Если положить , что аргументами энтропии и дивергенции выступают производные распределений по мере ( то есть плотности распределений ), имеет место формальная запись Данная связь носит фундаментальный характер и играет важную роль не только в классах f - энтропии и f - дивергенции .	мере	мера para=55 NOUN datv sing femn inan score=0.500 || меря para=353 NOUN datv sing femn inan score=0.500 || мера para=55 NOUN loct sing femn inan score=0.167 || меря para=353 NOUN loct sing femn inan score=0.167	yes	yes		мера,мери,меря,мерей,мерею,мерь,мерю
pool/entropy.txt	Если положить , что аргументами энтропии и дивергенции выступают производные распределений по мере ( то есть плотности распределений ), имеет место формальная запись Данная связь носит фундаментальный характер и играет важную роль не только в классах f - энтропии и f - дивергенции .	Данная	дать para=884 PRTF nomn sing femn score=0.500 || данный para=1306 ADJF nomn sing femn score=0.500	yes	yes		дали,дан,дана,данные,данный,дать,дай,дам,данного,данное,данной,данном
pool/entropy.txt	Так , данное соотношение справедливо для энтропии и дивергенции Реньи и , в частности , для энтропии Шеннона и дивергенции Кульбака — Лейблера .	Лейблера	лейблер para=29 NOUN gent sing masc anim proper score=0.189 || лейблер para=29 NOUN accs sing masc anim proper score=0.189 || лейблера para=237 NOUN nomn sing femn anim proper score=0.189 || лейблер para=34 NOUN gent sing masc inan score=0.189 || лейблера para=14 NOUN nomn sing masc anim score=0.189	yes	yes	mid_sentence_capital	
pool/entropy.txt	Если говорить о порядке , то упорядочивание расположения элементов фотосинтетической электрон - транспортной цепи обеспечивается фотосинтетической мембраной ( структурной единицей хлоропластов ), которая определяет направленный перенос электронов и протонов , создавая и поддерживая разность электрох	их	они para=2305 NPRO accs plur score=0.139 || их para=1440 ADJF nomn sing femn score=0.083 || они para=2305 NPRO gent plur score=0.083 || их para=1440 ADJF accs sing neut score=0.056 || их para=1440 ADJF nomn plur score=0.056	yes	yes		они,им,ним
pool/entropy.txt	Например , численность организмов , состоящих из малого числа клеток ( например , москитов ), значительно больше численности организмов , состоящих из большого числа клеток ( например , слонов ). Однако это ничего не говорит об устойчивости , отнесенной к элементарной составляющей .	малого	малое para=1019 NOUN gent sing neut inan score=0.583 || малый para=227 NOUN gent sing masc anim score=0.083 || малый para=227 NOUN accs sing masc anim score=0.083 || малый para=1985 ADJF gent sing masc score=0.083 || малый para=1985 ADJF accs sing masc anim score=0.083 || малый para=1985 ADJF gent sing neut score=0.083	yes	yes	preposition:из	малым
pool/entropy.txt	Например , численность организмов , состоящих из малого числа клеток ( например , москитов ), значительно больше численности организмов , состоящих из большого числа клеток ( например , слонов ). Однако это ничего не говорит об устойчивости , отнесенной к элементарной составляющей .	ничего	ничего para=2210 ADVB score=0.250 || ничего para=2211  score=0.250 || ничто para=2213 NPRO gent sing neut score=0.250 || ничего para=3326 NPRO nomn sing neut score=0.250	yes	yes		ничто,ничё
pool/entropy.txt	Если бы цитолог пожелал заняться статистикой и собрал случайным образом коллекцию клеток , то он нашел бы в ней больше всего клеток , принадлежащих млекопитающим .	принадлежащих	принадлежащий para=101 ADJF gent plur score=0.167 || принадлежащий para=101 ADJF accs plur anim score=0.167 || принадлежащий para=101 ADJF loct plur score=0.167 || принадлежать para=564 PRTF gent plur score=0.167 || принадлежать para=564 PRTF accs plur anim score=0.167 || принадлежать para=564 PRTF loct plur score=0.167	yes	yes		принадлежать,принадлежащий,принадлежащая,принадлежащего,принадлежащее,принадлежащей,принадлежащем,принадлежащему,принадлежащею,принадлежащие,принадлежащим,принадлежащими
pool/entropy.txt	Это говорит о том , что с усложнением живых организмов устойчивость их элементарных составляющих ( клеток ) значительно увеличивается .	их	они para=2305 NPRO accs plur score=0.139 || их para=1440 ADJF nomn sing femn score=0.083 || они para=2305 NPRO gent plur score=0.083 || их para=1440 ADJF accs sing neut score=0.056 || их para=1440 ADJF nomn plur score=0.056	yes	yes		они,им,ним
pool/entropy.txt	Здесь , как и в случае определения энтропии источника информации , справедливо условие однако условие выполняющееся для случая определения энтропии , здесь уже не имеет места и заменяется неравенством Для элемента не имеющего ни одной связи с любым другим элементом , Напротив , когда элемент соедине	следующим	следующий para=213 ADJF ablt sing neut score=0.286 || следующий para=213 ADJF ablt sing masc score=0.143 || следующий para=213 ADJF datv plur score=0.143 || следовать para=2894 PRTF ablt sing masc score=0.143 || следовать para=2894 PRTF ablt sing neut score=0.143 || следовать para=2894 PRTF datv plur score=0.143	yes	yes		следовать,следующий,следуем,следующая,следующего,следующее,следующей,следующем,следующему,следующею,следующие,следующими
pool/entropy.txt	Здесь , как и в случае определения энтропии источника информации , справедливо условие однако условие выполняющееся для случая определения энтропии , здесь уже не имеет места и заменяется неравенством Для элемента не имеющего ни одной связи с любым другим элементом , Напротив , когда элемент соедине	должно	должный para=35 ADJF sing neut score=0.500 || должно para=254  score=0.500	yes	yes		должный,должного,должном,должному,должные,должным,должными,должных
pool/entropy.txt	Для учета в степени связи наличия связи между двумя элементами через промежуточные элементы нужно будет использовать не число связей , подходящих к элементу а число , которое определяется из выражения где — степень родства ( сила связи ) между элементами и В этом случае будет представлять в формуле 	подходящих	подходящий para=165 ADJF gent plur score=0.167 || подходящий para=165 ADJF accs plur anim score=0.167 || подходящий para=165 ADJF loct plur score=0.167 || подходить para=498 PRTF gent plur score=0.167 || подходить para=498 PRTF accs plur anim score=0.167 || подходить para=498 PRTF loct plur score=0.167	yes	yes		подходить,подходящий,подходящая,подходящего,подходящее,подходящей,подходящем,подходящему,подходящею,подходящие,подходящим,подходящими
pool/gauss.txt	Теорема Гаусса ( закон Гаусса ) — один из основных законов электродинамики , входит в систему уравнений Максвелла .	основных	основный para=12 ADJF gent plur score=0.167 || основный para=12 ADJF accs plur anim score=0.167 || основный para=12 ADJF loct plur score=0.167 || основной para=138 ADJF gent plur score=0.167 || основной para=138 ADJF accs plur anim score=0.167 || основной para=138 ADJF loct plur score=0.167	yes	no		основное,основной,основный,основная,основнее,основней,основного,основному,основною,основную,основные,основным
pool/gauss.txt	Выражает связь ( а именно равенство с точностью до постоянного коэффициента ) между потоком напряжённости электрического поля сквозь замкнутую поверхность произвольной формы и алгебраической суммой зарядов , расположенных внутри объёма , ограниченного этой поверхностью .	замкнутую	замкнутый para=4 ADJF accs sing femn score=0.500 || замкнуть para=758 PRTF accs sing femn score=0.500	yes	yes		замкнуто,замкнутый,замкнуть,замкнут,замкнута,замкнутая,замкнутого,замкнутое,замкнутой,замкнутом,замкнутому,замкнутою
pool/gauss.txt	Выражает связь ( а именно равенство с точностью до постоянного коэффициента ) между потоком напряжённости электрического поля сквозь замкнутую поверхность произвольной формы и алгебраической суммой зарядов , расположенных внутри объёма , ограниченного этой поверхностью .	ограниченного	ограниченный para=345 ADJF gent sing masc score=0.167 || ограниченный para=345 ADJF accs sing masc anim score=0.167 || ограниченный para=345 ADJF gent sing neut score=0.167 || ограничить para=761 PRTF gent sing masc score=0.167 || ограничить para=761 PRTF accs sing masc anim score=0.167 || ограничить para=761 PRTF gent sing neut score=0.167	yes	yes		ограниченно,ограниченный,ограничить,ограничен,ограниченная,ограниченное,ограниченной,ограниченном,ограниченному,ограниченною,ограниченную,ограниченные
pool/gauss.txt	Аналогичная теорема , также входящая в число уравнений Максвелла , существует и для магнитного поля ( см .	входящая	входящий para=213 ADJF nomn sing femn score=0.500 || входить para=498 PRTF nomn sing femn score=0.500	yes	yes		входить,входящий,входящего,входящее,входящей,входящем,входящему,входящею,входящие,входящим,входящими,входящих
pool/gauss.txt	ниже ). Также теорема Гаусса верна для любых полей , для которых одновременно верны принцип суперпозиции и закон Кулона или его аналог ( например , для ньютоновской гравитации ). При этом она является , как принято считать , более фундаментальной , чем закон Кулона , так как позволяет в частности вы	её	она para=2304 NPRO accs sing femn score=0.103 || ее para=1440 ADJF accs plur score=0.069	yes	yes		ея,она,нею
pool/gauss.txt	Теорема Гаусса для напряжённости электрического поля в вакууме Общая формулировка : Поток вектора напряжённости электрического поля через любую произвольно выбранную замкнутую поверхность пропорционален заключённому внутри этой поверхности электрическому заряду .	замкнутую	замкнутый para=4 ADJF accs sing femn score=0.500 || замкнуть para=758 PRTF accs sing femn score=0.500	yes	yes		замкнуто,замкнутый,замкнуть,замкнут,замкнута,замкнутая,замкнутого,замкнутое,замкнутой,замкнутом,замкнутому,замкнутою
pool/gauss.txt	где — поток вектора напряжённости электрического поля через замкнутую поверхность .	замкнутую	замкнутый para=4 ADJF accs sing femn score=0.500 || замкнуть para=758 PRTF accs sing femn score=0.500	yes	yes		замкнуто,замкнутый,замкнуть,замкнут,замкнута,замкнутая,замкнутого,замкнутое,замкнутой,замкнутом,замкнутому,замкнутою
pool/gauss.txt	В дифференциальной форме теорема Гаусса выражается следующим образом : Здесь — объёмная плотность заряда ( в случае присутствия среды — суммарная плотность свободных и связанных зарядов ), а — оператор набла .	следующим	следующий para=213 ADJF ablt sing neut score=0.286 || следующий para=213 ADJF ablt sing masc score=0.143 || следующий para=213 ADJF datv plur score=0.143 || следовать para=2894 PRTF ablt sing masc score=0.143 || следовать para=2894 PRTF ablt sing neut score=0.143 || следовать para=2894 PRTF datv plur score=0.143	yes	yes		следовать,следующий,следуем,следующая,следующего,следующее,следующей,следующем,следующему,следующею,следующие,следующими
pool/gauss.txt	В дифференциальной форме теорема Гаусса выражается следующим образом : Здесь — объёмная плотность заряда ( в случае присутствия среды — суммарная плотность свободных и связанных зарядов ), а — оператор набла .	связанных	связанный para=345 ADJF gent plur score=0.167 || связанный para=345 ADJF accs plur anim score=0.167 || связанный para=345 ADJF loct plur score=0.167 || связать para=672 PRTF gent plur score=0.167 || связать para=672 PRTF accs plur anim score=0.167 || связать para=672 PRTF loct plur score=0.167	yes	yes		связанный,связать,связан,связанная,связанного,связанное,связанной,связанном,связанному,связанною,связанную,связанные
pool/gauss.txt	ниже ). Формула , однако , также верна в электродинамике , хотя в ней она чаще всего не выступает в качестве доказываемой теоремы , а выступает в качестве постулируемого уравнения ( в этом смысле и контексте её логичнее называть законом Гаусса ). В искривлённом пространстве - времени поток электрома	её	она para=2304 NPRO accs sing femn score=0.103 || ее para=1440 ADJF accs plur score=0.069	yes	yes		ея,она,нею
pool/gauss.txt	ниже ). Формула , однако , также верна в электродинамике , хотя в ней она чаще всего не выступает в качестве доказываемой теоремы , а выступает в качестве постулируемого уравнения ( в этом смысле и контексте её логичнее называть законом Гаусса ). В искривлённом пространстве - времени поток электрома	замкнутую	замкнутый para=4 ADJF accs sing femn score=0.500 || замкнуть para=758 PRTF accs sing femn score=0.500	yes	yes		замкнуто,замкнутый,замкнуть,замкнут,замкнута,замкнутая,замкнутого,замкнутое,замкнутой,замкнутом,замкнутому,замкнутою
pool/gauss.txt	ниже ). Формула , однако , также верна в электродинамике , хотя в ней она чаще всего не выступает в качестве доказываемой теоремы , а выступает в качестве постулируемого уравнения ( в этом смысле и контексте её логичнее называть законом Гаусса ). В искривлённом пространстве - времени поток электрома	временные	временной para=106 ADJF nomn plur score=0.250 || временной para=106 ADJF accs plur inan score=0.250 || временный para=317 ADJF nomn plur score=0.250 || временный para=317 ADJF accs plur inan score=0.250	yes	no		временной,временный,временная,временного,временное,временном,временному,временною,временную,временным,временными,временных
pool/gauss.txt	ниже ). Формула , однако , также верна в электродинамике , хотя в ней она чаще всего не выступает в качестве доказываемой теоремы , а выступает в качестве постулируемого уравнения ( в этом смысле и контексте её логичнее называть законом Гаусса ). В искривлённом пространстве - времени поток электрома	компоненты	компонент para=34 NOUN nomn plur masc inan score=0.417 || компонент para=34 NOUN accs plur masc inan score=0.250 || компонента para=55 NOUN gent sing femn inan score=0.167 || компонента para=55 NOUN nomn plur femn inan score=0.083 || компонента para=55 NOUN accs plur femn inan score=0.083	yes	yes	adjective_agreement	компонент,компонента,компонентам,компонентами,компонентах,компоненте,компоненту
pool/gauss.txt	ниже ). Формула , однако , также верна в электродинамике , хотя в ней она чаще всего не выступает в качестве доказываемой теоремы , а выступает в качестве постулируемого уравнения ( в этом смысле и контексте её логичнее называть законом Гаусса ). В искривлённом пространстве - времени поток электрома	окружающей	окружающий para=213 ADJF gent sing femn score=0.125 || окружающий para=213 ADJF datv sing femn score=0.125 || окружающий para=213 ADJF ablt sing femn score=0.125 || окружающий para=213 ADJF loct sing femn score=0.125 || окружать para=215 PRTF gent sing femn score=0.125 || окружать para=215 PRTF datv sing femn score=0.125 || окружать para=215 PRTF ablt sing femn score=0.125 || окружать para=215 PRTF loct sing femn score=0.125	yes	yes		окружать,окружающее,окружающие,окружающий,окружающая,окружающего,окружающем,окружающему,окружающею,окружающим,окружающими,окружающих
pool/gauss.txt	ниже ). Формула , однако , также верна в электродинамике , хотя в ней она чаще всего не выступает в качестве доказываемой теоремы , а выступает в качестве постулируемого уравнения ( в этом смысле и контексте её логичнее называть законом Гаусса ). В искривлённом пространстве - времени поток электрома	другом	друг para=1423 NOUN ablt sing masc anim score=0.457 || другой para=1424 ADJF loct sing masc score=0.333 || другой para=1424 ADJF loct sing neut score=0.210	yes	yes		друг,другой
pool/gauss.txt	При этом теорема переформулируется : поток вектора электрического смещения через замкнутую поверхность пропорционален заключённому внутри этой поверхности свободному электрическому заряду : В дифференциальной форме : Теорема Гаусса для магнитной индукции Поток вектора магнитной индукции через любую 	замкнутую	замкнутый para=4 ADJF accs sing femn score=0.500 || замкнуть para=758 PRTF accs sing femn score=0.500	yes	yes		замкнуто,замкнутый,замкнуть,замкнут,замкнута,замкнутая,замкнутого,замкнутое,замкнутой,замкнутом,замкнутому,замкнутою
pool/gauss.txt	При этом теорема переформулируется : поток вектора электрического смещения через замкнутую поверхность пропорционален заключённому внутри этой поверхности свободному электрическому заряду : В дифференциальной форме : Теорема Гаусса для магнитной индукции Поток вектора магнитной индукции через любую 	замкнутую	замкнутый para=4 ADJF accs sing femn score=0.500 || замкнуть para=758 PRTF accs sing femn score=0.500	yes	yes		замкнуто,замкнутый,замкнуть,замкнут,замкнута,замкнутая,замкнутого,замкнутое,замкнутой,замкнутом,замкнутому,замкнутою
pool/gauss.txt	При этом учитывается направление — силовые линии , пронизывающие поверхность в обратном направлении считаются со знаком минус .	знаком	знак para=19 NOUN ablt sing masc inan score=0.564 || знакомый para=1677 ADJF sing masc score=0.436	yes	yes		знак,знакомый,знаков
pool/gauss.txt	Количество силовых линий , исходящих из заряда ( начинающихся в нём ) равно величине этого заряда ( это определение заряда в данной модели ). Для отрицательных зарядов всё так же , только заряд равен минус количеству входящих в него ( кончающихся на нём ) линий .	исходящих	исходящий para=213 ADJF gent plur score=0.125 || исходящий para=213 ADJF accs plur anim score=0.125 || исходящий para=213 ADJF loct plur score=0.125 || исходить para=498 PRTF gent plur score=0.125 || исходить para=498 PRTF accs plur anim score=0.125 || исходить para=498 PRTF loct plur score=0.125 || исходящая para=1738 NOUN gent plur femn inan score=0.125 || исходящая para=1738 NOUN loct plur femn inan score=0.125	yes	yes		исходить,исходящая,исходящий,исходи,исходив,исходившая,исходившего,исходившее,исходившей,исходившем,исходившему,исходившею
pool/gauss.txt	Количество силовых линий , исходящих из заряда ( начинающихся в нём ) равно величине этого заряда ( это определение заряда в данной модели ). Для отрицательных зарядов всё так же , только заряд равен минус количеству входящих в него ( кончающихся на нём ) линий .	данной	дать para=884 PRTF gent sing femn score=0.111 || дать para=884 PRTF datv sing femn score=0.111 || дать para=884 PRTF ablt sing femn score=0.111 || дать para=884 PRTF loct sing femn score=0.111 || данна para=69 NOUN ablt sing femn anim proper score=0.111 || данный para=1306 ADJF gent sing femn score=0.111 || данный para=1306 ADJF datv sing femn score=0.111 || данный para=1306 ADJF ablt sing femn score=0.111 || данный para=1306 ADJF loct sing femn score=0.111	yes	yes	lowercase_common	дали,дан,дана,данна,данные,данный,дать,дай,дам,данная,данного,данное
pool/gauss.txt	Количество силовых линий , исходящих из заряда ( начинающихся в нём ) равно величине этого заряда ( это определение заряда в данной модели ). Для отрицательных зарядов всё так же , только заряд равен минус количеству входящих в него ( кончающихся на нём ) линий .	входящих	входящий para=213 ADJF gent plur score=0.167 || входящий para=213 ADJF accs plur anim score=0.167 || входящий para=213 ADJF loct plur score=0.167 || входить para=498 PRTF gent plur score=0.167 || входить para=498 PRTF accs plur anim score=0.167 || входить para=498 PRTF loct plur score=0.167	yes	yes		входить,входящий,входящая,входящего,входящее,входящей,входящем,входящему,входящею,входящие,входящим,входящими
pool/gauss.txt	Количество силовых линий , исходящих из заряда ( начинающихся в нём ) равно величине этого заряда ( это определение заряда в данной модели ). Для отрицательных зарядов всё так же , только заряд равен минус количеству входящих в него ( кончающихся на нём ) линий .	него	он para=2303 NPRO gent sing masc score=0.333 || оно para=2306 NPRO gent sing neut score=0.333 || он para=2303 NPRO accs sing masc score=0.167 || оно para=2306 NPRO accs sing neut score=0.167	yes	no		его,он,оно,ему,нему
pool/gauss.txt	Исходя из этих двух положений , теорема Гаусса представляется очевидной в формулировке : количество линий , исходящих из замкнутой поверхности , пропорционально суммарному количеству зарядов внутри неё — то есть количеству линий , появившихся внутри неё .	исходящих	исходящий para=213 ADJF gent plur score=0.125 || исходящий para=213 ADJF accs plur anim score=0.125 || исходящий para=213 ADJF loct plur score=0.125 || исходить para=498 PRTF gent plur score=0.125 || исходить para=498 PRTF accs plur anim score=0.125 || исходить para=498 PRTF loct plur score=0.125 || исходящая para=1738 NOUN gent plur femn inan score=0.125 || исходящая para=1738 NOUN loct plur femn inan score=0.125	yes	yes		исходить,исходящая,исходящий,исходи,исходив,исходившая,исходившего,исходившее,исходившей,исходившем,исходившему,исходившею
pool/gauss.txt	Исходя из этих двух положений , теорема Гаусса представляется очевидной в формулировке : количество линий , исходящих из замкнутой поверхности , пропорционально суммарному количеству зарядов внутри неё — то есть количеству линий , появившихся внутри неё .	замкнутой	замкнутый para=4 ADJF gent sing femn score=0.125 || замкнутый para=4 ADJF datv sing femn score=0.125 || замкнутый para=4 ADJF ablt sing femn score=0.125 || замкнутый para=4 ADJF loct sing femn score=0.125 || замкнуть para=758 PRTF gent sing femn score=0.125 || замкнуть para=758 PRTF datv sing femn score=0.125 || замкнуть para=758 PRTF ablt sing femn score=0.125 || замкнуть para=758 PRTF loct sing femn score=0.125	yes	yes		замкнуто,замкнутый,замкнуть,замкнут,замкнута,замкнутая,замкнутого,замкнутое,замкнутом,замкнутому,замкнутою,замкнутую
pool/gauss.txt	Исходя из этих двух положений , теорема Гаусса представляется очевидной в формулировке : количество линий , исходящих из замкнутой поверхности , пропорционально суммарному количеству зарядов внутри неё — то есть количеству линий , появившихся внутри неё .	пропорционально	пропорционально para=3 ADVB score=0.500 || пропорциональный para=220 ADJF sing neut score=0.500	yes	yes		пропорциональный
pool/gauss.txt	То же можно сказать о линиях , начавшихся и закончившихся вне данной поверхности , — по той же причине они также дадут нулевой вклад в поток через неё .	данной	дать para=884 PRTF gent sing femn score=0.111 || дать para=884 PRTF datv sing femn score=0.111 || дать para=884 PRTF ablt sing femn score=0.111 || дать para=884 PRTF loct sing femn score=0.111 || данна para=69 NOUN ablt sing femn anim proper score=0.111 || данный para=1306 ADJF gent sing femn score=0.111 || данный para=1306 ADJF datv sing femn score=0.111 || данный para=1306 ADJF ablt sing femn score=0.111 || данный para=1306 ADJF loct sing femn score=0.111	yes	yes	lowercase_common	дали,дан,дана,данна,данные,данный,дать,дай,дам,данная,данного,данное
pool/gauss.txt	Этот факт позволяет использовать течение несжимаемой жидкости в качестве аналогии ( формальной модели ), позволяющей прояснить её смысл и наглядно представить её математическое содержание .	её	она para=2304 NPRO accs sing femn score=0.103 || ее para=1440 ADJF accs plur score=0.069	yes	yes		ея,она,нею
pool/gauss.txt	Этот факт позволяет использовать течение несжимаемой жидкости в качестве аналогии ( формальной модели ), позволяющей прояснить её смысл и наглядно представить её математическое содержание .	её	она para=2304 NPRO accs sing femn score=0.103 || ее para=1440 ADJF accs plur score=0.069	yes	yes		ея,она,нею
pool/gauss.txt	Достаточно указать на такие термины , как источник поля ( применительно к заряду ) или поток через поверхность , которые полностью и точно соответствуют в рассматриваемой аналогии понятиям : источник жидкости ( в смысле места , где жидкость возникает и количественной меры её возникновения — объём , 	её	она para=2304 NPRO accs sing femn score=0.103 || ее para=1440 ADJF accs plur score=0.069	yes	yes		ея,она,нею
pool/gauss.txt	Достаточно указать на такие термины , как источник поля ( применительно к заряду ) или поток через поверхность , которые полностью и точно соответствуют в рассматриваемой аналогии понятиям : источник жидкости ( в смысле места , где жидкость возникает и количественной меры её возникновения — объём , 	исходящий	исходящий para=213 ADJF nomn sing masc score=0.250 || исходящий para=213 ADJF accs sing masc inan score=0.250 || исходить para=498 PRTF nomn sing masc score=0.250 || исходить para=498 PRTF accs sing masc inan score=0.250	yes	yes		исходить,исходящая,исходи,исходив,исходившая,исходившего,исходившее,исходившей,исходившем,исходившему,исходившею,исходивши
pool/gauss.txt	Достаточно указать на такие термины , как источник поля ( применительно к заряду ) или поток через поверхность , которые полностью и точно соответствуют в рассматриваемой аналогии понятиям : источник жидкости ( в смысле места , где жидкость возникает и количественной меры её возникновения — объём , 	замкнутой	замкнутый para=4 ADJF gent sing femn score=0.125 || замкнутый para=4 ADJF datv sing femn score=0.125 || замкнутый para=4 ADJF ablt sing femn score=0.125 || замкнутый para=4 ADJF loct sing femn score=0.125 || замкнуть para=758 PRTF gent sing femn score=0.125 || замкнуть para=758 PRTF datv sing femn score=0.125 || замкнуть para=758 PRTF ablt sing femn score=0.125 || замкнуть para=758 PRTF loct sing femn score=0.125	yes	yes		замкнуто,замкнутый,замкнуть,замкнут,замкнута,замкнутая,замкнутого,замкнутое,замкнутом,замкнутому,замкнутою,замкнутую
pool/gauss.txt	Или , более формально : Поток вектора скорости жидкости через замкнутую поверхность равен сумме источников , находящихся внутри этой поверхности .	замкнутую	замкнутый para=4 ADJF accs sing femn score=0.500 || замкнуть para=758 PRTF accs sing femn score=0.500	yes	yes		замкнуто,замкнутый,замкнуть,замкнут,замкнута,замкнутая,замкнутого,замкнутое,замкнутой,замкнутом,замкнутому,замкнутою
pool/gauss.txt	( В сущности , это интегральный вариант уравнения непрерывности для несжимаемой жидкости , выражающего сохранение массы жидкости с учётом постоянства её плотности ). В этой формальной аналогии напряжённость поля заменяется на скорость течения жидкости , а заряд — на источник жидкости ( отрицательный	её	она para=2304 NPRO accs sing femn score=0.103 || ее para=1440 ADJF accs plur score=0.069	yes	yes		ея,она,нею
pool/gauss.txt	Так , для точечного заряда очевидно , что поток напряжённости поля через любую поверхность равен потоку через маленькую ( бесконечно маленькую ) сферу , окружающую этот заряд .	очевидно	очевидный para=87 ADJF sing neut score=0.333 || очевидно para=130  score=0.333 || очевидно para=404 ADVB score=0.333	yes	yes		очевидный
pool/gauss.txt	Так , для точечного заряда очевидно , что поток напряжённости поля через любую поверхность равен потоку через маленькую ( бесконечно маленькую ) сферу , окружающую этот заряд .	бесконечно	бесконечно para=3 ADVB score=0.500 || бесконечный para=12 ADJF sing neut score=0.500	yes	yes		бесконечный
pool/gauss.txt	Так , для точечного заряда очевидно , что поток напряжённости поля через любую поверхность равен потоку через маленькую ( бесконечно маленькую ) сферу , окружающую этот заряд .	окружающую	окружающий para=213 ADJF accs sing femn score=0.500 || окружать para=215 PRTF accs sing femn score=0.500	yes	yes		окружать,окружающее,окружающие,окружающий,окружающая,окружающего,окружающей,окружающем,окружающему,окружающею,окружающим,окружающими
pool/gauss.txt	Вблизи заряда ( бесконечно близко к нему ) его собственное поле , очевидно , даёт подавляющий вклад в поток через бесконечно маленькую сферу ( поскольку поле безгранично растёт с уменьшением расстояния ). Значит , остальными полями ( порождаемыми другими зарядами ) можно пренебречь .	бесконечно	бесконечно para=3 ADVB score=0.500 || бесконечный para=12 ADJF sing neut score=0.500	yes	yes		бесконечный
pool/gauss.txt	Вблизи заряда ( бесконечно близко к нему ) его собственное поле , очевидно , даёт подавляющий вклад в поток через бесконечно маленькую сферу ( поскольку поле безгранично растёт с уменьшением расстояния ). Значит , остальными полями ( порождаемыми другими зарядами ) можно пренебречь .	нему	он para=2303 NPRO datv sing masc score=0.500 || оно para=2306 NPRO datv sing neut score=0.500	yes	no		его,он,оно,ему,него
pool/gauss.txt	Вблизи заряда ( бесконечно близко к нему ) его собственное поле , очевидно , даёт подавляющий вклад в поток через бесконечно маленькую сферу ( поскольку поле безгранично растёт с уменьшением расстояния ). Значит , остальными полями ( порождаемыми другими зарядами ) можно пренебречь .	очевидно	очевидный para=87 ADJF sing neut score=0.333 || очевидно para=130  score=0.333 || очевидно para=404 ADVB score=0.333	yes	yes		очевидный
pool/gauss.txt	Вблизи заряда ( бесконечно близко к нему ) его собственное поле , очевидно , даёт подавляющий вклад в поток через бесконечно маленькую сферу ( поскольку поле безгранично растёт с уменьшением расстояния ). Значит , остальными полями ( порождаемыми другими зарядами ) можно пренебречь .	бесконечно	бесконечно para=3 ADVB score=0.500 || бесконечный para=12 ADJF sing neut score=0.500	yes	yes		бесконечный
pool/gauss.txt	Вблизи заряда ( бесконечно близко к нему ) его собственное поле , очевидно , даёт подавляющий вклад в поток через бесконечно маленькую сферу ( поскольку поле безгранично растёт с уменьшением расстояния ). Значит , остальными полями ( порождаемыми другими зарядами ) можно пренебречь .	безгранично	безгранично para=3 ADVB score=0.500 || безграничный para=12 ADJF sing neut score=0.500	yes	yes		безграничный
pool/gauss.txt	Тогда можно увидеть , что данное определение согласуется с обычным ( через закон Кулона ). В современной физике обычно принято считать , что определение через закон Гаусса более фундаментально ( как и сам закон Гаусса по сравнению с законом Кулона — см .	фундаментально	фундаментально para=3 ADVB score=0.500 || фундаментальный para=220 ADJF sing neut score=0.500	yes	yes		фундаментальный
pool/gauss.txt	Встречается упрощённое утверждение , что теорема Гаусса является интегральной формулировкой закона Кулона или наоборот , что закон Кулона является следствием теоремы ( закона ) Гаусса .	упрощённое	упрощенный para=345 ADJF nomn sing neut score=0.250 || упрощенный para=345 ADJF accs sing neut score=0.250 || упростить para=798 PRTF nomn sing neut score=0.250 || упростить para=798 PRTF accs sing neut score=0.250	yes	yes		упростить,упрощенно,упрощенный,упрощён,упрощённая,упрощённо,упрощённого,упрощённой,упрощённом,упрощённому,упрощённою,упрощённую
pool/gauss.txt	Если наивно считать , что закон Кулона и теорема Гаусса эквивалентны , то можно рассуждать так : из теоремы Гаусса следует закон Кулона , из закона Кулона следуют уравнения Максвелла для случая электростатики , т .	т	так para=2997 ADVB score=0.505 || так para=2996  score=0.412 || то para=3013  score=0.412	yes	yes		так,то
pool/gauss.txt	второе уравнение Максвелла ( о равенстве нулю ротора электрического поля ) следует из теоремы Гаусса и является излишним .	второе	второе para=1019 NOUN nomn sing neut inan score=0.316 || второй para=954 ADJF nomn sing neut score=0.316 || второй para=954 ADJF accs sing neut score=0.316 || второе para=1019 NOUN accs sing neut inan score=0.053	yes	yes		второй,второго,втором,второму,вторые,вторым,вторыми,вторых
pool/gauss.txt	На самом деле , при выводе закона Кулона из теоремы Гаусса ( см .	самом	сам para=2823 ADJF loct sing neut score=0.400 || самый para=2825 ADJF loct sing neut score=0.400 || сам para=2823 ADJF loct sing masc score=0.200 || самый para=2825 ADJF loct sing masc score=0.200	yes	no		сам,сами,самый,самого,самой,самому
pool/gauss.txt	ниже ) мы дополнительно используем сферическую симметрию поля точечного заряда , а также нам необходимо ввести принцип суперпозиции , в то время как уравнения Максвелла являются самодостаточными .	необходимо	необходимо para=254  score=0.500 || необходимый para=249 ADJF sing neut score=0.500	yes	yes		необходимый
pool/gauss.txt	Закон Кулона как следствие закона Гаусса Исходим из теоремы Гаусса , записав её в единицах системы СИ , « Поток вектора напряжённости через поверхность пропорционален заряду , заключённому в эту поверхность »: Для вывода Закона Кулона , будем рассматривать единственный точечный заряд в пределах замк	её	она para=2304 NPRO accs sing femn score=0.103 || ее para=1440 ADJF accs plur score=0.069	yes	yes		ея,она,нею
pool/gauss.txt	Закон Кулона как следствие закона Гаусса Исходим из теоремы Гаусса , записав её в единицах системы СИ , « Поток вектора напряжённости через поверхность пропорционален заряду , заключённому в эту поверхность »: Для вывода Закона Кулона , будем рассматривать единственный точечный заряд в пределах замк	замкнутой	замкнутый para=4 ADJF gent sing femn score=0.125 || замкнутый para=4 ADJF datv sing femn score=0.125 || замкнутый para=4 ADJF ablt sing femn score=0.125 || замкнутый para=4 ADJF loct sing femn score=0.125 || замкнуть para=758 PRTF gent sing femn score=0.125 || замкнуть para=758 PRTF datv sing femn score=0.125 || замкнуть para=758 PRTF ablt sing femn score=0.125 || замкнуть para=758 PRTF loct sing femn score=0.125	yes	yes		замкнуто,замкнутый,замкнуть,замкнут,замкнута,замкнутая,замкнутого,замкнутое,замкнутом,замкнутому,замкнутою,замкнутую
pool/gauss.txt	Будем считать , что справедливо утверждение о сферической симметрии поля точечного заряда относительно положения заряда ( Опыт показывает , что оно в точности справедливо лишь для покоящегося заряда ). Из этого делаем вывод , что электрическое поле будет направлено прямо от заряда , а его величина б	покоящегося	покоящийся para=158 ADJF gent sing masc score=0.167 || покоящийся para=158 ADJF accs sing masc anim score=0.167 || покоящийся para=158 ADJF gent sing neut score=0.167 || покоиться para=448 PRTF gent sing masc score=0.167 || покоиться para=448 PRTF accs sing masc anim score=0.167 || покоиться para=448 PRTF gent sing neut score=0.167	yes	yes		покоиться,покоящийся,покоящаяся,покоящееся,покоящейся,покоящемся,покоящемуся,покоящеюся,покоящиеся,покоящимися,покоящимся,покоящихся
pool/gauss.txt	Будем считать , что справедливо утверждение о сферической симметрии поля точечного заряда относительно положения заряда ( Опыт показывает , что оно в точности справедливо лишь для покоящегося заряда ). Из этого делаем вывод , что электрическое поле будет направлено прямо от заряда , а его величина б	прямо	прямо para=3 ADVB score=0.333 || прямо para=22  score=0.333 || прямой para=1215 ADJF sing neut score=0.333	yes	yes		прямая,прямой,прямою,прямую,прямые,прямым,прямыми,прямых
pool/gauss.txt	Действительно , напряжённость поля E тогда будет всюду ортогональна dS , а абсолютная величина вектора E ( будем обозначать её E ) будет одинакова везде на этой сфере , и её можно будет вынести за знак интеграла .	Действительно	действительно para=3 ADVB score=0.333 || действительно para=130  score=0.333 || действительный para=220 ADJF sing neut score=0.333	yes	yes		действительный
pool/gauss.txt	Действительно , напряжённость поля E тогда будет всюду ортогональна dS , а абсолютная величина вектора E ( будем обозначать её E ) будет одинакова везде на этой сфере , и её можно будет вынести за знак интеграла .	её	она para=2304 NPRO accs sing femn score=0.103 || ее para=1440 ADJF accs plur score=0.069	yes	yes		ея,она,нею
pool/gauss.txt	Действительно , напряжённость поля E тогда будет всюду ортогональна dS , а абсолютная величина вектора E ( будем обозначать её E ) будет одинакова везде на этой сфере , и её можно будет вынести за знак интеграла .	её	она para=2304 NPRO accs sing femn score=0.103 || ее para=1440 ADJF accs plur score=0.069	yes	yes		ея,она,нею
pool/gauss.txt	Окружим заряд ещё одной поверхностью — сферой S0 с центром в заряде и радиусом R0 столь малым , что она целиком находится внутри поверхности S .	малым	малое para=1019 NOUN ablt sing neut inan score=0.267 || малый para=1985 ADJF ablt sing masc score=0.200 || малый para=1985 ADJF datv plur score=0.200 || малый para=227 NOUN ablt sing masc anim score=0.133 || малое para=1019 NOUN datv plur neut inan score=0.067 || малый para=227 NOUN datv plur masc anim score=0.067 || малый para=1985 ADJF ablt sing neut score=0.067	yes	yes		малей,малое,малый,малее,малого,малом,малому,малые,малыми,малых,меньшая,меньшим
pool/gauss.txt	Вычислим поток через S0 : Выберем малый ( бесконечно малый , малый не только по величине , но и « компактно », то есть так , чтобы он , скажем , мог быть покрыт круговым конусом также малого телесного угла ), телесный угол с вершиной в заряде .	Вычислим	вычислимый para=193 ADJF sing masc score=0.333 || вычислить para=651 VERB plur score=0.333 || вычислить para=651 VERB sing score=0.333	yes	yes		вычислимый,вычислить
pool/gauss.txt	Вычислим поток через S0 : Выберем малый ( бесконечно малый , малый не только по величине , но и « компактно », то есть так , чтобы он , скажем , мог быть покрыт круговым конусом также малого телесного угла ), телесный угол с вершиной в заряде .	бесконечно	бесконечно para=3 ADVB score=0.500 || бесконечный para=12 ADJF sing neut score=0.500	yes	yes		бесконечный
pool/gauss.txt	— поток через площадку , вырезаемую телесным углом из поверхности S , равен потоку через площадку вырезаемую телесным углом из любой плоскости , перпендикулярной лучам , лежащим внутри , которые при бесконечно малом телесном угле почти параллельны , отличаясь по направлению бесконечно мало , значит 	бесконечно	бесконечно para=3 ADVB score=0.500 || бесконечный para=12 ADJF sing neut score=0.500	yes	yes		бесконечный
pool/gauss.txt	— поток через площадку , вырезаемую телесным углом из поверхности S , равен потоку через площадку вырезаемую телесным углом из любой плоскости , перпендикулярной лучам , лежащим внутри , которые при бесконечно малом телесном угле почти параллельны , отличаясь по направлению бесконечно мало , значит 	угле	угол para=3073 NOUN loct sing masc inan score=0.500 || уголь para=3074 NOUN loct sing masc inan score=0.500	yes	yes		угол,уголь
pool/gauss.txt	— поток через площадку , вырезаемую телесным углом из поверхности S , равен потоку через площадку вырезаемую телесным углом из любой плоскости , перпендикулярной лучам , лежащим внутри , которые при бесконечно малом телесном угле почти параллельны , отличаясь по направлению бесконечно мало , значит 	бесконечно	бесконечно para=3 ADVB score=0.500 || бесконечный para=12 ADJF sing neut score=0.500	yes	yes		бесконечный
pool/gauss.txt	Первое доказывается замечанием о том , что поток через малую площадку dS может быть представлен как , где — проекция вектора dS на направление вектора E , то есть площадь проекции данной площадки на плоскость , перпендикулярную E .	данной	дать para=884 PRTF gent sing femn score=0.111 || дать para=884 PRTF datv sing femn score=0.111 || дать para=884 PRTF ablt sing femn score=0.111 || дать para=884 PRTF loct sing femn score=0.111 || данна para=69 NOUN ablt sing femn anim proper score=0.111 || данный para=1306 ADJF gent sing femn score=0.111 || данный para=1306 ADJF datv sing femn score=0.111 || данный para=1306 ADJF ablt sing femn score=0.111 || данный para=1306 ADJF loct sing femn score=0.111	yes	yes	lowercase_common	дали,дан,дана,данна,данные,данный,дать,дай,дам,данная,данного,данное
pool/gauss.txt	Второе видно из соображений подобия и закона Кулона ( обозначив r расстояние от заряда до пересечения c S , видим , что отношение площадей и равно , в то время как , то есть обратному числу , в результате чего их произведения одинаковы , а это и есть потоки и , равенство которых надо было доказать .	Второе	второе para=1019 NOUN nomn sing neut inan score=0.316 || второй para=954 ADJF nomn sing neut score=0.316 || второй para=954 ADJF accs sing neut score=0.316 || второе para=1019 NOUN accs sing neut inan score=0.053	yes	yes		второй,второго,втором,второму,вторые,вторым,вторыми,вторых
pool/gauss.txt	Второе видно из соображений подобия и закона Кулона ( обозначив r расстояние от заряда до пересечения c S , видим , что отношение площадей и равно , в то время как , то есть обратному числу , в результате чего их произведения одинаковы , а это и есть потоки и , равенство которых надо было доказать .	видно	видно para=130  score=0.333 || видный para=223 ADJF sing neut score=0.333 || видно para=254  score=0.333	yes	yes		видное,видный,виден,видного,видном,видному,видные,видным,видными,видных
pool/gauss.txt	Второе видно из соображений подобия и закона Кулона ( обозначив r расстояние от заряда до пересечения c S , видим , что отношение площадей и равно , в то время как , то есть обратному числу , в результате чего их произведения одинаковы , а это и есть потоки и , равенство которых надо было доказать .	их	они para=2305 NPRO accs plur score=0.139 || их para=1440 ADJF nomn sing femn score=0.083 || они para=2305 NPRO gent plur score=0.083 || их para=1440 ADJF accs sing neut score=0.056 || их para=1440 ADJF nomn plur score=0.056	yes	yes		они,им,ним
pool/gauss.txt	А учитывая знаки при сложении ( они , очевидно , чередуются ; всего же количество пересечений должно оказаться нечётным ), итоговый ответ оказывается тем же , что и для случая единственного пересечения .	очевидно	очевидный para=87 ADJF sing neut score=0.333 || очевидно para=130  score=0.333 || очевидно para=404 ADVB score=0.333	yes	yes		очевидный
pool/gauss.txt	А учитывая знаки при сложении ( они , очевидно , чередуются ; всего же количество пересечений должно оказаться нечётным ), итоговый ответ оказывается тем же , что и для случая единственного пересечения .	должно	должный para=35 ADJF sing neut score=0.500 || должно para=254  score=0.500	yes	yes		должный,должного,должном,должному,должные,должным,должными,должных
pool/gauss.txt	А поскольку равенство этих потоков выполняется для любого малого , то есть для каждого соответственного элемента S и S0 , между которыми устанавливается однозначное соответствие , причём таким образом можно разбить всю сферу S0 без остатка на такие элементы , то равенство верно и для потоков через п	малого	малое para=1019 NOUN gent sing neut inan score=0.583 || малый para=227 NOUN gent sing masc anim score=0.083 || малый para=227 NOUN accs sing masc anim score=0.083 || малый para=1985 ADJF gent sing masc score=0.083 || малый para=1985 ADJF accs sing masc anim score=0.083 || малый para=1985 ADJF gent sing neut score=0.083	yes	yes	preposition:для	малым
pool/gauss.txt	А поскольку равенство этих потоков выполняется для любого малого , то есть для каждого соответственного элемента S и S0 , между которыми устанавливается однозначное соответствие , причём таким образом можно разбить всю сферу S0 без остатка на такие элементы , то равенство верно и для потоков через п	верно	верно para=130  score=0.333 || верный para=223 ADJF sing neut score=0.333 || верно para=404 ADVB score=0.333	yes	yes		вернее,верный,верней
pool/gauss.txt	А поскольку равенство этих потоков выполняется для любого малого , то есть для каждого соответственного элемента S и S0 , между которыми устанавливается однозначное соответствие , причём таким образом можно разбить всю сферу S0 без остатка на такие элементы , то равенство верно и для потоков через п	замкнутая	замкнутый para=4 ADJF nomn sing femn score=0.500 || замкнуть para=758 PRTF nomn sing femn score=0.500	yes	yes		замкнуто,замкнутый,замкнуть,замкнут,замкнута,замкнутого,замкнутое,замкнутой,замкнутом,замкнутому,замкнутою,замкнутую
pool/gauss.txt	А поскольку равенство этих потоков выполняется для любого малого , то есть для каждого соответственного элемента S и S0 , между которыми устанавливается однозначное соответствие , причём таким образом можно разбить всю сферу S0 без остатка на такие элементы , то равенство верно и для потоков через п	соответствующий	соответствовать para=177 PRTF nomn sing masc score=0.250 || соответствовать para=177 PRTF accs sing masc inan score=0.250 || соответствующий para=213 ADJF nomn sing masc score=0.250 || соответствующий para=213 ADJF accs sing masc inan score=0.250	yes	yes		соответствовать,соответствующая,соответствующего,соответствующее,соответствующей,соответствующем,соответствующему,соответствующею,соответствующие,соответствующим,соответствующими,соответствующих
pool/gauss.txt	А поскольку равенство этих потоков выполняется для любого малого , то есть для каждого соответственного элемента S и S0 , между которыми устанавливается однозначное соответствие , причём таким образом можно разбить всю сферу S0 без остатка на такие элементы , то равенство верно и для потоков через п	выше	выше para=3 ADVB score=0.286 || высоко para=1134  score=0.286 || выше para=24 PREP score=0.143 || выша para=302 NOUN datv sing femn inan proper score=0.143 || выша para=302 NOUN loct sing femn inan proper score=0.143	yes	yes	lowercase_common	высоко
pool/gauss.txt	А поскольку равенство этих потоков выполняется для любого малого , то есть для каждого соответственного элемента S и S0 , между которыми устанавливается однозначное соответствие , причём таким образом можно разбить всю сферу S0 без остатка на такие элементы , то равенство верно и для потоков через п	их	они para=2305 NPRO accs plur score=0.139 || их para=1440 ADJF nomn sing femn score=0.083 || они para=2305 NPRO gent plur score=0.083 || их para=1440 ADJF accs sing neut score=0.056 || их para=1440 ADJF nomn plur score=0.056	yes	yes		они,им,ним
pool/gauss.txt	А поскольку равенство этих потоков выполняется для любого малого , то есть для каждого соответственного элемента S и S0 , между которыми устанавливается однозначное соответствие , причём таким образом можно разбить всю сферу S0 без остатка на такие элементы , то равенство верно и для потоков через п	замкнутой	замкнутый para=4 ADJF gent sing femn score=0.125 || замкнутый para=4 ADJF datv sing femn score=0.125 || замкнутый para=4 ADJF ablt sing femn score=0.125 || замкнутый para=4 ADJF loct sing femn score=0.125 || замкнуть para=758 PRTF gent sing femn score=0.125 || замкнуть para=758 PRTF datv sing femn score=0.125 || замкнуть para=758 PRTF ablt sing femn score=0.125 || замкнуть para=758 PRTF loct sing femn score=0.125	yes	yes		замкнуто,замкнутый,замкнуть,замкнут,замкнута,замкнутая,замкнутого,замкнутое,замкнутом,замкнутому,замкнутою,замкнутую
pool/gauss.txt	( малый телесный угол теперь пересечёт S чётное число раз , потоки будут равны по абсолютной величине , но противоположны по знаку ). Суммирование элементарных потоков производится также аналогично сделанному в пункте 1 , как и их вычисление .	их	они para=2305 NPRO accs plur score=0.139 || их para=1440 ADJF nomn sing femn score=0.083 || они para=2305 NPRO gent plur score=0.083 || их para=1440 ADJF accs sing neut score=0.056 || их para=1440 ADJF nomn plur score=0.056	yes	yes		они,им,ним
pool/gauss.txt	Итак , для одного заряда вне замкнутой поверхности поток через неё нуль .	замкнутой	замкнутый para=4 ADJF gent sing femn score=0.125 || замкнутый para=4 ADJF datv sing femn score=0.125 || замкнутый para=4 ADJF ablt sing femn score=0.125 || замкнутый para=4 ADJF loct sing femn score=0.125 || замкнуть para=758 PRTF gent sing femn score=0.125 || замкнуть para=758 PRTF datv sing femn score=0.125 || замкнуть para=758 PRTF ablt sing femn score=0.125 || замкнуть para=758 PRTF loct sing femn score=0.125	yes	yes		замкнуто,замкнутый,замкнуть,замкнут,замкнута,замкнутая,замкнутого,замкнутое,замкнутом,замкнутому,замкнутою,замкнутую
pool/gauss.txt	Если для каждого точечного заряда поле , создаваемое им ( когда остальные заряды отсутствуют ), создаёт через поверхность поток , удовлетворяющий теореме Гаусса ( то есть для каждого заряда внутри поверхности , и 0 для каждого снаружи поверхности ), то поток от суммарного поля равен сумме потоков , 	создаваемое	создавать para=882 PRTF nomn sing neut score=0.250 || создавать para=882 PRTF accs sing neut score=0.250 || создаваемый para=10 ADJF nomn sing neut score=0.250 || создаваемый para=10 ADJF accs sing neut score=0.250	yes	yes		создаваемый,создавать,создаваемая,создаваемого,создаваемой,создаваемом,создаваемому,создаваемою,создаваемую,создаваемые,создаваемым,создаваемыми
pool/gauss.txt	Если для каждого точечного заряда поле , создаваемое им ( когда остальные заряды отсутствуют ), создаёт через поверхность поток , удовлетворяющий теореме Гаусса ( то есть для каждого заряда внутри поверхности , и 0 для каждого снаружи поверхности ), то поток от суммарного поля равен сумме потоков , 	создаваемых	создавать para=882 PRTF gent plur score=0.167 || создавать para=882 PRTF accs plur anim score=0.167 || создавать para=882 PRTF loct plur score=0.167 || создаваемый para=10 ADJF gent plur score=0.167 || создаваемый para=10 ADJF accs plur anim score=0.167 || создаваемый para=10 ADJF loct plur score=0.167	yes	yes		создаваемый,создавать,создаваемая,создаваемого,создаваемое,создаваемой,создаваемом,создаваемому,создаваемою,создаваемую,создаваемые,создаваемым
pool/gauss.txt	Исходя из принципа суперпозиции полагаем , что поле , создаваемое многими зарядами , также удовлетворяет этому дифференциальному уравнению ( попутно замечая , что уравнение это линейное , а следовательно принцип суперпозиции применим ). 4 .	создаваемое	создавать para=882 PRTF nomn sing neut score=0.250 || создавать para=882 PRTF accs sing neut score=0.250 || создаваемый para=10 ADJF nomn sing neut score=0.250 || создаваемый para=10 ADJF accs sing neut score=0.250	yes	yes		создаваемый,создавать,создаваемая,создаваемого,создаваемой,создаваемом,создаваемому,создаваемою,создаваемую,создаваемые,создаваемым,создаваемыми
pool/gauss.txt	Применение теоремы Гаусса Являясь , вкупе с уравнением о нулевой циркуляции электрического поля , основным полевым уравнением электростатики , теорема Гаусса вместе с выражением векторного электрического поля через его скалярный потенциал приводит к уравнению Пуассона — основному и единственному диф	основным	основный para=12 ADJF ablt sing masc score=0.143 || основный para=12 ADJF ablt sing neut score=0.143 || основный para=12 ADJF datv plur score=0.143 || основной para=138 ADJF ablt sing masc score=0.143 || основной para=138 ADJF ablt sing neut score=0.143 || основной para=138 ADJF datv plur score=0.143 || основное para=2336 NOUN ablt sing neut inan score=0.143	yes	yes		основное,основной,основный,основная,основнее,основней,основного,основном,основному,основною,основную,основные
pool/gauss.txt	Применение теоремы Гаусса Являясь , вкупе с уравнением о нулевой циркуляции электрического поля , основным полевым уравнением электростатики , теорема Гаусса вместе с выражением векторного электрического поля через его скалярный потенциал приводит к уравнению Пуассона — основному и единственному диф	основному	основный para=12 ADJF datv sing masc score=0.200 || основный para=12 ADJF datv sing neut score=0.200 || основной para=138 ADJF datv sing masc score=0.200 || основной para=138 ADJF datv sing neut score=0.200 || основное para=2336 NOUN datv sing neut inan score=0.200	yes	yes		основное,основной,основный,основная,основнее,основней,основного,основном,основною,основную,основные,основным
pool/gauss.txt	выше ). Конкретные примеры такого применения теоремы Гаусса разобраны ниже .	выше	выше para=3 ADVB score=0.286 || высоко para=1134  score=0.286 || выше para=24 PREP score=0.143 || выша para=302 NOUN datv sing femn inan proper score=0.143 || выша para=302 NOUN loct sing femn inan proper score=0.143	yes	yes	lowercase_common	высоко
pool/gauss.txt	В них используются следующие величины и обозначения : Объёмная плотность заряда где — ( бесконечно малый ) элемент объёма , Поверхностная плотность заряда где — ( бесконечно малый ) элемент поверхности .	бесконечно	бесконечно para=3 ADVB score=0.500 || бесконечный para=12 ADJF sing neut score=0.500	yes	yes		бесконечный
pool/gauss.txt	В них используются следующие величины и обозначения : Объёмная плотность заряда где — ( бесконечно малый ) элемент объёма , Поверхностная плотность заряда где — ( бесконечно малый ) элемент поверхности .	бесконечно	бесконечно para=3 ADVB score=0.500 || бесконечный para=12 ADJF sing neut score=0.500	yes	yes		бесконечный
pool/gauss.txt	Линейная плотность заряда где — длина бесконечно малого отрезка .	бесконечно	бесконечно para=3 ADVB score=0.500 || бесконечный para=12 ADJF sing neut score=0.500	yes	yes		бесконечный
pool/gauss.txt	( Первая используется для зарядов , непрерывно распределённых по объёму , вторая — для распределённых по поверхности , третья — для распределённых по одномерной линии ( кривой , прямой ). Расчёт напряжённости поля сферически симметричного распределения заряда Способ расчёта с помощью теоремы Гаусса 	распределённых	распределенный para=10 ADJF gent plur score=0.167 || распределенный para=10 ADJF accs plur anim score=0.167 || распределенный para=10 ADJF loct plur score=0.167 || распределить para=754 PRTF gent plur score=0.167 || распределить para=754 PRTF accs plur anim score=0.167 || распределить para=754 PRTF loct plur score=0.167	yes	yes		распределенный,распределить,распределённая,распределённого,распределённое,распределённой,распределённом,распределённому,распределённою,распределённую,распределённые,распределённый
pool/gauss.txt	( Первая используется для зарядов , непрерывно распределённых по объёму , вторая — для распределённых по поверхности , третья — для распределённых по одномерной линии ( кривой , прямой ). Расчёт напряжённости поля сферически симметричного распределения заряда Способ расчёта с помощью теоремы Гаусса 	распределённых	распределенный para=10 ADJF gent plur score=0.167 || распределенный para=10 ADJF accs plur anim score=0.167 || распределенный para=10 ADJF loct plur score=0.167 || распределить para=754 PRTF gent plur score=0.167 || распределить para=754 PRTF accs plur anim score=0.167 || распределить para=754 PRTF loct plur score=0.167	yes	yes		распределенный,распределить,распределённая,распределённого,распределённое,распределённой,распределённом,распределённому,распределённою,распределённую,распределённые,распределённый
pool/gauss.txt	( Первая используется для зарядов , непрерывно распределённых по объёму , вторая — для распределённых по поверхности , третья — для распределённых по одномерной линии ( кривой , прямой ). Расчёт напряжённости поля сферически симметричного распределения заряда Способ расчёта с помощью теоремы Гаусса 	распределённых	распределенный para=10 ADJF gent plur score=0.167 || распределенный para=10 ADJF accs plur anim score=0.167 || распределенный para=10 ADJF loct plur score=0.167 || распределить para=754 PRTF gent plur score=0.167 || распределить para=754 PRTF accs plur anim score=0.167 || распределить para=754 PRTF loct plur score=0.167	yes	yes		распределенный,распределить,распределённая,распределённого,распределённое,распределённой,распределённом,распределённому,распределённою,распределённую,распределённые,распределённый
pool/gauss.txt	( Первая используется для зарядов , непрерывно распределённых по объёму , вторая — для распределённых по поверхности , третья — для распределённых по одномерной линии ( кривой , прямой ). Расчёт напряжённости поля сферически симметричного распределения заряда Способ расчёта с помощью теоремы Гаусса 	кривой	кривая para=117 NOUN gent sing femn inan score=0.214 || кривая para=117 NOUN datv sing femn inan score=0.143 || кривая para=117 NOUN ablt sing femn inan score=0.143 || кривая para=117 NOUN loct sing femn inan score=0.071 || кривой para=1863 ADJF nomn sing masc score=0.071 || кривой para=1863 ADJF accs sing masc inan score=0.071 || кривой para=1863 ADJF gent sing femn score=0.071 || кривой para=1863 ADJF datv sing femn score=0.071 || кривой para=1863 ADJF ablt sing femn score=0.071 || кривой para=1863 ADJF loct sing femn score=0.071	yes	yes		кривая,кривей,кривою,кривую,кривые,кривым,кривыми,кривых
pool/gauss.txt	( Первая используется для зарядов , непрерывно распределённых по объёму , вторая — для распределённых по поверхности , третья — для распределённых по одномерной линии ( кривой , прямой ). Расчёт напряжённости поля сферически симметричного распределения заряда Способ расчёта с помощью теоремы Гаусса 	выше	выше para=3 ADVB score=0.286 || высоко para=1134  score=0.286 || выше para=24 PREP score=0.143 || выша para=302 NOUN datv sing femn inan proper score=0.143 || выша para=302 NOUN loct sing femn inan proper score=0.143	yes	yes	lowercase_common	высоко
pool/gauss.txt	Это поле можно рассчитать по закону Кулона : , только под Q здесь следует понимать суммарный заряд шаровой области радиусом r ( а это означает , что зависимость от r в итоге отличается от кулоновской , поскольку с ростом r растет Q , по крайней мере пока r не больше радиуса всей заряженной области —	мере	мера para=55 NOUN datv sing femn inan score=0.500 || меря para=353 NOUN datv sing femn inan score=0.500 || мера para=55 NOUN loct sing femn inan score=0.167 || меря para=353 NOUN loct sing femn inan score=0.167	yes	yes	adjective_agreement	мера,мери,меря,мерей,мерею,мерь,мерю
pool/gauss.txt	Это поле можно рассчитать по закону Кулона : , только под Q здесь следует понимать суммарный заряд шаровой области радиусом r ( а это означает , что зависимость от r в итоге отличается от кулоновской , поскольку с ростом r растет Q , по крайней мере пока r не больше радиуса всей заряженной области —	больших	больший para=531 ADJF gent plur score=0.167 || больший para=531 ADJF accs plur anim score=0.167 || больший para=531 ADJF loct plur score=0.167 || большой para=532 ADJF gent plur score=0.167 || большой para=532 ADJF accs plur anim score=0.167 || большой para=532 ADJF loct plur score=0.167	yes	no		больше,больший,большой,велик,большая,большие,большим,большими,большую,велика,велики
pool/gauss.txt	Это поле можно рассчитать по закону Кулона : , только под Q здесь следует понимать суммарный заряд шаровой области радиусом r ( а это означает , что зависимость от r в итоге отличается от кулоновской , поскольку с ростом r растет Q , по крайней мере пока r не больше радиуса всей заряженной области —	их	они para=2305 NPRO accs plur score=0.139 || их para=1440 ADJF nomn sing femn score=0.083 || они para=2305 NPRO gent plur score=0.083 || их para=1440 ADJF accs sing neut score=0.056 || их para=1440 ADJF nomn plur score=0.056	yes	yes		они,им,ним
pool/gauss.txt	Расчёт напряжённости поля бесконечной плоскости Рассмотрим поле , создаваемое бесконечной однородно заряженной плоскостью с везде одинаковой поверхностной плотностью заряда .	создаваемое	создавать para=882 PRTF nomn sing neut score=0.250 || создавать para=882 PRTF accs sing neut score=0.250 || создаваемый para=10 ADJF nomn sing neut score=0.250 || создаваемый para=10 ADJF accs sing neut score=0.250	yes	yes		создаваемый,создавать,создаваемая,создаваемого,создаваемой,создаваемом,создаваемому,создаваемою,создаваемую,создаваемые,создаваемым,создаваемыми
pool/gauss.txt	Представим себе мысленно цилиндр с образующими , перпендикулярными к заряженной плоскости , и основаниями ( площадью каждое ), расположенными относительно плоскости симметрично ( см .	Представим	представимый para=193 ADJF sing masc score=0.333 || представить para=787 VERB plur score=0.333 || представить para=787 VERB sing score=0.333	yes	yes		представимый,представить
pool/gauss.txt	Представим себе мысленно цилиндр с образующими , перпендикулярными к заряженной плоскости , и основаниями ( площадью каждое ), расположенными относительно плоскости симметрично ( см .	образующими	образовать para=76 PRTF ablt plur score=0.500 || образующая para=1738 NOUN ablt plur femn inan score=0.500	yes	yes		образованный,образовать,образующая,образован,образованная,образованного,образованное,образованной,образованном,образованному,образованною,образованную
pool/gauss.txt	Представим себе мысленно цилиндр с образующими , перпендикулярными к заряженной плоскости , и основаниями ( площадью каждое ), расположенными относительно плоскости симметрично ( см .	симметрично	симметрично para=3 ADVB score=0.500 || симметричный para=12 ADJF sing neut score=0.500	yes	yes		симметричный
pool/gauss.txt	рисунок ). В силу симметрии : Все векторы напряжённости поля ( в том числе и ) — перпендикулярны заряженной плоскости : действительно , в силу вращательной симметрии задачи , вектор напряжённости при любом повороте относительно оси , перпендикулярной плоскости , должен переходить в себя , а это возм	действительно	действительно para=3 ADVB score=0.333 || действительно para=130  score=0.333 || действительный para=220 ADJF sing neut score=0.333	yes	yes		действительный
pool/gauss.txt	Из этого следует ( кроме прочего ), что поток напряжённости поля через боковую поверхность цилиндра равен нулю ( так как поле направлено везде по касательной к этой поверхности ).. Поток вектора напряжённости равен ( в силу ( 1 )) потоку только через основания цилиндра , а он , в силу того , что и п	касательной	касательная para=117 NOUN datv sing femn inan score=0.273 || касательный para=79 ADJF loct sing femn score=0.182 || касательный para=79 ADJF gent sing femn score=0.091 || касательный para=79 ADJF datv sing femn score=0.091 || касательный para=79 ADJF ablt sing femn score=0.091 || касательная para=117 NOUN gent sing femn inan score=0.091 || касательная para=117 NOUN ablt sing femn inan score=0.091 || касательная para=117 NOUN loct sing femn inan score=0.091	yes	yes		касательная,касательно,касательный,касательною,касательную,касательные,касательным,касательными,касательных
pool/gauss.txt	Применив теорему Гаусса , и учитывая , получим ( в системе СИ ): из чего В системе СГСЭ все рассуждения полностью аналогичны ( с точностью до постоянных коэффициентов ), а ответ записывается как Расчёт напряжённости поля бесконечной нити Рассмотрим поле , создаваемое бесконечной прямолинейной нитью 	создаваемое	создавать para=882 PRTF nomn sing neut score=0.250 || создавать para=882 PRTF accs sing neut score=0.250 || создаваемый para=10 ADJF nomn sing neut score=0.250 || создаваемый para=10 ADJF accs sing neut score=0.250	yes	yes		создаваемый,создавать,создаваемая,создаваемого,создаваемой,создаваемом,создаваемому,создаваемою,создаваемую,создаваемые,создаваемым,создаваемыми
pool/gauss.txt	Пусть требуется определить напряжённость , создаваемую этим полем на расстоянии от нити .	создаваемую	создавать para=882 PRTF accs sing femn score=0.500 || создаваемый para=10 ADJF accs sing femn score=0.500	yes	yes		создаваемый,создавать,создаваемая,создаваемого,создаваемое,создаваемой,создаваемом,создаваемому,создаваемою,создаваемые,создаваемым,создаваемыми
pool/gauss.txt	Тогда поток напряжённости через эту поверхность по теореме Гаусса таков ( в единицах СИ ): В силу симметрии вектор напряжённости поля направлен перпендикулярно нити , прямо от неё ( или прямо к ней ). модуль этого вектора в любой точке поверхности цилиндра одинаков .	прямо	прямо para=3 ADVB score=0.333 || прямо para=22  score=0.333 || прямой para=1215 ADJF sing neut score=0.333	yes	yes		прямая,прямой,прямою,прямую,прямые,прямым,прямыми,прямых
pool/gauss.txt	Тогда поток напряжённости через эту поверхность по теореме Гаусса таков ( в единицах СИ ): В силу симметрии вектор напряжённости поля направлен перпендикулярно нити , прямо от неё ( или прямо к ней ). модуль этого вектора в любой точке поверхности цилиндра одинаков .	прямо	прямо para=3 ADVB score=0.333 || прямо para=22  score=0.333 || прямой para=1215 ADJF sing neut score=0.333	yes	yes		прямая,прямой,прямою,прямую,прямые,прямым,прямыми,прямых
pool/gauss.txt	Тогда поток напряжённости через эту поверхность можно рассчитать следующим образом : Учитывается только площадь боковой поверхности цилиндра , так как поток через основания цилиндра равен нулю ( вследствие направления E по касательной к ним ). Приравнивая два полученных выражения для , имеем : ( В с	следующим	следующий para=213 ADJF ablt sing neut score=0.286 || следующий para=213 ADJF ablt sing masc score=0.143 || следующий para=213 ADJF datv plur score=0.143 || следовать para=2894 PRTF ablt sing masc score=0.143 || следовать para=2894 PRTF ablt sing neut score=0.143 || следовать para=2894 PRTF datv plur score=0.143	yes	yes		следовать,следующий,следуем,следующая,следующего,следующее,следующей,следующем,следующему,следующею,следующие,следующими
pool/gauss.txt	Тогда поток напряжённости через эту поверхность можно рассчитать следующим образом : Учитывается только площадь боковой поверхности цилиндра , так как поток через основания цилиндра равен нулю ( вследствие направления E по касательной к ним ). Приравнивая два полученных выражения для , имеем : ( В с	касательной	касательная para=117 NOUN datv sing femn inan score=0.273 || касательный para=79 ADJF loct sing femn score=0.182 || касательный para=79 ADJF gent sing femn score=0.091 || касательный para=79 ADJF datv sing femn score=0.091 || касательный para=79 ADJF ablt sing femn score=0.091 || касательная para=117 NOUN gent sing femn inan score=0.091 || касательная para=117 NOUN ablt sing femn inan score=0.091 || касательная para=117 NOUN loct sing femn inan score=0.091	yes	yes		касательная,касательно,касательный,касательною,касательную,касательные,касательным,касательными,касательных
pool/gauss.txt	Прежде всего так же , как для сферической симметрии задачи можно рассчитать не только поле точечного заряда , но и других источников такой симметрии , так это верно и для источников цилиндрической симметрии ( можно легко рассчитать поле не только бесконечной нити , но и бесконечного цилиндра — как в	верно	верно para=130  score=0.333 || верный para=223 ADJF sing neut score=0.333 || верно para=404 ADVB score=0.333	yes	yes		вернее,верный,верней
pool/gauss.txt	Прежде всего так же , как для сферической симметрии задачи можно рассчитать не только поле точечного заряда , но и других источников такой симметрии , так это верно и для источников цилиндрической симметрии ( можно легко рассчитать поле не только бесконечной нити , но и бесконечного цилиндра — как в	него	он para=2303 NPRO gent sing masc score=0.333 || оно para=2306 NPRO gent sing neut score=0.333 || он para=2303 NPRO accs sing masc score=0.167 || оно para=2306 NPRO accs sing neut score=0.167	yes	no		его,он,оно,ему,нему
pool/gauss.txt	Например , очевидным результатом такого подхода является утверждение , что в закон Кулона в n - мерном неискривленном пространстве r входит в степени -( n - 1 ), а локально ( при небольших r ) это верно и для искривлённых пространств .	верно	верно para=130  score=0.333 || верный para=223 ADJF sing neut score=0.333 || верно para=404 ADVB score=0.333	yes	yes		вернее,верный,верней
pool/gauss.txt	В качестве примера можно привести задачу о нахождении аналога закона Кулона для двумерного пространства , представляющего собой поверхность сферы ( решение легко находится и очевидно отличается от обычного закона Кулона ). Следствия из теоремы Гаусса Следствием теоремы Гаусса является теорема Ирншоу	очевидно	очевидный para=87 ADJF sing neut score=0.333 || очевидно para=130  score=0.333 || очевидно para=404 ADVB score=0.333	yes	yes		очевидный
pool/gauss.txt	Избыточные заряды могут появляться только на поверхности проводника в тонком слое ( в действительности , его толщина составляет примерно одно - два межатомных расстояний ). Строго говоря , это верно при отсутствие других ( не электростатических ) сил действующими на заряды .	верно	верно para=130  score=0.333 || верный para=223 ADJF sing neut score=0.333 || верно para=404 ADVB score=0.333	yes	yes		вернее,верный,верней
pool/gauss.txt	Избыточные заряды могут появляться только на поверхности проводника в тонком слое ( в действительности , его толщина составляет примерно одно - два межатомных расстояний ). Строго говоря , это верно при отсутствие других ( не электростатических ) сил действующими на заряды .	действующими	действовать para=177 PRTF ablt plur score=0.500 || действующий para=213 ADJF ablt plur score=0.500	yes	yes		действовать,действующий,действующая,действующего,действующее,действующей,действующем,действующему,действующею,действующие,действующим,действующих
pool/gauss.txt	Если эти силы ( обычно их называют сторонними силами ) принять во внимание — то даже внутри проводников может присутствовать электрическое поле .	их	они para=2305 NPRO accs plur score=0.139 || их para=1440 ADJF nomn sing femn score=0.083 || они para=2305 NPRO gent plur score=0.083 || их para=1440 ADJF accs sing neut score=0.056 || их para=1440 ADJF nomn plur score=0.056	yes	yes		они,им,ним
pool/gauss.txt	Например , в поле гравитации более тяжёлые ионы в растворе будут иметь большую концентрацию внизу раствора , а более лёгкие будут стремиться вверх ( из - за силы Архимеда ). Возникающее чрезвычайно малое электрическое поле будет препятствовать такому гравитационному разделению зарядов .	большую	больший para=531 ADJF accs sing femn score=0.500 || большой para=532 ADJF accs sing femn score=0.500	yes	no		больше,больший,большой,велик,большая,большие,большим,большими,больших,велика,велики
pool/gauss.txt	Этот эффект может быть значительным для коллоидных систем , где на одной массивной по сравнению с раствором частице присутствует небольшой заряд а другие частицы , с тем же знаком заряда , что и коллоидные частицы , отсутствуют .	знаком	знак para=19 NOUN ablt sing masc inan score=0.564 || знакомый para=1677 ADJF sing masc score=0.436	yes	yes		знак,знакомый,знаков
pool/gauss.txt	Также это следствие совсем неверно для микромира , где на электроны действуют квантовомеханические силы .	неверно	неверно para=3 ADVB score=0.500 || неверный para=70 ADJF sing neut score=0.500	yes	yes		неверный,неверного,неверном,неверному,неверные,неверным,неверными,неверных
pool/gauss.txt	Например в полупроводниковых солнечных фотоэлементах именно электрическое поле разделяет электроны и « дырки » попарно возникающие в ходе поглощения света ( фотодиссоциации ). Эффект Пельтье , на котором основано действие термопар — яркий пример наличия электростатического поля внутри проводника ( в	попарно	попарно para=3 ADVB score=0.500 || попарный para=70 ADJF sing neut score=0.500	yes	yes		попарный,попарен
pool/integral.txt	« целый ») — одно из важнейших понятий математического анализа , которое возникает при решении задач : о нахождении площади под кривой ; пройденного пути при неравномерном движении ; массы неоднородного тела , и тому подобных ; а также в задаче о восстановлении функции по её производной ( неопределё	кривой	кривая para=117 NOUN gent sing femn inan score=0.214 || кривая para=117 NOUN datv sing femn inan score=0.143 || кривая para=117 NOUN ablt sing femn inan score=0.143 || кривая para=117 NOUN loct sing femn inan score=0.071 || кривой para=1863 ADJF nomn sing masc score=0.071 || кривой para=1863 ADJF accs sing masc inan score=0.071 || кривой para=1863 ADJF gent sing femn score=0.071 || кривой para=1863 ADJF datv sing femn score=0.071 || кривой para=1863 ADJF ablt sing femn score=0.071 || кривой para=1863 ADJF loct sing femn score=0.071	yes	yes		кривая,кривей,кривою,кривую,кривые,кривым,кривыми,кривых
pool/integral.txt	« целый ») — одно из важнейших понятий математического анализа , которое возникает при решении задач : о нахождении площади под кривой ; пройденного пути при неравномерном движении ; массы неоднородного тела , и тому подобных ; а также в задаче о восстановлении функции по её производной ( неопределё	её	она para=2304 NPRO accs sing femn score=0.103 || ее para=1440 ADJF accs plur score=0.069	yes	yes		ея,она,нею
pool/integral.txt	« целый ») — одно из важнейших понятий математического анализа , которое возникает при решении задач : о нахождении площади под кривой ; пройденного пути при неравномерном движении ; массы неоднородного тела , и тому подобных ; а также в задаче о восстановлении функции по её производной ( неопределё	производной	производный para=35 ADJF gent sing femn score=0.125 || производный para=35 ADJF datv sing femn score=0.125 || производный para=35 ADJF ablt sing femn score=0.125 || производный para=35 ADJF loct sing femn score=0.125 || производная para=117 NOUN gent sing femn inan score=0.125 || производная para=117 NOUN datv sing femn inan score=0.125 || производная para=117 NOUN ablt sing femn inan score=0.125 || производная para=117 NOUN loct sing femn inan score=0.125	yes	yes		производная,производный,производною,производную,производные,производным,производными,производных
pool/integral.txt	« целый ») — одно из важнейших понятий математического анализа , которое возникает при решении задач : о нахождении площади под кривой ; пройденного пути при неравномерном движении ; массы неоднородного тела , и тому подобных ; а также в задаче о восстановлении функции по её производной ( неопределё	Упрощённо	упрощенно para=3 ADVB score=0.500 || упрощенный para=345 ADJF sing neut score=0.500	yes	yes		упрощенный,упрощён,упрощённая,упрощённого,упрощённое,упрощённой,упрощённом,упрощённому,упрощённою,упрощённую,упрощённые,упрощённый
pool/integral.txt	« целый ») — одно из важнейших понятий математического анализа , которое возникает при решении задач : о нахождении площади под кривой ; пройденного пути при неравномерном движении ; массы неоднородного тела , и тому подобных ; а также в задаче о восстановлении функции по её производной ( неопределё	бесконечно	бесконечно para=3 ADVB score=0.500 || бесконечный para=12 ADJF sing neut score=0.500	yes	yes		бесконечный
pool/integral.txt	« целый ») — одно из важнейших понятий математического анализа , которое возникает при решении задач : о нахождении площади под кривой ; пройденного пути при неравномерном движении ; массы неоднородного тела , и тому подобных ; а также в задаче о восстановлении функции по её производной ( неопределё	слагаемых	слагаемое para=1019 NOUN gent plur neut inan score=0.200 || слагаемое para=1019 NOUN loct plur neut inan score=0.200 || слагать para=215 PRTF gent plur score=0.200 || слагать para=215 PRTF accs plur anim score=0.200 || слагать para=215 PRTF loct plur score=0.200	yes	yes		слагаемое,слагать,слагаемого,слагаемом,слагаемому,слагаемые,слагаемым,слагаемыми
pool/integral.txt	В зависимости от пространства , на котором задана подынтегральная функция , интеграл может быть двойной , тройной , криволинейный , поверхностный и так далее ; также существуют разные подходы к определению интеграла — различают интегралы Римана , Лебега , Стилтьеса и другие .	Лебега	лебег para=184 NOUN gent sing masc inan score=0.255 || лебега para=384 NOUN nomn plur inan score=0.255 || лебега para=384 NOUN accs plur inan score=0.255	yes	yes		
pool/integral.txt	Неопределённым интегралом функции , или её первообразной , называется такая функция , производная которой равна , то есть .	её	она para=2304 NPRO accs sing femn score=0.103 || ее para=1440 ADJF accs plur score=0.069	yes	yes		ея,она,нею
pool/integral.txt	Неопределённым интегралом функции , или её первообразной , называется такая функция , производная которой равна , то есть .	производная	производный para=35 ADJF nomn sing femn score=0.500 || производная para=117 NOUN nomn sing femn inan score=0.500	yes	yes		производный,производной,производною,производную,производные,производным,производными,производных
pool/integral.txt	Легко показать , что по крайней мере все непрерывные функции имеют первообразную .	мере	мера para=55 NOUN datv sing femn inan score=0.500 || меря para=353 NOUN datv sing femn inan score=0.500 || мера para=55 NOUN loct sing femn inan score=0.167 || меря para=353 NOUN loct sing femn inan score=0.167	yes	yes	adjective_agreement	мера,мери,меря,мерей,мерею,мерь,мерю
pool/integral.txt	Поскольку производные двух функций , отличающихся на константу , совпадают , в выражение для неопределённого интеграла включают произвольную постоянную , например Операция нахождения интеграла называется интегрированием .	производные	производный para=35 ADJF nomn plur score=0.250 || производный para=35 ADJF accs plur inan score=0.250 || производная para=117 NOUN nomn plur femn inan score=0.250 || производная para=117 NOUN accs plur femn inan score=0.250	yes	yes		производная,производный,производной,производною,производную,производным,производными,производных
pool/integral.txt	Операции интегрирования и дифференцирования обратны друг другу в следующем смысле : Определённый интеграл Понятие определённого интеграла возникает в связи с задачей о нахождении площади криволинейной трапеции , нахождении пути по известной скорости при неравномерном движении и тому подобного .	Определённый	определенный para=12 ADJF nomn sing masc score=0.250 || определенный para=12 ADJF accs sing masc inan score=0.250 || определить para=754 PRTF nomn sing masc score=0.250 || определить para=754 PRTF accs sing masc inan score=0.250	yes	yes		определенно,определить,определим,определённая,определённо,определённого,определённое,определённой,определённом,определённому,определённою,определённую
pool/integral.txt	Операции интегрирования и дифференцирования обратны друг другу в следующем смысле : Определённый интеграл Понятие определённого интеграла возникает в связи с задачей о нахождении площади криволинейной трапеции , нахождении пути по известной скорости при неравномерном движении и тому подобного .	определённого	определенный para=12 ADJF gent sing masc score=0.167 || определенный para=12 ADJF accs sing masc anim score=0.167 || определенный para=12 ADJF gent sing neut score=0.167 || определить para=754 PRTF gent sing masc score=0.167 || определить para=754 PRTF accs sing masc anim score=0.167 || определить para=754 PRTF gent sing neut score=0.167	yes	yes		определенно,определенный,определить,определим,определённая,определённо,определённое,определённой,определённом,определённому,определённою,определённую
pool/integral.txt	Рассмотрим фигуру , ограниченную осью абсцисс , прямыми и и графиком функции , называемую криволинейной трапецией ( см .	ограниченную	ограниченный para=345 ADJF accs sing femn score=0.500 || ограничить para=761 PRTF accs sing femn score=0.500	yes	yes		ограниченно,ограниченный,ограничить,ограничен,ограниченная,ограниченного,ограниченное,ограниченной,ограниченном,ограниченному,ограниченною,ограниченные
pool/integral.txt	Для вычисления площади этой фигуры естественно применить следующий приём .	естественно	естественно para=3 ADVB score=0.333 || естественно para=130  score=0.333 || естественный para=301 ADJF sing neut score=0.333	yes	yes		естественный
pool/integral.txt	Для вычисления площади этой фигуры естественно применить следующий приём .	следующий	следующий para=213 ADJF nomn sing masc score=0.250 || следующий para=213 ADJF accs sing masc inan score=0.250 || следовать para=2894 PRTF nomn sing masc score=0.250 || следовать para=2894 PRTF accs sing masc inan score=0.250	yes	yes		следовать,следуем,следующая,следующего,следующее,следующей,следующем,следующему,следующею,следующие,следующим,следующими
pool/integral.txt	Разобьём отрезок на меньшие отрезки точками , такими что , а саму трапецию — на ряд узких полосок , лежащих над отрезками .	отрезки	отрезок para=141 NOUN nomn plur masc inan score=0.286 || отрезок para=141 NOUN accs plur masc inan score=0.286 || отрезка para=8 NOUN gent sing femn inan score=0.143 || отрезка para=8 NOUN nomn plur femn inan score=0.143 || отрезка para=8 NOUN accs plur femn inan score=0.143	yes	yes	preposition:на	отрезка,отрезок,отрезкам,отрезками,отрезках,отрезке,отрезку
pool/integral.txt	Ввиду того , что длина - го отрезка мала , будем считать значение функции на нём примерно постоянным и равным ( кусочно - постоянная интерполяция ). Площадь криволинейной трапеции будет приблизительно равна площади ступенчатой фигуры , изображённой на рисунке : Если же теперь увеличивать число точек	мала	маленький para=1982 ADJF sing femn score=0.333 || маленький para=1982 ADJF gent sing masc score=0.333 || мало para=3277 gent score=0.333	yes	yes		мале,маленькая,маленький,мало,маленькие,маленьким,маленькими,маленьких,маленькой,маленькою,маленькую
pool/integral.txt	Ввиду того , что длина - го отрезка мала , будем считать значение функции на нём примерно постоянным и равным ( кусочно - постоянная интерполяция ). Площадь криволинейной трапеции будет приблизительно равна площади ступенчатой фигуры , изображённой на рисунке : Если же теперь увеличивать число точек	кусочно	кусочно para=3 ADVB score=0.500 || кусочный para=12 ADJF sing neut score=0.500	yes	yes		
pool/integral.txt	Ввиду того , что длина - го отрезка мала , будем считать значение функции на нём примерно постоянным и равным ( кусочно - постоянная интерполяция ). Площадь криволинейной трапеции будет приблизительно равна площади ступенчатой фигуры , изображённой на рисунке : Если же теперь увеличивать число точек	неограниченно	неограниченно para=3 ADVB score=0.500 || неограниченный para=2170 ADJF sing neut score=0.500	yes	yes		неограниченный
pool/integral.txt	Поэтому мы приходим к такому определению : Если существует независимо от выбора точек разбиения отрезка и точек предел суммы (*) при стремлении длин всех отрезков к нулю , то такой предел называется определённым интегралом ( в смысле Римана ) от функции по отрезку и обозначается Сама функция при это	определённым	определенный para=12 ADJF ablt sing masc score=0.167 || определенный para=12 ADJF ablt sing neut score=0.167 || определенный para=12 ADJF datv plur score=0.167 || определить para=754 PRTF ablt sing masc score=0.167 || определить para=754 PRTF ablt sing neut score=0.167 || определить para=754 PRTF datv plur score=0.167	yes	yes		определенно,определенный,определить,определим,определённая,определённо,определённого,определённое,определённой,определённом,определённому,определённою
pool/integral.txt	Поэтому мы приходим к такому определению : Если существует независимо от выбора точек разбиения отрезка и точек предел суммы (*) при стремлении длин всех отрезков к нулю , то такой предел называется определённым интегралом ( в смысле Римана ) от функции по отрезку и обозначается Сама функция при это	отрезке	отрезка para=8 NOUN datv sing femn inan score=0.333 || отрезка para=8 NOUN loct sing femn inan score=0.333 || отрезок para=141 NOUN loct sing masc inan score=0.333	yes	yes	preposition:на	отрезка,отрезок,отрезкам,отрезками,отрезках,отрезки,отрезку
pool/integral.txt	Между определённым и неопределённым интегралом имеется простая связь .	определённым	определенный para=12 ADJF ablt sing masc score=0.167 || определенный para=12 ADJF ablt sing neut score=0.167 || определенный para=12 ADJF datv plur score=0.167 || определить para=754 PRTF ablt sing masc score=0.167 || определить para=754 PRTF ablt sing neut score=0.167 || определить para=754 PRTF datv plur score=0.167	yes	yes		определенно,определенный,определить,определим,определённая,определённо,определённого,определённое,определённой,определённом,определённому,определённою
pool/integral.txt	Интеграл в пространствах большей размерности Двойные и кратные интегралы Понятие двойного интеграла возникает при вычислении объёма цилиндрического бруса , подобно тому , как определённый интеграл связан с вычислением площади криволинейной трапеции .	кратные	кратное para=1019 NOUN nomn plur neut inan score=0.250 || кратное para=1019 NOUN accs plur neut inan score=0.250 || кратный para=12 ADJF nomn plur score=0.250 || кратный para=12 ADJF accs plur inan score=0.250	yes	yes		кратное,кратный,кратного,кратном,кратному,кратным,кратными,кратных
pool/integral.txt	Интеграл в пространствах большей размерности Двойные и кратные интегралы Понятие двойного интеграла возникает при вычислении объёма цилиндрического бруса , подобно тому , как определённый интеграл связан с вычислением площади криволинейной трапеции .	определённый	определенный para=12 ADJF nomn sing masc score=0.250 || определенный para=12 ADJF accs sing masc inan score=0.250 || определить para=754 PRTF nomn sing masc score=0.250 || определить para=754 PRTF accs sing masc inan score=0.250	yes	yes		определенно,определить,определим,определённая,определённо,определённого,определённое,определённой,определённом,определённому,определённою,определённую
pool/integral.txt	Рассмотрим некоторую двумерную фигуру на плоскости и заданную на ней функцию двух переменных .	заданную	задать para=884 PRTF accs sing femn score=0.500 || заданный para=345 ADJF accs sing femn score=0.500	yes	yes		заданный,задать,задам,задан,заданная,заданного,заданное,заданной,заданном,заданному,заданною,заданные
pool/integral.txt	Понимая эту функцию как высоту в данной точке , поставим вопрос о нахождении объёма получившегося тела ( см .	данной	дать para=884 PRTF gent sing femn score=0.111 || дать para=884 PRTF datv sing femn score=0.111 || дать para=884 PRTF ablt sing femn score=0.111 || дать para=884 PRTF loct sing femn score=0.111 || данна para=69 NOUN ablt sing femn anim proper score=0.111 || данный para=1306 ADJF gent sing femn score=0.111 || данный para=1306 ADJF datv sing femn score=0.111 || данный para=1306 ADJF ablt sing femn score=0.111 || данный para=1306 ADJF loct sing femn score=0.111	yes	yes	lowercase_common	дали,дан,дана,данна,данные,данный,дать,дай,дам,данная,данного,данное
pool/integral.txt	Интеграл Дарбу Отказавшись от однозначного сопоставления функции её определённого интеграла , Дарбу сделал интегрируемыми все конечные функции .	её	она para=2304 NPRO accs sing femn score=0.103 || ее para=1440 ADJF accs plur score=0.069	yes	yes		ея,она,нею
pool/integral.txt	Интеграл Дарбу Отказавшись от однозначного сопоставления функции её определённого интеграла , Дарбу сделал интегрируемыми все конечные функции .	определённого	определенный para=12 ADJF gent sing masc score=0.167 || определенный para=12 ADJF accs sing masc anim score=0.167 || определенный para=12 ADJF gent sing neut score=0.167 || определить para=754 PRTF gent sing masc score=0.167 || определить para=754 PRTF accs sing masc anim score=0.167 || определить para=754 PRTF gent sing neut score=0.167	yes	yes		определенно,определенный,определить,определим,определённая,определённо,определённое,определённой,определённом,определённому,определённою,определённую
pool/integral.txt	Это верно и для кратных интегралов Дарбу .	верно	верно para=130  score=0.333 || верный para=223 ADJF sing neut score=0.333 || верно para=404 ADVB score=0.333	yes	yes		вернее,верный,верней
pool/integral.txt	Для каждой конечной неинтегрируемой по Риману функции их два , для интегрируемой оба совпадают .	Риману	риман para=27 NOUN datv sing masc anim proper score=0.250 || риман para=33 NOUN datv sing masc inan proper score=0.250 || римана para=36 NOUN accs sing femn inan proper score=0.250 || римана para=55 NOUN accs sing femn inan score=0.250	yes	yes	mid_sentence_capital	
pool/integral.txt	Для каждой конечной неинтегрируемой по Риману функции их два , для интегрируемой оба совпадают .	их	они para=2305 NPRO accs plur score=0.139 || их para=1440 ADJF nomn sing femn score=0.083 || они para=2305 NPRO gent plur score=0.083 || их para=1440 ADJF accs sing neut score=0.056 || их para=1440 ADJF nomn plur score=0.056	yes	yes		они,им,ним
pool/integral.txt	Интеграл Лебега В основе определения интеграла Лебега лежит понятие - аддитивной меры .	Лебега	лебег para=184 NOUN gent sing masc inan score=0.255 || лебега para=384 NOUN nomn plur inan score=0.255 || лебега para=384 NOUN accs plur inan score=0.255	yes	yes	noun_complement	
pool/integral.txt	Интеграл Лебега В основе определения интеграла Лебега лежит понятие - аддитивной меры .	Лебега	лебег para=184 NOUN gent sing masc inan score=0.255 || лебега para=384 NOUN nomn plur inan score=0.255 || лебега para=384 NOUN accs plur inan score=0.255	yes	yes	noun_complement	
pool/integral.txt	Интеграл Лебега функции , определённой на пространстве по мере , обозначают , или , последние два обозначения употребляют , если необходимо подчеркнуть , что интегрирование ведётся по переменной .	Лебега	лебег para=184 NOUN gent sing masc inan score=0.255 || лебега para=384 NOUN nomn plur inan score=0.255 || лебега para=384 NOUN accs plur inan score=0.255	yes	yes	noun_complement	
pool/integral.txt	Интеграл Лебега функции , определённой на пространстве по мере , обозначают , или , последние два обозначения употребляют , если необходимо подчеркнуть , что интегрирование ведётся по переменной .	определённой	определенный para=12 ADJF gent sing femn score=0.125 || определенный para=12 ADJF datv sing femn score=0.125 || определенный para=12 ADJF ablt sing femn score=0.125 || определенный para=12 ADJF loct sing femn score=0.125 || определить para=754 PRTF gent sing femn score=0.125 || определить para=754 PRTF datv sing femn score=0.125 || определить para=754 PRTF ablt sing femn score=0.125 || определить para=754 PRTF loct sing femn score=0.125	yes	yes		определенно,определенный,определить,определим,определённая,определённо,определённого,определённое,определённом,определённому,определённою,определённую
pool/integral.txt	Интеграл Лебега функции , определённой на пространстве по мере , обозначают , или , последние два обозначения употребляют , если необходимо подчеркнуть , что интегрирование ведётся по переменной .	мере	мера para=55 NOUN datv sing femn inan score=0.500 || меря para=353 NOUN datv sing femn inan score=0.500 || мера para=55 NOUN loct sing femn inan score=0.167 || меря para=353 NOUN loct sing femn inan score=0.167	yes	yes		мера,мери,меря,мерей,мерею,мерь,мерю
pool/integral.txt	Интеграл Лебега функции , определённой на пространстве по мере , обозначают , или , последние два обозначения употребляют , если необходимо подчеркнуть , что интегрирование ведётся по переменной .	необходимо	необходимо para=254  score=0.500 || необходимый para=249 ADJF sing neut score=0.500	yes	yes		необходимый
pool/integral.txt	Однако , часто пользуются следующим не вполне правильным обозначением Полагая меру отрезка ( прямоугольника , параллелепипеда ) равной его длине ( площади , объёму ), а меру конечного либо счётного объединения непересекающихся отрезков ( прямоугольников , параллелепипедов ), соответственно , сумме и	следующим	следующий para=213 ADJF ablt sing neut score=0.286 || следующий para=213 ADJF ablt sing masc score=0.143 || следующий para=213 ADJF datv plur score=0.143 || следовать para=2894 PRTF ablt sing masc score=0.143 || следовать para=2894 PRTF ablt sing neut score=0.143 || следовать para=2894 PRTF datv plur score=0.143	yes	yes		следовать,следующий,следуем,следующая,следующего,следующее,следующей,следующем,следующему,следующею,следующие,следующими
pool/integral.txt	Однако , часто пользуются следующим не вполне правильным обозначением Полагая меру отрезка ( прямоугольника , параллелепипеда ) равной его длине ( площади , объёму ), а меру конечного либо счётного объединения непересекающихся отрезков ( прямоугольников , параллелепипедов ), соответственно , сумме и	их	они para=2305 NPRO accs plur score=0.139 || их para=1440 ADJF nomn sing femn score=0.083 || они para=2305 NPRO gent plur score=0.083 || их para=1440 ADJF accs sing neut score=0.056 || их para=1440 ADJF nomn plur score=0.056	yes	yes		они,им,ним
pool/integral.txt	Однако , часто пользуются следующим не вполне правильным обозначением Полагая меру отрезка ( прямоугольника , параллелепипеда ) равной его длине ( площади , объёму ), а меру конечного либо счётного объединения непересекающихся отрезков ( прямоугольников , параллелепипедов ), соответственно , сумме и	т	так para=2997 ADVB score=0.505 || так para=2996  score=0.412 || то para=3013  score=0.412	yes	yes		так,то
pool/integral.txt	Естественно , в этих пространствах можно ввести и другие меры , отличные от Лебеговой .	Естественно	естественно para=3 ADVB score=0.333 || естественно para=130  score=0.333 || естественный para=301 ADJF sing neut score=0.333	yes	yes		естественный
pool/integral.txt	В отличие от интеграла Римана , определение интеграла Лебега остаётся одинаковым для всех случаев .	Лебега	лебег para=184 NOUN gent sing masc inan score=0.255 || лебега para=384 NOUN nomn plur inan score=0.255 || лебега para=384 NOUN accs plur inan score=0.255	yes	yes	noun_complement	
pool/integral.txt	Идея его состоит в том , что при построении интегральной суммы значения аргумента группируются не по близости к друг другу ( как в определении по Риману ), а по близости соответствующих им значений функции .	Риману	риман para=27 NOUN datv sing masc anim proper score=0.250 || риман para=33 NOUN datv sing masc inan proper score=0.250 || римана para=36 NOUN accs sing femn inan proper score=0.250 || римана para=55 NOUN accs sing femn inan score=0.250	yes	yes	mid_sentence_capital	
pool/integral.txt	При построении интеграла Лебега рассматриваются только измеримые функции , то есть такие , для которых множества измеримы для любого ( это эквивалентно измеримости прообраза любого борелевского множества ). Сначала интеграл определяется для ступенчатых функций , то есть таких , которые принимают кон	Лебега	лебег para=184 NOUN gent sing masc inan score=0.255 || лебега para=384 NOUN nomn plur inan score=0.255 || лебега para=384 NOUN accs plur inan score=0.255	yes	yes	noun_complement	
pool/integral.txt	Если этот ряд абсолютно сходится , ступенчатую функцию назовём интегрируемой в смысле Лебега .	Лебега	лебег para=184 NOUN gent sing masc inan score=0.255 || лебега para=384 NOUN nomn plur inan score=0.255 || лебега para=384 NOUN accs plur inan score=0.255	yes	yes	noun_complement	
pool/integral.txt	Далее , назовём произвольную функцию интегрируемой в смысле Лебега , если существует последовательность интегрируемых ступенчатых функций , равномерно сходящаяся к .	Лебега	лебег para=184 NOUN gent sing masc inan score=0.255 || лебега para=384 NOUN nomn plur inan score=0.255 || лебега para=384 NOUN accs plur inan score=0.255	yes	yes	noun_complement	
pool/integral.txt	При этом последовательность их интегралов также сходится ; её предел и будем называть интегралом Лебега от функции по мере : Если рассматривать функции на и интеграл по мере Лебега , то все функции , интегрируемые в смысле Римана , будут интегрируемы и в смысле Лебега .	их	они para=2305 NPRO accs plur score=0.139 || их para=1440 ADJF nomn sing femn score=0.083 || они para=2305 NPRO gent plur score=0.083 || их para=1440 ADJF accs sing neut score=0.056 || их para=1440 ADJF nomn plur score=0.056	yes	yes		они,им,ним
pool/integral.txt	При этом последовательность их интегралов также сходится ; её предел и будем называть интегралом Лебега от функции по мере : Если рассматривать функции на и интеграл по мере Лебега , то все функции , интегрируемые в смысле Римана , будут интегрируемы и в смысле Лебега .	её	она para=2304 NPRO accs sing femn score=0.103 || ее para=1440 ADJF accs plur score=0.069	yes	yes		ея,она,нею
pool/integral.txt	При этом последовательность их интегралов также сходится ; её предел и будем называть интегралом Лебега от функции по мере : Если рассматривать функции на и интеграл по мере Лебега , то все функции , интегрируемые в смысле Римана , будут интегрируемы и в смысле Лебега .	Лебега	лебег para=184 NOUN gent sing masc inan score=0.255 || лебега para=384 NOUN nomn plur inan score=0.255 || лебега para=384 NOUN accs plur inan score=0.255	yes	yes	noun_complement	
pool/integral.txt	При этом последовательность их интегралов также сходится ; её предел и будем называть интегралом Лебега от функции по мере : Если рассматривать функции на и интеграл по мере Лебега , то все функции , интегрируемые в смысле Римана , будут интегрируемы и в смысле Лебега .	мере	мера para=55 NOUN datv sing femn inan score=0.500 || меря para=353 NOUN datv sing femn inan score=0.500 || мера para=55 NOUN loct sing femn inan score=0.167 || меря para=353 NOUN loct sing femn inan score=0.167	yes	yes		мера,мери,меря,мерей,мерею,мерь,мерю
pool/integral.txt	При этом последовательность их интегралов также сходится ; её предел и будем называть интегралом Лебега от функции по мере : Если рассматривать функции на и интеграл по мере Лебега , то все функции , интегрируемые в смысле Римана , будут интегрируемы и в смысле Лебега .	мере	мера para=55 NOUN datv sing femn inan score=0.500 || меря para=353 NOUN datv sing femn inan score=0.500 || мера para=55 NOUN loct sing femn inan score=0.167 || меря para=353 NOUN loct sing femn inan score=0.167	yes	yes		мера,мери,меря,мерей,мерею,мерь,мерю
pool/integral.txt	При этом последовательность их интегралов также сходится ; её предел и будем называть интегралом Лебега от функции по мере : Если рассматривать функции на и интеграл по мере Лебега , то все функции , интегрируемые в смысле Римана , будут интегрируемы и в смысле Лебега .	Лебега	лебег para=184 NOUN gent sing masc inan score=0.255 || лебега para=384 NOUN nomn plur inan score=0.255 || лебега para=384 NOUN accs plur inan score=0.255	yes	yes	noun_complement	
pool/integral.txt	При этом последовательность их интегралов также сходится ; её предел и будем называть интегралом Лебега от функции по мере : Если рассматривать функции на и интеграл по мере Лебега , то все функции , интегрируемые в смысле Римана , будут интегрируемы и в смысле Лебега .	Лебега	лебег para=184 NOUN gent sing masc inan score=0.255 || лебега para=384 NOUN nomn plur inan score=0.255 || лебега para=384 NOUN accs plur inan score=0.255	yes	yes	noun_complement	
pool/integral.txt	Обратное же неверно ( например , функция Дирихле не интегрируема по Риману , но интегрируема по Лебегу , так как равна нулю почти всюду ). Фактически , любая ограниченная измеримая функция интегрируема по Лебегу .	неверно	неверно para=3 ADVB score=0.500 || неверный para=70 ADJF sing neut score=0.500	yes	yes		неверный,неверного,неверном,неверному,неверные,неверным,неверными,неверных
pool/integral.txt	Обратное же неверно ( например , функция Дирихле не интегрируема по Риману , но интегрируема по Лебегу , так как равна нулю почти всюду ). Фактически , любая ограниченная измеримая функция интегрируема по Лебегу .	Риману	риман para=27 NOUN datv sing masc anim proper score=0.250 || риман para=33 NOUN datv sing masc inan proper score=0.250 || римана para=36 NOUN accs sing femn inan proper score=0.250 || римана para=55 NOUN accs sing femn inan score=0.250	yes	yes	mid_sentence_capital	
pool/integral.txt	Обратное же неверно ( например , функция Дирихле не интегрируема по Риману , но интегрируема по Лебегу , так как равна нулю почти всюду ). Фактически , любая ограниченная измеримая функция интегрируема по Лебегу .	Лебегу	лебег para=184 NOUN datv sing masc inan score=0.214 || лебег para=184 NOUN sing masc inan score=0.214 || лебежать para=392 VERB sing score=0.214 || лебежать para=392 VERB sing score=0.214	yes	yes		
pool/integral.txt	Обратное же неверно ( например , функция Дирихле не интегрируема по Риману , но интегрируема по Лебегу , так как равна нулю почти всюду ). Фактически , любая ограниченная измеримая функция интегрируема по Лебегу .	Лебегу	лебег para=184 NOUN datv sing masc inan score=0.214 || лебег para=184 NOUN sing masc inan score=0.214 || лебежать para=392 VERB sing score=0.214 || лебежать para=392 VERB sing score=0.214	yes	yes		
pool/integral.txt	Интеграл Даниеля В сравнении с интегралом Лебега , интеграл Даниеля не требует предварительной разработки подходящей теории меры , за счёт чего имеет определённые преимущества , особенно в функциональном анализе при обобщении на пространства высших размерностей и дальнейших обобщениях ( например , в	Лебега	лебег para=184 NOUN gent sing masc inan score=0.255 || лебега para=384 NOUN nomn plur inan score=0.255 || лебега para=384 NOUN accs plur inan score=0.255	yes	yes	noun_complement	
pool/integral.txt	Интеграл Даниеля В сравнении с интегралом Лебега , интеграл Даниеля не требует предварительной разработки подходящей теории меры , за счёт чего имеет определённые преимущества , особенно в функциональном анализе при обобщении на пространства высших размерностей и дальнейших обобщениях ( например , в	подходящей	подходящий para=165 ADJF gent sing femn score=0.111 || подходящий para=165 ADJF datv sing femn score=0.111 || подходящий para=165 ADJF ablt sing femn score=0.111 || подходящий para=165 ADJF loct sing femn score=0.111 || подходящий para=165  score=0.111 || подходить para=498 PRTF gent sing femn score=0.111 || подходить para=498 PRTF datv sing femn score=0.111 || подходить para=498 PRTF ablt sing femn score=0.111 || подходить para=498 PRTF loct sing femn score=0.111	yes	yes		подходить,подходящий,подходящая,подходящего,подходящее,подходящем,подходящему,подходящею,подходящие,подходящим,подходящими,подходящих
pool/integral.txt	Интеграл Даниеля В сравнении с интегралом Лебега , интеграл Даниеля не требует предварительной разработки подходящей теории меры , за счёт чего имеет определённые преимущества , особенно в функциональном анализе при обобщении на пространства высших размерностей и дальнейших обобщениях ( например , в	определённые	определенный para=12 ADJF nomn plur score=0.250 || определенный para=12 ADJF accs plur inan score=0.250 || определить para=754 PRTF nomn plur score=0.250 || определить para=754 PRTF accs plur inan score=0.250	yes	yes		определенно,определенный,определить,определим,определённая,определённо,определённого,определённое,определённой,определённом,определённому,определённою
pool/integral.txt	Интеграл Даниеля В сравнении с интегралом Лебега , интеграл Даниеля не требует предварительной разработки подходящей теории меры , за счёт чего имеет определённые преимущества , особенно в функциональном анализе при обобщении на пространства высших размерностей и дальнейших обобщениях ( например , в	Лебега	лебег para=184 NOUN gent sing masc inan score=0.255 || лебега para=384 NOUN nomn plur inan score=0.255 || лебега para=384 NOUN accs plur inan score=0.255	yes	yes	noun_complement	
pool/integral.txt	Интеграл Даниеля В сравнении с интегралом Лебега , интеграл Даниеля не требует предварительной разработки подходящей теории меры , за счёт чего имеет определённые преимущества , особенно в функциональном анализе при обобщении на пространства высших размерностей и дальнейших обобщениях ( например , в	Лебегу	лебег para=184 NOUN datv sing masc inan score=0.214 || лебег para=184 NOUN sing masc inan score=0.214 || лебежать para=392 VERB sing score=0.214 || лебежать para=392 VERB sing score=0.214	yes	yes		
pool/integral.txt	Интегралы Данжуа — Перрона , Курцвейля — Хенстока и Мак - Шейна Интеграл Данжуа — Перрона из - за сложности определения ныне не в ходу , но он успешно решал классическую задачу интегрального исчисления — задачу восстановления первообразной по конечной производной ; интеграл Лебега решает эту задачу 	производной	производный para=35 ADJF gent sing femn score=0.125 || производный para=35 ADJF datv sing femn score=0.125 || производный para=35 ADJF ablt sing femn score=0.125 || производный para=35 ADJF loct sing femn score=0.125 || производная para=117 NOUN gent sing femn inan score=0.125 || производная para=117 NOUN datv sing femn inan score=0.125 || производная para=117 NOUN ablt sing femn inan score=0.125 || производная para=117 NOUN loct sing femn inan score=0.125	yes	yes		производная,производный,производною,производную,производные,производным,производными,производных
pool/integral.txt	Интегралы Данжуа — Перрона , Курцвейля — Хенстока и Мак - Шейна Интеграл Данжуа — Перрона из - за сложности определения ныне не в ходу , но он успешно решал классическую задачу интегрального исчисления — задачу восстановления первообразной по конечной производной ; интеграл Лебега решает эту задачу 	Лебега	лебег para=184 NOUN gent sing masc inan score=0.255 || лебега para=384 NOUN nomn plur inan score=0.255 || лебега para=384 NOUN accs plur inan score=0.255	yes	yes	noun_complement	
pool/integral.txt	Он не только расширил круг интегрируемых функций , но и завершил согласование двух классических подходов к интегрированию , отраженных подробнее выше : один рассматривает интегрирование как обращение дифференцирования , а другой — как конструктивный процесс вычисления , включающий суммирование и пре	отраженных	отраженный para=345 ADJF gent plur score=0.167 || отраженный para=345 ADJF accs plur anim score=0.167 || отраженный para=345 ADJF loct plur score=0.167 || отразить para=778 PRTF gent plur score=0.167 || отразить para=778 PRTF accs plur anim score=0.167 || отразить para=778 PRTF loct plur score=0.167	yes	yes		отраженный,отразить,отражён,отражённая,отражённого,отражённое,отражённой,отражённом,отражённому,отражённою,отражённую,отражённые
pool/integral.txt	Он не только расширил круг интегрируемых функций , но и завершил согласование двух классических подходов к интегрированию , отраженных подробнее выше : один рассматривает интегрирование как обращение дифференцирования , а другой — как конструктивный процесс вычисления , включающий суммирование и пре	выше	выше para=3 ADVB score=0.286 || высоко para=1134  score=0.286 || выше para=24 PREP score=0.143 || выша para=302 NOUN datv sing femn inan proper score=0.143 || выша para=302 NOUN loct sing femn inan proper score=0.143	yes	yes	lowercase_common	высоко
pool/integral.txt	Далее обобщение понятия разбиения по Риману с помощью функции масштаба позволило очень просто определить интеграл Хенстока — Курцвейля , на отрезке эквивалентный интегралу Данжуа — Перрона .	Риману	риман para=27 NOUN datv sing masc anim proper score=0.250 || риман para=33 NOUN datv sing masc inan proper score=0.250 || римана para=36 NOUN accs sing femn inan proper score=0.250 || римана para=55 NOUN accs sing femn inan score=0.250	yes	yes	mid_sentence_capital	
pool/integral.txt	Далее обобщение понятия разбиения по Риману с помощью функции масштаба позволило очень просто определить интеграл Хенстока — Курцвейля , на отрезке эквивалентный интегралу Данжуа — Перрона .	отрезке	отрезка para=8 NOUN datv sing femn inan score=0.333 || отрезка para=8 NOUN loct sing femn inan score=0.333 || отрезок para=141 NOUN loct sing masc inan score=0.333	yes	yes	preposition:на	отрезка,отрезок,отрезкам,отрезками,отрезках,отрезки,отрезку
pool/integral.txt	Максимально расширил круг интегрируемых функций интеграл Мак - Шейна , при этом упростив свое определение отказом от идущего с Римана требования , чтобы связанный с отрезком разбиения аргумент находился на этом отрезке .	Римана	риман para=27 NOUN gent sing masc anim proper score=0.200 || риман para=27 NOUN accs sing masc anim proper score=0.200 || риман para=33 NOUN gent sing masc inan proper score=0.200 || римана para=36 NOUN nomn sing femn inan proper score=0.200 || римана para=55 NOUN nomn sing femn inan score=0.200	yes	yes	mid_sentence_capital	
pool/integral.txt	Максимально расширил круг интегрируемых функций интеграл Мак - Шейна , при этом упростив свое определение отказом от идущего с Римана требования , чтобы связанный с отрезком разбиения аргумент находился на этом отрезке .	связанный	связанный para=345 ADJF nomn sing masc score=0.250 || связанный para=345 ADJF accs sing masc inan score=0.250 || связать para=672 PRTF nomn sing masc score=0.250 || связать para=672 PRTF accs sing masc inan score=0.250	yes	yes		связать,связан,связанная,связанного,связанное,связанной,связанном,связанному,связанною,связанную,связанные,связанным
pool/integral.txt	На действительной прямой он эквивалентен определённому интегралу Лебега .	определённому	определенный para=12 ADJF datv sing masc score=0.250 || определенный para=12 ADJF datv sing neut score=0.250 || определить para=754 PRTF datv sing masc score=0.250 || определить para=754 PRTF datv sing neut score=0.250	yes	yes		определенно,определенный,определить,определим,определённая,определённо,определённого,определённое,определённой,определённом,определённою,определённую
pool/integral.txt	На действительной прямой он эквивалентен определённому интегралу Лебега .	Лебега	лебег para=184 NOUN gent sing masc inan score=0.255 || лебега para=384 NOUN nomn plur inan score=0.255 || лебега para=384 NOUN accs plur inan score=0.255	yes	yes	noun_complement	
pool/integral.txt	Все эти интегралы ныне так же , как интеграл Римана , обобщены и « по Стилтьесу ». Интегралы дробной кратности Неклассические задачи математики и механики ( фрактальный анализ , вязко - упругие среды ) понудили ввести для действительной понятие первообразной не только дробного , но и комплексного по	вязко	вязко para=3 ADVB score=0.500 || вязкий para=11 ADJF sing neut score=0.500	yes	yes		вязка,вязкий,вязкой,вязкою,вязок
pool/integral.txt	Интегралы банаховозначных функций и функций невещественной переменной До сих пор предполагалось , что — числовая функция , определённая на действительных прямой , плоскости или в пространстве .	определённая	определенный para=12 ADJF nomn sing femn score=0.500 || определить para=754 PRTF nomn sing femn score=0.500	yes	yes		определенно,определенный,определить,определим,определённо,определённого,определённое,определённой,определённом,определённому,определённою,определённую
pool/integral.txt	Но интегрируемую в одном из рассмотренных значений можно определить и на комплексной плоскости , и на многообразии , и на топологической группе ( интеграл Хаара ). Можно , наоборот , сохранив действительную область определения , допустить , что интегрируемая по Курцвейлю — Хенстоку / Мак - Шейну при	Хаара	хаар para=34 NOUN gent sing masc inan score=0.073 || хаара para=182 NOUN nomn sing masc anim score=0.073 || хаара para=182 NOUN gent sing masc anim score=0.073 || хаара para=182 NOUN datv sing masc anim score=0.073 || хаара para=182 NOUN accs sing masc anim score=0.073 || хаара para=182 NOUN ablt sing masc anim score=0.073 || хаара para=182 NOUN loct sing masc anim score=0.073 || хаара para=182 NOUN nomn plur masc anim score=0.073 || хаара para=182 NOUN gent plur masc anim score=0.073 || хаара para=182 NOUN datv plur masc anim score=0.073 || хаара para=182 NOUN accs plur masc anim score=0.073 || хаара para=182 NOUN ablt plur masc anim score=0.073 || хаара para=182 NOUN loct plur masc anim score=0.073	yes	yes	noun_complement	
pool/integral.txt	Историческая справка Основные понятия интегрального исчисления введены в работах Ньютона и Лейбница в конце XVII века ( первые публикации состоялись в 1675 году ). Лейбницу принадлежит обозначение интеграла , напоминающее об интегральной сумме , как и сам символ , от буквы ſ (« длинная s ») — первой	предложен	предложный para=12 ADJF sing masc score=0.500 || предложить para=668 PRTF sing masc score=0.500	yes	yes		предложить,предложный
pool/integral.txt	Риман развил и Жозефа Лиувилля , первым рассмотревшего дробное интегрирование в 1832 .	Лиувилля	лиувилля para=25 NOUN nomn sing masc anim proper score=0.123 || лиувилля para=25 NOUN gent sing masc anim proper score=0.123 || лиувилля para=25 NOUN datv sing masc anim proper score=0.123 || лиувилля para=25 NOUN accs sing masc anim proper score=0.123 || лиувилля para=25 NOUN ablt sing masc anim proper score=0.123 || лиувилля para=25 NOUN loct sing masc anim proper score=0.123 || лиувилль para=58 NOUN gent sing masc anim proper score=0.123 || лиувилль para=58 NOUN accs sing masc anim proper score=0.123	yes	yes	mid_sentence_capital noun_complement	
pool/integral.txt	Определение интеграла в смысле Лебега впервые дано Лебегом в 1902 году ( для случая функции одной переменной и меры Лебега ) вслед за во многом предвосхитившем его Стилтьесом ( 1894 ). Во второй половине XX века над обобщением понятия интеграла работали Курцвейль , Хенсток и Макшейн , стохастический	Лебега	лебег para=184 NOUN gent sing masc inan score=0.255 || лебега para=384 NOUN nomn plur inan score=0.255 || лебега para=384 NOUN accs plur inan score=0.255	yes	yes	noun_complement	
pool/integral.txt	Определение интеграла в смысле Лебега впервые дано Лебегом в 1902 году ( для случая функции одной переменной и меры Лебега ) вслед за во многом предвосхитившем его Стилтьесом ( 1894 ). Во второй половине XX века над обобщением понятия интеграла работали Курцвейль , Хенсток и Макшейн , стохастический	Лебегом	лебегом para=3 ADVB score=0.350 || лебег para=184 NOUN ablt sing masc inan score=0.350	yes	yes		
pool/integral.txt	Определение интеграла в смысле Лебега впервые дано Лебегом в 1902 году ( для случая функции одной переменной и меры Лебега ) вслед за во многом предвосхитившем его Стилтьесом ( 1894 ). Во второй половине XX века над обобщением понятия интеграла работали Курцвейль , Хенсток и Макшейн , стохастический	Лебега	лебег para=184 NOUN gent sing masc inan score=0.255 || лебега para=384 NOUN nomn plur inan score=0.255 || лебега para=384 NOUN accs plur inan score=0.255	yes	yes	noun_complement	
pool/laplace.txt	Замечание : всё сказанное выше относится к декартовым координатам в плоском пространстве ( какова бы ни была его размерность ). При использовании других координат представление оператора Лапласа меняется , и , соответственно , меняется запись уравнения Лапласа ( пример — см .	выше	выше para=3 ADVB score=0.286 || высоко para=1134  score=0.286 || выше para=24 PREP score=0.143 || выша para=302 NOUN datv sing femn inan proper score=0.143 || выша para=302 NOUN loct sing femn inan proper score=0.143	yes	yes	lowercase_common	высоко
pool/laplace.txt	Замечание : всё сказанное выше относится к декартовым координатам в плоском пространстве ( какова бы ни была его размерность ). При использовании других координат представление оператора Лапласа меняется , и , соответственно , меняется запись уравнения Лапласа ( пример — см .	декартовым	декартов para=100 ADJF ablt sing masc score=0.167 || декартов para=100 ADJF ablt sing neut score=0.167 || декартов para=100 ADJF datv plur score=0.167 || декартовый para=193 ADJF ablt sing masc score=0.167 || декартовый para=193 ADJF ablt sing neut score=0.167 || декартовый para=193 ADJF datv plur score=0.167	yes	no		декартов,декартовый,декартова,декартово,декартовой,декартовом,декартовою,декартовы,декартовыми,декартовых
pool/laplace.txt	Это уравнение математически кодирует прописную истину : если флюид не сжимаем , из сколь угодно малого объема в момент времени должно выйти столько же жидкости , сколько ее содержится в нем .	угодно	угодный para=12 ADJF sing neut score=0.333 || угодно para=22  score=0.333 || угодно para=254  score=0.333	yes	yes		угодный
pool/laplace.txt	Это уравнение математически кодирует прописную истину : если флюид не сжимаем , из сколь угодно малого объема в момент времени должно выйти столько же жидкости , сколько ее содержится в нем .	должно	должный para=35 ADJF sing neut score=0.500 || должно para=254  score=0.500	yes	yes		должный,должного,должном,должному,должные,должным,должными,должных
pool/laplace.txt	Это уравнение математически кодирует прописную истину : если флюид не сжимаем , из сколь угодно малого объема в момент времени должно выйти столько же жидкости , сколько ее содержится в нем .	ее	она para=2304 NPRO accs sing femn score=0.103 || ее para=1440 ADJF accs plur score=0.069	yes	yes		ея,она,нею
pool/laplace.txt	Особенно трудным бывает численное решение из - за нерегулярности функций и наличия особенностей .	численное	численный para=345 ADJF nomn sing neut score=0.250 || численный para=345 ADJF accs sing neut score=0.250 || числить para=634 PRTF nomn sing neut score=0.250 || числить para=634 PRTF accs sing neut score=0.250	yes	yes		численно,численный,числить,числен,численная,численного,численной,численном,численному,численною,численную,численные
pool/laplace.txt	Уравнение Лапласа для двух независимых переменных формулируется в следующем виде Аналитические функции Если z = x + iy , и то условия Коши — Римана являются необходимыми и достаточными для того , чтобы функция f ( z ) была аналитической : И вещественная и мнимая части аналитических функций удовлетво	Римана	риман para=27 NOUN gent sing masc anim proper score=0.200 || риман para=27 NOUN accs sing masc anim proper score=0.200 || риман para=33 NOUN gent sing masc inan proper score=0.200 || римана para=36 NOUN nomn sing femn inan proper score=0.200 || римана para=55 NOUN nomn sing femn inan score=0.200	yes	yes	mid_sentence_capital	
pool/laplace.txt	Уравнение Лапласа для двух независимых переменных формулируется в следующем виде Аналитические функции Если z = x + iy , и то условия Коши — Римана являются необходимыми и достаточными для того , чтобы функция f ( z ) была аналитической : И вещественная и мнимая части аналитических функций удовлетво	мнимая	мнимый para=4 ADJF nomn sing femn score=0.500 || мнить para=485 PRTF nomn sing femn score=0.500	yes	yes		мнимый,мнить,мни,мним,мнима,мнимо,мнимого,мнимое,мнимой,мнимом,мнимому,мнимою
pool/laplace.txt	Продифференцировав условия Коши — Римана , получаем А это не что иное , как уравнение Лапласа для функции u .	Римана	риман para=27 NOUN gent sing masc anim proper score=0.200 || риман para=27 NOUN accs sing masc anim proper score=0.200 || риман para=33 NOUN gent sing masc inan proper score=0.200 || римана para=36 NOUN nomn sing femn inan proper score=0.200 || римана para=55 NOUN nomn sing femn inan score=0.200	yes	yes	mid_sentence_capital	
pool/laplace.txt	Функция Грина Задача Дирихле Задача Дирихле — краевые условия для уравнения Лапласа , когда искомая функция задана на ограниченной области и известны её значения на границе .	ограниченной	ограниченный para=345 ADJF gent sing femn score=0.125 || ограниченный para=345 ADJF datv sing femn score=0.125 || ограниченный para=345 ADJF ablt sing femn score=0.125 || ограниченный para=345 ADJF loct sing femn score=0.125 || ограничить para=761 PRTF gent sing femn score=0.125 || ограничить para=761 PRTF datv sing femn score=0.125 || ограничить para=761 PRTF ablt sing femn score=0.125 || ограничить para=761 PRTF loct sing femn score=0.125	yes	yes		ограниченно,ограниченный,ограничить,ограничен,ограниченная,ограниченного,ограниченное,ограниченном,ограниченному,ограниченною,ограниченную,ограниченные
pool/laplace.txt	Функция Грина Задача Дирихле Задача Дирихле — краевые условия для уравнения Лапласа , когда искомая функция задана на ограниченной области и известны её значения на границе .	её	она para=2304 NPRO accs sing femn score=0.103 || ее para=1440 ADJF accs plur score=0.069	yes	yes		ея,она,нею
pool/laplace.txt	Задача Неймана Задача Неймана — в дифференциальных уравнениях краевая задача с заданными граничными условиями для производной по нормали искомой функции на границе области — так называемые граничные условия второго рода .	заданными	задать para=884 PRTF ablt plur score=0.500 || заданный para=345 ADJF ablt plur score=0.500	yes	yes		заданный,задать,задам,задан,заданная,заданного,заданное,заданной,заданном,заданному,заданною,заданную
pool/orbital.txt	Атомная орбиталь ( электронная орбиталь ) — одноэлектронная волновая функция , полученная решением уравнения Шрёдингера для данного атома ; задаётся главным , орбитальным и магнитным квантовыми числами .	данного	данный para=1306 ADJF gent sing masc score=0.250 || данный para=1306 ADJF gent sing neut score=0.250 || дать para=884 PRTF gent sing masc score=0.125 || дать para=884 PRTF accs sing masc anim score=0.125 || дать para=884 PRTF gent sing neut score=0.125 || данный para=1306 ADJF accs sing masc anim score=0.125	yes	yes		дали,дан,дана,данные,данный,дать,дай,дам,данная,данное,данной,данном
pool/orbital.txt	Орбитали существуют независимо от того , находится на них электрон или нет , их заполнение электронами происходит по мере увеличения порядкового номера , то есть заряда ядра , и , соответственно , количества электронов .	их	они para=2305 NPRO accs plur score=0.139 || их para=1440 ADJF nomn sing femn score=0.083 || они para=2305 NPRO gent plur score=0.083 || их para=1440 ADJF accs sing neut score=0.056 || их para=1440 ADJF nomn plur score=0.056	yes	yes		они,им,ним
pool/orbital.txt	Орбитали существуют независимо от того , находится на них электрон или нет , их заполнение электронами происходит по мере увеличения порядкового номера , то есть заряда ядра , и , соответственно , количества электронов .	мере	мера para=55 NOUN datv sing femn inan score=0.500 || меря para=353 NOUN datv sing femn inan score=0.500 || мера para=55 NOUN loct sing femn inan score=0.167 || меря para=353 NOUN loct sing femn inan score=0.167	yes	yes		мера,мери,меря,мерей,мерею,мерь,мерю
pool/orbital.txt	Функция рассчитывается путём решения уравнения Шрёдингера в рамках одноэлектронного приближения ( метод Хартри — Фока ) как волновая функция электрона , находящегося в самосогласованном поле , создаваемом ядром атома со всеми остальными электронами атома .	создаваемом	создавать para=882 PRTF loct sing masc score=0.250 || создавать para=882 PRTF loct sing neut score=0.250 || создаваемый para=10 ADJF loct sing masc score=0.250 || создаваемый para=10 ADJF loct sing neut score=0.250	yes	yes		создаваемый,создавать,создаваемая,создаваемого,создаваемое,создаваемой,создаваемому,создаваемою,создаваемую,создаваемые,создаваемым,создаваемыми
pool/orbital.txt	Шрёдингер рассматривал электрон в атоме как отрицательно заряженное облако , плотность которого пропорциональна квадрату значения волновой функции в соответствующей точке атома .	соответствующей	соответствовать para=177 PRTF gent sing femn score=0.125 || соответствовать para=177 PRTF datv sing femn score=0.125 || соответствовать para=177 PRTF ablt sing femn score=0.125 || соответствовать para=177 PRTF loct sing femn score=0.125 || соответствующий para=213 ADJF gent sing femn score=0.125 || соответствующий para=213 ADJF datv sing femn score=0.125 || соответствующий para=213 ADJF ablt sing femn score=0.125 || соответствующий para=213 ADJF loct sing femn score=0.125	yes	yes		соответствовать,соответствующий,соответствующая,соответствующего,соответствующее,соответствующем,соответствующему,соответствующею,соответствующие,соответствующим,соответствующими,соответствующих
pool/orbital.txt	( 1950 ) согласился с доводами Борна , которому в 1954 году была присуждена Нобелевская премия по физике с формулировкой « За фундаментальное исследование в области квантовой механики , особенно за статистическую интерпретацию волновой функции ». Термин « электронное облако » используется и в настоя	заданной	задать para=884 PRTF gent sing femn score=0.125 || задать para=884 PRTF datv sing femn score=0.125 || задать para=884 PRTF ablt sing femn score=0.125 || задать para=884 PRTF loct sing femn score=0.125 || заданный para=345 ADJF gent sing femn score=0.125 || заданный para=345 ADJF datv sing femn score=0.125 || заданный para=345 ADJF ablt sing femn score=0.125 || заданный para=345 ADJF loct sing femn score=0.125	yes	yes		заданный,задать,задам,задан,заданная,заданного,заданное,заданном,заданному,заданною,заданную,заданные
pool/orbital.txt	( 1950 ) согласился с доводами Борна , которому в 1954 году была присуждена Нобелевская премия по физике с формулировкой « За фундаментальное исследование в области квантовой механики , особенно за статистическую интерпретацию волновой функции ». Термин « электронное облако » используется и в настоя	допустим	допустить para=970 VERB plur score=0.250 || допустить para=970 VERB sing score=0.250 || допустимый para=4 ADJF sing masc score=0.250 || допустим para=130  score=0.250	yes	yes		допустимый,допустить
pool/orbital.txt	Название « орбиталь » ( а не орбита ) отражает новое геометрическое представление о стационарных состояниях электрона в атоме ; такое особое название отражает тот факт , что состояние электрона в атоме описывается законами квантовой механики и в корне отличается от классического или квазиклассическо	корне	корн para=34 NOUN loct sing masc inan score=0.500 || корень para=1849 NOUN loct sing masc inan score=0.500	yes	yes		корень,корн,корней
pool/orbital.txt	Всего квантовых чисел четыре , но одно из них ( спиновое ) в выражениях орбиталей не задействуется .	спиновое	спиновый para=73 ADJF nomn sing neut score=0.250 || спиновый para=73 ADJF accs sing neut score=0.250 || спиновой para=106 ADJF nomn sing neut score=0.250 || спиновой para=106 ADJF accs sing neut score=0.250	yes	no		спиновой,спиновый,спинов,спиновая,спинового,спиновом,спиновому,спиновою,спиновую,спиновые,спиновым,спиновыми
pool/orbital.txt	Главное квантовое число может принимать любые целые положительные значения , начиная с единицы и определяет общую энергию электрона на данной орбитали ( энергетический уровень ):. Энергия для соответствует энергии одноэлектронной ионизации для данного энергетического уровня .	данной	дать para=884 PRTF gent sing femn score=0.111 || дать para=884 PRTF datv sing femn score=0.111 || дать para=884 PRTF ablt sing femn score=0.111 || дать para=884 PRTF loct sing femn score=0.111 || данна para=69 NOUN ablt sing femn anim proper score=0.111 || данный para=1306 ADJF gent sing femn score=0.111 || данный para=1306 ADJF datv sing femn score=0.111 || данный para=1306 ADJF ablt sing femn score=0.111 || данный para=1306 ADJF loct sing femn score=0.111	yes	yes	lowercase_common	дали,дан,дана,данна,данные,данный,дать,дай,дам,данная,данного,данное
pool/orbital.txt	Главное квантовое число может принимать любые целые положительные значения , начиная с единицы и определяет общую энергию электрона на данной орбитали ( энергетический уровень ):. Энергия для соответствует энергии одноэлектронной ионизации для данного энергетического уровня .	данного	данный para=1306 ADJF gent sing masc score=0.250 || данный para=1306 ADJF gent sing neut score=0.250 || дать para=884 PRTF gent sing masc score=0.125 || дать para=884 PRTF accs sing masc anim score=0.125 || дать para=884 PRTF gent sing neut score=0.125 || данный para=1306 ADJF accs sing masc anim score=0.125	yes	yes		дали,дан,дана,данные,данный,дать,дай,дам,данная,данное,данной,данном
pool/orbital.txt	В формуле — масса электрона , — редуцированная постоянная Планка , — заряд электрона .	редуцированная	редуцировать para=76 PRTF nomn sing femn score=0.333 || редуцировать para=76 PRTF nomn sing femn score=0.333 || редуцированный para=345 ADJF nomn sing femn score=0.333	yes	yes		редуцированный,редуцировать,редуцирован,редуцированного,редуцированное,редуцированной,редуцированном,редуцированному,редуцированною,редуцированную,редуцированные,редуцированным
pool/orbital.txt	Атомные орбитали принято называть по буквенному обозначению их орбитального числа : Буквенные обозначения атомных орбиталей произошли от описания спектральных линий в атомных спектрах : s ( sharp ) — резкая серия в атомных спектрах , p ( principal ) — главная , d ( diffuse ) — диффузная , f ( fundam	их	они para=2305 NPRO accs plur score=0.139 || их para=1440 ADJF nomn sing femn score=0.083 || они para=2305 NPRO gent plur score=0.083 || их para=1440 ADJF accs sing neut score=0.056 || их para=1440 ADJF nomn plur score=0.056	yes	yes		они,им,ним
pool/orbital.txt	таблицу выше ), скажем 2p .	выше	выше para=3 ADVB score=0.286 || высоко para=1134  score=0.286 || выше para=24 PREP score=0.143 || выша para=302 NOUN datv sing femn inan proper score=0.143 || выша para=302 NOUN loct sing femn inan proper score=0.143	yes	yes	lowercase_common	высоко
pool/orbital.txt	« Комбинированные » орбитали обозначают с указанием их проекций на оси , , , например 2px , 3dxy , 4fz ( x2 - y2 ). Такой вид обозначений не следует путать с представленным в предыдущем абзаце .	Комбинированные	комбинированный para=120 ADJF nomn plur score=0.250 || комбинированный para=120 ADJF accs plur inan score=0.250 || комбинировать para=171 PRTF nomn plur score=0.250 || комбинировать para=171 PRTF accs plur inan score=0.250	yes	yes		комбинированный,комбинировать,комбинирован,комбинированная,комбинированного,комбинированное,комбинированной,комбинированном,комбинированному,комбинированною,комбинированную,комбинированным
pool/orbital.txt	« Комбинированные » орбитали обозначают с указанием их проекций на оси , , , например 2px , 3dxy , 4fz ( x2 - y2 ). Такой вид обозначений не следует путать с представленным в предыдущем абзаце .	их	они para=2305 NPRO accs plur score=0.139 || их para=1440 ADJF nomn sing femn score=0.083 || они para=2305 NPRO gent plur score=0.083 || их para=1440 ADJF accs sing neut score=0.056 || их para=1440 ADJF nomn plur score=0.056	yes	yes		они,им,ним
pool/orbital.txt	Основным параметром , задающим характерный размер орбитали , служит квантовое число , поскольку энергия электрона определяется кулоновским взаимодействием и , следовательно , расстоянием от ядра атома .	Основным	основный para=12 ADJF ablt sing masc score=0.143 || основный para=12 ADJF ablt sing neut score=0.143 || основный para=12 ADJF datv plur score=0.143 || основной para=138 ADJF ablt sing masc score=0.143 || основной para=138 ADJF ablt sing neut score=0.143 || основной para=138 ADJF datv plur score=0.143 || основное para=2336 NOUN ablt sing neut inan score=0.143	yes	yes		основное,основной,основный,основная,основнее,основней,основного,основном,основному,основною,основную,основные
pool/orbital.txt	3D - и 2D - изображения электронного облака Электронное облако — область пространства , ограниченная поверхностью равной плотности вероятности ( то есть , с точностью до множителя , плотности заряда ). Плотность вероятности на граничной поверхности выбирают исходя из целей построения картинки , но о	ограниченной	ограниченный para=345 ADJF gent sing femn score=0.125 || ограниченный para=345 ADJF datv sing femn score=0.125 || ограниченный para=345 ADJF ablt sing femn score=0.125 || ограниченный para=345 ADJF loct sing femn score=0.125 || ограничить para=761 PRTF gent sing femn score=0.125 || ограничить para=761 PRTF datv sing femn score=0.125 || ограничить para=761 PRTF ablt sing femn score=0.125 || ограничить para=761 PRTF loct sing femn score=0.125	yes	yes		ограниченно,ограниченный,ограничить,ограничен,ограниченная,ограниченного,ограниченное,ограниченном,ограниченному,ограниченною,ограниченную,ограниченные
pool/orbital.txt	Роль радиальной части волновой функции также значима для формы орбитали , ибо зависимость может иметь немонотонный вид со сменами знака .	значима	значимый para=4 ADJF sing femn score=0.500 || значить para=596 PRTF sing femn score=0.500	yes	yes		значащий,значимый,значить,значащая,значащего,значащее,значащей,значащем,значащему,значащею,значащие,значащим
pool/orbital.txt	Как видно , в большинстве случаев облако состоит из нескольких областей , отделённых друг от друга либо по углам ( из - за соответствующего поведения ), либо по радиусу ( из - за особенностей ). Картинки , если не учитывать цвет , обладают симметрией вращения вокруг вертикальной оси , проходящей чер	видно	видно para=130  score=0.333 || видный para=223 ADJF sing neut score=0.333 || видно para=254  score=0.333	yes	yes		видное,видный,виден,видного,видном,видному,видные,видным,видными,видных
pool/orbital.txt	Как видно , в большинстве случаев облако состоит из нескольких областей , отделённых друг от друга либо по углам ( из - за соответствующего поведения ), либо по радиусу ( из - за особенностей ). Картинки , если не учитывать цвет , обладают симметрией вращения вокруг вертикальной оси , проходящей чер	отделённых	отделенный para=12 ADJF gent plur score=0.111 || отделенный para=12 ADJF accs plur anim score=0.111 || отделенный para=12 ADJF loct plur score=0.111 || отделенный para=227 NOUN gent plur masc anim score=0.111 || отделенный para=227 NOUN accs plur masc anim score=0.111 || отделенный para=227 NOUN loct plur masc anim score=0.111 || отделить para=754 PRTF gent plur score=0.111 || отделить para=754 PRTF accs plur anim score=0.111 || отделить para=754 PRTF loct plur score=0.111	yes	yes		отделенный,отделить,отделим,отделённая,отделённого,отделённое,отделённой,отделённом,отделённому,отделённою,отделённую,отделённые
pool/orbital.txt	Как видно , в большинстве случаев облако состоит из нескольких областей , отделённых друг от друга либо по углам ( из - за соответствующего поведения ), либо по радиусу ( из - за особенностей ). Картинки , если не учитывать цвет , обладают симметрией вращения вокруг вертикальной оси , проходящей чер	мнимая	мнимый para=4 ADJF nomn sing femn score=0.500 || мнить para=485 PRTF nomn sing femn score=0.500	yes	yes		мнимый,мнить,мни,мним,мнима,мнимо,мнимого,мнимое,мнимой,мнимом,мнимому,мнимою
pool/orbital.txt	Внешне , на рисунках , в отличие от орбиталей , не бывает разрыва по ( возникающего у орбиталей из - за наличия нулей функции ). Последнее видно , например , на рисунке , где в середине начерчена двухлепестковая , а справа дано 2D - изображение орбитали .	видно	видно para=130  score=0.333 || видный para=223 ADJF sing neut score=0.333 || видно para=254  score=0.333	yes	yes		видное,видный,виден,видного,видном,видному,видные,видным,видными,видных
pool/orbital.txt	Смена знака функции имеет место для случаев с отличным от нуля орбитальным квантовым числом , когда отсутствует изотропия по углу : знаки у « лепестков », лежащих по разные стороны узловой плоскости , противоположны .	лепестков	лепестковый para=73 ADJF sing masc score=0.500 || лепесток para=141 NOUN gent plur masc inan score=0.500	yes	yes		лепестковый,лепесток
pool/orbital.txt	Функции являются комплексными , и иногда возникает потребность объединения их в вещественные линейные комбинации ( одно и то же , но разные ); это позволяет определить положение орбиталей относительно декартовых осей координат .	их	они para=2305 NPRO accs plur score=0.139 || их para=1440 ADJF nomn sing femn score=0.083 || они para=2305 NPRO gent plur score=0.083 || их para=1440 ADJF accs sing neut score=0.056 || их para=1440 ADJF nomn plur score=0.056	yes	yes		они,им,ним
pool/orbital.txt	Функции являются комплексными , и иногда возникает потребность объединения их в вещественные линейные комбинации ( одно и то же , но разные ); это позволяет определить положение орбиталей относительно декартовых осей координат .	декартовых	декартов para=100 ADJF gent plur score=0.167 || декартов para=100 ADJF accs plur anim score=0.167 || декартов para=100 ADJF loct plur score=0.167 || декартовый para=193 ADJF gent plur score=0.167 || декартовый para=193 ADJF accs plur anim score=0.167 || декартовый para=193 ADJF loct plur score=0.167	yes	no		декартов,декартовый,декартова,декартово,декартовой,декартовом,декартовою,декартовы,декартовым,декартовыми
pool/orbital.txt	В таблице ниже выписаны вещественные комбинации и их обозначения , а на самом нижнем рисунке — вид комбинированных сферических функций .	их	они para=2305 NPRO accs plur score=0.139 || их para=1440 ADJF nomn sing femn score=0.083 || они para=2305 NPRO gent plur score=0.083 || их para=1440 ADJF accs sing neut score=0.056 || их para=1440 ADJF nomn plur score=0.056	yes	yes		они,им,ним
pool/orbital.txt	В таблице ниже выписаны вещественные комбинации и их обозначения , а на самом нижнем рисунке — вид комбинированных сферических функций .	самом	сам para=2823 ADJF loct sing neut score=0.400 || самый para=2825 ADJF loct sing neut score=0.400 || сам para=2823 ADJF loct sing masc score=0.200 || самый para=2825 ADJF loct sing masc score=0.200	yes	no		сам,сами,самый,самого,самой,самому
pool/orbital.txt	В таблице ниже выписаны вещественные комбинации и их обозначения , а на самом нижнем рисунке — вид комбинированных сферических функций .	комбинированных	комбинированный para=120 ADJF gent plur score=0.167 || комбинированный para=120 ADJF accs plur anim score=0.167 || комбинированный para=120 ADJF loct plur score=0.167 || комбинировать para=171 PRTF gent plur score=0.167 || комбинировать para=171 PRTF accs plur anim score=0.167 || комбинировать para=171 PRTF loct plur score=0.167	yes	yes		комбинированный,комбинировать,комбинирован,комбинированная,комбинированного,комбинированное,комбинированной,комбинированном,комбинированному,комбинированною,комбинированную,комбинированные
pool/orbital.txt	Заполнение орбиталей , конфигурация атома На каждой орбитали может быть не более двух электронов , различающихся значением спинового квантового числа ( спина ). Этот запрет определён принципом Паули .	спинового	спиновый para=73 ADJF gent sing masc score=0.167 || спиновый para=73 ADJF accs sing masc anim score=0.167 || спиновый para=73 ADJF gent sing neut score=0.167 || спиновой para=106 ADJF gent sing masc score=0.167 || спиновой para=106 ADJF accs sing masc anim score=0.167 || спиновой para=106 ADJF gent sing neut score=0.167	yes	no		спиновой,спиновый,спинов,спиновая,спиновое,спиновом,спиновому,спиновою,спиновую,спиновые,спиновым,спиновыми
pool/orbital.txt	Краткую запись распределения электронов в атоме по различным электронным оболочкам атома с учётом их главного и орбитального квантовых чисел и называют электронной конфигурацией атома .	их	они para=2305 NPRO accs plur score=0.139 || их para=1440 ADJF nomn sing femn score=0.083 || они para=2305 NPRO gent plur score=0.083 || их para=1440 ADJF accs sing neut score=0.056 || их para=1440 ADJF nomn plur score=0.056	yes	yes		они,им,ним
pool/orbital.txt	Краткую запись распределения электронов в атоме по различным электронным оболочкам атома с учётом их главного и орбитального квантовых чисел и называют электронной конфигурацией атома .	главного	главное para=1019 NOUN gent sing neut inan score=0.353 || главный para=223 ADJF gent sing neut score=0.294 || главный para=223 ADJF accs sing masc anim score=0.235 || главный para=223 ADJF gent sing masc score=0.118	yes	yes		главное,главный,главном,главному,главные,главным,главными,главных
pool/paris.txt	Находится на севере государства , в центральной части Парижского бассейна , на реке Сене .	Сене	сена para=36 NOUN datv sing femn inan proper score=0.200 || сена para=36 NOUN loct sing femn inan proper score=0.200 || сено para=110 NOUN loct sing neut inan score=0.200 || сеня para=424 NOUN datv sing masc anim proper score=0.200 || сеня para=424 NOUN loct sing masc anim proper score=0.200	yes	yes	mid_sentence_capital	сена,сено,сену
pool/paris.txt	Исторический центр , образованный островом Сите и обоими берегами Сены , складывался на протяжении веков .	образованный	образовать para=76 PRTF nomn sing masc score=0.167 || образовать para=76 PRTF accs sing masc inan score=0.167 || образовать para=76 PRTF nomn sing masc score=0.167 || образовать para=76 PRTF accs sing masc inan score=0.167 || образованный para=1596 ADJF nomn sing masc score=0.167 || образованный para=1596 ADJF accs sing masc inan score=0.167	yes	yes		образовать,образующая,образован,образованная,образованного,образованное,образованной,образованном,образованному,образованною,образованную,образованные
pool/paris.txt	Исторический центр , образованный островом Сите и обоими берегами Сены , складывался на протяжении веков .	Сите	сит para=52 NOUN loct sing masc anim score=0.500 || сито para=54 NOUN loct sing neut inan score=0.500	yes	yes		сит,сито,сита,ситам,ситами,ситах,ситов,ситом,ситу
pool/paris.txt	Во второй половине XIX века претерпел коренную реконструкцию .	коренную	коренной para=1204 ADJF accs sing femn score=0.500 || корить para=415 PRTF accs sing femn score=0.500	yes	yes		коренной,корить,кори
pool/paris.txt	кельтское племя паризиев основало на месте современного острова Сите поселение , получившее название « Лютеция » — от латинского lutum « грязь , ил »; слово связано также с кельтским louk - teih , louk - tier « топкие места ». Впервые оно упоминается в сочинении Юлия Цезаря : « Записки о Галльской в	Сите	сит para=52 NOUN loct sing masc anim score=0.500 || сито para=54 NOUN loct sing neut inan score=0.500	yes	yes		сит,сито,сита,ситам,ситами,ситах,ситов,ситом,ситу
pool/paris.txt	кельтское племя паризиев основало на месте современного острова Сите поселение , получившее название « Лютеция » — от латинского lutum « грязь , ил »; слово связано также с кельтским louk - teih , louk - tier « топкие места ». Впервые оно упоминается в сочинении Юлия Цезаря : « Записки о Галльской в	Юлия	юлия para=64 NOUN nomn sing femn anim proper score=0.714 || юлий para=61 NOUN gent sing masc anim proper score=0.214 || юлий para=61 NOUN accs sing masc anim proper score=0.071	yes	yes	mid_sentence_capital	юлии,юлию,юлиям,юлиями,юлиях
pool/paris.txt	стала называться « Паризии ». « Римская » же версия , которую не без оснований считают слишком надуманной , относит происхождение названия города к имени героя мифа о троянской войне — Париса , сына троянского царя Приама , похитившего прекрасную Елену у спартанского царя Менелая .	надуманной	надуманный para=345 ADJF gent sing femn score=0.125 || надуманный para=345 ADJF datv sing femn score=0.125 || надуманный para=345 ADJF ablt sing femn score=0.125 || надуманный para=345 ADJF loct sing femn score=0.125 || надумать para=648 PRTF gent sing femn score=0.125 || надумать para=648 PRTF datv sing femn score=0.125 || надумать para=648 PRTF ablt sing femn score=0.125 || надумать para=648 PRTF loct sing femn score=0.125	yes	yes		надуманно,надуманный,надумать,надуман,надуманная,надуманного,надуманное,надуманном,надуманному,надуманною,надуманную,надуманные
pool/paris.txt	стала называться « Паризии ». « Римская » же версия , которую не без оснований считают слишком надуманной , относит происхождение названия города к имени героя мифа о троянской войне — Париса , сына троянского царя Приама , похитившего прекрасную Елену у спартанского царя Менелая .	Париса	парис para=27 NOUN gent sing masc anim proper score=0.200 || парис para=27 NOUN accs sing masc anim proper score=0.200 || париса para=69 NOUN nomn sing femn anim proper score=0.200 || парис para=161 NOUN gent sing masc inan score=0.200 || париса para=32 NOUN nomn sing masc anim proper score=0.200	yes	yes	mid_sentence_capital	
pool/paris.txt	По версии Вергилия , спасшиеся троянцы во главе с Энеем приплыли на Апеннинский полуостров , где и основали Рим .	Рим	рим para=33 NOUN accs sing masc inan proper score=0.500 || рим para=33 NOUN nomn sing masc inan proper score=0.286 || рима para=237 NOUN gent plur femn anim proper score=0.071 || рима para=237 NOUN accs plur femn anim proper score=0.071 || рима para=237 NOUN voct sing femn anim proper score=0.071	yes	yes	mid_sentence_capital	рима,римам,римами,римах,риме,риму,римы
pool/paris.txt	Вопрос о том , каким образом родственники Париса оказались на территории Франции и основали город его имени , ставший впоследствии Парижем , остаётся открытым .	открытым	открытый para=4 ADJF ablt sing masc score=0.167 || открытый para=4 ADJF ablt sing neut score=0.167 || открытый para=4 ADJF datv plur score=0.167 || открыть para=811 PRTF ablt sing masc score=0.167 || открыть para=811 PRTF ablt sing neut score=0.167 || открыть para=811 PRTF datv plur score=0.167	yes	yes		открыто,открытый,открыть,открою,открыт,открыта,открытая,открытого,открытое,открытой,открытом,открытому
pool/paris.txt	Поселение располагалось на безопасном острове Сите , окружённом водами реки Сены .	Сите	сит para=52 NOUN loct sing masc anim score=0.500 || сито para=54 NOUN loct sing neut inan score=0.500	yes	yes		сит,сито,сита,ситам,ситами,ситах,ситов,ситом,ситу
pool/paris.txt	К этому времени относятся сочинения Юлия Цезаря « Записки о Галльской войне », в которых была впервые упомянута Лютеция — « город паризиев , расположенный на одном из островов Сены ». После того , как римский полководец Тит Лабиен осадил её , жители разрушили мосты и сожгли город .	Юлия	юлия para=64 NOUN nomn sing femn anim proper score=0.714 || юлий para=61 NOUN gent sing masc anim proper score=0.214 || юлий para=61 NOUN accs sing masc anim proper score=0.071	yes	yes	mid_sentence_capital	юлии,юлию,юлиям,юлиями,юлиях
pool/paris.txt	К этому времени относятся сочинения Юлия Цезаря « Записки о Галльской войне », в которых была впервые упомянута Лютеция — « город паризиев , расположенный на одном из островов Сены ». После того , как римский полководец Тит Лабиен осадил её , жители разрушили мосты и сожгли город .	её	она para=2304 NPRO accs sing femn score=0.103 || ее para=1440 ADJF accs plur score=0.069	yes	yes		ея,она,нею
pool/paris.txt	Римская администрация разместилась на острове Сите , где продолжал функционировать порт .	Сите	сит para=52 NOUN loct sing masc anim score=0.500 || сито para=54 NOUN loct sing neut inan score=0.500	yes	yes		сит,сито,сита,ситам,ситами,ситах,ситов,ситом,ситу
pool/paris.txt	В III веке город подвергся набегам со стороны германского племени алеманнов , что привело к переселению жителей с левого берега Сены на более защищённый остров Сите .	Сите	сит para=52 NOUN loct sing masc anim score=0.500 || сито para=54 NOUN loct sing neut inan score=0.500	yes	yes		сит,сито,сита,ситам,ситами,ситах,ситов,ситом,ситу
pool/paris.txt	На Сите возвышалась крепость , располагались резиденции короля и церковной власти .	Сите	сит para=52 NOUN loct sing masc anim score=0.500 || сито para=54 NOUN loct sing neut inan score=0.500	yes	yes		сит,сито,сита,ситам,ситами,ситах,ситов,ситом,ситу
pool/paris.txt	В VII веке Париж утратил столичную функцию после того , как король франков Хлотарь II переехал в Клиши , а позднее Карл Великий — в Ахен .	Карл	карл para=27 NOUN nomn sing masc anim proper score=0.789 || карла para=69 NOUN gent plur femn anim proper score=0.053 || карла para=69 NOUN accs plur femn anim proper score=0.053 || карла para=537 NOUN gent plur masc anim score=0.053 || карла para=537 NOUN accs plur masc anim score=0.053	yes	yes	mid_sentence_capital	карлов,карлу
pool/paris.txt	В начале XII века население было сосредоточено в основном на острове - крепости Сите , который оставался королевской резиденцией до середины XV века .	Сите	сит para=52 NOUN loct sing masc anim score=0.500 || сито para=54 NOUN loct sing neut inan score=0.500	yes	yes		сит,сито,сита,ситам,ситами,ситах,ситов,ситом,ситу
pool/paris.txt	В XIII веке в образованном веком ранее Парижском университете действовало четыре факультета : каноническое право и теология , медицина , искусство , филология .	образованном	образовать para=76 PRTF loct sing masc score=0.167 || образовать para=76 PRTF loct sing neut score=0.167 || образовать para=76 PRTF loct sing masc score=0.167 || образовать para=76 PRTF loct sing neut score=0.167 || образованный para=1596 ADJF loct sing masc score=0.167 || образованный para=1596 ADJF loct sing neut score=0.167	yes	yes		образованный,образовать,образующая,образован,образованная,образованного,образованное,образованной,образованному,образованною,образованную,образованные
pool/paris.txt	Во время Столетней войны , с декабря 1420 года на протяжении 16 лет Париж был занят войсками английского короля Генриха V , а позднее герцога Бедфорда , регента Франции с 1422 года .	занят	занятый para=193 ADJF sing masc score=0.500 || занять para=1383 PRTF sing masc score=0.500	yes	yes		занятой,занятый,занять,займу,занята,занятая,занято,занятого,занятое,занятом,занятому,занятою
pool/paris.txt	Новое время В начале XVI века при короле Франциске I Париж окончательно стал столицей Франции .	Франциске	франциска para=191 NOUN loct sing femn anim proper score=0.500 || франциск para=57 NOUN loct sing masc anim proper score=0.250 || франциска para=191 NOUN datv sing femn anim proper score=0.250	yes	yes	mid_sentence_capital	франциска,францискам,францисками,францисках,франциски,франциску
pool/paris.txt	В XVI — XVII веках для упорядочения сбора налогов и других целей город был разделён на 16 районов .	разделён	раздельный para=220 ADJF sing masc score=0.500 || разделить para=754 PRTF sing masc score=0.500	yes	yes		разделить,раздельный,раздели
pool/paris.txt	В 1702 году город был разделён на 20 районов .	разделён	раздельный para=220 ADJF sing masc score=0.500 || разделить para=754 PRTF sing masc score=0.500	yes	yes		разделить,раздельный,раздели
pool/paris.txt	С 1820 - х годов на смену масляным лампам на центральных улицах пришли газовые фонари .	пришли	прислать para=1392 VERB sing score=0.500 || прийти para=2662 VERB plur score=0.500	yes	no		прийти,прислать
pool/paris.txt	Новейшее время В годы Второй мировой войны Париж был оккупирован немецкими войсками , на Елисейских Полях проходили немецкие военные марши , в отеле « Лютеция » разместился абвер , гестапо — на улице Ларистон , город жил по берлинскому времени и с немецкими вывесками .	Полях	поле para=461 NOUN loct plur neut inan score=0.875 || поль para=58 NOUN loct plur masc anim proper score=0.062 || поля para=208 NOUN loct plur femn anim proper score=0.062	yes	yes	mid_sentence_capital	поле,поля,полей,полем,полю,полям,полями
pool/paris.txt	Новейшее время В годы Второй мировой войны Париж был оккупирован немецкими войсками , на Елисейских Полях проходили немецкие военные марши , в отеле « Лютеция » разместился абвер , гестапо — на улице Ларистон , город жил по берлинскому времени и с немецкими вывесками .	марши	марш para=80 NOUN nomn plur masc inan score=0.250 || марш para=80 NOUN accs plur masc inan score=0.250 || марши para=567 NOUN nomn plur inan score=0.250 || марши para=567 NOUN accs plur inan score=0.250	yes	yes	noun_complement	марш,маршам,маршами,маршах,маршей
pool/paris.txt	Новейшее время В годы Второй мировой войны Париж был оккупирован немецкими войсками , на Елисейских Полях проходили немецкие военные марши , в отеле « Лютеция » разместился абвер , гестапо — на улице Ларистон , город жил по берлинскому времени и с немецкими вывесками .	отеле	отель para=92 NOUN loct sing masc inan score=0.500 || отел para=34 NOUN loct sing masc inan score=0.500	yes	yes		отел,отель,отели,отелю
pool/paris.txt	25 августа Шарль де Голль с балкона городской ратуши произносит знаменитую речь : « Париж осквернён , Париж сломлен , Париж измучен , но Париж свободен !».	измучен	измученный para=345 ADJF sing masc score=0.500 || измучить para=1379 PRTF sing masc score=0.500	yes	yes		измученно,измученный,измучить,измученная,измученного,измученное,измученной,измученном,измученному,измученною,измученную,измученные
pool/paris.txt	Здесь происходили массовые беспорядки мая 1968 года , приведшие , в конечном счёте , не столько к смене правительства , сколько к коренному переделу общества , смене менталитета французов .	коренному	коренной para=1204 ADJF datv sing masc score=0.250 || коренной para=1204 ADJF datv sing neut score=0.250 || корить para=415 PRTF datv sing masc score=0.250 || корить para=415 PRTF datv sing neut score=0.250	yes	yes		коренной,корить,кори
pool/paris.txt	30 января 2019 года информационный портал « Travel and Leisure » опубликовал « рейтинг наиболее романтичных городов мира ». В ходе исследования было подсчитано количество людей , стремящихся сделать предложение руки и сердца либо вступить в брак на территории определённого города .	определённого	определенный para=12 ADJF gent sing masc score=0.167 || определенный para=12 ADJF accs sing masc anim score=0.167 || определенный para=12 ADJF gent sing neut score=0.167 || определить para=754 PRTF gent sing masc score=0.167 || определить para=754 PRTF accs sing masc anim score=0.167 || определить para=754 PRTF gent sing neut score=0.167	yes	yes		определенно,определенный,определить,определим,определённая,определённо,определённое,определённой,определённом,определённому,определённою,определённую
pool/paris.txt	Граница города проходит , в основном , по кольцевой автодороге Периферик , за её пределами к востоку и к западу расположены Венсенский и Булонский леса , входящие в черту города .	её	она para=2304 NPRO accs sing femn score=0.103 || ее para=1440 ADJF accs plur score=0.069	yes	yes		ея,она,нею
pool/paris.txt	Граница города проходит , в основном , по кольцевой автодороге Периферик , за её пределами к востоку и к западу расположены Венсенский и Булонский леса , входящие в черту города .	входящие	входящий para=213 ADJF nomn plur score=0.250 || входящий para=213 ADJF accs plur inan score=0.250 || входить para=498 PRTF nomn plur score=0.250 || входить para=498 PRTF accs plur inan score=0.250	yes	yes		входить,входящий,входящая,входящего,входящее,входящей,входящем,входящему,входящею,входящим,входящими,входящих
pool/paris.txt	Линия меридиана запечатлена ориентированными с севера на юг 135 медальонами с именем астронома Араго , уложенных на мостовых , тротуарах и зданиях .	ориентированными	ориентировать para=76 PRTF ablt plur score=0.333 || ориентировать para=76 PRTF ablt plur score=0.333 || ориентированный para=120 ADJF ablt plur score=0.333	yes	yes		ориентированный,ориентировать,ориентирован,ориентированная,ориентированного,ориентированное,ориентированной,ориентированном,ориентированному,ориентированною,ориентированную,ориентированные
pool/paris.txt	Из островов , лежащих в черте города , наибольший интерес представляет остров Сите .	черте	черта para=55 NOUN loct sing femn inan score=0.818 || черта para=55 NOUN datv sing femn inan score=0.091 || черт para=3156 NOUN loct sing masc anim score=0.091	yes	yes	preposition:в	черт,черта
pool/paris.txt	Из островов , лежащих в черте города , наибольший интерес представляет остров Сите .	Сите	сит para=52 NOUN loct sing masc anim score=0.500 || сито para=54 NOUN loct sing neut inan score=0.500	yes	yes		сит,сито,сита,ситам,ситами,ситах,ситов,ситом,ситу
pool/paris.txt	Заселённый ещё в античные времена , он является колыбелью Парижа .	Заселённый	заселить para=982 PRTF nomn sing masc score=0.250 || заселить para=982 PRTF accs sing masc inan score=0.250 || заселенный para=345 ADJF nomn sing masc score=0.250 || заселенный para=345 ADJF accs sing masc inan score=0.250	yes	yes		заселить,засели,заселён,заселённая,заселённого,заселённое,заселённой,заселённом,заселённому,заселённою,заселённую,заселённые
pool/paris.txt	Традиционно деление города на правый берег ( торговая , деловая часть города ) и левый берег ( культурная , образовательная часть города ). Длина Сены в черте Парижа составляет 12 , 78 км , глубина её варьирует от 3 , 8 м ( вблизи моста Насьональ ) до 5 , 7 м ( у моста Мирабо ), ширина русла — от 30	черте	черта para=55 NOUN loct sing femn inan score=0.818 || черта para=55 NOUN datv sing femn inan score=0.091 || черт para=3156 NOUN loct sing masc anim score=0.091	yes	yes	preposition:в	черт,черта
pool/paris.txt	Традиционно деление города на правый берег ( торговая , деловая часть города ) и левый берег ( культурная , образовательная часть города ). Длина Сены в черте Парижа составляет 12 , 78 км , глубина её варьирует от 3 , 8 м ( вблизи моста Насьональ ) до 5 , 7 м ( у моста Мирабо ), ширина русла — от 30	её	она para=2304 NPRO accs sing femn score=0.103 || ее para=1440 ADJF accs plur score=0.069	yes	yes		ея,она,нею
pool/paris.txt	Кроме реки , в черте города имеются каналы Сен - Мартен , Сен - Дени и Урк общей протяжённостью 7 , 6 км .	черте	черта para=55 NOUN loct sing femn inan score=0.818 || черта para=55 NOUN datv sing femn inan score=0.091 || черт para=3156 NOUN loct sing masc anim score=0.091	yes	yes	preposition:в	черт,черта
pool/paris.txt	Современный город защищён от паводков системой водохранилищ вверх по Сене , а также повышением уровня набережных .	Сене	сена para=36 NOUN datv sing femn inan proper score=0.200 || сена para=36 NOUN loct sing femn inan proper score=0.200 || сено para=110 NOUN loct sing neut inan score=0.200 || сеня para=424 NOUN datv sing masc anim proper score=0.200 || сеня para=424 NOUN loct sing masc anim proper score=0.200	yes	yes	mid_sentence_capital	сена,сено,сену
pool/paris.txt	Климат Метеорологические наблюдения ведутся непрерывно начиная с 1873 года с метеостанции в парке Монсури .	парке	парка para=8 NOUN datv sing femn inan score=0.167 || парка para=8 NOUN loct sing femn inan score=0.167 || парк para=19 NOUN loct sing masc inan score=0.167 || парка para=40 NOUN datv sing femn anim score=0.167 || парка para=40 NOUN loct sing femn anim score=0.167 || парок para=348 NOUN loct sing masc inan score=0.167	yes	yes	preposition:в	парк,парка,парок,паркам,парками,парках,парки,парков,паркой,парком,паркою,парку
pool/paris.txt	Париж располагается в зоне умеренного континентального климата , на стыке двух противопоставленных друг другу климатических явлений : близость к морю обуславливает наличие тёплых и влажных воздушных масс и вторжение холодного континентального воздуха , чаще всего с севера и северо - востока .	умеренного	умеренный para=345 ADJF gent sing masc score=0.167 || умеренный para=345 ADJF accs sing masc anim score=0.167 || умеренный para=345 ADJF gent sing neut score=0.167 || умерить para=657 PRTF gent sing masc score=0.167 || умерить para=657 PRTF accs sing masc anim score=0.167 || умерить para=657 PRTF gent sing neut score=0.167	yes	yes		умеренный,умерить,умерен,умеренная,умеренное,умеренной,умеренном,умеренному,умеренною,умеренную,умеренные,умеренным
pool/paris.txt	Средняя годовая температура составляет 12 , 8 ° C , самый холодный месяц : январь (+ 5 , 5 ° С ), самые жаркие : июль и август (+ 21 ° С ), среднее годовое количество выпавших осадков : 600 мм .	жаркие	жаркое para=607 NOUN nomn plur neut inan score=0.250 || жаркое para=607 NOUN accs plur neut inan score=0.250 || жаркий para=1460 ADJF nomn plur score=0.250 || жаркий para=1460 ADJF accs plur inan score=0.250	yes	yes		жарка,жаркий,жаркое,жарок,жарки,жарким,жаркими,жарких,жаркого,жаркой,жарком,жаркому
pool/paris.txt	По многолетним наблюдениям , в год случается 111 дождливых дней , 18 дней идут ливневые дожди с грозами , 11 дней в году выпадают осадки в виде снега .	осадки	осадка para=8 NOUN gent sing femn inan score=0.143 || осадка para=8 NOUN nomn plur femn inan score=0.143 || осадка para=8 NOUN accs plur femn inan score=0.143 || осадок para=141 NOUN nomn plur masc inan score=0.143 || осадок para=141 NOUN accs plur masc inan score=0.143 || осадки para=313 NOUN nomn plur inan score=0.143 || осадки para=313 NOUN accs plur inan score=0.143	yes	yes	verb_subject	осадка,осадок,осадкам,осадками,осадках,осадке,осадков,осадку
pool/paris.txt	Микроклимат Парижа , обусловленный скученностью и загрязнением , отличается температурой воздуха ( в среднем на 2 ° C выше средней температуры по региону , разница может доходить до 10 ° C ), пониженной влажностью , меньшей светлостью в дневное время и более светлыми ночами .	выше	выше para=3 ADVB score=0.286 || высоко para=1134  score=0.286 || выше para=24 PREP score=0.143 || выша para=302 NOUN datv sing femn inan proper score=0.143 || выша para=302 NOUN loct sing femn inan proper score=0.143	yes	yes	lowercase_common	высоко
pool/paris.txt	Микроклимат Парижа , обусловленный скученностью и загрязнением , отличается температурой воздуха ( в среднем на 2 ° C выше средней температуры по региону , разница может доходить до 10 ° C ), пониженной влажностью , меньшей светлостью в дневное время и более светлыми ночами .	пониженной	понизить para=860 PRTF gent sing femn score=0.125 || понизить para=860 PRTF datv sing femn score=0.125 || понизить para=860 PRTF ablt sing femn score=0.125 || понизить para=860 PRTF loct sing femn score=0.125 || пониженный para=345 ADJF gent sing femn score=0.125 || пониженный para=345 ADJF datv sing femn score=0.125 || пониженный para=345 ADJF ablt sing femn score=0.125 || пониженный para=345 ADJF loct sing femn score=0.125	yes	yes		пониженный,понизить,понижен,пониженная,пониженного,пониженное,пониженном,пониженному,пониженною,пониженную,пониженные,пониженным
pool/paris.txt	Микроклимат Парижа , обусловленный скученностью и загрязнением , отличается температурой воздуха ( в среднем на 2 ° C выше средней температуры по региону , разница может доходить до 10 ° C ), пониженной влажностью , меньшей светлостью в дневное время и более светлыми ночами .	дневное	дневный para=10 ADJF nomn sing neut score=0.250 || дневный para=10 ADJF accs sing neut score=0.250 || дневной para=138 ADJF nomn sing neut score=0.250 || дневной para=138 ADJF accs sing neut score=0.250	yes	no		дневной,дневный,дневная,дневного,дневном,дневному,дневною,дневную,дневные,дневным,дневными,дневных
pool/paris.txt	Направление господствующего ветра в соответствии с розой ветров , построенной по данным наблюдений станции Météo - France : юго - западное .	господствующего	господствующий para=165 ADJF gent sing masc score=0.167 || господствующий para=165 ADJF accs sing masc anim score=0.167 || господствующий para=165 ADJF gent sing neut score=0.167 || господствовать para=177 PRTF gent sing masc score=0.167 || господствовать para=177 PRTF accs sing masc anim score=0.167 || господствовать para=177 PRTF gent sing neut score=0.167	yes	yes		господствовать,господствующий,господствующая,господствующее,господствующей,господствующем,господствующему,господствующею,господствующие,господствующим,господствующими,господствующих
pool/paris.txt	Самым жарким за историю метеонаблюдений днём в Париже был 25 июля 2019 года , когда термометры поднялись до + 42 , 6 ° C .	жарким	жаркий para=1460 ADJF ablt sing masc score=0.286 || жаркий para=1460 ADJF ablt sing neut score=0.286 || жаркое para=607 NOUN ablt sing neut inan score=0.143 || жаркое para=607 NOUN datv plur neut inan score=0.143 || жаркий para=1460 ADJF datv plur score=0.143	yes	yes		жарка,жаркий,жаркое,жарок,жарки,жаркие,жаркими,жарких,жаркого,жаркой,жарком,жаркому
pool/paris.txt	Экология Состояние окружающей среды Парижа испытывает на себе факторы жизнедеятельности многомиллионного населения .	окружающей	окружающий para=213 ADJF gent sing femn score=0.125 || окружающий para=213 ADJF datv sing femn score=0.125 || окружающий para=213 ADJF ablt sing femn score=0.125 || окружающий para=213 ADJF loct sing femn score=0.125 || окружать para=215 PRTF gent sing femn score=0.125 || окружать para=215 PRTF datv sing femn score=0.125 || окружать para=215 PRTF ablt sing femn score=0.125 || окружать para=215 PRTF loct sing femn score=0.125	yes	yes		окружать,окружающее,окружающие,окружающий,окружающая,окружающего,окружающем,окружающему,окружающею,окружающим,окружающими,окружающих
pool/paris.txt	В черте города число объектов промышленности невелико вследствие процесса деиндустриализации , начавшегося в середине XX века , благодаря чему загрязнение почв не является острой проблемой .	черте	черта para=55 NOUN loct sing femn inan score=0.818 || черта para=55 NOUN datv sing femn inan score=0.091 || черт para=3156 NOUN loct sing masc anim score=0.091	yes	yes	preposition:в	черт,черта
pool/paris.txt	Большое внимание уделяется чистоте воздуха : так , над Парижем каждый день запускается видимый в радиусе 40 км воздушный шар , цвет которого меняется в зависимости от качества воздуха .	видимый	видимый para=4 ADJF nomn sing masc score=0.250 || видимый para=4 ADJF accs sing masc inan score=0.250 || видеть para=821 PRTF nomn sing masc score=0.250 || видеть para=821 PRTF accs sing masc inan score=0.250	yes	yes		видеть,видимо,виден,видим,видима,видимая,видимого,видимое,видимой,видимом,видимому,видимою
pool/paris.txt	В 1988 году Жак Ширак , будучи мэром Парижа , заявил , что через 5 лет в Сене можно будет купаться , действительно , за последние годы качество воды в реке улучшилось настолько , что сегодня в её водах в городской черте обитает около 28 видов рыб .	Сене	сена para=36 NOUN datv sing femn inan proper score=0.200 || сена para=36 NOUN loct sing femn inan proper score=0.200 || сено para=110 NOUN loct sing neut inan score=0.200 || сеня para=424 NOUN datv sing masc anim proper score=0.200 || сеня para=424 NOUN loct sing masc anim proper score=0.200	yes	yes	mid_sentence_capital preposition:в	сена,сено,сену
pool/paris.txt	В 1988 году Жак Ширак , будучи мэром Парижа , заявил , что через 5 лет в Сене можно будет купаться , действительно , за последние годы качество воды в реке улучшилось настолько , что сегодня в её водах в городской черте обитает около 28 видов рыб .	действительно	действительно para=3 ADVB score=0.333 || действительно para=130  score=0.333 || действительный para=220 ADJF sing neut score=0.333	yes	yes		действительный
pool/paris.txt	В 1988 году Жак Ширак , будучи мэром Парижа , заявил , что через 5 лет в Сене можно будет купаться , действительно , за последние годы качество воды в реке улучшилось настолько , что сегодня в её водах в городской черте обитает около 28 видов рыб .	её	она para=2304 NPRO accs sing femn score=0.103 || ее para=1440 ADJF accs plur score=0.069	yes	yes		ея,она,нею
pool/paris.txt	Большое внимание уделяется зелёным насаждениям , увеличению их разнообразия , благодаря чему Париж считается одной из наиболее зелёных столиц Европы , ведь в городе насчитывается около 487 000 деревьев , самому старому из которых ( Робиния псевдоакация ) в сквере Вивиани в 5 округе , посаженному при	их	они para=2305 NPRO accs plur score=0.139 || их para=1440 ADJF nomn sing femn score=0.083 || они para=2305 NPRO gent plur score=0.083 || их para=1440 ADJF accs sing neut score=0.056 || их para=1440 ADJF nomn plur score=0.056	yes	yes		они,им,ним
pool/paris.txt	Большое внимание уделяется зелёным насаждениям , увеличению их разнообразия , благодаря чему Париж считается одной из наиболее зелёных столиц Европы , ведь в городе насчитывается около 487 000 деревьев , самому старому из которых ( Робиния псевдоакация ) в сквере Вивиани в 5 округе , посаженному при	самому	сам para=2823 ADJF datv sing masc score=0.250 || сам para=2823 ADJF datv sing neut score=0.250 || самый para=2825 ADJF datv sing masc score=0.250 || самый para=2825 ADJF datv sing neut score=0.250	yes	no		сам,сами,самый,самого,самой,самом
pool/paris.txt	Большое внимание уделяется зелёным насаждениям , увеличению их разнообразия , благодаря чему Париж считается одной из наиболее зелёных столиц Европы , ведь в городе насчитывается около 487 000 деревьев , самому старому из которых ( Робиния псевдоакация ) в сквере Вивиани в 5 округе , посаженному при	Вивиани	вивиани para=25 NOUN nomn sing masc anim proper score=0.111 || вивиани para=25 NOUN gent sing masc anim proper score=0.111 || вивиани para=25 NOUN datv sing masc anim proper score=0.111 || вивиани para=25 NOUN accs sing masc anim proper score=0.111 || вивиани para=25 NOUN ablt sing masc anim proper score=0.111 || вивиани para=25 NOUN loct sing masc anim proper score=0.111 || вивианя para=278 NOUN gent sing femn anim proper score=0.111 || вивианя para=278 NOUN nomn plur femn anim proper score=0.111	yes	yes	mid_sentence_capital noun_complement	
pool/paris.txt	В городе предпринимаются попытки борьбы с шумовым загрязнением , основная причина которого — автомобильный транспорт .	основная	основный para=12 ADJF nomn sing femn score=0.500 || основной para=138 ADJF nomn sing femn score=0.500	yes	no		основное,основной,основный,основнее,основней,основного,основному,основною,основную,основные,основным,основными
pool/paris.txt	Флаг Парижа представляет собой квадратное полотнище , состоящее из двух вертикальных полос синего и красного цветов , использование которых восходит к XIV веку .	цветов	цвет para=2798 NOUN gent plur masc inan score=0.500 || цветок para=3143 NOUN gent plur masc inan score=0.500	yes	yes		цвет,цвета,цветков,цветок,цветам,цветами,цветах,цвете,цвету,цветы
pool/paris.txt	На него приходится 3 , 6 % населения Франции и 19 , 3 % жителей региона Иль - де - Франс .	него	он para=2303 NPRO gent sing masc score=0.333 || оно para=2306 NPRO gent sing neut score=0.333 || он para=2303 NPRO accs sing masc score=0.167 || оно para=2306 NPRO accs sing neut score=0.167	yes	no		его,он,оно,ему,нему
pool/paris.txt	По данным Евростата за 2003 — 2006 годы численность населения урбанизированной зоны ( англ .	урбанизированной	урбанизированный para=10 ADJF gent sing femn score=0.083 || урбанизированный para=10 ADJF datv sing femn score=0.083 || урбанизированный para=10 ADJF ablt sing femn score=0.083 || урбанизированный para=10 ADJF loct sing femn score=0.083 || урбанизировать para=76 PRTF gent sing femn score=0.083 || урбанизировать para=76 PRTF datv sing femn score=0.083 || урбанизировать para=76 PRTF ablt sing femn score=0.083 || урбанизировать para=76 PRTF loct sing femn score=0.083 || урбанизировать para=76 PRTF gent sing femn score=0.083 || урбанизировать para=76 PRTF datv sing femn score=0.083 || урбанизировать para=76 PRTF ablt sing femn score=0.083 || урбанизировать para=76 PRTF loct sing femn score=0.083	yes	yes		урбанизированный,урбанизировать,урбанизированная,урбанизированного,урбанизированное,урбанизированном,урбанизированному,урбанизированною,урбанизированную,урбанизированные,урбанизированным,урбанизированными
pool/paris.txt	В пригородах за счёт их расширения в 1921 году проживало 4 , 85 миллиона человек , а в 2006 году — уже 11 , 6 миллиона .	их	они para=2305 NPRO accs plur score=0.139 || их para=1440 ADJF nomn sing femn score=0.083 || они para=2305 NPRO gent plur score=0.083 || их para=1440 ADJF accs sing neut score=0.056 || их para=1440 ADJF nomn plur score=0.056	yes	yes		они,им,ним
pool/paris.txt	Большая часть парижских семей имеет всего одного ребёнка .	Большая	больший para=531 ADJF nomn sing femn score=0.500 || большой para=532 ADJF nomn sing femn score=0.500	yes	no		больше,больший,большой,велик,большие,большим,большими,больших,большую,велика,велики
pool/paris.txt	Религия Христианской покровительницей Парижа считается святая Женевьева .	Женевьева	женевьев para=37 NOUN gent sing masc anim proper score=0.250 || женевьев para=37 NOUN accs sing masc anim proper score=0.250 || женевьев para=37 NOUN nomn sing femn anim proper score=0.250 || женевьева para=69 NOUN nomn sing femn anim proper score=0.250	yes	yes	mid_sentence_capital adjective_agreement	женевьев,женевьеве,женевьевой,женевьеву,женевьевы
pool/paris.txt	Административное деление Иногда собственно город Париж называют фр .	собственно	собственно para=22  score=0.333 || собственно para=130  score=0.333 || собственный para=274 ADJF sing neut score=0.333	yes	yes		собственный
pool/paris.txt	Город делится на 20 муниципальных округов , пронумерованных от центра к периферии по спирали по часовой стрелке , которым присвоены почтовые индексы от 75 001 до 75 020 .	спирали	спираль para=13 NOUN gent sing femn inan score=0.286 || спираль para=13 NOUN datv sing femn inan score=0.143 || спираль para=13 NOUN loct sing femn inan score=0.143 || спираль para=13 NOUN nomn plur femn inan score=0.143 || спираль para=13 NOUN accs plur femn inan score=0.143 || спирать para=215 VERB plur score=0.143	yes	yes		спираль,спирать
pool/paris.txt	Каждый округ , в свою очередь , разделён на четыре квартала , в каждом из которых есть своё отделение полиции .	разделён	раздельный para=220 ADJF sing masc score=0.500 || разделить para=754 PRTF sing masc score=0.500	yes	yes		разделить,раздельный,раздели
pool/paris.txt	Основная масса ( 85 %) рабочих мест относится к сфере обслуживания .	Основная	основный para=12 ADJF nomn sing femn score=0.500 || основной para=138 ADJF nomn sing femn score=0.500	yes	no		основное,основной,основный,основнее,основней,основного,основному,основною,основную,основные,основным,основными
pool/paris.txt	Примерно столько же рабочих мест приходится на мелкие предприятия , занятые в области сервиса ( 35 %), производства ( 30 %), строительства ( 20 %) и питания ( 15 %). Развит туристический бизнес , в котором занято 160 000 чел .,	занятые	занятой para=138 ADJF nomn plur score=0.167 || занятой para=138 ADJF accs plur inan score=0.167 || занятый para=193 ADJF nomn plur score=0.167 || занятый para=193 ADJF accs plur inan score=0.167 || занять para=1383 PRTF nomn plur score=0.167 || занять para=1383 PRTF accs plur inan score=0.167	yes	yes		занятой,занятый,занять,займу,занят,занята,занятая,занято,занятого,занятое,занятом,занятому
pool/paris.txt	Примерно столько же рабочих мест приходится на мелкие предприятия , занятые в области сервиса ( 35 %), производства ( 30 %), строительства ( 20 %) и питания ( 15 %). Развит туристический бизнес , в котором занято 160 000 чел .,	Развит	развитой para=539 ADJF sing masc score=0.500 || развить para=665 PRTF sing masc score=0.500	yes	yes		развитой,развитый,развить,развей,развейте,развита,развитая,развито,развитого,развитое,развитом,развитому
pool/paris.txt	Примерно столько же рабочих мест приходится на мелкие предприятия , занятые в области сервиса ( 35 %), производства ( 30 %), строительства ( 20 %) и питания ( 15 %). Развит туристический бизнес , в котором занято 160 000 чел .,	занято	занятый para=193 ADJF sing neut score=0.500 || занять para=1383 PRTF sing neut score=0.500	yes	yes		занятой,занятый,занять,займу,занят,занята,занятая,занятого,занятое,занятом,занятому,занятою
pool/paris.txt	Примерно столько же рабочих мест приходится на мелкие предприятия , занятые в области сервиса ( 35 %), производства ( 30 %), строительства ( 20 %) и питания ( 15 %). Развит туристический бизнес , в котором занято 160 000 чел .,	чел	чел para=3289 NOUN nomn sing masc anim score=0.071 || чел para=3289 NOUN gent sing masc anim score=0.071 || чел para=3289 NOUN datv sing masc anim score=0.071 || чел para=3289 NOUN accs sing masc anim score=0.071 || чел para=3289 NOUN ablt sing masc anim score=0.071 || чел para=3289 NOUN loct sing masc anim score=0.071 || чел para=3289 NOUN nomn plur masc anim score=0.071 || чел para=3289 NOUN gent plur masc anim score=0.071 || чел para=3289 NOUN datv plur masc anim score=0.071 || чел para=3289 NOUN accs plur masc anim score=0.071 || чел para=3289 NOUN ablt plur masc anim score=0.071 || чел para=3289 NOUN loct plur masc anim score=0.071 || чело para=1467 NOUN gent plur neut inan score=0.071 || честь para=3173 VERB sing masc score=0.071	yes	yes		чело,чти,чтите,чту,чтя
pool/paris.txt	В Париже расположилась большая часть французских банков , страховых компаний и иных финансовых предприятий .	большая	больший para=531 ADJF nomn sing femn score=0.500 || большой para=532 ADJF nomn sing femn score=0.500	yes	no		больше,больший,большой,велик,большие,большим,большими,больших,большую,велика,велики
pool/paris.txt	По данным Fortune Global 500 , в 2012 году здесь располагались штаб - квартиры 19 крупнейших компаний мира ( больше , чем в любом другом городе Европы ), в том числе страховой группы AXA , пищевых концернов Danone , а также банковских групп BNP Paribas и Société Générale .	другом	друг para=1423 NOUN ablt sing masc anim score=0.457 || другой para=1424 ADJF loct sing masc score=0.333 || другой para=1424 ADJF loct sing neut score=0.210	yes	yes		друг,другой
pool/paris.txt	Сегодня город , вместе с открытым в 1950 — 60 - е годы в пригороде деловым центром Дефанс , является одним из важнейших торговых центров Европы .	открытым	открытый para=4 ADJF ablt sing masc score=0.167 || открытый para=4 ADJF ablt sing neut score=0.167 || открытый para=4 ADJF datv plur score=0.167 || открыть para=811 PRTF ablt sing masc score=0.167 || открыть para=811 PRTF ablt sing neut score=0.167 || открыть para=811 PRTF datv plur score=0.167	yes	yes		открыто,открытый,открыть,открою,открыт,открыта,открытая,открытого,открытое,открытой,открытом,открытому
pool/paris.txt	В 1786 году вышло постановление парижского прево , разрешавшее поварам и рестораторам принимать посетителей до 23 ( зимой ) или до 24 часов ( летом ). Для зажиточных горожан вошло в привычку назначать деловые , а также и личные встречи не дома , а в ресторане .	летом	лето para=110 NOUN ablt sing neut inan score=0.512 || летом para=3 ADVB score=0.475	yes	yes		лета,лето,лете
pool/paris.txt	В 1786 году вышло постановление парижского прево , разрешавшее поварам и рестораторам принимать посетителей до 23 ( зимой ) или до 24 часов ( летом ). Для зажиточных горожан вошло в привычку назначать деловые , а также и личные встречи не дома , а в ресторане .	личные	личный para=12 ADJF nomn plur score=0.250 || личный para=12 ADJF accs plur inan score=0.250 || личной para=106 ADJF nomn plur score=0.250 || личной para=106 ADJF accs plur inan score=0.250	yes	no		личной,личный,личная,личного,личное,личном,личному,личною,личную,личным,личными,личных
pool/paris.txt	Некоторые парижские кафе существуют ещё со времён эпохи Просвещения , когда они выполняли в большей степени социальную функцию , чем служили местом для приёма пищи .	Некоторые	некоторый para=1306 ADJF nomn plur score=0.473 || некоторые para=2165 NPRO nomn plur score=0.324 || некоторый para=1306 ADJF accs plur inan score=0.189	yes	yes		некоторый,некоторым,некоторыми,некоторых
pool/paris.txt	К ним можно отнести кафе « Прокоп », первое литературное кафе , сейчас считается старейшим рестораном Парижа , и кафе « де ля Режанс », ставшее местом встреч лучших шахматистов тех времён ( просуществовало до 1950 - х годов ). Для поклонников варьете в Париже открыто большое количество кабаре .	открыто	открыто para=3 ADVB score=0.333 || открытый para=4 ADJF sing neut score=0.333 || открыть para=811 PRTF sing neut score=0.333	yes	yes		открытый,открыть,открою,открыт,открыта,открытая,открытого,открытое,открытой,открытом,открытому,открытою
pool/photosynthesis.txt	φῶς — « свет » и σύνθεσις — « соединённый », « складной », « связывание », « синтез ») — сложный химический процесс преобразования энергии видимого света ( в некоторых случаях — инфракрасного излучения ) в энергию химических связей органических веществ при участии фотосинтетических пигментов ( хлоро	складной	складный para=12 ADJF gent sing femn score=0.100 || складный para=12 ADJF datv sing femn score=0.100 || складный para=12 ADJF ablt sing femn score=0.100 || складный para=12 ADJF loct sing femn score=0.100 || складной para=106 ADJF nomn sing masc score=0.100 || складной para=106 ADJF accs sing masc inan score=0.100 || складной para=106 ADJF gent sing femn score=0.100 || складной para=106 ADJF datv sing femn score=0.100 || складной para=106 ADJF ablt sing femn score=0.100 || складной para=106 ADJF loct sing femn score=0.100	yes	no		складно,складный,складная,складней,складного,складное,складном,складному,складною,складную,складные,складным
pool/photosynthesis.txt	φῶς — « свет » и σύνθεσις — « соединённый », « складной », « связывание », « синтез ») — сложный химический процесс преобразования энергии видимого света ( в некоторых случаях — инфракрасного излучения ) в энергию химических связей органических веществ при участии фотосинтетических пигментов ( хлоро	видимого	видимый para=4 ADJF gent sing masc score=0.167 || видимый para=4 ADJF accs sing masc anim score=0.167 || видимый para=4 ADJF gent sing neut score=0.167 || видеть para=821 PRTF gent sing masc score=0.167 || видеть para=821 PRTF accs sing masc anim score=0.167 || видеть para=821 PRTF gent sing neut score=0.167	yes	yes		видеть,видимо,видимый,виден,видим,видима,видимая,видимое,видимой,видимом,видимому,видимою
pool/photosynthesis.txt	φῶς — « свет » и σύνθεσις — « соединённый », « складной », « связывание », « синтез ») — сложный химический процесс преобразования энергии видимого света ( в некоторых случаях — инфракрасного излучения ) в энергию химических связей органических веществ при участии фотосинтетических пигментов ( хлоро	него	он para=2303 NPRO gent sing masc score=0.333 || оно para=2306 NPRO gent sing neut score=0.333 || он para=2303 NPRO accs sing masc score=0.167 || оно para=2306 NPRO accs sing neut score=0.167	yes	no		его,он,оно,ему,нему
pool/photosynthesis.txt	Классификация У живых организмов было обнаружено два типа пигментов , способных выступать фотосинтетическими приёмниками ( антенн ). Эти пигменты поглощают кванты видимого света и обеспечивают дальнейшее запасание энергии излучения в виде энергии электрохимического градиента ионов H + ( протонов ) н	видимого	видимый para=4 ADJF gent sing masc score=0.167 || видимый para=4 ADJF accs sing masc anim score=0.167 || видимый para=4 ADJF gent sing neut score=0.167 || видеть para=821 PRTF gent sing masc score=0.167 || видеть para=821 PRTF accs sing masc anim score=0.167 || видеть para=821 PRTF gent sing neut score=0.167	yes	yes		видеть,видимо,видимый,виден,видим,видима,видимая,видимое,видимой,видимом,видимому,видимою
pool/photosynthesis.txt	Бесхлорофилльный фотосинтез Система бесхлорофилльного фотосинтеза отличается значительной простотой строения , в связи с чем предполагается эволюционно первичным механизмом запасания энергии электромагнитного излучения .	эволюционно	эволюционно para=3 ADVB score=0.500 || эволюционный para=35 ADJF sing neut score=0.500	yes	yes		эволюционный
pool/photosynthesis.txt	В частности , было показано , как происходит фотофосфорилирование на искусственных везикулах , содержащих бактериородопсин и митохондриальную АТФ - синтазу , фотофосфорилирование в интактных клетках H .	синтазу	синтаз para=112 NOUN datv sing masc inan score=0.062 || синтаз para=112 NOUN sing masc inan score=0.062 || синтазу para=23 NOUN nomn sing neut inan score=0.062 || синтазу para=23 NOUN gent sing neut inan score=0.062 || синтазу para=23 NOUN datv sing neut inan score=0.062 || синтазу para=23 NOUN accs sing neut inan score=0.062 || синтазу para=23 NOUN ablt sing neut inan score=0.062 || синтазу para=23 NOUN loct sing neut inan score=0.062 || синтазу para=23 NOUN nomn plur neut inan score=0.062 || синтазу para=23 NOUN gent plur neut inan score=0.062 || синтазу para=23 NOUN datv plur neut inan score=0.062 || синтазу para=23 NOUN accs plur neut inan score=0.062 || синтазу para=23 NOUN ablt plur neut inan score=0.062 || синтазу para=23 NOUN loct plur neut inan score=0.062 || синтаз para=34 NOUN datv sing masc inan score=0.062 || синтаза para=69 NOUN accs sing femn anim proper score=0.062	yes	yes	lowercase_common	
pool/photosynthesis.txt	Механизм Фотосинтетический аппарат экстремальных галобактерий является простейшим из ныне известных ; в нём отсутствует электронтранспортная цепь .	простейшим	простейшее para=2042 NOUN ablt sing neut anim score=0.286 || простой para=2708 ADJF ablt sing masc score=0.286 || простейшее para=2042 NOUN datv plur neut anim score=0.143 || простой para=2708 ADJF ablt sing neut score=0.143 || простой para=2708 ADJF datv plur score=0.143	yes	yes		простейшее,простой,простейшего,простейшем,простейшему,простейшие,простейшими,простейших,простое,простою
pool/photosynthesis.txt	Цитоплазматическая мембрана галобактерий является сопрягающей мембраной , содержащей две основных составных части : светозависимый протонный насос ( бактериородопсин ) и АТФ - синтазу .	основных	основный para=12 ADJF gent plur score=0.167 || основный para=12 ADJF accs plur anim score=0.167 || основный para=12 ADJF loct plur score=0.167 || основной para=138 ADJF gent plur score=0.167 || основной para=138 ADJF accs plur anim score=0.167 || основной para=138 ADJF loct plur score=0.167	yes	no		основное,основной,основный,основная,основнее,основней,основного,основному,основною,основную,основные,основным
pool/photosynthesis.txt	Цитоплазматическая мембрана галобактерий является сопрягающей мембраной , содержащей две основных составных части : светозависимый протонный насос ( бактериородопсин ) и АТФ - синтазу .	синтазу	синтаз para=112 NOUN datv sing masc inan score=0.062 || синтаз para=112 NOUN sing masc inan score=0.062 || синтазу para=23 NOUN nomn sing neut inan score=0.062 || синтазу para=23 NOUN gent sing neut inan score=0.062 || синтазу para=23 NOUN datv sing neut inan score=0.062 || синтазу para=23 NOUN accs sing neut inan score=0.062 || синтазу para=23 NOUN ablt sing neut inan score=0.062 || синтазу para=23 NOUN loct sing neut inan score=0.062 || синтазу para=23 NOUN nomn plur neut inan score=0.062 || синтазу para=23 NOUN gent plur neut inan score=0.062 || синтазу para=23 NOUN datv plur neut inan score=0.062 || синтазу para=23 NOUN accs plur neut inan score=0.062 || синтазу para=23 NOUN ablt plur neut inan score=0.062 || синтазу para=23 NOUN loct plur neut inan score=0.062 || синтаз para=34 NOUN datv sing masc inan score=0.062 || синтаза para=69 NOUN accs sing femn anim proper score=0.062	yes	yes	lowercase_common	
pool/photosynthesis.txt	Работа такого фотосинтетического аппарата основана на следующих преобразованиях энергии : Хромофор бактериородопсина ретиналь поглощает кванты света , что приводит к конформационным изменениям в структуре бактериородопсина и переноса протона из цитоплазмы в периплазматическое пространство .	следующих	следующий para=213 ADJF gent plur score=0.286 || следующий para=213 ADJF accs plur anim score=0.143 || следующий para=213 ADJF loct plur score=0.143 || следовать para=2894 PRTF gent plur score=0.143 || следовать para=2894 PRTF accs plur anim score=0.143 || следовать para=2894 PRTF loct plur score=0.143	yes	yes		следовать,следующий,следуем,следующая,следующего,следующее,следующей,следующем,следующему,следующею,следующие,следующим
pool/photosynthesis.txt	При работе АТФ - синтазы энергия трансмембранного градиента переходит в энергию химических связей АТФ .	синтазы	синтаз para=112 NOUN nomn plur masc inan score=0.125 || синтаз para=112 NOUN accs plur masc inan score=0.125 || синтаз para=34 NOUN nomn plur masc inan score=0.125 || синтаз para=34 NOUN accs plur masc inan score=0.125 || синтаза para=69 NOUN gent sing femn anim proper score=0.125 || синтаза para=69 NOUN nomn plur femn anim proper score=0.125 || синтазы para=135 NOUN nomn plur inan score=0.125 || синтазы para=135 NOUN accs plur inan score=0.125	yes	yes	lowercase_common	
pool/photosynthesis.txt	При оксигенном фотосинтезе осуществляется нециклический электронный транспорт , хотя при определённых физиологических условиях осуществляется исключительно циклический электронный транспорт .	определённых	определенный para=12 ADJF gent plur score=0.167 || определенный para=12 ADJF accs plur anim score=0.167 || определенный para=12 ADJF loct plur score=0.167 || определить para=754 PRTF gent plur score=0.167 || определить para=754 PRTF accs plur anim score=0.167 || определить para=754 PRTF loct plur score=0.167	yes	yes		определенно,определенный,определить,определим,определённая,определённо,определённого,определённое,определённой,определённом,определённому,определённою
pool/photosynthesis.txt	Этапы Фотосинтез — процесс с крайне сложной пространственно - временной организацией .	пространственно	пространственно para=3 ADVB score=0.500 || пространственный para=301 ADJF sing neut score=0.500	yes	yes		пространственный
pool/photosynthesis.txt	Этапы Фотосинтез — процесс с крайне сложной пространственно - временной организацией .	временной	временной para=106 ADJF nomn sing masc score=0.100 || временной para=106 ADJF accs sing masc inan score=0.100 || временной para=106 ADJF gent sing femn score=0.100 || временной para=106 ADJF datv sing femn score=0.100 || временной para=106 ADJF ablt sing femn score=0.100 || временной para=106 ADJF loct sing femn score=0.100 || временный para=317 ADJF gent sing femn score=0.100 || временный para=317 ADJF datv sing femn score=0.100 || временный para=317 ADJF ablt sing femn score=0.100 || временный para=317 ADJF loct sing femn score=0.100	yes	no		временный,временная,временного,временное,временном,временному,временною,временную,временные,временным,временными,временных
pool/photosynthesis.txt	Разброс характерных времён различных этапов фотосинтеза составляет 19 порядков : скорость процессов поглощения квантов света и переноса энергии измеряется в фемтосекундном интервале ( 10 − 15 с ), скорость электронного транспорта имеет характерные времена 10 − 10 — 10 − 2 с , а процессы , связанные 	связанные	связанный para=345 ADJF nomn plur score=0.250 || связанный para=345 ADJF accs plur inan score=0.250 || связать para=672 PRTF nomn plur score=0.250 || связать para=672 PRTF accs plur inan score=0.250	yes	yes		связанный,связать,связан,связанная,связанного,связанное,связанной,связанном,связанному,связанною,связанную,связанным
pool/photosynthesis.txt	Разброс характерных времён различных этапов фотосинтеза составляет 19 порядков : скорость процессов поглощения квантов света и переноса энергии измеряется в фемтосекундном интервале ( 10 − 15 с ), скорость электронного транспорта имеет характерные времена 10 − 10 — 10 − 2 с , а процессы , связанные 	темновые	темновое para=1019 NOUN nomn plur neut inan score=0.143 || темновое para=1019 NOUN accs plur neut inan score=0.143 || темновый para=618 ADJF nomn plur score=0.143 || темновый para=618 ADJF accs plur inan score=0.143 || темновыя para=244 NOUN datv sing femn inan score=0.143 || темновыя para=244 NOUN loct sing femn inan score=0.143	yes	yes		
pool/photosynthesis.txt	На первом этапе происходит поглощение квантов света пигментами , их переход в возбуждённое состояние и передача энергии к другим молекулам фотосистемы ( пластохинон ). На втором этапе происходит разделение зарядов в реакционном центре .	их	они para=2305 NPRO accs plur score=0.139 || их para=1440 ADJF nomn sing femn score=0.083 || они para=2305 NPRO gent plur score=0.083 || их para=1440 ADJF accs sing neut score=0.056 || их para=1440 ADJF nomn plur score=0.056	yes	yes		они,им,ним
pool/photosynthesis.txt	Хлоропласты могут содержаться в клетках стеблей , плодов , чашелистиков , однако основным органом фотосинтеза является лист .	основным	основный para=12 ADJF ablt sing masc score=0.143 || основный para=12 ADJF ablt sing neut score=0.143 || основный para=12 ADJF datv plur score=0.143 || основной para=138 ADJF ablt sing masc score=0.143 || основной para=138 ADJF ablt sing neut score=0.143 || основной para=138 ADJF datv plur score=0.143 || основное para=2336 NOUN ablt sing neut inan score=0.143	yes	yes		основное,основной,основный,основная,основнее,основней,основного,основном,основному,основною,основную,основные
pool/photosynthesis.txt	Потеря воды вследствие испарения через устьица и в меньшей степени через кутикулу ( транспирация ) служит движущей силой распределения по сосудам .	движущей	движущий para=213 ADJF gent sing femn score=0.125 || движущий para=213 ADJF datv sing femn score=0.125 || движущий para=213 ADJF ablt sing femn score=0.125 || движущий para=213 ADJF loct sing femn score=0.125 || двигать para=1312 PRTF gent sing femn score=0.125 || двигать para=1312 PRTF datv sing femn score=0.125 || двигать para=1312 PRTF ablt sing femn score=0.125 || двигать para=1312 PRTF loct sing femn score=0.125	yes	yes		двигать,движущий,движущая,движущего,движущее,движущем,движущему,движущею,движущие,движущим,движущими,движущих
pool/photosynthesis.txt	Газообмен ( поступление углекислого газа и выделение кислорода ) осуществляется путём диффузии через устьица ( некоторая часть газов движется через кутикулу ). Поскольку дефицит углекислого газа значительно увеличивает потери ассимилятов при фотодыхании , необходимо поддерживать высокую концентрацию	необходимо	необходимо para=254  score=0.500 || необходимый para=249 ADJF sing neut score=0.500	yes	yes		необходимый
pool/photosynthesis.txt	Газообмен ( поступление углекислого газа и выделение кислорода ) осуществляется путём диффузии через устьица ( некоторая часть газов движется через кутикулу ). Поскольку дефицит углекислого газа значительно увеличивает потери ассимилятов при фотодыхании , необходимо поддерживать высокую концентрацию	открытых	открытый para=4 ADJF gent plur score=0.167 || открытый para=4 ADJF accs plur anim score=0.167 || открытый para=4 ADJF loct plur score=0.167 || открыть para=811 PRTF gent plur score=0.167 || открыть para=811 PRTF accs plur anim score=0.167 || открыть para=811 PRTF loct plur score=0.167	yes	yes		открыто,открытый,открыть,открою,открыт,открыта,открытая,открытого,открытое,открытой,открытом,открытому
pool/photosynthesis.txt	Поддержание устьиц в открытом состоянии при высокой температуре приводит , однако , к усилению испарения воды , что приводит к недостатку воды , а также также снижает продуктивность фотосинтеза .	открытом	открытый para=4 ADJF loct sing masc score=0.250 || открытый para=4 ADJF loct sing neut score=0.250 || открыть para=811 PRTF loct sing masc score=0.250 || открыть para=811 PRTF loct sing neut score=0.250	yes	yes		открыто,открытый,открыть,открою,открыт,открыта,открытая,открытого,открытое,открытой,открытому,открытою
pool/photosynthesis.txt	У некоторых суккулентов с вырожденными листьями ( например , у большинства видов кактусов ) основная фотосинтетическая активность связана со стеблем .	вырожденными	вырожденный para=10 ADJF ablt plur score=0.500 || выродить para=1124 PRTF ablt plur score=0.500	yes	yes		выродить,вырожденный,вырожденная,вырожденного,вырожденное,вырожденной,вырожденном,вырожденному,вырожденною,вырожденную,вырожденные,вырожденным
pool/photosynthesis.txt	У некоторых суккулентов с вырожденными листьями ( например , у большинства видов кактусов ) основная фотосинтетическая активность связана со стеблем .	основная	основный para=12 ADJF nomn sing femn score=0.500 || основной para=138 ADJF nomn sing femn score=0.500	yes	no		основное,основной,основный,основнее,основней,основного,основному,основною,основную,основные,основным,основными
pool/photosynthesis.txt	Фотосинтез на тканевом уровне На тканевом уровне фотосинтез у высших растений обеспечивается приспособленной для него тканью — хлоренхимой .	тканевом	тканевый para=4 ADJF loct sing masc score=0.250 || тканевый para=4 ADJF loct sing neut score=0.250 || тканевой para=106 ADJF loct sing masc score=0.250 || тканевой para=106 ADJF loct sing neut score=0.250	yes	no		тканевой,тканевый,тканевая,тканевого,тканевое,тканевому,тканевою,тканевую,тканевые,тканевым,тканевыми,тканевых
pool/photosynthesis.txt	Фотосинтез на тканевом уровне На тканевом уровне фотосинтез у высших растений обеспечивается приспособленной для него тканью — хлоренхимой .	тканевом	тканевый para=4 ADJF loct sing masc score=0.250 || тканевый para=4 ADJF loct sing neut score=0.250 || тканевой para=106 ADJF loct sing masc score=0.250 || тканевой para=106 ADJF loct sing neut score=0.250	yes	no		тканевой,тканевый,тканевая,тканевого,тканевое,тканевому,тканевою,тканевую,тканевые,тканевым,тканевыми,тканевых
pool/photosynthesis.txt	Фотосинтез на тканевом уровне На тканевом уровне фотосинтез у высших растений обеспечивается приспособленной для него тканью — хлоренхимой .	него	он para=2303 NPRO gent sing masc score=0.333 || оно para=2306 NPRO gent sing neut score=0.333 || он para=2303 NPRO accs sing masc score=0.167 || оно para=2306 NPRO accs sing neut score=0.167	yes	no		его,он,оно,ему,нему
pool/photosynthesis.txt	У растений , растущих в условиях повышенной инсоляции , между эпидермой и хлоренхимой может располагаться один или два слоя прозрачных клеток ( гиподерма ), обеспечивающих рассеивание света .	повышенной	повышенный para=345 ADJF gent sing femn score=0.125 || повышенный para=345 ADJF datv sing femn score=0.125 || повышенный para=345 ADJF ablt sing femn score=0.125 || повышенный para=345 ADJF loct sing femn score=0.125 || повысить para=575 PRTF gent sing femn score=0.125 || повысить para=575 PRTF datv sing femn score=0.125 || повысить para=575 PRTF ablt sing femn score=0.125 || повысить para=575 PRTF loct sing femn score=0.125	yes	yes		повысить,повышенный,повышен,повышенная,повышенного,повышенное,повышенном,повышенному,повышенною,повышенную,повышенные,повышенным
pool/photosynthesis.txt	Внутреннее пространство хлоропласта заполнено бесцветным содержимым ( стромой ) и пронизано мембранами ( ламеллами ), которые , соединяясь друг с другом , образуют тилакоиды , а они , в свою очередь , собираются в стопки , называемые гранами .	другом	друг para=1423 NOUN ablt sing masc anim score=0.457 || другой para=1424 ADJF loct sing masc score=0.333 || другой para=1424 ADJF loct sing neut score=0.210	yes	yes		друг,другой
pool/photosynthesis.txt	На мембранах тилакоидов располагаются молекулы хлорофилла и других вспомогательных пигментов ( каротиноиды ), поэтому их называют « фотосинтезирующими мембранами ». Внутритилакоидное пространство отделено и не сообщается с остальной стромой ; предполагается также , что внутреннее пространство всех т	их	они para=2305 NPRO accs plur score=0.139 || их para=1440 ADJF nomn sing femn score=0.083 || они para=2305 NPRO gent plur score=0.083 || их para=1440 ADJF accs sing neut score=0.056 || их para=1440 ADJF nomn plur score=0.056	yes	yes		они,им,ним
pool/photosynthesis.txt	Всё это позволило считать их потомками свободных цианобактерий , вошедших в состав эукариотической клетки в процессе симбиогенеза .	их	они para=2305 NPRO accs plur score=0.139 || их para=1440 ADJF nomn sing femn score=0.083 || они para=2305 NPRO gent plur score=0.083 || их para=1440 ADJF accs sing neut score=0.056 || их para=1440 ADJF nomn plur score=0.056	yes	yes		они,им,ним
pool/photosynthesis.txt	Фотосинтетические мембраны прокариот Цианобактерии , таким образом , по сути сами являются хлоропластом , и в их клетке фотосинтетический аппарат не вынесен в особую органеллу .	их	они para=2305 NPRO accs plur score=0.139 || их para=1440 ADJF nomn sing femn score=0.083 || они para=2305 NPRO gent plur score=0.083 || их para=1440 ADJF accs sing neut score=0.056 || их para=1440 ADJF nomn plur score=0.056	yes	yes		они,им,ним
pool/photosynthesis.txt	Их тилакоиды не образуют стопок , а формируют различные складчатые структуры ( у единственной цианобактерии Gloeobacter violaceus тилакоиды отсутствуют вовсе , а весь фотосинтетический аппарат находится в цитоплазматической мембране , не образующей впячиваний ). У них и растений также есть различия 	Их	они para=2305 NPRO accs plur score=0.139 || их para=1440 ADJF nomn sing femn score=0.083 || они para=2305 NPRO gent plur score=0.083 || их para=1440 ADJF accs sing neut score=0.056 || их para=1440 ADJF nomn plur score=0.056	yes	yes		они,им,ним
pool/photosynthesis.txt	Их тилакоиды не образуют стопок , а формируют различные складчатые структуры ( у единственной цианобактерии Gloeobacter violaceus тилакоиды отсутствуют вовсе , а весь фотосинтетический аппарат находится в цитоплазматической мембране , не образующей впячиваний ). У них и растений также есть различия 	образующей	образовать para=76 PRTF gent sing femn score=0.125 || образовать para=76 PRTF datv sing femn score=0.125 || образовать para=76 PRTF ablt sing femn score=0.125 || образовать para=76 PRTF loct sing femn score=0.125 || образующая para=1738 NOUN gent sing femn inan score=0.125 || образующая para=1738 NOUN datv sing femn inan score=0.125 || образующая para=1738 NOUN ablt sing femn inan score=0.125 || образующая para=1738 NOUN loct sing femn inan score=0.125	yes	yes		образованный,образовать,образующая,образован,образованная,образованного,образованное,образованной,образованном,образованному,образованною,образованную
pool/photosynthesis.txt	Световая ( светозависимая ) стадия В ходе световой стадии фотосинтеза образуются высокоэнергетические продукты : АТФ , служащий в клетке источником энергии , и НАДФ , использующийся как восстановитель .	служащий	служащий para=691 ADJF nomn sing masc score=0.250 || служащий para=691 ADJF accs sing masc inan score=0.250 || служить para=2898 PRTF nomn sing masc score=0.250 || служить para=2898 PRTF accs sing masc inan score=0.250	yes	yes		служить,служащая,служащего,служащее,служащей,служащем,служащему,служащею,служащие,служащим,служащими,служащих
pool/photosynthesis.txt	При неизменном спине электрона возникают синглетные первое и второе возбуждённые состояния , при изменённом — триплетное первое и второе .	второе	второе para=1019 NOUN nomn sing neut inan score=0.316 || второй para=954 ADJF nomn sing neut score=0.316 || второй para=954 ADJF accs sing neut score=0.316 || второе para=1019 NOUN accs sing neut inan score=0.053	yes	yes		второй,второго,втором,второму,вторые,вторым,вторыми,вторых
pool/photosynthesis.txt	При неизменном спине электрона возникают синглетные первое и второе возбуждённые состояния , при изменённом — триплетное первое и второе .	второе	второе para=1019 NOUN nomn sing neut inan score=0.316 || второй para=954 ADJF nomn sing neut score=0.316 || второй para=954 ADJF accs sing neut score=0.316 || второе para=1019 NOUN accs sing neut inan score=0.053	yes	yes		второй,второго,втором,второму,вторые,вторым,вторыми,вторых
pool/photosynthesis.txt	Второе возбуждённое состояние содержит наиболее высокий уровень энергии ; оно нестабильно , и хлорофилл за 10 − 12 с переходит с него на первое с потерей 100 кДж / моль энергии только в виде теплоты .	Второе	второе para=1019 NOUN nomn sing neut inan score=0.316 || второй para=954 ADJF nomn sing neut score=0.316 || второй para=954 ADJF accs sing neut score=0.316 || второе para=1019 NOUN accs sing neut inan score=0.053	yes	yes		второй,второго,втором,второму,вторые,вторым,вторыми,вторых
pool/photosynthesis.txt	Второе возбуждённое состояние содержит наиболее высокий уровень энергии ; оно нестабильно , и хлорофилл за 10 − 12 с переходит с него на первое с потерей 100 кДж / моль энергии только в виде теплоты .	него	он para=2303 NPRO gent sing masc score=0.333 || оно para=2306 NPRO gent sing neut score=0.333 || он para=2303 NPRO accs sing masc score=0.167 || оно para=2306 NPRO accs sing neut score=0.167	yes	no		его,он,оно,ему,нему
pool/photosynthesis.txt	Первая возможность воплощается в светособирающих комплексах , вторая — в реакционных центрах , где под воздействием кванта света переходящий в возбуждённое состояние хлорофилл становится донором электрона ( восстановителем ) и передаёт его первичным акцепторам .	переходящий	переходящий para=213 ADJF nomn sing masc score=0.250 || переходящий para=213 ADJF accs sing masc inan score=0.250 || переходить para=427 PRTF nomn sing masc score=0.250 || переходить para=427 PRTF accs sing masc inan score=0.250	yes	yes		переходить,переходи,переходив,переходившая,переходившего,переходившее,переходившей,переходившем,переходившему,переходившею,переходивши,переходившие
pool/photosynthesis.txt	Кроме того , время жизни полученных соединений выше , чем у возбуждённой молекулы хлорофилла .	выше	выше para=3 ADVB score=0.286 || высоко para=1134  score=0.286 || выше para=24 PREP score=0.143 || выша para=302 NOUN datv sing femn inan proper score=0.143 || выша para=302 NOUN loct sing femn inan proper score=0.143	yes	yes	lowercase_common	высоко
pool/photosynthesis.txt	Именно в таком порядке взаимно локализуются пигменты ССК , причём наиболее длинноволновые хлорофиллы находятся в реакционных центрах .	взаимно	взаимно para=3 ADVB score=0.500 || взаимный para=12 ADJF sing neut score=0.500	yes	yes		взаимный
pool/photosynthesis.txt	ССК растений расположен в мембранах тилакоидов , у цианобактерий основная его часть вынесена за пределы мембран в прикреплённые к ним фикобилисомы — палочковидные полипептидно - пигментные комплексы , в которых находятся различные фикобилины : на периферии фикоэритрины ( с максимумом поглощения при 	основная	основный para=12 ADJF nomn sing femn score=0.500 || основной para=138 ADJF nomn sing femn score=0.500	yes	no		основное,основной,основный,основнее,основней,основного,основному,основною,основную,основные,основным,основными
pool/photosynthesis.txt	Основные компоненты цепи переноса электронов Фотосистема II Фотосистема — совокупность ССК , фотохимического реакционного центра и переносчиков электрона .	компоненты	компонент para=34 NOUN nomn plur masc inan score=0.417 || компонент para=34 NOUN accs plur masc inan score=0.250 || компонента para=55 NOUN gent sing femn inan score=0.167 || компонента para=55 NOUN nomn plur femn inan score=0.083 || компонента para=55 NOUN accs plur femn inan score=0.083	yes	yes	adjective_agreement	компонент,компонента,компонентам,компонентами,компонентах,компоненте,компоненту
pool/photosynthesis.txt	В нём находится димер хлорофилла - a с максимумом поглощения при 680 нм ( П680 ). На него в конечном счёте передаётся энергия кванта света из ССК , в результате чего один из электронов переходит на более высокое энергетическое состояние , связь его с ядром ослабляется , и возбуждённая молекула П680 	него	он para=2303 NPRO gent sing masc score=0.333 || оно para=2306 NPRO gent sing neut score=0.333 || он para=2303 NPRO accs sing masc score=0.167 || оно para=2306 NPRO accs sing neut score=0.167	yes	no		его,он,оно,ему,нему
pool/photosynthesis.txt	В нём находится димер хлорофилла - a с максимумом поглощения при 680 нм ( П680 ). На него в конечном счёте передаётся энергия кванта света из ССК , в результате чего один из электронов переходит на более высокое энергетическое состояние , связь его с ядром ослабляется , и возбуждённая молекула П680 	входящие	входящий para=213 ADJF nomn plur score=0.250 || входящий para=213 ADJF accs plur inan score=0.250 || входить para=498 PRTF nomn plur score=0.250 || входить para=498 PRTF accs plur inan score=0.250	yes	yes		входить,входящий,входящая,входящего,входящее,входящей,входящем,входящему,входящею,входящим,входящими,входящих
pool/photosynthesis.txt	Комплекс находится со стороны внутритилакоидного пространства , и полученные 4 протона выбрасываются в него .	него	он para=2303 NPRO gent sing masc score=0.333 || оно para=2306 NPRO gent sing neut score=0.333 || он para=2303 NPRO accs sing masc score=0.167 || оно para=2306 NPRO accs sing neut score=0.167	yes	no		его,он,оно,ему,нему
pool/photosynthesis.txt	Таким образом , суммарный результат работы ФС II — это окисление 2 молекул воды с помощью 4 квантов света с образованием 4 протонов во внутритилакоидном пространстве и 2 восстановленных пластохинонов в мембране .	квантов	квантовый para=4 ADJF sing masc score=0.500 || квант para=335 NOUN gent plur masc inan score=0.500	yes	yes		квант,квантовый
pool/photosynthesis.txt	==== Цитохром - b6 / f - комплекс ==== b6f - комплекс — это насос , перекачивающий протоны из стромы во внутритилакоидное пространство и создающий градиент их концентрации за счёт выделяющейся в окислительно - восстановительных реакциях электронтранспортной цепи энергии .	их	они para=2305 NPRO accs plur score=0.139 || их para=1440 ADJF nomn sing femn score=0.083 || они para=2305 NPRO gent plur score=0.083 || их para=1440 ADJF accs sing neut score=0.056 || их para=1440 ADJF nomn plur score=0.056	yes	yes		они,им,ним
pool/photosynthesis.txt	В дальнейшем трансмембранный протонный градиент ( pH стромы около 8 , внутритилакоидного пространства — 5 ) используется для синтеза АТФ трансмембранным ферментом АТФ - синтазой .	синтазой	синтаза para=69 NOUN ablt sing femn anim proper score=0.207 || синтазоя para=1681 NOUN gent plur femn anim proper score=0.207 || синтазоя para=1681 NOUN accs plur femn anim proper score=0.207 || синтазоя para=1681 NOUN voct sing femn anim proper score=0.207	yes	yes		
pool/photosynthesis.txt	В реакционном центре первой фотосистемы находится димер хлорофилла a с максимумом поглощения при 700 нм ( П700 ). После возбуждения квантом света он восстанавливает первичный акцептор — хлорофилл a , тот — вторичный ( витамин K1 или филлохинон ), после чего электрон передаётся на ферредоксин , котор	редуктазы	редуктаз para=112 NOUN nomn plur masc inan score=0.113 || редуктаз para=112 NOUN accs plur masc inan score=0.113 || редуктаз para=34 NOUN nomn plur masc inan score=0.113 || редуктаз para=34 NOUN accs plur masc inan score=0.113 || редуктаза para=69 NOUN gent sing femn anim proper score=0.113 || редуктаза para=69 NOUN nomn plur femn anim proper score=0.113 || редуктазы para=135 NOUN nomn plur inan score=0.113 || редуктазы para=135 NOUN accs plur inan score=0.113	yes	yes	lowercase_common	
pool/photosynthesis.txt	Циклический и псевдоциклический транспорт электрона Помимо полного нециклического пути электрона , описанного выше , обнаружены циклический и псевдоциклический .	выше	выше para=3 ADVB score=0.286 || высоко para=1134  score=0.286 || выше para=24 PREP score=0.143 || выша para=302 NOUN datv sing femn inan proper score=0.143 || выша para=302 NOUN loct sing femn inan proper score=0.143	yes	yes	lowercase_common	высоко
pool/photosynthesis.txt	Темновая фаза В темновой стадии с участием АТФ и НАДФ происходит восстановление CO2 до глюкозы ( C6H12O6 ). Хотя свет не требуется для осуществления данного процесса , он участвует в его регуляции .	данного	данный para=1306 ADJF gent sing masc score=0.250 || данный para=1306 ADJF gent sing neut score=0.250 || дать para=884 PRTF gent sing masc score=0.125 || дать para=884 PRTF accs sing masc anim score=0.125 || дать para=884 PRTF gent sing neut score=0.125 || данный para=1306 ADJF accs sing masc anim score=0.125	yes	yes		дали,дан,дана,данные,данный,дать,дай,дам,данная,данное,данной,данном
pool/photosynthesis.txt	Этот белок составляет основную фракцию белков хлоропласта и предположительно наиболее распространённый фермент в природе .	основную	основный para=12 ADJF accs sing femn score=0.500 || основной para=138 ADJF accs sing femn score=0.500	yes	no		основное,основной,основный,основная,основнее,основней,основного,основному,основною,основные,основным,основными
pool/photosynthesis.txt	Сначала она фосфорилируется АТФ под действием фосфороглицерокиназы с образованием 1 , 3 - бисфосфоглицериновой кислоты ( ДФГК ), затем при воздействии триозофосфатдегидрогеназы и НАДФН ацил - фосфатная группа ДФГК дефосфорилируется и восстанавливается до альдегидной и образуется глицеральдегид - 3 -	бифосфата	бифосфат para=34 NOUN gent sing masc inan score=0.250 || бифосфат para=52 NOUN gent sing masc anim score=0.250 || бифосфат para=52 NOUN accs sing masc anim score=0.250 || бифосфата para=55 NOUN nomn sing femn inan score=0.250	yes	yes		
pool/photosynthesis.txt	Для образования одной её молекулы требуется 6 оборотов цикла , 6 CO2 , 12 НАДФН и 18 АТФ .	её	она para=2304 NPRO accs sing femn score=0.103 || ее para=1440 ADJF accs plur score=0.069	yes	yes		ея,она,нею
pool/photosynthesis.txt	При низкой концентрации растворённого в строме CO2 рибулозобифосфаткарбоксилаза катализирует реакцию окисления рибулозо - 1 , 5 - бифосфата и его распад на 3 - фосфоглицериновую кислоту и фосфогликолевую кислоту , которая вынужденно используется в процессе фотодыхания .	бифосфата	бифосфат para=34 NOUN gent sing masc inan score=0.250 || бифосфат para=52 NOUN gent sing masc anim score=0.250 || бифосфат para=52 NOUN accs sing masc anim score=0.250 || бифосфата para=55 NOUN nomn sing femn inan score=0.250	yes	yes		
pool/photosynthesis.txt	При низкой концентрации растворённого в строме CO2 рибулозобифосфаткарбоксилаза катализирует реакцию окисления рибулозо - 1 , 5 - бифосфата и его распад на 3 - фосфоглицериновую кислоту и фосфогликолевую кислоту , которая вынужденно используется в процессе фотодыхания .	вынужденно	вынужденно para=3 ADVB score=0.500 || вынужденный para=345 ADJF sing neut score=0.500	yes	yes		вынужденный,вынужденная,вынужденного,вынужденное,вынужденной,вынужденном,вынужденному,вынужденною,вынужденную,вынужденные,вынужденным,вынужденными
pool/photosynthesis.txt	Цикл Кальвина у них локализуется в клетках обкладки проводящего пучка , в клетках мезофилла же под действием ФЕП - карбоксилазы фосфоенолпируват карбоксилируется с образованием щавелеуксусной кислоты , которая превращается в малат или аспартат и транспортируется в клетки обкладки , где декарбоксилир	аспартат	аспартат para=52 NOUN nomn sing masc anim score=0.251 || аспартата para=537 NOUN gent plur masc anim score=0.251 || аспартата para=537 NOUN accs plur masc anim score=0.251	yes	yes		
pool/photosynthesis.txt	С4 - фотосинтез практически не сопровождается потерями рибулозо - 1 , 5 - бифосфата из цикла Кальвина , поэтому более эффективен .	бифосфата	бифосфат para=34 NOUN gent sing masc inan score=0.250 || бифосфат para=52 NOUN gent sing masc anim score=0.250 || бифосфат para=52 NOUN accs sing masc anim score=0.250 || бифосфата para=55 NOUN nomn sing femn inan score=0.250	yes	yes		
pool/photosynthesis.txt	Это оправдывает себя в тропиках , где жаркий климат требует держать устьица закрытыми , что препятствует поступлению CO2 в лист , а также при рудеральной жизненной стратегии .	закрытыми	закрытый para=4 ADJF ablt plur score=0.500 || закрыть para=811 PRTF ablt plur score=0.500	yes	yes		закрой,закрытый,закрыть,закроем,закрою,закрыт,закрыта,закрытая,закрыто,закрытого,закрытое,закрытой
pool/photosynthesis.txt	Гвоздичноцветные ( наибольшая доля в семействах Маревые — 40 % видов , Амарантовые — 25 %), некоторые Осоковые , Астровые , Капустные , Молочайные .	некоторые	некоторый para=1306 ADJF nomn plur score=0.473 || некоторые para=2165 NPRO nomn plur score=0.324 || некоторый para=1306 ADJF accs plur inan score=0.189	yes	yes		некоторый,некоторым,некоторыми,некоторых
pool/photosynthesis.txt	Ночью в вакуолях клеток по такому же вышеописанному механизму при открытых устьицах накапливается малат , днём при закрытых устьицах идёт цикл Кальвина .	вакуолях	вакуоль para=13 NOUN loct plur femn inan score=0.500 || вакуоля para=353 NOUN loct plur femn inan score=0.500	yes	yes		вакуоль,вакуоля,вакуолей,вакуоли,вакуолям,вакуолями
pool/photosynthesis.txt	Ночью в вакуолях клеток по такому же вышеописанному механизму при открытых устьицах накапливается малат , днём при закрытых устьицах идёт цикл Кальвина .	открытых	открытый para=4 ADJF gent plur score=0.167 || открытый para=4 ADJF accs plur anim score=0.167 || открытый para=4 ADJF loct plur score=0.167 || открыть para=811 PRTF gent plur score=0.167 || открыть para=811 PRTF accs plur anim score=0.167 || открыть para=811 PRTF loct plur score=0.167	yes	yes		открыто,открытый,открыть,открою,открыт,открыта,открытая,открытого,открытое,открытой,открытом,открытому
pool/photosynthesis.txt	Ночью в вакуолях клеток по такому же вышеописанному механизму при открытых устьицах накапливается малат , днём при закрытых устьицах идёт цикл Кальвина .	закрытых	закрытый para=4 ADJF gent plur score=0.167 || закрытый para=4 ADJF accs plur anim score=0.167 || закрытый para=4 ADJF loct plur score=0.167 || закрыть para=811 PRTF gent plur score=0.167 || закрыть para=811 PRTF accs plur anim score=0.167 || закрыть para=811 PRTF loct plur score=0.167	yes	yes		закрой,закрытый,закрыть,закроем,закрою,закрыт,закрыта,закрытая,закрыто,закрытого,закрытое,закрытой
pool/photosynthesis.txt	При использовании энергии химических связей органических веществ гетеротрофы высвобождают её в процессах дыхания и брожения .	её	она para=2304 NPRO accs sing femn score=0.103 || ее para=1440 ADJF accs plur score=0.069	yes	yes		ея,она,нею
pool/photosynthesis.txt	Энергия , получаемая человечеством при сжигании биотоплива ( дрова , пеллеты , биогаз , биодизель , этанол , метанол ) и ископаемого топлива ( уголь , нефть , природный газ , торф ), также является запасённой в процессе фотосинтеза .	пеллеты	пеллета para=30 NOUN gent sing femn inan score=0.263 || пеллет para=1917 NOUN nomn plur masc inan score=0.263 || пеллет para=1917 NOUN accs plur masc inan score=0.263	yes	yes		
pool/photosynthesis.txt	Энергия , получаемая человечеством при сжигании биотоплива ( дрова , пеллеты , биогаз , биодизель , этанол , метанол ) и ископаемого топлива ( уголь , нефть , природный газ , торф ), также является запасённой в процессе фотосинтеза .	ископаемого	ископаемое para=1019 NOUN gent sing neut inan score=0.286 || ископаемый para=4 ADJF gent sing neut score=0.286 || ископаемый para=4 ADJF gent sing masc score=0.143 || ископаемый para=4 ADJF accs sing masc anim score=0.143 || ископаемое para=1464 NOUN gent sing neut anim score=0.143	yes	yes		ископаемое,ископаемый,ископаем,ископаемом,ископаемому,ископаемые,ископаемым,ископаемыми,ископаемых
pool/photosynthesis.txt	Большая часть свободного кислорода атмосферы — биогенного происхождения и является побочным продуктом фотосинтеза .	Большая	больший para=531 ADJF nomn sing femn score=0.500 || большой para=532 ADJF nomn sing femn score=0.500	yes	no		больше,больший,большой,велик,большие,большим,большими,больших,большую,велика,велики
pool/pythagoras.txt	Верно и обратное утверждение : треугольник , у которого сумма квадратов длин двух сторон равна квадрату длины третьей стороны , является прямоугольным .	Верно	верно para=130  score=0.333 || верный para=223 ADJF sing neut score=0.333 || верно para=404 ADVB score=0.333	yes	yes		вернее,верный,верней
pool/pythagoras.txt	Существует ряд обобщений данной теоремы — для произвольных треугольников , для фигур в пространствах высших размерностей .	данной	дать para=884 PRTF gent sing femn score=0.111 || дать para=884 PRTF datv sing femn score=0.111 || дать para=884 PRTF ablt sing femn score=0.111 || дать para=884 PRTF loct sing femn score=0.111 || данна para=69 NOUN ablt sing femn anim proper score=0.111 || данный para=1306 ADJF gent sing femn score=0.111 || данный para=1306 ADJF datv sing femn score=0.111 || данный para=1306 ADJF ablt sing femn score=0.111 || данный para=1306 ADJF loct sing femn score=0.111	yes	yes	lowercase_common	дали,дан,дана,данна,данные,данный,дать,дай,дам,данная,данного,данное
pool/pythagoras.txt	приведено приближённое вычисление гипотенузы .	приближённое	приблизить para=860 PRTF nomn sing neut score=0.250 || приблизить para=860 PRTF accs sing neut score=0.250 || приближенный para=3199 ADJF nomn sing neut score=0.250 || приближенный para=3199 ADJF accs sing neut score=0.250	yes	yes		приближенный,приблизить
pool/pythagoras.txt	Однако когда Плутарх и Цицерон пишут о теореме Пифагора , из содержания следует , будто авторство Пифагора общеизвестно и несомненно .	общеизвестно	общеизвестно para=3 ADVB score=0.500 || общеизвестный para=35 ADJF sing neut score=0.500	yes	yes		общеизвестный
pool/pythagoras.txt	Формулировки Основная формулировка содержит алгебраические действия — в прямоугольном треугольнике , длины катетов которого равны и , а длина гипотенузы — , выполнено соотношение .	Основная	основный para=12 ADJF nomn sing femn score=0.500 || основной para=138 ADJF nomn sing femn score=0.500	yes	no		основное,основной,основный,основнее,основней,основного,основному,основною,основную,основные,основным,основными
pool/pythagoras.txt	Несмотря на видимую простоту многих из них , такие доказательства используют свойства площадей фигур , доказательства которых сложнее доказательства самой теоремы Пифагора .	видимую	видимый para=4 ADJF accs sing femn score=0.500 || видеть para=821 PRTF accs sing femn score=0.500	yes	yes		видеть,видимо,видимый,виден,видим,видима,видимая,видимого,видимое,видимой,видимом,видимому
pool/pythagoras.txt	Несмотря на видимую простоту многих из них , такие доказательства используют свойства площадей фигур , доказательства которых сложнее доказательства самой теоремы Пифагора .	самой	сам para=2823 ADJF gent sing femn score=0.125 || сам para=2823 ADJF datv sing femn score=0.125 || сам para=2823 ADJF ablt sing femn score=0.125 || сам para=2823 ADJF loct sing femn score=0.125 || самый para=2825 ADJF gent sing femn score=0.125 || самый para=2825 ADJF datv sing femn score=0.125 || самый para=2825 ADJF ablt sing femn score=0.125 || самый para=2825 ADJF loct sing femn score=0.125	yes	no		сам,сами,самый,самого,самом,самому
pool/pythagoras.txt	Доказательство Евклида Классическое доказательство Евклида направлено на установление равенства площадей между прямоугольниками , образованными из рассечения квадрата над гипотенузой высотой из прямого угла с квадратами над катетами .	образованными	образовать para=76 PRTF ablt plur score=0.333 || образовать para=76 PRTF ablt plur score=0.333 || образованный para=1596 ADJF ablt plur score=0.333	yes	yes		образованный,образовать,образующая,образован,образованная,образованного,образованное,образованной,образованном,образованному,образованною,образованную
pool/pythagoras.txt	Конструкция , используемая для доказательства следующая : для прямоугольного треугольника с прямым углом , квадратов над катетами и и квадрата над гипотенузой строится высота и продолжающий её луч , разбивающий квадрат над гипотенузой на два прямоугольника и .	её	она para=2304 NPRO accs sing femn score=0.103 || ее para=1440 ADJF accs plur score=0.069	yes	yes		ея,она,нею
pool/pythagoras.txt	Равенство площадей прямоугольника и устанавливается через конгруэнтность треугольников и , площадь каждого из которых равна половине площади прямоугольников и соответственно в связи со следующим свойством : площадь треугольника равна половине площади прямоугольника , если у фигур есть общая сторона 	следующим	следующий para=213 ADJF ablt sing neut score=0.286 || следующий para=213 ADJF ablt sing masc score=0.143 || следующий para=213 ADJF datv plur score=0.143 || следовать para=2894 PRTF ablt sing masc score=0.143 || следовать para=2894 PRTF ablt sing neut score=0.143 || следовать para=2894 PRTF datv plur score=0.143	yes	yes		следовать,следующий,следуем,следующая,следующего,следующее,следующей,следующем,следующему,следующею,следующие,следующими
pool/pythagoras.txt	Доказательство Леонардо да Винчи К методу площадей относится также доказательство , традиционно приписываемое Леонардо да Винчи , но найденное , по - видимому , Иоганном Тобиасом Майером .	видимому	видимый para=4 ADJF datv sing masc score=0.250 || видимый para=4 ADJF datv sing neut score=0.250 || видеть para=821 PRTF datv sing masc score=0.250 || видеть para=821 PRTF datv sing neut score=0.250	yes	yes		видеть,видимо,видимый,виден,видим,видима,видимая,видимого,видимое,видимой,видимом,видимою
pool/pythagoras.txt	Доказательство Леонардо да Винчи К методу площадей относится также доказательство , традиционно приписываемое Леонардо да Винчи , но найденное , по - видимому , Иоганном Тобиасом Майером .	Тобиасом	тобиас para=52 NOUN ablt sing masc anim score=0.259 || тобиасом para=52 NOUN nomn sing masc anim score=0.259 || тобиасома para=55 NOUN gent plur femn inan score=0.259	yes	yes	noun_complement	
pool/pythagoras.txt	В этом доказательстве для треугольника с прямым углом и квадратами , и , построенными на сторонах треугольника , на стороне последнего квадрата во внешнюю сторону строится треугольник , конгруэнтный , притом отражённый как относительно гипотенузы , так и относительно высоты к ней ( то есть и ). Прям	отражённый	отраженный para=345 ADJF nomn sing masc score=0.250 || отраженный para=345 ADJF accs sing masc inan score=0.250 || отразить para=778 PRTF nomn sing masc score=0.250 || отразить para=778 PRTF accs sing masc inan score=0.250	yes	yes		отразить,отражён,отражённая,отражённого,отражённое,отражённой,отражённом,отражённому,отражённою,отражённую,отражённые,отражённым
pool/pythagoras.txt	Итого , половина суммы площадей квадратов над катетами равна половине площади квадрата над гипотенузой , что равносильно геометрической формулировке теоремы Пифагора .	равносильно	равносильно para=3 ADVB score=0.500 || равносильный para=60 ADJF sing neut score=0.500	yes	yes		равносильный
pool/pythagoras.txt	Доказательство методом бесконечно малых Существует несколько доказательств , прибегающих к технике дифференциальных уравнений .	бесконечно	бесконечно para=3 ADVB score=0.500 || бесконечный para=12 ADJF sing neut score=0.500	yes	yes		бесконечный
pool/pythagoras.txt	В частности , Харди приписывается доказательство , использующее бесконечно малые приращения катетов и и гипотенузы .	бесконечно	бесконечно para=3 ADVB score=0.500 || бесконечный para=12 ADJF sing neut score=0.500	yes	yes		бесконечный
pool/pythagoras.txt	В нём для произвольного треугольника со сторонами , , в него вписывается равнобедренный треугольник с основанием на стороне , вершиной , совпадающей с вершиной исходного треугольника , противолежащей стороне и углами при основании , равными углу , противолежащему стороне .	него	он para=2303 NPRO gent sing masc score=0.333 || оно para=2306 NPRO gent sing neut score=0.333 || он para=2303 NPRO accs sing masc score=0.167 || оно para=2306 NPRO accs sing neut score=0.167	yes	no		его,он,оно,ему,нему
pool/pythagoras.txt	В результате образуются два треугольника , подобных исходному : первый — со сторонами , дальней от неё боковой стороной вписанного равнобедренного треугольника , и — части стороны ; второй — симметрично к нему от стороны со стороной — соответствующей частью стороны .	симметрично	симметрично para=3 ADVB score=0.500 || симметричный para=12 ADJF sing neut score=0.500	yes	yes		симметричный
pool/pythagoras.txt	В результате образуются два треугольника , подобных исходному : первый — со сторонами , дальней от неё боковой стороной вписанного равнобедренного треугольника , и — части стороны ; второй — симметрично к нему от стороны со стороной — соответствующей частью стороны .	нему	он para=2303 NPRO datv sing masc score=0.500 || оно para=2306 NPRO datv sing neut score=0.500	yes	no		его,он,оно,ему,него
pool/pythagoras.txt	В результате образуются два треугольника , подобных исходному : первый — со сторонами , дальней от неё боковой стороной вписанного равнобедренного треугольника , и — части стороны ; второй — симметрично к нему от стороны со стороной — соответствующей частью стороны .	соответствующей	соответствовать para=177 PRTF gent sing femn score=0.125 || соответствовать para=177 PRTF datv sing femn score=0.125 || соответствовать para=177 PRTF ablt sing femn score=0.125 || соответствовать para=177 PRTF loct sing femn score=0.125 || соответствующий para=213 ADJF gent sing femn score=0.125 || соответствующий para=213 ADJF datv sing femn score=0.125 || соответствующий para=213 ADJF ablt sing femn score=0.125 || соответствующий para=213 ADJF loct sing femn score=0.125	yes	yes		соответствовать,соответствующий,соответствующая,соответствующего,соответствующее,соответствующем,соответствующему,соответствующею,соответствующие,соответствующим,соответствующими,соответствующих
pool/pythagoras.txt	Соотношение является следствием подобия образованных треугольников :. Теорема Паппа о площадях Теорема Паппа о площадях , позволяющая для произвольного треугольника и произвольных параллелограммов на двух его сторонах построить параллелограмм на третьей стороне таким образом , чтобы его площадь была	образованных	образовать para=76 PRTF gent plur score=0.111 || образовать para=76 PRTF accs plur anim score=0.111 || образовать para=76 PRTF loct plur score=0.111 || образовать para=76 PRTF gent plur score=0.111 || образовать para=76 PRTF accs plur anim score=0.111 || образовать para=76 PRTF loct plur score=0.111 || образованный para=1596 ADJF gent plur score=0.111 || образованный para=1596 ADJF accs plur anim score=0.111 || образованный para=1596 ADJF loct plur score=0.111	yes	yes		образованный,образовать,образующая,образован,образованная,образованного,образованное,образованной,образованном,образованному,образованною,образованную
pool/pythagoras.txt	Соотношение является следствием подобия образованных треугольников :. Теорема Паппа о площадях Теорема Паппа о площадях , позволяющая для произвольного треугольника и произвольных параллелограммов на двух его сторонах построить параллелограмм на третьей стороне таким образом , чтобы его площадь была	заданных	задать para=884 PRTF gent plur score=0.167 || задать para=884 PRTF accs plur anim score=0.167 || задать para=884 PRTF loct plur score=0.167 || заданный para=345 ADJF gent plur score=0.167 || заданный para=345 ADJF accs plur anim score=0.167 || заданный para=345 ADJF loct plur score=0.167	yes	yes		заданный,задать,задам,задан,заданная,заданного,заданное,заданной,заданном,заданному,заданною,заданную
pool/pythagoras.txt	Этот вывод может быть обобщён и как « n - мерная теорема Пифагора » для евклидовых пространств высших размерностей — для граней ортогонального - мерного симплекса с площадями ортогональных граней и противолежащей им грани площадью выполнено соотношение .	обобщён	обобщенный para=345 ADJF sing masc score=0.500 || обобщить para=775 PRTF sing masc score=0.500	yes	yes		обобщенно,обобщенный,обобщить,обобщённая,обобщённо,обобщённого,обобщённое,обобщённой,обобщённом,обобщённому,обобщённою,обобщённую
pool/pythagoras.txt	Ещё одно многомерное обобщение возникает из задачи нахождения квадрата длины диагонали прямоугольного параллелепипеда : для её вычисления необходимо дважды применить теорему Пифагора , в результате она составит сумму квадратов длин трёх смежных сторон параллелепипеда .	её	она para=2304 NPRO accs sing femn score=0.103 || ее para=1440 ADJF accs plur score=0.069	yes	yes		ея,она,нею
pool/pythagoras.txt	Ещё одно многомерное обобщение возникает из задачи нахождения квадрата длины диагонали прямоугольного параллелепипеда : для её вычисления необходимо дважды применить теорему Пифагора , в результате она составит сумму квадратов длин трёх смежных сторон параллелепипеда .	необходимо	необходимо para=254  score=0.500 || необходимый para=249 ADJF sing neut score=0.500	yes	yes		необходимый
pool/pythagoras.txt	Неевклидова геометрия Теорема Пифагора выводится из аксиом евклидовой геометрии и недействительна для неевклидовой геометрии — выполнение теоремы Пифагора равносильно постулату Евклида о параллельности .	равносильно	равносильно para=3 ADVB score=0.500 || равносильный para=60 ADJF sing neut score=0.500	yes	yes		равносильный
pool/pythagoras.txt	Геометрия Лобачевского В геометрии Лобачевского для прямоугольного треугольника со сторонами , , со стороной , противолежащей прямому углу , соотношение между сторонами будет следующим :, где — гиперболический косинус .	следующим	следующий para=213 ADJF ablt sing neut score=0.286 || следующий para=213 ADJF ablt sing masc score=0.143 || следующий para=213 ADJF datv plur score=0.143 || следовать para=2894 PRTF ablt sing masc score=0.143 || следовать para=2894 PRTF ablt sing neut score=0.143 || следовать para=2894 PRTF datv plur score=0.143	yes	yes		следовать,следующий,следуем,следующая,следующего,следующее,следующей,следующем,следующему,следующею,следующие,следующими
pool/pythagoras.txt	Евклидова метрика Евклидова метрика — функция расстояния в евклидовых пространствах , определяемая по теореме Пифагора , непосредственным её применением в двумерном случае , и последовательным в многомерном ; для точек - мерного пространства и расстояние между ними определяется следующим образом :. 	её	она para=2304 NPRO accs sing femn score=0.103 || ее para=1440 ADJF accs plur score=0.069	yes	yes		ея,она,нею
pool/pythagoras.txt	Евклидова метрика Евклидова метрика — функция расстояния в евклидовых пространствах , определяемая по теореме Пифагора , непосредственным её применением в двумерном случае , и последовательным в многомерном ; для точек - мерного пространства и расстояние между ними определяется следующим образом :. 	следующим	следующий para=213 ADJF ablt sing neut score=0.286 || следующий para=213 ADJF ablt sing masc score=0.143 || следующий para=213 ADJF datv plur score=0.143 || следовать para=2894 PRTF ablt sing masc score=0.143 || следовать para=2894 PRTF ablt sing neut score=0.143 || следовать para=2894 PRTF datv plur score=0.143	yes	yes		следовать,следующий,следуем,следующая,следующего,следующее,следующей,следующем,следующему,следующею,следующие,следующими
pool/pythagoras.txt	Пифагоровы тройки играют важную роль в теории чисел , задача их эффективного нахождения породила широкий пласт работ , начиная с древнейших времён и вплоть до современности .	их	они para=2305 NPRO accs plur score=0.139 || их para=1440 ADJF nomn sing femn score=0.083 || они para=2305 NPRO gent plur score=0.083 || их para=1440 ADJF accs sing neut score=0.056 || их para=1440 ADJF nomn plur score=0.056	yes	yes		они,им,ним
pool/quantum.txt	Классическая физика , совокупность теорий , существовавших до появления квантовой механики , описывает многие аспекты природы в обычном масштабе , но недостаточна для их количественного описания в малых ( атомных и субатомных ) масштабах .	недостаточна	недостаточный para=87 ADJF sing femn score=0.500 || недостаточно para=3302 gent score=0.500	yes	yes		недостаточный
pool/quantum.txt	Классическая физика , совокупность теорий , существовавших до появления квантовой механики , описывает многие аспекты природы в обычном масштабе , но недостаточна для их количественного описания в малых ( атомных и субатомных ) масштабах .	их	они para=2305 NPRO accs plur score=0.139 || их para=1440 ADJF nomn sing femn score=0.083 || они para=2305 NPRO gent plur score=0.083 || их para=1440 ADJF accs sing neut score=0.056 || их para=1440 ADJF nomn plur score=0.056	yes	yes		они,им,ним
pool/quantum.txt	Большинство теорий классической физики можно вывести из квантовой механики как приближения , справедливые в больших ( макроскопических ) масштабах .	больших	больший para=531 ADJF gent plur score=0.167 || больший para=531 ADJF accs plur anim score=0.167 || больший para=531 ADJF loct plur score=0.167 || большой para=532 ADJF gent plur score=0.167 || большой para=532 ADJF accs plur anim score=0.167 || большой para=532 ADJF loct plur score=0.167	yes	no		больше,больший,большой,велик,большая,большие,большим,большими,большую,велика,велики
pool/quantum.txt	Квантовая механика отличается от классической физики тем , что энергия , импульс , угловой момент и другие величины связанного состояния системы не могут принимать произвольные значения , но ограничены дискретными значениями ( квантование ), объекты обладают характеристиками как частиц , так и волн 	связанного	связанный para=345 ADJF gent sing masc score=0.167 || связанный para=345 ADJF accs sing masc anim score=0.167 || связанный para=345 ADJF gent sing neut score=0.167 || связать para=672 PRTF gent sing masc score=0.167 || связать para=672 PRTF accs sing masc anim score=0.167 || связать para=672 PRTF gent sing neut score=0.167	yes	yes		связанный,связать,связан,связанная,связанное,связанной,связанном,связанному,связанною,связанную,связанные,связанным
pool/quantum.txt	Квантовая механика отличается от классической физики тем , что энергия , импульс , угловой момент и другие величины связанного состояния системы не могут принимать произвольные значения , но ограничены дискретными значениями ( квантование ), объекты обладают характеристиками как частиц , так и волн 	её	она para=2304 NPRO accs sing femn score=0.103 || ее para=1440 ADJF accs plur score=0.069	yes	yes		ея,она,нею
pool/quantum.txt	Квантовая механика отличается от классической физики тем , что энергия , импульс , угловой момент и другие величины связанного состояния системы не могут принимать произвольные значения , но ограничены дискретными значениями ( квантование ), объекты обладают характеристиками как частиц , так и волн 	заданном	задать para=884 PRTF loct sing masc score=0.250 || задать para=884 PRTF loct sing neut score=0.250 || заданный para=345 ADJF loct sing masc score=0.250 || заданный para=345 ADJF loct sing neut score=0.250	yes	yes		заданный,задать,задам,задан,заданная,заданного,заданное,заданной,заданному,заданною,заданную,заданные
pool/quantum.txt	Эти ранние попытки понять микроскопические явления , теперь известные как « старая квантовая теория », привели к стремительному развитию квантовой механики в середине 1920 - х годов в работах Нильса Бора , Эрвина Шрёдингера , Вернера Гейзенберга , Макса Борна и других .	Эрвина	эрвин para=27 NOUN gent sing masc anim proper score=0.333 || эрвин para=27 NOUN accs sing masc anim proper score=0.333 || эрвина para=69 NOUN nomn sing femn anim proper score=0.333	yes	yes	mid_sentence_capital	эрвин,эрвинам,эрвинами,эрвинах,эрвине,эрвину,эрвины
pool/quantum.txt	Обычно её применяют к микроскопическим системам : молекулам , атомам и субатомным частицам .	её	она para=2304 NPRO accs sing femn score=0.103 || ее para=1440 ADJF accs plur score=0.069	yes	yes		ея,она,нею
pool/quantum.txt	Также было показано , что квантовая механика верно описывает поведение сложных молекул с тысячами атомов , хотя при попытке применить её к людям возникают философские вопросы и парадоксы , такие как друг Вигнера , и её применение ко Вселенной в целом также остаётся спекулятивным .	верно	верно para=130  score=0.333 || верный para=223 ADJF sing neut score=0.333 || верно para=404 ADVB score=0.333	yes	yes		вернее,верный,верней
pool/quantum.txt	Также было показано , что квантовая механика верно описывает поведение сложных молекул с тысячами атомов , хотя при попытке применить её к людям возникают философские вопросы и парадоксы , такие как друг Вигнера , и её применение ко Вселенной в целом также остаётся спекулятивным .	её	она para=2304 NPRO accs sing femn score=0.103 || ее para=1440 ADJF accs plur score=0.069	yes	yes		ея,она,нею
pool/quantum.txt	Также было показано , что квантовая механика верно описывает поведение сложных молекул с тысячами атомов , хотя при попытке применить её к людям возникают философские вопросы и парадоксы , такие как друг Вигнера , и её применение ко Вселенной в целом также остаётся спекулятивным .	её	она para=2304 NPRO accs sing femn score=0.103 || ее para=1440 ADJF accs plur score=0.069	yes	yes		ея,она,нею
pool/quantum.txt	Предсказания квантовой механики были подтверждены экспериментально с чрезвычайно высокой степенью точности .	экспериментально	экспериментально para=3 ADVB score=0.500 || экспериментальный para=60 ADJF sing neut score=0.500	yes	yes		экспериментальный
pool/quantum.txt	Фундаментальной особенностью квантовой теории является то , что она обычно не может с определённостью предсказать значения физических величин ( динамических переменных ), а только даёт вероятности их измерения .	их	они para=2305 NPRO accs plur score=0.139 || их para=1440 ADJF nomn sing femn score=0.083 || они para=2305 NPRO gent plur score=0.083 || их para=1440 ADJF accs sing neut score=0.056 || их para=1440 ADJF nomn plur score=0.056	yes	yes		они,им,ним
pool/quantum.txt	Применение правила Борна к этим амплитудам определяет функцию плотности вероятности для координаты частицы , когда будет проведён эксперимент по её измерению .	её	она para=2304 NPRO accs sing femn score=0.103 || ее para=1440 ADJF accs plur score=0.069	yes	yes		ея,она,нею
pool/quantum.txt	Самая известная форма такого компромисса — принципа неопределённости гласит , что как бы ни было приготовлено состояние квантовой частицы , или как бы тщательно ни были поставлены над этой частицей опыты , при измерении невозможно точное предсказание значений её положения и импульса в один момент вр	её	она para=2304 NPRO accs sing femn score=0.103 || ее para=1440 ADJF accs plur score=0.069	yes	yes		ея,она,нею
pool/quantum.txt	Ещё одно противоречащее повседневному опыту явление , предсказанное квантовой механикой — квантовое туннелирование , когда частица , столкнувшись с потенциальным барьером , может преодолеть его , даже если её кинетическая энергия меньше максимума потенциала .	противоречащее	противоречащий para=101 ADJF nomn sing neut score=0.250 || противоречащий para=101 ADJF accs sing neut score=0.250 || противоречить para=371 PRTF nomn sing neut score=0.250 || противоречить para=371 PRTF accs sing neut score=0.250	yes	yes		противоречащий,противоречить,противоречащая,противоречащего,противоречащей,противоречащем,противоречащему,противоречащею,противоречащие,противоречащим,противоречащими,противоречащих
pool/quantum.txt	Ещё одно противоречащее повседневному опыту явление , предсказанное квантовой механикой — квантовое туннелирование , когда частица , столкнувшись с потенциальным барьером , может преодолеть его , даже если её кинетическая энергия меньше максимума потенциала .	её	она para=2304 NPRO accs sing femn score=0.103 || ее para=1440 ADJF accs plur score=0.069	yes	yes		ея,она,нею
pool/quantum.txt	Когда квантовые системы взаимодействуют , результатом может быть возникновение квантовой запутанности : их свойства становятся настолько переплетёнными , что описание целого исключительно в терминах отдельных частей больше невозможно .	их	они para=2305 NPRO accs plur score=0.139 || их para=1440 ADJF nomn sing femn score=0.083 || они para=2305 NPRO gent plur score=0.083 || их para=1440 ADJF accs sing neut score=0.056 || их para=1440 ADJF nomn plur score=0.056	yes	yes		они,им,ним
pool/quantum.txt	Шрёдингер назвал запутывание «… характерной чертой квантовой механики — тем , что вызывает её полный отход от классических путей понимания » Квантовая запутанность реализует нелогичные свойства квантовой псевдотелепатии и может оказаться ценным методом в протоколах связи , таких как квантовое распре	её	она para=2304 NPRO accs sing femn score=0.103 || ее para=1440 ADJF accs plur score=0.069	yes	yes		ея,она,нею
pool/quantum.txt	Другая возможность , открываемая запутанностью , — это проверка существования « скрытых переменных », гипотетических свойств , более фундаментальных , чем величины , рассматриваемые в самой квантовой теории , знание которых позволило бы делать более точные предсказания , чем может дать квантовая тео	скрытых	скрытый para=4 ADJF gent plur score=0.167 || скрытый para=4 ADJF accs plur anim score=0.167 || скрытый para=4 ADJF loct plur score=0.167 || скрыть para=811 PRTF gent plur score=0.167 || скрыть para=811 PRTF accs plur anim score=0.167 || скрыть para=811 PRTF loct plur score=0.167	yes	yes		скрытый,скрыть,скрою,скрыт,скрыта,скрытая,скрыто,скрытого,скрытое,скрытой,скрытом,скрытому
pool/quantum.txt	Другая возможность , открываемая запутанностью , — это проверка существования « скрытых переменных », гипотетических свойств , более фундаментальных , чем величины , рассматриваемые в самой квантовой теории , знание которых позволило бы делать более точные предсказания , чем может дать квантовая тео	самой	сам para=2823 ADJF gent sing femn score=0.125 || сам para=2823 ADJF datv sing femn score=0.125 || сам para=2823 ADJF ablt sing femn score=0.125 || сам para=2823 ADJF loct sing femn score=0.125 || самый para=2825 ADJF gent sing femn score=0.125 || самый para=2825 ADJF datv sing femn score=0.125 || самый para=2825 ADJF ablt sing femn score=0.125 || самый para=2825 ADJF loct sing femn score=0.125	yes	no		сам,сами,самый,самого,самом,самому
pool/quantum.txt	Множество полученных результатов , в первую очередь теорема Белла , продемонстрировало , что широкие классы таких теорий со скрытыми переменными несовместимы с квантовой физикой .	скрытыми	скрытый para=4 ADJF ablt plur score=0.500 || скрыть para=811 PRTF ablt plur score=0.500	yes	yes		скрытый,скрыть,скрою,скрыт,скрыта,скрытая,скрыто,скрытого,скрытое,скрытой,скрытом,скрытому
pool/quantum.txt	Согласно теореме Белла , если природа действительно описывается какой - либо теорией локальных скрытых переменных , то результаты проверки неравенств Белла будут ограничены определённым образом , поддающимся количественной оценке .	действительно	действительно para=3 ADVB score=0.333 || действительно para=130  score=0.333 || действительный para=220 ADJF sing neut score=0.333	yes	yes		действительный
pool/quantum.txt	Согласно теореме Белла , если природа действительно описывается какой - либо теорией локальных скрытых переменных , то результаты проверки неравенств Белла будут ограничены определённым образом , поддающимся количественной оценке .	скрытых	скрытый para=4 ADJF gent plur score=0.167 || скрытый para=4 ADJF accs plur anim score=0.167 || скрытый para=4 ADJF loct plur score=0.167 || скрыть para=811 PRTF gent plur score=0.167 || скрыть para=811 PRTF accs plur anim score=0.167 || скрыть para=811 PRTF loct plur score=0.167	yes	yes		скрытый,скрыть,скрою,скрыт,скрыта,скрытая,скрыто,скрытого,скрытое,скрытой,скрытом,скрытому
pool/quantum.txt	Согласно теореме Белла , если природа действительно описывается какой - либо теорией локальных скрытых переменных , то результаты проверки неравенств Белла будут ограничены определённым образом , поддающимся количественной оценке .	определённым	определенный para=12 ADJF ablt sing masc score=0.167 || определенный para=12 ADJF ablt sing neut score=0.167 || определенный para=12 ADJF datv plur score=0.167 || определить para=754 PRTF ablt sing masc score=0.167 || определить para=754 PRTF ablt sing neut score=0.167 || определить para=754 PRTF datv plur score=0.167	yes	yes		определенно,определенный,определить,определим,определённая,определённо,определённого,определённое,определённой,определённом,определённому,определённою
pool/quantum.txt	Было проведено множество тестов Белла с использованием запутанных частиц , и они показали результаты , несовместимые с ограничениями , налагаемыми теориями с локальными скрытыми переменными .	запутанных	запутать para=648 PRTF gent plur score=0.167 || запутать para=648 PRTF accs plur anim score=0.167 || запутать para=648 PRTF loct plur score=0.167 || запутанный para=1596 ADJF gent plur score=0.167 || запутанный para=1596 ADJF accs plur anim score=0.167 || запутанный para=1596 ADJF loct plur score=0.167	yes	yes		запутанно,запутанный,запутать,запутан,запутанная,запутанного,запутанное,запутанной,запутанном,запутанному,запутанною,запутанную
pool/quantum.txt	Было проведено множество тестов Белла с использованием запутанных частиц , и они показали результаты , несовместимые с ограничениями , налагаемыми теориями с локальными скрытыми переменными .	скрытыми	скрытый para=4 ADJF ablt plur score=0.500 || скрыть para=811 PRTF ablt plur score=0.500	yes	yes		скрытый,скрыть,скрою,скрыт,скрыта,скрытая,скрыто,скрытого,скрытое,скрытой,скрытом,скрытому
pool/quantum.txt	Невозможно представить эти понятия более чем поверхностно , не вводя при этом фактическую математику ; понимание квантовой механики требует не только манипулирования комплексными числами , но и линейной алгебры , дифференциальных уравнений , теории групп и других более сложных областей математики .	поверхностно	поверхностно para=3 ADVB score=0.500 || поверхностный para=87 ADJF sing neut score=0.500	yes	yes		поверхностный
pool/quantum.txt	Баэз предупреждает : «… нельзя понять интерпретацию квантовой механики , не умея решать квантовомеханические задачи , — чтобы понять эту теорию , нужно уметь использовать её ( и наоборот )». Карл Саган обрисовал в общих чертах « математическое обоснование » квантовой механики и написал : « Для больш	её	она para=2304 NPRO accs sing femn score=0.103 || ее para=1440 ADJF accs plur score=0.069	yes	yes		ея,она,нею
pool/quantum.txt	Баэз предупреждает : «… нельзя понять интерпретацию квантовой механики , не умея решать квантовомеханические задачи , — чтобы понять эту теорию , нужно уметь использовать её ( и наоборот )». Карл Саган обрисовал в общих чертах « математическое обоснование » квантовой механики и написал : « Для больш	Карл	карл para=27 NOUN nomn sing masc anim proper score=0.789 || карла para=69 NOUN gent plur femn anim proper score=0.053 || карла para=69 NOUN accs plur femn anim proper score=0.053 || карла para=537 NOUN gent plur masc anim score=0.053 || карла para=537 NOUN accs plur masc anim score=0.053	yes	yes	mid_sentence_capital	карлов,карлу
pool/quantum.txt	Объём работы популяризатора науки , чтобы попытаться донести какое - то представление о квантовой механике до широкой аудитории , не прошедшей через этот обряд инициации , пугает .	прошедшей	прошедший para=617 ADJF gent sing femn score=0.125 || прошедший para=617 ADJF datv sing femn score=0.125 || прошедший para=617 ADJF ablt sing femn score=0.125 || прошедший para=617 ADJF loct sing femn score=0.125 || пройти para=2096 PRTF gent sing femn score=0.125 || пройти para=2096 PRTF datv sing femn score=0.125 || пройти para=2096 PRTF ablt sing femn score=0.125 || пройти para=2096 PRTF loct sing femn score=0.125	yes	yes		пройти,прошедшее,прошедший,пройду,прошедшая,прошедшего,прошедшему,прошедшею,прошедшие,прошедшим,прошедшими,прошедших
pool/quantum.txt	Действительно , на мой взгляд , нет успешного популярного изложения квантовой механики — отчасти по этой причине ». Соответственно , в этой статье будет представлена математическая формулировка квантовой механики и рассмотрено её применение на некоторых полезных и часто изучаемых примерах .	Действительно	действительно para=3 ADVB score=0.333 || действительно para=130  score=0.333 || действительный para=220 ADJF sing neut score=0.333	yes	yes		действительный
pool/quantum.txt	Действительно , на мой взгляд , нет успешного популярного изложения квантовой механики — отчасти по этой причине ». Соответственно , в этой статье будет представлена математическая формулировка квантовой механики и рассмотрено её применение на некоторых полезных и часто изучаемых примерах .	её	она para=2304 NPRO accs sing femn score=0.103 || ее para=1440 ADJF accs plur score=0.069	yes	yes		ея,она,нею
pool/quantum.txt	История Квантовая механика была разработана в первые десятилетия XX века из - за необходимости объяснить явления , которые не нашли объяснения в рамках классического подхода .	нашли	наслать para=1392 VERB sing score=0.500 || найти para=2096 VERB plur score=0.500	yes	no		найти,наслать,найду
pool/quantum.txt	Научные исследования волновой природы света начались в XVII и XVIII веках , когда такие учёные , как Роберт Гук , Христиан Гюйгенс и Леонард Эйлер , предложили волновую теорию света , основанную на экспериментальных наблюдениях .	Леонард	леонард para=27 NOUN nomn sing masc anim proper score=0.800 || леонарда para=69 NOUN gent plur femn anim proper score=0.100 || леонарда para=69 NOUN accs plur femn anim proper score=0.100	yes	yes	mid_sentence_capital	леонарда,леонардам,леонардами,леонардах,леонарде,леонарду,леонарды
pool/quantum.txt	В начале XIX века химические исследования Джона Дальтона и Амедео Авогадро придали вес атомной теории материи , идее , на которой Джеймс Клерк Максвелл , Людвиг Больцман и другие построили кинетическую теорию газов .	Людвиг	людвиг para=57 NOUN nomn sing masc anim proper score=0.833 || людвига para=191 NOUN gent plur femn anim proper score=0.083 || людвига para=191 NOUN accs plur femn anim proper score=0.083	yes	yes	mid_sentence_capital	людвига,людвигам,людвигами,людвигах,людвиге,людвиги,людвигу
pool/quantum.txt	Юлиус Плюккер , Иоганн Вильгельм Гитторф и Ойген Гольдштейн продолжили и усовершенствовали работу Фарадея , что привело к идентификации катодных лучей , которые , как обнаружил Дж .	Иоганн	иоганн para=27 NOUN nomn sing masc anim proper score=0.500 || иоганна para=69 NOUN gent plur femn anim proper score=0.250 || иоганна para=69 NOUN accs plur femn anim proper score=0.250	yes	yes	mid_sentence_capital	иоганна,иоганнам,иоганнами,иоганнах,иоганне,иоганну,иоганны
pool/quantum.txt	Слово « квант » происходит от латинского quantus , что означает « сколько ». Согласно Планку , количество энергии можно рассматривать как разделённое на « элементы », величина которых ( E ) будет пропорциональна их частоте ( ν ): где h — постоянная Планка .	их	они para=2305 NPRO accs plur score=0.139 || их para=1440 ADJF nomn sing femn score=0.083 || они para=2305 NPRO gent plur score=0.083 || их para=1440 ADJF accs sing neut score=0.056 || их para=1440 ADJF nomn plur score=0.056	yes	yes		они,им,ним
pool/quantum.txt	Однако в 1905 году Альберт Эйнштейн реалистично интерпретировал квантовую гипотезу Планка и использовал её для объяснения фотоэлектрического эффекта , при котором свет , падающий на определённые материалы , может выбивать электроны из материала .	реалистично	реалистично para=3 ADVB score=0.500 || реалистичный para=12 ADJF sing neut score=0.500	yes	yes		реалистичный
pool/quantum.txt	Однако в 1905 году Альберт Эйнштейн реалистично интерпретировал квантовую гипотезу Планка и использовал её для объяснения фотоэлектрического эффекта , при котором свет , падающий на определённые материалы , может выбивать электроны из материала .	её	она para=2304 NPRO accs sing femn score=0.103 || ее para=1440 ADJF accs plur score=0.069	yes	yes		ея,она,нею
pool/quantum.txt	Однако в 1905 году Альберт Эйнштейн реалистично интерпретировал квантовую гипотезу Планка и использовал её для объяснения фотоэлектрического эффекта , при котором свет , падающий на определённые материалы , может выбивать электроны из материала .	определённые	определенный para=12 ADJF nomn plur score=0.250 || определенный para=12 ADJF accs plur inan score=0.250 || определить para=754 PRTF nomn plur score=0.250 || определить para=754 PRTF accs plur inan score=0.250	yes	yes		определенно,определенный,определить,определим,определённая,определённо,определённого,определённое,определённой,определённом,определённому,определённою
pool/quantum.txt	Затем Нильс Бор развил идею Планка об излучении , включив её в модель атома , которая успешно предсказала спектральные линии водорода .	её	она para=2304 NPRO accs sing femn score=0.103 || ее para=1440 ADJF accs plur score=0.069	yes	yes		ея,она,нею
pool/quantum.txt	Хотя в то время его общая теория относительности затмила эту идею , в этой статье был сформулирован механизм , лежащий в основе стимулированного излучения , который стал основным принципом работы лазеров .	основным	основный para=12 ADJF ablt sing masc score=0.143 || основный para=12 ADJF ablt sing neut score=0.143 || основный para=12 ADJF datv plur score=0.143 || основной para=138 ADJF ablt sing masc score=0.143 || основной para=138 ADJF ablt sing neut score=0.143 || основной para=138 ADJF datv plur score=0.143 || основное para=2336 NOUN ablt sing neut inan score=0.143	yes	yes		основное,основной,основный,основная,основнее,основней,основного,основном,основному,основною,основную,основные
pool/quantum.txt	Она никогда не была полной и непротиворечивой , и была скорее набором эвристических поправок к классической механике .	скорее	скорее para=130  score=0.500 || скорый para=618  score=0.500	yes	no		скора,скорый,скорой,скорою,скоры
pool/quantum.txt	Заметные результаты этого периода включают , помимо работ Планка , Эйнштейна и Бора , упомянутых выше , работы Эйнштейна и Петера Дебая по удельной теплоёмкости твёрдых тел , доказательство Бора и Хендрики Йоханны ван Леувен , что классическая физика не может объяснить диамагнетизм и расширение Арно	выше	выше para=3 ADVB score=0.286 || высоко para=1134  score=0.286 || выше para=24 PREP score=0.143 || выша para=302 NOUN datv sing femn inan proper score=0.143 || выша para=302 NOUN loct sing femn inan proper score=0.143	yes	yes	lowercase_common	высоко
pool/quantum.txt	Заметные результаты этого периода включают , помимо работ Планка , Эйнштейна и Бора , упомянутых выше , работы Эйнштейна и Петера Дебая по удельной теплоёмкости твёрдых тел , доказательство Бора и Хендрики Йоханны ван Леувен , что классическая физика не может объяснить диамагнетизм и расширение Арно	Леувен	леувено para=54 NOUN gent plur neut inan score=0.357 || леувена para=55 NOUN gent plur femn inan score=0.357	yes	yes		
pool/quantum.txt	Основанная на подходе де Бройля , современная квантовая механика родилась в 1925 году , когда немецкие физики Вернер Гейзенберг , Макс Борн и Паскуаль Йордан разработали матричную механику , а австрийский физик Эрвин Шрёдингер изобрёл волновую механику .	Эрвин	эрвин para=27 NOUN nomn sing masc anim proper score=0.500 || эрвина para=69 NOUN gent plur femn anim proper score=0.250 || эрвина para=69 NOUN accs plur femn anim proper score=0.250	yes	yes	mid_sentence_capital	эрвина,эрвинам,эрвинами,эрвинах,эрвине,эрвину,эрвины
pool/quantum.txt	Таким образом , возникла целая область квантовой физики , что привело к её более широкому признанию на Пятой Сольвеевской конференции в 1927 году .	её	она para=2304 NPRO accs sing femn score=0.103 || ее para=1440 ADJF accs plur score=0.069	yes	yes		ея,она,нею
pool/quantum.txt	Поэтому в 1935 году появилась статья о парадоксе , возникающем в запутанной системе , который сейчас называется парадоксом Эйнштейна — Подольского — Розена .	запутанной	запутать para=648 PRTF gent sing femn score=0.125 || запутать para=648 PRTF datv sing femn score=0.125 || запутать para=648 PRTF ablt sing femn score=0.125 || запутать para=648 PRTF loct sing femn score=0.125 || запутанный para=1596 ADJF gent sing femn score=0.125 || запутанный para=1596 ADJF datv sing femn score=0.125 || запутанный para=1596 ADJF ablt sing femn score=0.125 || запутанный para=1596 ADJF loct sing femn score=0.125	yes	yes		запутанно,запутанный,запутать,запутан,запутанная,запутанного,запутанное,запутанном,запутанному,запутанною,запутанную,запутанные
pool/quantum.txt	Решение уравнения Шрёдингера для атома водорода имеет аналитическую форму , но для многоэлектронного атома аналитическое решение не известно , в связи с чем возникают различные приближённые методы вычисления волновых функций .	приближённые	приблизить para=860 PRTF nomn plur score=0.250 || приблизить para=860 PRTF accs plur inan score=0.250 || приближенный para=3199 ADJF nomn plur score=0.250 || приближенный para=3199 ADJF accs plur inan score=0.250	yes	yes		приближенный,приблизить
pool/quantum.txt	Например , в 1928 году Дугласом Хартри был предложен метод самосогласованного поля , а в 1930 году В .	предложен	предложный para=12 ADJF sing masc score=0.500 || предложить para=668 PRTF sing masc score=0.500	yes	yes		предложить,предложный
pool/quantum.txt	К 1930 году квантовая механика была дополнительно унифицирована и формализована Давидом Гильбертом , Полом Дираком и Джоном фон Нейманом с большим упором на формализацию процесса измерения , статистическую природу нашего знания о реальности и философские рассуждения о « наблюдателе ». С тех пор она 	большим	больший para=531 ADJF ablt sing masc score=0.167 || больший para=531 ADJF ablt sing neut score=0.167 || больший para=531 ADJF datv plur score=0.167 || большой para=532 ADJF ablt sing masc score=0.167 || большой para=532 ADJF ablt sing neut score=0.167 || большой para=532 ADJF datv plur score=0.167	yes	no		больше,больший,большой,велик,большая,большие,большими,больших,большую,велика,велики
pool/quantum.txt	Она также объясняет особенности современной периодической таблицы элементов и описывает поведение атомов во время образования химической связи и ток электронов в полупроводниках , и поэтому играет решающую роль во многих современных технологиях .	решающую	решающий para=165 ADJF accs sing femn score=0.500 || решать para=215 PRTF accs sing femn score=0.500	yes	yes		решать,решающий,решающая,решающего,решающее,решающей,решающем,решающему,решающею,решающие,решающим,решающими
pool/quantum.txt	Прохорова появились первые квантовые микроволновые генераторы — мазеры на аммиаке .	микроволновые	микроволновый para=73 ADJF nomn plur score=0.250 || микроволновый para=73 ADJF accs plur inan score=0.250 || микроволновой para=106 ADJF nomn plur score=0.250 || микроволновой para=106 ADJF accs plur inan score=0.250	yes	no		микроволновой,микроволновый,микроволновая,микроволнового,микроволновое,микроволновом,микроволновому,микроволновою,микроволновую,микроволновым,микроволновыми,микроволновых
pool/quantum.txt	Для усиления излучения в оптическом диапазоне Т .	Т	так para=2997 ADVB score=0.505 || так para=2996  score=0.412 || то para=3013  score=0.412	yes	yes		так,то
pool/quantum.txt	Мейманом в 1960 году был использован рубин .	Мейманом	мейманом para=34 NOUN nomn sing masc inan score=0.251 || мейманом para=34 NOUN accs sing masc inan score=0.251 || мейманома para=55 NOUN gent plur femn inan score=0.251	yes	yes		
pool/quantum.txt	Математическая формулировка В математически строгой формулировке квантовой механики состояние квантовомеханической системы представляет собой вектор , заданный в комплексном ( сепарабельном ) гильбертовом пространстве .	заданный	задать para=884 PRTF nomn sing masc score=0.250 || задать para=884 PRTF accs sing masc inan score=0.250 || заданный para=345 ADJF nomn sing masc score=0.250 || заданный para=345 ADJF accs sing masc inan score=0.250	yes	yes		задать,задам,задан,заданная,заданного,заданное,заданной,заданном,заданному,заданною,заданную,заданные
pool/quantum.txt	Интересующие физические величины — координата , импульс , энергия , спин — представлены наблюдаемыми величинами ( или просто наблюдаемыми ), которым поставлены в соответствие эрмитовые ( точнее , самосопряжённые ) линейные операторы , действующие в гильбертовом пространстве .	спин	спин para=34 NOUN nomn sing masc inan score=0.333 || спин para=34 NOUN accs sing masc inan score=0.333 || спина para=55 NOUN gent plur femn inan score=0.333	yes	yes		спина,спинам,спинами,спинах,спине,спинов,спину,спины
pool/quantum.txt	Интересующие физические величины — координата , импульс , энергия , спин — представлены наблюдаемыми величинами ( или просто наблюдаемыми ), которым поставлены в соответствие эрмитовые ( точнее , самосопряжённые ) линейные операторы , действующие в гильбертовом пространстве .	точнее	точнее para=130  score=0.500 || точный para=223  score=0.500	yes	no		точный,поточнее,поточней,точен,точён
pool/quantum.txt	Интересующие физические величины — координата , импульс , энергия , спин — представлены наблюдаемыми величинами ( или просто наблюдаемыми ), которым поставлены в соответствие эрмитовые ( точнее , самосопряжённые ) линейные операторы , действующие в гильбертовом пространстве .	действующие	действовать para=177 PRTF nomn plur score=0.250 || действовать para=177 PRTF accs plur inan score=0.250 || действующий para=213 ADJF nomn plur score=0.250 || действующий para=213 ADJF accs plur inan score=0.250	yes	yes		действовать,действующий,действующая,действующего,действующее,действующей,действующем,действующему,действующею,действующим,действующими,действующих
pool/quantum.txt	Квантовое состояние может быть собственным вектором для оператора наблюдаемой , или собственным состоянием , а связанное с ним собственное значение соответствует значению наблюдаемой в этом собственном состоянии .	связанное	связанный para=345 ADJF nomn sing neut score=0.250 || связанный para=345 ADJF accs sing neut score=0.250 || связать para=672 PRTF nomn sing neut score=0.250 || связать para=672 PRTF accs sing neut score=0.250	yes	yes		связанный,связать,связан,связанная,связанного,связанной,связанном,связанному,связанною,связанную,связанные,связанным
pool/quantum.txt	При измерении наблюдаемой результатом будет одно из её дискретных собственных значений с вероятностью , заданной правилом Борна : в простейшем случае собственное значение является невырождённым , а вероятность определяется выражением , где — его собственный вектор .	её	она para=2304 NPRO accs sing femn score=0.103 || ее para=1440 ADJF accs plur score=0.069	yes	yes		ея,она,нею
pool/quantum.txt	При измерении наблюдаемой результатом будет одно из её дискретных собственных значений с вероятностью , заданной правилом Борна : в простейшем случае собственное значение является невырождённым , а вероятность определяется выражением , где — его собственный вектор .	заданной	задать para=884 PRTF gent sing femn score=0.125 || задать para=884 PRTF datv sing femn score=0.125 || задать para=884 PRTF ablt sing femn score=0.125 || задать para=884 PRTF loct sing femn score=0.125 || заданный para=345 ADJF gent sing femn score=0.125 || заданный para=345 ADJF datv sing femn score=0.125 || заданный para=345 ADJF ablt sing femn score=0.125 || заданный para=345 ADJF loct sing femn score=0.125	yes	yes		заданный,задать,задам,задан,заданная,заданного,заданное,заданном,заданному,заданною,заданную,заданные
pool/quantum.txt	В более общем случае собственное значение вырождено , а вероятность определяется выражением где — проектор на связанное с ним собственное пространство .	связанное	связанный para=345 ADJF nomn sing neut score=0.250 || связанный para=345 ADJF accs sing neut score=0.250 || связать para=672 PRTF nomn sing neut score=0.250 || связать para=672 PRTF accs sing neut score=0.250	yes	yes		связанный,связать,связан,связанная,связанного,связанной,связанном,связанному,связанною,связанную,связанные,связанным
pool/quantum.txt	Эта тема была центральным вопросом знаменитых дебатов Бора и Эйнштейна , в которых два учёных пытались прояснить эти фундаментальные принципы с помощью мысленных экспериментов .	мысленных	мысленный para=345 ADJF gent plur score=0.167 || мысленный para=345 ADJF accs plur anim score=0.167 || мысленный para=345 ADJF loct plur score=0.167 || мыслить para=634 PRTF gent plur score=0.167 || мыслить para=634 PRTF accs plur anim score=0.167 || мыслить para=634 PRTF loct plur score=0.167	yes	yes		мысленный,мыслимый,мыслить,мыслящий,мыслен,мысленная,мысленного,мысленное,мысленной,мысленном,мысленному,мысленною
pool/quantum.txt	например , многомировая интерпретация ). Основная идея заключается в том , что когда квантовая система взаимодействует с измерительным прибором , их соответствующие волновые функции запутываются , так что исходная квантовая система перестаёт существовать как независимая сущность .	Основная	основный para=12 ADJF nomn sing femn score=0.500 || основной para=138 ADJF nomn sing femn score=0.500	yes	no		основное,основной,основный,основнее,основней,основного,основному,основною,основную,основные,основным,основными
pool/quantum.txt	например , многомировая интерпретация ). Основная идея заключается в том , что когда квантовая система взаимодействует с измерительным прибором , их соответствующие волновые функции запутываются , так что исходная квантовая система перестаёт существовать как независимая сущность .	их	они para=2305 NPRO accs plur score=0.139 || их para=1440 ADJF nomn sing femn score=0.083 || они para=2305 NPRO gent plur score=0.083 || их para=1440 ADJF accs sing neut score=0.056 || их para=1440 ADJF nomn plur score=0.056	yes	yes		они,им,ним
pool/quantum.txt	Эволюция квантового состояния во времени описывается уравнением Шрёдингера : Здесь — гамильтониан системы , или оператор наблюдаемой , соответствующей полной энергии системы , и — приведённая постоянная Планка .	соответствующей	соответствовать para=177 PRTF gent sing femn score=0.125 || соответствовать para=177 PRTF datv sing femn score=0.125 || соответствовать para=177 PRTF ablt sing femn score=0.125 || соответствовать para=177 PRTF loct sing femn score=0.125 || соответствующий para=213 ADJF gent sing femn score=0.125 || соответствующий para=213 ADJF datv sing femn score=0.125 || соответствующий para=213 ADJF ablt sing femn score=0.125 || соответствующий para=213 ADJF loct sing femn score=0.125	yes	yes		соответствовать,соответствующий,соответствующая,соответствующего,соответствующее,соответствующем,соответствующему,соответствующею,соответствующие,соответствующим,соответствующими,соответствующих
pool/quantum.txt	Постоянная вводится так , что гамильтониан сводится к классическому гамильтониану в случаях , когда квантовая система близка по своим свойствам к соответствующей классической модели ; возможность сделать такое приближение в определённом пределе называется принципом соответствия .	соответствующей	соответствовать para=177 PRTF gent sing femn score=0.125 || соответствовать para=177 PRTF datv sing femn score=0.125 || соответствовать para=177 PRTF ablt sing femn score=0.125 || соответствовать para=177 PRTF loct sing femn score=0.125 || соответствующий para=213 ADJF gent sing femn score=0.125 || соответствующий para=213 ADJF datv sing femn score=0.125 || соответствующий para=213 ADJF ablt sing femn score=0.125 || соответствующий para=213 ADJF loct sing femn score=0.125	yes	yes		соответствовать,соответствующий,соответствующая,соответствующего,соответствующее,соответствующем,соответствующему,соответствующею,соответствующие,соответствующим,соответствующими,соответствующих
pool/quantum.txt	Постоянная вводится так , что гамильтониан сводится к классическому гамильтониану в случаях , когда квантовая система близка по своим свойствам к соответствующей классической модели ; возможность сделать такое приближение в определённом пределе называется принципом соответствия .	определённом	определенный para=12 ADJF loct sing masc score=0.250 || определенный para=12 ADJF loct sing neut score=0.250 || определить para=754 PRTF loct sing masc score=0.250 || определить para=754 PRTF loct sing neut score=0.250	yes	yes		определенно,определенный,определить,определим,определённая,определённо,определённого,определённое,определённой,определённому,определённою,определённую
pool/quantum.txt	Формальное решение этого дифференциального уравнения задаётся следующим выражением : Оператор известен как оператор эволюции и обладает важным свойством унитарности .	следующим	следующий para=213 ADJF ablt sing neut score=0.286 || следующий para=213 ADJF ablt sing masc score=0.143 || следующий para=213 ADJF datv plur score=0.143 || следовать para=2894 PRTF ablt sing masc score=0.143 || следовать para=2894 PRTF ablt sing neut score=0.143 || следовать para=2894 PRTF datv plur score=0.143	yes	yes		следовать,следующий,следуем,следующая,следующего,следующее,следующей,следующем,следующему,следующею,следующие,следующими
pool/quantum.txt	В этом случае эволюция системы детерминирована в том смысле , что если задано начальное квантовое состояние то этот оператор даёт определённое предсказание того , какое квантовое состояние будет в любой другой последующий момент времени t .	определённое	определенный para=12 ADJF nomn sing neut score=0.250 || определенный para=12 ADJF accs sing neut score=0.250 || определить para=754 PRTF nomn sing neut score=0.250 || определить para=754 PRTF accs sing neut score=0.250	yes	yes		определенно,определенный,определить,определим,определённая,определённо,определённого,определённой,определённом,определённому,определённою,определённую
pool/quantum.txt	Некоторые волновые функции описывают распределения вероятностей , которые не зависят от времени , такие как собственные состояния гамильтониана .	Некоторые	некоторый para=1306 ADJF nomn plur score=0.473 || некоторые para=2165 NPRO nomn plur score=0.324 || некоторый para=1306 ADJF accs plur inan score=0.189	yes	yes		некоторый,некоторым,некоторыми,некоторых
pool/quantum.txt	Например , один электрон в невозбуждённом атоме классически изображается как частица , движущаяся по круговой траектории вокруг ядра атома , тогда как в квантовой механике он описывается стационарной волновой функцией , окружающей ядро .	окружающей	окружающий para=213 ADJF gent sing femn score=0.125 || окружающий para=213 ADJF datv sing femn score=0.125 || окружающий para=213 ADJF ablt sing femn score=0.125 || окружающий para=213 ADJF loct sing femn score=0.125 || окружать para=215 PRTF gent sing femn score=0.125 || окружать para=215 PRTF datv sing femn score=0.125 || окружать para=215 PRTF ablt sing femn score=0.125 || окружать para=215 PRTF loct sing femn score=0.125	yes	yes		окружать,окружающее,окружающие,окружающий,окружающая,окружающего,окружающем,окружающему,окружающею,окружающим,окружающими,окружающих
pool/quantum.txt	Существуют методы нахождения приближённых решений .	приближённых	приблизить para=860 PRTF gent plur score=0.167 || приблизить para=860 PRTF accs plur anim score=0.167 || приблизить para=860 PRTF loct plur score=0.167 || приближенный para=3199 ADJF gent plur score=0.167 || приближенный para=3199 ADJF accs plur anim score=0.167 || приближенный para=3199 ADJF loct plur score=0.167	yes	yes		приближенный,приблизить
pool/quantum.txt	В своей наиболее известной форме он утверждает , что для квантовой частицы нельзя одновременно точно предсказать её координату и импульс .	её	она para=2304 NPRO accs sing femn score=0.103 || ее para=1440 ADJF accs plur score=0.069	yes	yes		ея,она,нею
pool/quantum.txt	Оператор координаты и оператор импульса не коммутируют друг с другом , а удовлетворяют каноническому коммутационному соотношению : При заданном квантовом состоянии правило Борна позволяет вычислить математические ожидания для и их степеней .	другом	друг para=1423 NOUN ablt sing masc anim score=0.457 || другой para=1424 ADJF loct sing masc score=0.333 || другой para=1424 ADJF loct sing neut score=0.210	yes	yes		друг,другой
pool/quantum.txt	Оператор координаты и оператор импульса не коммутируют друг с другом , а удовлетворяют каноническому коммутационному соотношению : При заданном квантовом состоянии правило Борна позволяет вычислить математические ожидания для и их степеней .	заданном	задать para=884 PRTF loct sing masc score=0.250 || задать para=884 PRTF loct sing neut score=0.250 || заданный para=345 ADJF loct sing masc score=0.250 || заданный para=345 ADJF loct sing neut score=0.250	yes	yes		заданный,задать,задам,задан,заданная,заданного,заданное,заданной,заданному,заданною,заданную,заданные
pool/quantum.txt	Оператор координаты и оператор импульса не коммутируют друг с другом , а удовлетворяют каноническому коммутационному соотношению : При заданном квантовом состоянии правило Борна позволяет вычислить математические ожидания для и их степеней .	их	они para=2305 NPRO accs plur score=0.139 || их para=1440 ADJF nomn sing femn score=0.083 || они para=2305 NPRO gent plur score=0.083 || их para=1440 ADJF accs sing neut score=0.056 || их para=1440 ADJF nomn plur score=0.056	yes	yes		они,им,ним
pool/quantum.txt	Задавая неопределённость наблюдаемой по формуле стандартного отклонения , можно записать для координаты и аналогично для импульса : Принцип неопределённости гласит , что Любое стандартное отклонение в принципе можно сделать сколь угодно малым , но не обе величины одновременно .	угодно	угодный para=12 ADJF sing neut score=0.333 || угодно para=22  score=0.333 || угодно para=254  score=0.333	yes	yes		угодный
pool/quantum.txt	Состояния , которые не являются разделимыми , называются запутанными или сцепленными .	запутанными	запутать para=648 PRTF ablt plur score=0.500 || запутанный para=1596 ADJF ablt plur score=0.500	yes	yes		запутанно,запутанный,запутать,запутан,запутанная,запутанного,запутанное,запутанной,запутанном,запутанному,запутанною,запутанную
pool/quantum.txt	Как описано выше , запутанность — это ключевая особенность моделей процесса измерения , в котором детектор запутывается с измеряемой системой .	выше	выше para=3 ADVB score=0.286 || высоко para=1134  score=0.286 || выше para=24 PREP score=0.143 || выша para=302 NOUN datv sing femn inan proper score=0.143 || выша para=302 NOUN loct sing femn inan proper score=0.143	yes	yes	lowercase_common	высоко
pool/quantum.txt	Системы , взаимодействующие с окружающей средой , в которой они находятся , обычно запутываются с этой средой — явление , известное как квантовая декогеренция .	окружающей	окружающий para=213 ADJF gent sing femn score=0.125 || окружающий para=213 ADJF datv sing femn score=0.125 || окружающий para=213 ADJF ablt sing femn score=0.125 || окружающий para=213 ADJF loct sing femn score=0.125 || окружать para=215 PRTF gent sing femn score=0.125 || окружать para=215 PRTF datv sing femn score=0.125 || окружать para=215 PRTF ablt sing femn score=0.125 || окружать para=215 PRTF loct sing femn score=0.125	yes	yes		окружать,окружающее,окружающие,окружающий,окружающая,окружающего,окружающем,окружающему,окружающею,окружающим,окружающими,окружающих
pool/schrodinger.txt	История В начале XX века учёные пришли к выводу , что между предсказаниями классической теории и экспериментальными данными об атомной структуре существует ряд расхождений .	пришли	прислать para=1392 VERB sing score=0.500 || прийти para=2662 VERB plur score=0.500	yes	no		прийти,прислать
pool/schrodinger.txt	Некоторые свойства Волновая функция , являющаяся решением уравнения Шрёдингера , и её первые производные должны быть однозначными и непрерывными во всём пространстве .	Некоторые	некоторый para=1306 ADJF nomn plur score=0.473 || некоторые para=2165 NPRO nomn plur score=0.324 || некоторый para=1306 ADJF accs plur inan score=0.189	yes	yes		некоторый,некоторым,некоторыми,некоторых
pool/schrodinger.txt	Некоторые свойства Волновая функция , являющаяся решением уравнения Шрёдингера , и её первые производные должны быть однозначными и непрерывными во всём пространстве .	её	она para=2304 NPRO accs sing femn score=0.103 || ее para=1440 ADJF accs plur score=0.069	yes	yes		ея,она,нею
pool/schrodinger.txt	Некоторые свойства Волновая функция , являющаяся решением уравнения Шрёдингера , и её первые производные должны быть однозначными и непрерывными во всём пространстве .	производные	производный para=35 ADJF nomn plur score=0.250 || производный para=35 ADJF accs plur inan score=0.250 || производная para=117 NOUN nomn plur femn inan score=0.250 || производная para=117 NOUN accs plur femn inan score=0.250	yes	yes		производная,производный,производной,производною,производную,производным,производными,производных
pool/schrodinger.txt	Средние значения механических величин для волнового пакета , который можно описать уравнением Шрёдингера , удовлетворяют классическим уравнениям Гамильтона ( теорема Эренфеста ). Уравнение Шрёдингера инвариантно относительно преобразований Галилея .	Галилея	галилея para=197 NOUN nomn sing femn inan proper score=0.500 || галилей para=334 NOUN gent sing masc anim proper score=0.250 || галилей para=334 NOUN accs sing masc anim proper score=0.250	yes	yes	mid_sentence_capital	галилее,галилеи,галилею
pool/schrodinger.txt	Из этого факта вытекает ряд важных следствий : существование ряда операторов квантовой механики , связанных с преобразованиями Галилея ; невозможность описать состояния со спектром масс или нестабильные элементарные частицы в нерелятивистской квантовой механике ( теорема Баргмана ); существование кв	связанных	связанный para=345 ADJF gent plur score=0.167 || связанный para=345 ADJF accs plur anim score=0.167 || связанный para=345 ADJF loct plur score=0.167 || связать para=672 PRTF gent plur score=0.167 || связать para=672 PRTF accs plur anim score=0.167 || связать para=672 PRTF loct plur score=0.167	yes	yes		связанный,связать,связан,связанная,связанного,связанное,связанной,связанном,связанному,связанною,связанную,связанные
pool/schrodinger.txt	Из этого факта вытекает ряд важных следствий : существование ряда операторов квантовой механики , связанных с преобразованиями Галилея ; невозможность описать состояния со спектром масс или нестабильные элементарные частицы в нерелятивистской квантовой механике ( теорема Баргмана ); существование кв	Галилея	галилея para=197 NOUN nomn sing femn inan proper score=0.500 || галилей para=334 NOUN gent sing masc anim proper score=0.250 || галилей para=334 NOUN accs sing masc anim proper score=0.250	yes	yes	mid_sentence_capital	галилее,галилеи,галилею
pool/schrodinger.txt	Из этого факта вытекает ряд важных следствий : существование ряда операторов квантовой механики , связанных с преобразованиями Галилея ; невозможность описать состояния со спектром масс или нестабильные элементарные частицы в нерелятивистской квантовой механике ( теорема Баргмана ); существование кв	Галилея	галилея para=197 NOUN nomn sing femn inan proper score=0.500 || галилей para=334 NOUN gent sing masc anim proper score=0.250 || галилей para=334 NOUN accs sing masc anim proper score=0.250	yes	yes	mid_sentence_capital	галилее,галилеи,галилею
pool/schrodinger.txt	Уравнение Шрёдингера линейно , то есть если волновые функции и удовлетворяют уравнению Шрёдингера , то ему удовлетворяет любая их линейная комбинация , где и — комплексные числа .	линейно	линейно para=3 ADVB score=0.500 || линейный para=97 ADJF sing neut score=0.500	yes	yes		линейный
pool/schrodinger.txt	Уравнение Шрёдингера линейно , то есть если волновые функции и удовлетворяют уравнению Шрёдингера , то ему удовлетворяет любая их линейная комбинация , где и — комплексные числа .	их	они para=2305 NPRO accs plur score=0.139 || их para=1440 ADJF nomn sing femn score=0.083 || они para=2305 NPRO gent plur score=0.083 || их para=1440 ADJF accs sing neut score=0.056 || их para=1440 ADJF nomn plur score=0.056	yes	yes		они,им,ним
pool/schrodinger.txt	Для всех квантовых систем , занимающих ограниченные области пространства , решения уравнения Шрёдингера существуют только для счётного множества значений энергии и представляют собой счётное множество волновых функций , члены которого нумеруются набором квантовых чисел .	ограниченные	ограниченный para=345 ADJF nomn plur score=0.250 || ограниченный para=345 ADJF accs plur inan score=0.250 || ограничить para=761 PRTF nomn plur score=0.250 || ограничить para=761 PRTF accs plur inan score=0.250	yes	yes		ограниченно,ограниченный,ограничить,ограничен,ограниченная,ограниченного,ограниченное,ограниченной,ограниченном,ограниченному,ограниченною,ограниченную
pool/schrodinger.txt	Нормальный энергетический уровень не может быть вырожденным .	вырожденным	вырожденный para=10 ADJF ablt sing masc score=0.167 || вырожденный para=10 ADJF ablt sing neut score=0.167 || вырожденный para=10 ADJF datv plur score=0.167 || выродить para=1124 PRTF ablt sing masc score=0.167 || выродить para=1124 PRTF ablt sing neut score=0.167 || выродить para=1124 PRTF datv plur score=0.167	yes	yes		выродить,вырожденный,вырожденная,вырожденного,вырожденное,вырожденной,вырожденном,вырожденному,вырожденною,вырожденную,вырожденные,вырожденными
pool/schrodinger.txt	Осцилляционная теорема : для одномерного движения волновая функция дискретного спектра , соответствующая - му по величине собственному значению , обращается в нуль ( при конечных значениях координаты x ) раз .	соответствующая	соответствовать para=177 PRTF nomn sing femn score=0.500 || соответствующий para=213 ADJF nomn sing femn score=0.500	yes	yes		соответствовать,соответствующий,соответствующего,соответствующее,соответствующей,соответствующем,соответствующему,соответствующею,соответствующие,соответствующим,соответствующими,соответствующих
pool/schrodinger.txt	Оно является математическим выражением принципа статистического детерминизма в квантовой механике : данное состояние системы определяет её последующее состояние не однозначно , а лишь с определённой вероятностью , задаваемой при помощи волновой функции .	её	она para=2304 NPRO accs sing femn score=0.103 || ее para=1440 ADJF accs plur score=0.069	yes	yes		ея,она,нею
pool/schrodinger.txt	Оно является математическим выражением принципа статистического детерминизма в квантовой механике : данное состояние системы определяет её последующее состояние не однозначно , а лишь с определённой вероятностью , задаваемой при помощи волновой функции .	определённой	определенный para=12 ADJF gent sing femn score=0.125 || определенный para=12 ADJF datv sing femn score=0.125 || определенный para=12 ADJF ablt sing femn score=0.125 || определенный para=12 ADJF loct sing femn score=0.125 || определить para=754 PRTF gent sing femn score=0.125 || определить para=754 PRTF datv sing femn score=0.125 || определить para=754 PRTF ablt sing femn score=0.125 || определить para=754 PRTF loct sing femn score=0.125	yes	yes		определенно,определенный,определить,определим,определённая,определённо,определённого,определённое,определённом,определённому,определённою,определённую
pool/schrodinger.txt	Уравнение Шрёдингера симметрично по отношению к обоим направлениям времени .	симметрично	симметрично para=3 ADVB score=0.500 || симметричный para=12 ADJF sing neut score=0.500	yes	yes		симметричный
pool/schrodinger.txt	Эта симметрия выражается в его неизменности при изменении знака и одновременной замене волновой функции на комплексно сопряжённую .	комплексно	комплексно para=3 ADVB score=0.500 || комплексный para=35 ADJF sing neut score=0.500	yes	yes		комплексный
pool/schrodinger.txt	Если и — два решения уравнения Шрёдингера , то их скалярное произведение не меняется с течением времени : .	их	они para=2305 NPRO accs plur score=0.139 || их para=1440 ADJF nomn sing femn score=0.083 || они para=2305 NPRO gent plur score=0.083 || их para=1440 ADJF accs sing neut score=0.056 || их para=1440 ADJF nomn plur score=0.056	yes	yes		они,им,ним
pool/schrodinger.txt	Уравнение Шрёдингера не может описывать процесс измерения в квантовой механике , поскольку оно линейно , детерминистично и обратимо во времени , а процесс измерения нелинеен , стохастичен и необратим во времени .	линейно	линейно para=3 ADVB score=0.500 || линейный para=97 ADJF sing neut score=0.500	yes	yes		линейный
pool/schrodinger.txt	Отказавшись от описания движения частицы с помощью траекторий , получаемых из законов динамики , и определив вместо этого волновую функцию , необходимо ввести в рассмотрение уравнение , эквивалентное законам Ньютона и дающее рецепт для нахождения в частных физических задачах .	динамики	динамика para=44 NOUN gent sing femn inan score=0.700 || динамик para=19 NOUN nomn plur masc inan score=0.150 || динамик para=19 NOUN accs plur masc inan score=0.050 || динамика para=44 NOUN nomn plur femn inan score=0.050 || динамика para=44 NOUN accs plur femn inan score=0.050	yes	yes	noun_complement	динамик,динамика,динамикам,динамиками,динамиках,динамике,динамику
pool/schrodinger.txt	Отказавшись от описания движения частицы с помощью траекторий , получаемых из законов динамики , и определив вместо этого волновую функцию , необходимо ввести в рассмотрение уравнение , эквивалентное законам Ньютона и дающее рецепт для нахождения в частных физических задачах .	необходимо	необходимо para=254  score=0.500 || необходимый para=249 ADJF sing neut score=0.500	yes	yes		необходимый
pool/schrodinger.txt	Пусть волновая функция задана в n - мерном конфигурационном пространстве , тогда в каждой точке с координатами в определённый момент времени она будет иметь вид .	определённый	определенный para=12 ADJF nomn sing masc score=0.250 || определенный para=12 ADJF accs sing masc inan score=0.250 || определить para=754 PRTF nomn sing masc score=0.250 || определить para=754 PRTF accs sing masc inan score=0.250	yes	yes		определенно,определить,определим,определённая,определённо,определённого,определённое,определённой,определённом,определённому,определённою,определённую
pool/schrodinger.txt	В таком случае уравнение Шрёдингера запишется в виде : где , — постоянная Планка ; — масса частицы , — внешняя по отношению к частице потенциальная энергия в точке в момент времени , — оператор Лапласа ( или лапласиан ), эквивалентен квадрату оператора набла и в n - мерной системе координат имеет ви	декартовой	декартов para=100 ADJF gent sing femn score=0.125 || декартов para=100 ADJF datv sing femn score=0.125 || декартов para=100 ADJF ablt sing femn score=0.125 || декартов para=100 ADJF loct sing femn score=0.125 || декартовый para=193 ADJF gent sing femn score=0.125 || декартовый para=193 ADJF datv sing femn score=0.125 || декартовый para=193 ADJF ablt sing femn score=0.125 || декартовый para=193 ADJF loct sing femn score=0.125	yes	no		декартов,декартовый,декартова,декартово,декартовом,декартовою,декартовы,декартовым,декартовыми,декартовых
pool/schrodinger.txt	Стационарное уравнение Шрёдингера Форма уравнения Шрёдингера показывает , что относительно времени его решение должно быть простым , поскольку время входит в это уравнение лишь через первую производную в правой части .	должно	должный para=35 ADJF sing neut score=0.500 || должно para=254  score=0.500	yes	yes		должный,должного,должном,должному,должные,должным,должными,должных
pool/schrodinger.txt	Действительно , частное решение для случая , когда не является функцией времени , можно записать в виде : где функция должна удовлетворять уравнению : которое получается из уравнения Шрёдингера ( 1 ) при подстановке в него указанной выше формулы для ( 2 ). Заметим , что это уравнение вообще не содер	Действительно	действительно para=3 ADVB score=0.333 || действительно para=130  score=0.333 || действительный para=220 ADJF sing neut score=0.333	yes	yes		действительный
pool/schrodinger.txt	Действительно , частное решение для случая , когда не является функцией времени , можно записать в виде : где функция должна удовлетворять уравнению : которое получается из уравнения Шрёдингера ( 1 ) при подстановке в него указанной выше формулы для ( 2 ). Заметим , что это уравнение вообще не содер	него	он para=2303 NPRO gent sing masc score=0.333 || оно para=2306 NPRO gent sing neut score=0.333 || он para=2303 NPRO accs sing masc score=0.167 || оно para=2306 NPRO accs sing neut score=0.167	yes	no		его,он,оно,ему,нему
pool/schrodinger.txt	Действительно , частное решение для случая , когда не является функцией времени , можно записать в виде : где функция должна удовлетворять уравнению : которое получается из уравнения Шрёдингера ( 1 ) при подстановке в него указанной выше формулы для ( 2 ). Заметим , что это уравнение вообще не содер	выше	выше para=3 ADVB score=0.286 || высоко para=1134  score=0.286 || выше para=24 PREP score=0.143 || выша para=302 NOUN datv sing femn inan proper score=0.143 || выша para=302 NOUN loct sing femn inan proper score=0.143	yes	yes	lowercase_common	высоко
pool/schrodinger.txt	Действительно , частное решение для случая , когда не является функцией времени , можно записать в виде : где функция должна удовлетворять уравнению : которое получается из уравнения Шрёдингера ( 1 ) при подстановке в него указанной выше формулы для ( 2 ). Заметим , что это уравнение вообще не содер	её	она para=2304 NPRO accs sing femn score=0.103 || ее para=1440 ADJF accs plur score=0.069	yes	yes		ея,она,нею
pool/schrodinger.txt	Действительно , частное решение для случая , когда не является функцией времени , можно записать в виде : где функция должна удовлетворять уравнению : которое получается из уравнения Шрёдингера ( 1 ) при подстановке в него указанной выше формулы для ( 2 ). Заметим , что это уравнение вообще не содер	другом	друг para=1423 NOUN ablt sing masc anim score=0.457 || другой para=1424 ADJF loct sing masc score=0.333 || другой para=1424 ADJF loct sing neut score=0.210	yes	yes		друг,другой
pool/schrodinger.txt	В прямоугольных декартовых координатах — это просто массы частиц , а — обратные массы .	декартовых	декартов para=100 ADJF gent plur score=0.167 || декартов para=100 ADJF accs plur anim score=0.167 || декартов para=100 ADJF loct plur score=0.167 || декартовый para=193 ADJF gent plur score=0.167 || декартовый para=193 ADJF accs plur anim score=0.167 || декартовый para=193 ADJF loct plur score=0.167	yes	no		декартов,декартовый,декартова,декартово,декартовой,декартовом,декартовою,декартовы,декартовым,декартовыми
pool/schrodinger.txt	Этот метод применим лишь в немногих простейших случаях ( одноэлектронные атомы , линейный осциллятор , потенциальная яма с бесконечно высокими стенками и т .	бесконечно	бесконечно para=3 ADVB score=0.500 || бесконечный para=12 ADJF sing neut score=0.500	yes	yes		бесконечный
pool/schrodinger.txt	Этот метод применим лишь в немногих простейших случаях ( одноэлектронные атомы , линейный осциллятор , потенциальная яма с бесконечно высокими стенками и т .	т	так para=2997 ADVB score=0.505 || так para=2996  score=0.412 || то para=3013  score=0.412	yes	yes		так,то
pool/schrodinger.txt	Оператор Гамильтона рассматривается как сумма двух слагаемых .	слагаемых	слагаемое para=1019 NOUN gent plur neut inan score=0.200 || слагаемое para=1019 NOUN loct plur neut inan score=0.200 || слагать para=215 PRTF gent plur score=0.200 || слагать para=215 PRTF accs plur anim score=0.200 || слагать para=215 PRTF loct plur score=0.200	yes	yes		слагаемое,слагать,слагаемого,слагаемом,слагаемому,слагаемые,слагаемым,слагаемыми
pool/schrodinger.txt	Другое слагаемое рассматривается как малая возмущающая добавка к нему .	нему	он para=2303 NPRO datv sing masc score=0.500 || оно para=2306 NPRO datv sing neut score=0.500	yes	no		его,он,оно,ему,него
pool/schrodinger.txt	При стационарном возмущении решение заключается в разложении собственных значений и собственных функций в ряд по степеням малой постоянной возмущения и нахождении приближённого решения системы получаемых уравнений .	приближённого	приблизить para=860 PRTF gent sing masc score=0.167 || приблизить para=860 PRTF accs sing masc anim score=0.167 || приблизить para=860 PRTF gent sing neut score=0.167 || приближенный para=3199 ADJF gent sing masc score=0.167 || приближенный para=3199 ADJF accs sing masc anim score=0.167 || приближенный para=3199 ADJF gent sing neut score=0.167	yes	yes		приближенный,приблизить
pool/stat_mech.txt	Статистическая механика или статистическая термодинамика — механика больших ансамблей относительно простых систем , таких как атомы в кристалле , молекулы в газе , фотоны в лазерном пучке , звёзды в галактике , автомобили на шоссе .	больших	больший para=531 ADJF gent plur score=0.167 || больший para=531 ADJF accs plur anim score=0.167 || больший para=531 ADJF loct plur score=0.167 || большой para=532 ADJF gent plur score=0.167 || большой para=532 ADJF accs plur anim score=0.167 || большой para=532 ADJF loct plur score=0.167	yes	no		больше,больший,большой,велик,большая,большие,большим,большими,большую,велика,велики
pool/stat_mech.txt	Статистическая механика использует статистические методы для определения свойств и поведения макроскопических физических систем , находящихся в термодинамическом равновесии , на основе их микроскопической структуры и законов движения , которые считаются заданными .	их	они para=2305 NPRO accs plur score=0.139 || их para=1440 ADJF nomn sing femn score=0.083 || они para=2305 NPRO gent plur score=0.083 || их para=1440 ADJF accs sing neut score=0.056 || их para=1440 ADJF nomn plur score=0.056	yes	yes		они,им,ним
pool/stat_mech.txt	Статистическая механика использует статистические методы для определения свойств и поведения макроскопических физических систем , находящихся в термодинамическом равновесии , на основе их микроскопической структуры и законов движения , которые считаются заданными .	заданными	задать para=884 PRTF ablt plur score=0.500 || заданный para=345 ADJF ablt plur score=0.500	yes	yes		заданный,задать,задам,задан,заданная,заданного,заданное,заданной,заданном,заданному,заданною,заданную
pool/stat_mech.txt	Статистические методы были введены в этом контексте Максвеллом в серии из трех статей ( 1860 — 1879 ) и Больцманом в серии из четырёх статей ( 1870 — 1884 ), которые заложили основы кинетической теории газов .	статей	стать para=13 NOUN gent plur femn inan score=0.500 || статья para=332 NOUN gent plur femn inan score=0.500	yes	yes		статья,статью
pool/stat_mech.txt	Статистические методы были введены в этом контексте Максвеллом в серии из трех статей ( 1860 — 1879 ) и Больцманом в серии из четырёх статей ( 1870 — 1884 ), которые заложили основы кинетической теории газов .	статей	стать para=13 NOUN gent plur femn inan score=0.500 || статья para=332 NOUN gent plur femn inan score=0.500	yes	yes		статья,статью
pool/stat_mech.txt	Классическая статистическая механика была основана Гиббсом ( 1902 ); а позднее описание микроскопических состояний на основе классической механики было исправлено и дополнено в соответствии с квантовой механикой .	Гиббсом	гиббсом para=52 NOUN nomn sing masc anim score=0.375 || гиббсома para=55 NOUN gent plur femn inan score=0.375	yes	yes		
pool/stat_mech.txt	Термодинамика , кинетическая теория и статистическая механика — это дисциплины , связанные объектом исследования , но отличающиеся используемыми методами ; часто они представлены вместе под общим названием статистической физики .	связанные	связанный para=345 ADJF nomn plur score=0.250 || связанный para=345 ADJF accs plur inan score=0.250 || связать para=672 PRTF nomn plur score=0.250 || связать para=672 PRTF accs plur inan score=0.250	yes	yes		связанный,связать,связан,связанная,связанного,связанное,связанной,связанном,связанному,связанною,связанную,связанным
pool/stat_mech.txt	Основными уравнениями статистической механики являются уравнения Лиувилля и цепочка уравнений Боголюбова .	Основными	основный para=12 ADJF ablt plur score=0.500 || основной para=138 ADJF ablt plur score=0.500	yes	no		основное,основной,основный,основная,основнее,основней,основного,основному,основною,основную,основные,основным
pool/stat_mech.txt	Основными уравнениями статистической механики являются уравнения Лиувилля и цепочка уравнений Боголюбова .	Лиувилля	лиувилля para=25 NOUN nomn sing masc anim proper score=0.123 || лиувилля para=25 NOUN gent sing masc anim proper score=0.123 || лиувилля para=25 NOUN datv sing masc anim proper score=0.123 || лиувилля para=25 NOUN accs sing masc anim proper score=0.123 || лиувилля para=25 NOUN ablt sing masc anim proper score=0.123 || лиувилля para=25 NOUN loct sing masc anim proper score=0.123 || лиувилль para=58 NOUN gent sing masc anim proper score=0.123 || лиувилль para=58 NOUN accs sing masc anim proper score=0.123	yes	yes	mid_sentence_capital noun_complement	
pool/stat_mech.txt	Основными уравнениями статистической механики являются уравнения Лиувилля и цепочка уравнений Боголюбова .	Боголюбова	боголюбов para=37 NOUN gent sing masc anim proper score=0.250 || боголюбов para=37 NOUN accs sing masc anim proper score=0.250 || боголюбов para=37 NOUN nomn sing femn anim proper score=0.250 || боголюбово para=56 NOUN gent sing neut inan proper score=0.250	yes	yes	mid_sentence_capital noun_complement	боголюбов,боголюбово,боголюбове,боголюбову
pool/stat_mech.txt	Принципы классической статистической механики Микроскопические состояния В статистической механике объектом исследования является ( макроскопическая ) система , состоящая из ( большого ) числа ( микроскопических ) подсистем , которые взаимодействуют ( друг с другом и с внешним миром ) в соответствии	другом	друг para=1423 NOUN ablt sing masc anim score=0.457 || другой para=1424 ADJF loct sing masc score=0.333 || другой para=1424 ADJF loct sing neut score=0.210	yes	yes		друг,другой
pool/stat_mech.txt	Состояние системы с степенями микроскопической свободы в любое время характеризуются значениями , принятыми обобщенными координатами и обобщенными сопряженными импульсами Динамика системы описывается каноническими уравнениями Гамильтона где точка над символом обобщённых переменных обозначает произво	принятыми	принять para=938 PRTF ablt plur score=0.500 || принятый para=193 ADJF ablt plur score=0.500	yes	yes		принятый,принять,примет,приму,принят,принята,принятая,принято,принятого,принятое,принятой,принятом
pool/stat_mech.txt	Состояние системы с степенями микроскопической свободы в любое время характеризуются значениями , принятыми обобщенными координатами и обобщенными сопряженными импульсами Динамика системы описывается каноническими уравнениями Гамильтона где точка над символом обобщённых переменных обозначает произво	обобщенными	обобщенный para=345 ADJF ablt plur score=0.500 || обобщить para=775 PRTF ablt plur score=0.500	yes	yes		обобщенно,обобщенный,обобщить,обобщён,обобщённая,обобщённо,обобщённого,обобщённое,обобщённой,обобщённом,обобщённому,обобщённою
pool/stat_mech.txt	Состояние системы с степенями микроскопической свободы в любое время характеризуются значениями , принятыми обобщенными координатами и обобщенными сопряженными импульсами Динамика системы описывается каноническими уравнениями Гамильтона где точка над символом обобщённых переменных обозначает произво	обобщенными	обобщенный para=345 ADJF ablt plur score=0.500 || обобщить para=775 PRTF ablt plur score=0.500	yes	yes		обобщенно,обобщенный,обобщить,обобщён,обобщённая,обобщённо,обобщённого,обобщённое,обобщённой,обобщённом,обобщённому,обобщённою
pool/stat_mech.txt	Состояние системы с степенями микроскопической свободы в любое время характеризуются значениями , принятыми обобщенными координатами и обобщенными сопряженными импульсами Динамика системы описывается каноническими уравнениями Гамильтона где точка над символом обобщённых переменных обозначает произво	обобщённых	обобщенный para=345 ADJF gent plur score=0.286 || обобщенный para=345 ADJF accs plur anim score=0.143 || обобщенный para=345 ADJF loct plur score=0.143 || обобщить para=775 PRTF gent plur score=0.143 || обобщить para=775 PRTF accs plur anim score=0.143 || обобщить para=775 PRTF loct plur score=0.143	yes	yes		обобщенно,обобщенный,обобщить,обобщён,обобщённая,обобщённо,обобщённого,обобщённое,обобщённой,обобщённом,обобщённому,обобщённою
pool/stat_mech.txt	Состояние системы с степенями микроскопической свободы в любое время характеризуются значениями , принятыми обобщенными координатами и обобщенными сопряженными импульсами Динамика системы описывается каноническими уравнениями Гамильтона где точка над символом обобщённых переменных обозначает произво	производную	производный para=35 ADJF accs sing femn score=0.500 || производная para=117 NOUN accs sing femn inan score=0.500	yes	yes		производная,производный,производной,производною,производные,производным,производными,производных
pool/stat_mech.txt	В случае консервативных сил она не зависит явно от времени , и из уравнений движения следует , что неявная зависимость от времени появляется только через канонические переменные , поэтому полная энергия действительно остается постоянной : В терминологии Гиббса микроскопическое состояние системы назы	действительно	действительно para=3 ADVB score=0.333 || действительно para=130  score=0.333 || действительный para=220 ADJF sing neut score=0.333	yes	yes		действительный
pool/stat_mech.txt	Поскольку состояние системы в любой момент полностью определяется , если её состояние известно в предыдущий момент , то оказывается , что траектория в фазовом пространстве полностью определяется одной из её точек , и через каждую точку в фазовом пространстве проходит одна траектория .	её	она para=2304 NPRO accs sing femn score=0.103 || ее para=1440 ADJF accs plur score=0.069	yes	yes		ея,она,нею
pool/stat_mech.txt	Поскольку состояние системы в любой момент полностью определяется , если её состояние известно в предыдущий момент , то оказывается , что траектория в фазовом пространстве полностью определяется одной из её точек , и через каждую точку в фазовом пространстве проходит одна траектория .	её	она para=2304 NPRO accs sing femn score=0.103 || ее para=1440 ADJF accs plur score=0.069	yes	yes		ея,она,нею
pool/stat_mech.txt	Закон сохранения энергии также имеет простое геометрическое представление : траектория репрезентативной точки целиком лежит на поверхности постоянной энергии , которая является - размерным многообразием в - размерном фазовом пространстве , заданным уравнением ( 2 ). Для системы , находящейся в термо	заданным	задать para=884 PRTF ablt sing masc score=0.167 || задать para=884 PRTF ablt sing neut score=0.167 || задать para=884 PRTF datv plur score=0.167 || заданный para=345 ADJF ablt sing masc score=0.167 || заданный para=345 ADJF ablt sing neut score=0.167 || заданный para=345 ADJF datv plur score=0.167	yes	yes		заданный,задать,задам,задан,заданная,заданного,заданное,заданной,заданном,заданному,заданною,заданную
pool/stat_mech.txt	Каждая из них является замкнутой поверхностью , потому что уравнение ( 2 ) представляет границу области , где все находятся состояния с энергией , меньшей или равной Объём этой области где для элемента объёма в фазовом пространстве использовалась сокращённая нотация — это монотонно возрастающая функ	замкнутой	замкнутый para=4 ADJF gent sing femn score=0.125 || замкнутый para=4 ADJF datv sing femn score=0.125 || замкнутый para=4 ADJF ablt sing femn score=0.125 || замкнутый para=4 ADJF loct sing femn score=0.125 || замкнуть para=758 PRTF gent sing femn score=0.125 || замкнуть para=758 PRTF datv sing femn score=0.125 || замкнуть para=758 PRTF ablt sing femn score=0.125 || замкнуть para=758 PRTF loct sing femn score=0.125	yes	yes		замкнуто,замкнутый,замкнуть,замкнут,замкнута,замкнутая,замкнутого,замкнутое,замкнутом,замкнутому,замкнутою,замкнутую
pool/stat_mech.txt	Каждая из них является замкнутой поверхностью , потому что уравнение ( 2 ) представляет границу области , где все находятся состояния с энергией , меньшей или равной Объём этой области где для элемента объёма в фазовом пространстве использовалась сокращённая нотация — это монотонно возрастающая функ	монотонно	монотонно para=3 ADVB score=0.500 || монотонный para=12 ADJF sing neut score=0.500	yes	yes		монотонный
pool/stat_mech.txt	Каждая из них является замкнутой поверхностью , потому что уравнение ( 2 ) представляет границу области , где все находятся состояния с энергией , меньшей или равной Объём этой области где для элемента объёма в фазовом пространстве использовалась сокращённая нотация — это монотонно возрастающая функ	большим	больший para=531 ADJF ablt sing masc score=0.167 || больший para=531 ADJF ablt sing neut score=0.167 || больший para=531 ADJF datv plur score=0.167 || большой para=532 ADJF ablt sing masc score=0.167 || большой para=532 ADJF ablt sing neut score=0.167 || большой para=532 ADJF datv plur score=0.167	yes	no		больше,больший,большой,велик,большая,большие,большими,больших,большую,велика,велики
pool/stat_mech.txt	Важное следствие канонических уравнений , называемое теоремой Лиувилля , можно сформулировать следующим образом : Пусть дана произвольная область в фазовом пространстве ; все точки как представляющие механические состояния системы в начальный момент ; следуют эволюции этих состояний в соответствии с	Лиувилля	лиувилля para=25 NOUN nomn sing masc anim proper score=0.123 || лиувилля para=25 NOUN gent sing masc anim proper score=0.123 || лиувилля para=25 NOUN datv sing masc anim proper score=0.123 || лиувилля para=25 NOUN accs sing masc anim proper score=0.123 || лиувилля para=25 NOUN ablt sing masc anim proper score=0.123 || лиувилля para=25 NOUN loct sing masc anim proper score=0.123 || лиувилль para=58 NOUN gent sing masc anim proper score=0.123 || лиувилль para=58 NOUN accs sing masc anim proper score=0.123	yes	yes	mid_sentence_capital noun_complement	
pool/stat_mech.txt	Важное следствие канонических уравнений , называемое теоремой Лиувилля , можно сформулировать следующим образом : Пусть дана произвольная область в фазовом пространстве ; все точки как представляющие механические состояния системы в начальный момент ; следуют эволюции этих состояний в соответствии с	следующим	следующий para=213 ADJF ablt sing neut score=0.286 || следующий para=213 ADJF ablt sing masc score=0.143 || следующий para=213 ADJF datv plur score=0.143 || следовать para=2894 PRTF ablt sing masc score=0.143 || следовать para=2894 PRTF ablt sing neut score=0.143 || следовать para=2894 PRTF datv plur score=0.143	yes	yes		следовать,следующий,следуем,следующая,следующего,следующее,следующей,следующем,следующему,следующею,следующие,следующими
pool/stat_mech.txt	Из теоремы Лиувилля следует , что плотность вероятности постоянна вдоль траектории в фазовом пространстве ; она называется первым интегралом канонических уравнений .	Лиувилля	лиувилля para=25 NOUN nomn sing masc anim proper score=0.123 || лиувилля para=25 NOUN gent sing masc anim proper score=0.123 || лиувилля para=25 NOUN datv sing masc anim proper score=0.123 || лиувилля para=25 NOUN accs sing masc anim proper score=0.123 || лиувилля para=25 NOUN ablt sing masc anim proper score=0.123 || лиувилля para=25 NOUN loct sing masc anim proper score=0.123 || лиувилль para=58 NOUN gent sing masc anim proper score=0.123 || лиувилль para=58 NOUN accs sing masc anim proper score=0.123	yes	yes	mid_sentence_capital noun_complement	
pool/stat_mech.txt	В микроскопическом масштабе термодинамическое равновесие проявляется в виде стационарного смещения статистического распределения в пространстве фаз , согласно теореме Лиувилля : оно не статическое , а статистическое .	Лиувилля	лиувилля para=25 NOUN nomn sing masc anim proper score=0.123 || лиувилля para=25 NOUN gent sing masc anim proper score=0.123 || лиувилля para=25 NOUN datv sing masc anim proper score=0.123 || лиувилля para=25 NOUN accs sing masc anim proper score=0.123 || лиувилля para=25 NOUN ablt sing masc anim proper score=0.123 || лиувилля para=25 NOUN loct sing masc anim proper score=0.123 || лиувилль para=58 NOUN gent sing masc anim proper score=0.123 || лиувилль para=58 NOUN accs sing masc anim proper score=0.123	yes	yes	mid_sentence_capital noun_complement	
pool/stat_mech.txt	В статистике физическая величина , числовое значение которой не задано по определению для определённых условий , называется случайной величиной .	статистике	статистика para=44 NOUN datv sing femn inan score=0.769 || статистика para=44 NOUN loct sing femn inan score=0.154 || статистик para=2 NOUN loct sing masc anim score=0.077	yes	yes	preposition:в	статистик,статистика,статистикам,статистиками,статистиках,статистики,статистику
pool/stat_mech.txt	В статистике физическая величина , числовое значение которой не задано по определению для определённых условий , называется случайной величиной .	определённых	определенный para=12 ADJF gent plur score=0.167 || определенный para=12 ADJF accs plur anim score=0.167 || определенный para=12 ADJF loct plur score=0.167 || определить para=754 PRTF gent plur score=0.167 || определить para=754 PRTF accs plur anim score=0.167 || определить para=754 PRTF loct plur score=0.167	yes	yes		определенно,определенный,определить,определим,определённая,определённо,определённого,определённое,определённой,определённом,определённому,определённою
pool/stat_mech.txt	Он дополняется априорным выбором определённого распределения , которое является « представительным » в том смысле , что оно соответствует степени неполного знания состояния системы , с механической точки зрения .	определённого	определенный para=12 ADJF gent sing masc score=0.167 || определенный para=12 ADJF accs sing masc anim score=0.167 || определенный para=12 ADJF gent sing neut score=0.167 || определить para=754 PRTF gent sing masc score=0.167 || определить para=754 PRTF accs sing masc anim score=0.167 || определить para=754 PRTF gent sing neut score=0.167	yes	yes		определенно,определенный,определить,определим,определённая,определённо,определённое,определённой,определённом,определённому,определённою,определённую
pool/stat_mech.txt	Микроканонический ансамбль В идеализированном случае системы постоянного объёма , изолированной от внешнего мира , энергия системы постоянна .	идеализированном	идеализированный para=70 ADJF loct sing masc score=0.250 || идеализированный para=70 ADJF loct sing neut score=0.250 || идеализировать para=171 PRTF loct sing masc score=0.250 || идеализировать para=171 PRTF loct sing neut score=0.250	yes	yes		идеализированный,идеализировать,идеализированная,идеализированного,идеализированное,идеализированной,идеализированному,идеализированною,идеализированную,идеализированные,идеализированным,идеализированными
pool/stat_mech.txt	Микроканонический ансамбль В идеализированном случае системы постоянного объёма , изолированной от внешнего мира , энергия системы постоянна .	изолированной	изолировать para=76 PRTF gent sing femn score=0.083 || изолировать para=76 PRTF datv sing femn score=0.083 || изолировать para=76 PRTF ablt sing femn score=0.083 || изолировать para=76 PRTF loct sing femn score=0.083 || изолировать para=76 PRTF gent sing femn score=0.083 || изолировать para=76 PRTF datv sing femn score=0.083 || изолировать para=76 PRTF ablt sing femn score=0.083 || изолировать para=76 PRTF loct sing femn score=0.083 || изолированный para=120 ADJF gent sing femn score=0.083 || изолированный para=120 ADJF datv sing femn score=0.083 || изолированный para=120 ADJF ablt sing femn score=0.083 || изолированный para=120 ADJF loct sing femn score=0.083	yes	yes		изолированно,изолированный,изолировать,изолирован,изолированная,изолированного,изолированное,изолированном,изолированному,изолированною,изолированную,изолированные
pool/stat_mech.txt	Математические трудности , связанные с особым характером этого распределения , названного Гиббсом микроканоническим можно обойти , рассматривая его как предел более реалистичного случая , когда допускаются небольшие флуктуации энергии .	связанные	связанный para=345 ADJF nomn plur score=0.250 || связанный para=345 ADJF accs plur inan score=0.250 || связать para=672 PRTF nomn plur score=0.250 || связать para=672 PRTF accs plur inan score=0.250	yes	yes		связанный,связать,связан,связанная,связанного,связанное,связанной,связанном,связанному,связанною,связанную,связанным
pool/stat_mech.txt	Математические трудности , связанные с особым характером этого распределения , названного Гиббсом микроканоническим можно обойти , рассматривая его как предел более реалистичного случая , когда допускаются небольшие флуктуации энергии .	Гиббсом	гиббсом para=52 NOUN nomn sing masc anim score=0.375 || гиббсома para=55 NOUN gent plur femn inan score=0.375	yes	yes		
pool/stat_mech.txt	Это распределение называется распределением Гиббса Чтобы выполнить условие нормировки ( 5 ), параметр должен быть положительным и величина называется статистической суммой , имеет значение Большой канонический ансамбль Если система состоит из нескольких компонентов , между которыми происходит как пе	её	она para=2304 NPRO accs sing femn score=0.103 || ее para=1440 ADJF accs plur score=0.069	yes	yes		ея,она,нею
pool/stat_mech.txt	Это распределение называется распределением Гиббса Чтобы выполнить условие нормировки ( 5 ), параметр должен быть положительным и величина называется статистической суммой , имеет значение Большой канонический ансамбль Если система состоит из нескольких компонентов , между которыми происходит как пе	большим	больший para=531 ADJF ablt sing masc score=0.167 || больший para=531 ADJF ablt sing neut score=0.167 || больший para=531 ADJF datv plur score=0.167 || большой para=532 ADJF ablt sing masc score=0.167 || большой para=532 ADJF ablt sing neut score=0.167 || большой para=532 ADJF datv plur score=0.167	yes	no		больше,больший,большой,велик,большая,большие,большими,больших,большую,велика,велики
pool/stat_mech.txt	Гамильтониан и объём в фазовом пространстве , определённые на поверхности постоянной энергии , зависят от этих переменных : Первое начало термодинамики определяет функцию состояния называемую внутренней энергией ; статистическая механика интерпретирует термодинамическое равновесие как имеющее статис	определённые	определенный para=12 ADJF nomn plur score=0.250 || определенный para=12 ADJF accs plur inan score=0.250 || определить para=754 PRTF nomn plur score=0.250 || определить para=754 PRTF accs plur inan score=0.250	yes	yes		определенно,определенный,определить,определим,определённая,определённо,определённого,определённое,определённой,определённом,определённому,определённою
pool/stat_mech.txt	Гамильтониан и объём в фазовом пространстве , определённые на поверхности постоянной энергии , зависят от этих переменных : Первое начало термодинамики определяет функцию состояния называемую внутренней энергией ; статистическая механика интерпретирует термодинамическое равновесие как имеющее статис	связанные	связанный para=345 ADJF nomn plur score=0.250 || связанный para=345 ADJF accs plur inan score=0.250 || связать para=672 PRTF nomn plur score=0.250 || связать para=672 PRTF accs plur inan score=0.250	yes	yes		связанный,связать,связан,связанная,связанного,связанное,связанной,связанном,связанному,связанною,связанную,связанным
pool/stat_mech.txt	Этот множитель задаёт абсолютную температурную шкалу , уникальную среди многих возможных эмпирических температурных шкал , определённых тепловым контактом .	определённых	определенный para=12 ADJF gent plur score=0.167 || определенный para=12 ADJF accs plur anim score=0.167 || определенный para=12 ADJF loct plur score=0.167 || определить para=754 PRTF gent plur score=0.167 || определить para=754 PRTF accs plur anim score=0.167 || определить para=754 PRTF loct plur score=0.167	yes	yes		определенно,определенный,определить,определим,определённая,определённо,определённого,определённое,определённой,определённом,определённому,определённою
pool/stat_mech.txt	Таким образом , в статистической механике термодинамические величины механической природы рассматриваются как случайные величины ; их значения , измеренные макроскопически , ассоциируются со средними значениями соответствующих микроскопических величин , допускающих наличие флуктуаций .	их	они para=2305 NPRO accs plur score=0.139 || их para=1440 ADJF nomn sing femn score=0.083 || они para=2305 NPRO gent plur score=0.083 || их para=1440 ADJF accs sing neut score=0.056 || их para=1440 ADJF nomn plur score=0.056	yes	yes		они,им,ним
pool/stat_mech.txt	Термодинамические величины температуры и энтропии должны быть определены в пределах каждого репрезентативного распределения параметрами статистического ансамбля , связанного с системой .	связанного	связанный para=345 ADJF gent sing masc score=0.167 || связанный para=345 ADJF accs sing masc anim score=0.167 || связанный para=345 ADJF gent sing neut score=0.167 || связать para=672 PRTF gent sing masc score=0.167 || связать para=672 PRTF accs sing masc anim score=0.167 || связать para=672 PRTF gent sing neut score=0.167	yes	yes		связанный,связать,связан,связанная,связанное,связанной,связанном,связанному,связанною,связанную,связанные,связанным
pool/stat_mech.txt	Изолированная система : энтропия Анализ способа установления термодинамического баланса между двумя системами с микроканоническими ансамблями с энергиями и , когда они приведены в тепловой контакт , показывает , что произведение имеет очень острый максимум для определённого значения аргумента ( один	Изолированная	изолировать para=76 PRTF nomn sing femn score=0.333 || изолировать para=76 PRTF nomn sing femn score=0.333 || изолированный para=120 ADJF nomn sing femn score=0.333	yes	yes		изолированно,изолированный,изолировать,изолирован,изолированного,изолированное,изолированной,изолированном,изолированному,изолированною,изолированную,изолированные
pool/stat_mech.txt	Изолированная система : энтропия Анализ способа установления термодинамического баланса между двумя системами с микроканоническими ансамблями с энергиями и , когда они приведены в тепловой контакт , показывает , что произведение имеет очень острый максимум для определённого значения аргумента ( один	определённого	определенный para=12 ADJF gent sing masc score=0.167 || определенный para=12 ADJF accs sing masc anim score=0.167 || определенный para=12 ADJF gent sing neut score=0.167 || определить para=754 PRTF gent sing masc score=0.167 || определить para=754 PRTF accs sing masc anim score=0.167 || определить para=754 PRTF gent sing neut score=0.167	yes	yes		определенно,определенный,определить,определим,определённая,определённо,определённое,определённой,определённом,определённому,определённою,определённую
pool/stat_mech.txt	Изолированная система : энтропия Анализ способа установления термодинамического баланса между двумя системами с микроканоническими ансамблями с энергиями и , когда они приведены в тепловой контакт , показывает , что произведение имеет очень острый максимум для определённого значения аргумента ( один	соответствующее	соответствовать para=177 PRTF nomn sing neut score=0.250 || соответствовать para=177 PRTF accs sing neut score=0.250 || соответствующий para=213 ADJF nomn sing neut score=0.250 || соответствующий para=213 ADJF accs sing neut score=0.250	yes	yes		соответствовать,соответствующий,соответствующая,соответствующего,соответствующей,соответствующем,соответствующему,соответствующею,соответствующие,соответствующим,соответствующими,соответствующих
pool/stat_mech.txt	Эта фундаментальная формула статистической механики , установленная Больцманом , выражает связь между энтропией и характеристиками статистического ансамбля , представленного микроканоническим распределением .	установленная	установленный para=10 ADJF nomn sing femn score=0.500 || установить para=680 PRTF nomn sing femn score=0.500	yes	yes		установить,установленный,установленного,установленное,установленной,установленном,установленному,установленною,установленную,установленные,установленным,установленными
pool/stat_mech.txt	Теорема о равнораспределении энергии по степеням свободы В канонических ансамблях выполняется следующее соотношение для любой из канонических переменных импульса или координаты	следующее	следующий para=213 ADJF nomn sing neut score=0.250 || следующий para=213 ADJF accs sing neut score=0.250 || следовать para=2894 PRTF nomn sing neut score=0.250 || следовать para=2894 PRTF accs sing neut score=0.250	yes	yes		следовать,следующий,следуем,следующая,следующего,следующей,следующем,следующему,следующею,следующие,следующим,следующими
pool/thermodynamics.txt	Процессы , происходящие в термодинамических системах , описываются макроскопическими величинами ( температура , давление , концентрации компонентов ), которые вводятся для описания систем , состоящих из большого числа частиц , и не применимы к отдельным молекулам и атомам , в отличие , например , от	механике	механика para=44 NOUN loct sing femn inan score=0.750 || механика para=44 NOUN datv sing femn inan score=0.167 || механик para=2 NOUN loct sing masc anim score=0.083	yes	yes	preposition:в	механика,механикам,механиками,механиках,механики,механику
pool/thermodynamics.txt	Поэтому термодинамика успешно применяется в широком круге вопросов науки и техники , таких как энергетика , теплотехника , фазовые переходы , химические реакции , явления переноса и даже чёрные дыры .	теплотехника	теплотехник para=2 NOUN gent sing masc anim score=0.333 || теплотехник para=2 NOUN accs sing masc anim score=0.333 || теплотехника para=44 NOUN nomn sing femn inan score=0.333	yes	yes		теплотехник,теплотехникам,теплотехниками,теплотехниках,теплотехнике,теплотехники,теплотехнику
pool/thermodynamics.txt	Термодинамика возникла как эмпирическая наука об основных способах преобразования внутренней энергии тел для совершения механической работы .	основных	основный para=12 ADJF gent plur score=0.167 || основный para=12 ADJF accs plur anim score=0.167 || основный para=12 ADJF loct plur score=0.167 || основной para=138 ADJF gent plur score=0.167 || основной para=138 ADJF accs plur anim score=0.167 || основной para=138 ADJF loct plur score=0.167	yes	no		основное,основной,основный,основная,основнее,основней,основного,основному,основною,основную,основные,основным
pool/thermodynamics.txt	Учёные и инженеры стали искать способы увеличить их эффективность .	их	они para=2305 NPRO accs plur score=0.139 || их para=1440 ADJF nomn sing femn score=0.083 || они para=2305 NPRO gent plur score=0.083 || их para=1440 ADJF accs sing neut score=0.056 || их para=1440 ADJF nomn plur score=0.056	yes	yes		они,им,ним
pool/thermodynamics.txt	В 1824 году Сади Карно в сочинении « О движущей силе огня и о машинах , способных развивать эту силу » установил максимальный коэффициент полезного действия тепловых машин .	движущей	движущий para=213 ADJF gent sing femn score=0.125 || движущий para=213 ADJF datv sing femn score=0.125 || движущий para=213 ADJF ablt sing femn score=0.125 || движущий para=213 ADJF loct sing femn score=0.125 || двигать para=1312 PRTF gent sing femn score=0.125 || двигать para=1312 PRTF datv sing femn score=0.125 || двигать para=1312 PRTF ablt sing femn score=0.125 || двигать para=1312 PRTF loct sing femn score=0.125	yes	yes		двигать,движущий,движущая,движущего,движущее,движущем,движущему,движущею,движущие,движущим,движущими,движущих
pool/thermodynamics.txt	В 40 - х годах XIX века Майер и Джоуль количественно определили связь между механической работой и теплотой и сформулировали универсальный закон сохранения и превращения энергии .	количественно	количественно para=3 ADVB score=0.500 || количественный para=274 ADJF sing neut score=0.500	yes	yes		количественный
pool/thermodynamics.txt	Все они носят название термодинамических параметров ( величин ). Классическая термодинамика изучает связи термодинамических параметров между собой и с физическими величинами , вводимыми в рассмотрение в других разделах физики , например , с гравитационным или электромагнитным полем , действующим на 	действующим	действовать para=177 PRTF ablt sing masc score=0.167 || действовать para=177 PRTF ablt sing neut score=0.167 || действовать para=177 PRTF datv plur score=0.167 || действующий para=213 ADJF ablt sing masc score=0.167 || действующий para=213 ADJF ablt sing neut score=0.167 || действующий para=213 ADJF datv plur score=0.167	yes	yes		действовать,действующий,действующая,действующего,действующее,действующей,действующем,действующему,действующею,действующие,действующими,действующих
pool/thermodynamics.txt	Однако в неравновесной термодинамике переменные рассматриваются как локальные не только в пространстве , но и во времени , то есть в её формулы время может входить в явном виде .	её	она para=2304 NPRO accs sing femn score=0.103 || ее para=1440 ADJF accs plur score=0.069	yes	yes		ея,она,нею
pool/thermodynamics.txt	Классическая термодинамика включает в себя следующие разделы : начала термодинамики ( иногда также называемые законами или аксиомами ) уравнения состояния и свойства простых термодинамических систем ( идеальный газ , реальный газ , диэлектрики и магнетики и т .	т	так para=2997 ADVB score=0.505 || так para=2996  score=0.412 || то para=3013  score=0.412	yes	yes		так,то
pool/thermodynamics.txt	Особенности термодинамического описания возникают вследствие того , что поведение больших ансамблей частиц подчиняется статистическим закономерностям и не может быть сведено к анализу детерминированной эволюции динамических систем .	больших	больший para=531 ADJF gent plur score=0.167 || больший para=531 ADJF accs plur anim score=0.167 || больший para=531 ADJF loct plur score=0.167 || большой para=532 ADJF gent plur score=0.167 || большой para=532 ADJF accs plur anim score=0.167 || большой para=532 ADJF loct plur score=0.167	yes	no		больше,больший,большой,велик,большая,большие,большим,большими,большую,велика,велики
pool/thermodynamics.txt	Особенности термодинамического описания возникают вследствие того , что поведение больших ансамблей частиц подчиняется статистическим закономерностям и не может быть сведено к анализу детерминированной эволюции динамических систем .	детерминированной	детерминированный para=10 ADJF gent sing femn score=0.083 || детерминированный para=10 ADJF datv sing femn score=0.083 || детерминированный para=10 ADJF ablt sing femn score=0.083 || детерминированный para=10 ADJF loct sing femn score=0.083 || детерминировать para=76 PRTF gent sing femn score=0.083 || детерминировать para=76 PRTF datv sing femn score=0.083 || детерминировать para=76 PRTF ablt sing femn score=0.083 || детерминировать para=76 PRTF loct sing femn score=0.083 || детерминировать para=76 PRTF gent sing femn score=0.083 || детерминировать para=76 PRTF datv sing femn score=0.083 || детерминировать para=76 PRTF ablt sing femn score=0.083 || детерминировать para=76 PRTF loct sing femn score=0.083	yes	yes		детерминированный,детерминировать,детерминированная,детерминированного,детерминированное,детерминированном,детерминированному,детерминированною,детерминированную,детерминированные,детерминированным,детерминированными
pool/thermodynamics.txt	Однако исторически термодинамика развивалась без опоры на представления статистической теории , и основные положения термодинамики могут быть сформулированы на основе ограниченного числа постулатов , являющихся обобщениями опытных фактов .	ограниченного	ограниченный para=345 ADJF gent sing masc score=0.167 || ограниченный para=345 ADJF accs sing masc anim score=0.167 || ограниченный para=345 ADJF gent sing neut score=0.167 || ограничить para=761 PRTF gent sing masc score=0.167 || ограничить para=761 PRTF accs sing masc anim score=0.167 || ограничить para=761 PRTF gent sing neut score=0.167	yes	yes		ограниченно,ограниченный,ограничить,ограничен,ограниченная,ограниченное,ограниченной,ограниченном,ограниченному,ограниченною,ограниченную,ограниченные
pool/thermodynamics.txt	Основные понятия термодинамики Термодинамические системы В термодинамике изучаются физические системы , состоящие из большого числа частиц и находящиеся в состоянии термодинамического равновесия или близком к нему .	нему	он para=2303 NPRO datv sing masc score=0.500 || оно para=2306 NPRO datv sing neut score=0.500	yes	no		его,он,оно,ему,него
pool/thermodynamics.txt	Это понятие в общем случае достаточно сложно определить строго , поэтому используется описательное определение , в котором термодинамической системой называется макроскопическая система , которая каким - то образом ( например , с помощью реальной или воображаемой оболочки ) выделена из окружающей ср	окружающей	окружающий para=213 ADJF gent sing femn score=0.125 || окружающий para=213 ADJF datv sing femn score=0.125 || окружающий para=213 ADJF ablt sing femn score=0.125 || окружающий para=213 ADJF loct sing femn score=0.125 || окружать para=215 PRTF gent sing femn score=0.125 || окружать para=215 PRTF datv sing femn score=0.125 || окружать para=215 PRTF ablt sing femn score=0.125 || окружать para=215 PRTF loct sing femn score=0.125	yes	yes		окружать,окружающее,окружающие,окружающий,окружающая,окружающего,окружающем,окружающему,окружающею,окружающим,окружающими,окружающих
pool/thermodynamics.txt	Оболочка , не допускающая теплообмен между системой и окружающей средой , называется адиабатической , а заключённая в такую оболочку система — теплоизолированной или адиабатически изолированной .	окружающей	окружающий para=213 ADJF gent sing femn score=0.125 || окружающий para=213 ADJF datv sing femn score=0.125 || окружающий para=213 ADJF ablt sing femn score=0.125 || окружающий para=213 ADJF loct sing femn score=0.125 || окружать para=215 PRTF gent sing femn score=0.125 || окружать para=215 PRTF datv sing femn score=0.125 || окружать para=215 PRTF ablt sing femn score=0.125 || окружать para=215 PRTF loct sing femn score=0.125	yes	yes		окружать,окружающее,окружающие,окружающий,окружающая,окружающего,окружающем,окружающему,окружающею,окружающим,окружающими,окружающих
pool/thermodynamics.txt	Оболочка , не допускающая теплообмен между системой и окружающей средой , называется адиабатической , а заключённая в такую оболочку система — теплоизолированной или адиабатически изолированной .	изолированной	изолировать para=76 PRTF gent sing femn score=0.083 || изолировать para=76 PRTF datv sing femn score=0.083 || изолировать para=76 PRTF ablt sing femn score=0.083 || изолировать para=76 PRTF loct sing femn score=0.083 || изолировать para=76 PRTF gent sing femn score=0.083 || изолировать para=76 PRTF datv sing femn score=0.083 || изолировать para=76 PRTF ablt sing femn score=0.083 || изолировать para=76 PRTF loct sing femn score=0.083 || изолированный para=120 ADJF gent sing femn score=0.083 || изолированный para=120 ADJF datv sing femn score=0.083 || изолированный para=120 ADJF ablt sing femn score=0.083 || изолированный para=120 ADJF loct sing femn score=0.083	yes	yes		изолированно,изолированный,изолировать,изолирован,изолированная,изолированного,изолированное,изолированном,изолированному,изолированною,изолированную,изолированные
pool/thermodynamics.txt	Теплопроницаемую оболочку называют также диатермической ; если такая оболочка препятствует обмену веществом , то соответствующую систему называют закрытой .	соответствующую	соответствовать para=177 PRTF accs sing femn score=0.500 || соответствующий para=213 ADJF accs sing femn score=0.500	yes	yes		соответствовать,соответствующий,соответствующая,соответствующего,соответствующее,соответствующей,соответствующем,соответствующему,соответствующею,соответствующие,соответствующим,соответствующими
pool/thermodynamics.txt	Теплопроницаемую оболочку называют также диатермической ; если такая оболочка препятствует обмену веществом , то соответствующую систему называют закрытой .	закрытой	закрытый para=4 ADJF gent sing femn score=0.125 || закрытый para=4 ADJF datv sing femn score=0.125 || закрытый para=4 ADJF ablt sing femn score=0.125 || закрытый para=4 ADJF loct sing femn score=0.125 || закрыть para=811 PRTF gent sing femn score=0.125 || закрыть para=811 PRTF datv sing femn score=0.125 || закрыть para=811 PRTF ablt sing femn score=0.125 || закрыть para=811 PRTF loct sing femn score=0.125	yes	yes		закрой,закрытый,закрыть,закроем,закрою,закрыт,закрыта,закрытая,закрыто,закрытого,закрытое,закрытом
pool/thermodynamics.txt	Термодинамическое равновесие Фундаментальным для классической термодинамики является понятие термодинамического равновесия , которое тоже плохо поддаётся логическому определению и формулируется как обобщение экспериментальных фактов .	плохо	плохо para=254  score=0.333 || плохо para=404 ADVB score=0.333 || плохой para=2479 ADJF sing neut score=0.333	yes	yes		плохой
pool/thermodynamics.txt	Утверждается , что любая замкнутая термодинамическая система , для которой внешние условия остаются неизменными , с течением времени переходит в равновесное состояние , в котором прекращаются все макроскопические процессы .	замкнутая	замкнутый para=4 ADJF nomn sing femn score=0.500 || замкнуть para=758 PRTF nomn sing femn score=0.500	yes	yes		замкнуто,замкнутый,замкнуть,замкнут,замкнута,замкнутого,замкнутое,замкнутой,замкнутом,замкнутому,замкнутою,замкнутую
pool/thermodynamics.txt	Равновесные состояния термодинамических систем могут быть описаны с помощью небольшого числа макроскопических параметров , таких как температура , давление , плотность , концентрации компонентов и т .	т	так para=2997 ADVB score=0.505 || так para=2996  score=0.412 || то para=3013  score=0.412	yes	yes		так,то
pool/thermodynamics.txt	Если параметр имеет одно и то же значение , не зависящее от размера любой выделенной части равновесной системы , то он называется неаддитивным или интенсивным , если же значение параметра пропорционально размеру части системы , то он называется аддитивным или экстенсивным .	пропорционально	пропорционально para=3 ADVB score=0.500 || пропорциональный para=220 ADJF sing neut score=0.500	yes	yes		пропорциональный
pool/thermodynamics.txt	Макроскопические параметры могут подразделяться на внутренние , характеризующие состояние системы как таковой , и внешние , описывающие взаимодействие системы с окружающей средой и силовыми полями , воздействующими на систему , однако это разделение достаточно условно .	окружающей	окружающий para=213 ADJF gent sing femn score=0.125 || окружающий para=213 ADJF datv sing femn score=0.125 || окружающий para=213 ADJF ablt sing femn score=0.125 || окружающий para=213 ADJF loct sing femn score=0.125 || окружать para=215 PRTF gent sing femn score=0.125 || окружать para=215 PRTF datv sing femn score=0.125 || окружать para=215 PRTF ablt sing femn score=0.125 || окружать para=215 PRTF loct sing femn score=0.125	yes	yes		окружать,окружающее,окружающие,окружающий,окружающая,окружающего,окружающем,окружающему,окружающею,окружающим,окружающими,окружающих
pool/thermodynamics.txt	Так , если газ заключён в сосуд с подвижными стенками и его объём определяется положением стенок , то объём является внешним параметром , а давление газа зависит от скоростей теплового движения молекул и является внутренним параметром .	подвижными	подвижный para=87 ADJF ablt plur score=0.500 || подвижной para=138 ADJF ablt plur score=0.500	yes	no		подвижной,подвижный,подвижная,подвижнее,подвижней,подвижного,подвижное,подвижном,подвижному,подвижною,подвижную,подвижные
pool/thermodynamics.txt	Постулируется , что в состоянии термодинамического равновесия каждый внутренний параметр может быть выражен через внешние параметры и температуру системы .	выражен	выраженный para=153 ADJF sing masc score=0.500 || выразить para=1046 PRTF sing masc score=0.500	yes	yes		выраженный,выразить,выраженная,выраженного,выраженное,выраженной,выраженном,выраженному,выраженною,выраженную,выраженные,выраженным
pool/thermodynamics.txt	Такая функциональная связь называется обобщённым уравнением состояния системы .	обобщённым	обобщенный para=345 ADJF ablt sing masc score=0.167 || обобщенный para=345 ADJF ablt sing neut score=0.167 || обобщенный para=345 ADJF datv plur score=0.167 || обобщить para=775 PRTF ablt sing masc score=0.167 || обобщить para=775 PRTF ablt sing neut score=0.167 || обобщить para=775 PRTF datv plur score=0.167	yes	yes		обобщенно,обобщенный,обобщить,обобщён,обобщённая,обобщённо,обобщённого,обобщённое,обобщённой,обобщённом,обобщённому,обобщённою
pool/thermodynamics.txt	Равновесная термодинамика не занимается описанием этих переходных процессов , а рассматривает состояние , устанавливающееся после релаксации неравновесностей .	переходных	переходный para=12 ADJF gent plur score=0.167 || переходный para=12 ADJF accs plur anim score=0.167 || переходный para=12 ADJF loct plur score=0.167 || переходной para=138 ADJF gent plur score=0.167 || переходной para=138 ADJF accs plur anim score=0.167 || переходной para=138 ADJF loct plur score=0.167	yes	no		переходной,переходный,переходная,переходнее,переходней,переходного,переходное,переходном,переходному,переходною,переходную,переходные
pool/thermodynamics.txt	В термодинамике широко применяются идеализированные процессы , в которых система переходит из одного состояния термодинамического равновесия в другое , которые непрерывно следуют друг за другом .	идеализированные	идеализированный para=70 ADJF nomn plur score=0.250 || идеализированный para=70 ADJF accs plur inan score=0.250 || идеализировать para=171 PRTF nomn plur score=0.250 || идеализировать para=171 PRTF accs plur inan score=0.250	yes	yes		идеализированный,идеализировать,идеализированная,идеализированного,идеализированное,идеализированной,идеализированном,идеализированному,идеализированною,идеализированную,идеализированным,идеализированными
pool/thermodynamics.txt	В термодинамике широко применяются идеализированные процессы , в которых система переходит из одного состояния термодинамического равновесия в другое , которые непрерывно следуют друг за другом .	другом	друг para=1423 NOUN ablt sing masc anim score=0.457 || другой para=1424 ADJF loct sing masc score=0.333 || другой para=1424 ADJF loct sing neut score=0.210	yes	yes		друг,другой
pool/thermodynamics.txt	Особую роль в методах термодинамики играют циклические процессы , в которых система возвращается в исходное состояние , совершая по ходу процесса работу и обмениваясь энергией с окружающей средой .	окружающей	окружающий para=213 ADJF gent sing femn score=0.125 || окружающий para=213 ADJF datv sing femn score=0.125 || окружающий para=213 ADJF ablt sing femn score=0.125 || окружающий para=213 ADJF loct sing femn score=0.125 || окружать para=215 PRTF gent sing femn score=0.125 || окружать para=215 PRTF datv sing femn score=0.125 || окружать para=215 PRTF ablt sing femn score=0.125 || окружать para=215 PRTF loct sing femn score=0.125	yes	yes		окружать,окружающее,окружающие,окружающий,окружающая,окружающего,окружающем,окружающему,окружающею,окружающим,окружающими,окружающих
pool/thermodynamics.txt	Начала термодинамики Нулевое начало термодинамики Нулевое начало термодинамики названо так потому , что оно было сформулировано уже после того , как первое и второе начало вошли в число устоявшихся научных понятий .	названо	назвать para=892 PRTF sing neut score=0.500 || названый para=73 ADJF sing neut score=0.500	yes	yes		названый,назвать,назван,названа,названы
pool/thermodynamics.txt	Оно утверждает , что изолированная термодинамическая система с течением времени самопроизвольно переходит в состояние термодинамического равновесия и остаётся в нём сколь угодно долго , если внешние условия сохраняются неизменными .	изолированная	изолировать para=76 PRTF nomn sing femn score=0.333 || изолировать para=76 PRTF nomn sing femn score=0.333 || изолированный para=120 ADJF nomn sing femn score=0.333	yes	yes		изолированно,изолированный,изолировать,изолирован,изолированного,изолированное,изолированной,изолированном,изолированному,изолированною,изолированную,изолированные
pool/thermodynamics.txt	Оно утверждает , что изолированная термодинамическая система с течением времени самопроизвольно переходит в состояние термодинамического равновесия и остаётся в нём сколь угодно долго , если внешние условия сохраняются неизменными .	угодно	угодный para=12 ADJF sing neut score=0.333 || угодно para=22  score=0.333 || угодно para=254  score=0.333	yes	yes		угодный
pool/thermodynamics.txt	Классическая термодинамика постулирует лишь существование состояния термодинамического равновесия , но ничего не говорит о времени его достижения .	ничего	ничего para=2210 ADVB score=0.250 || ничего para=2211  score=0.250 || ничто para=2213 NPRO gent sing neut score=0.250 || ничего para=3326 NPRO nomn sing neut score=0.250	yes	yes		ничто,ничё
pool/thermodynamics.txt	Иначе говоря , если две замкнутые системы A и B приведены в тепловой контакт друг с другом , то после достижения термодинамического равновесия полной системой A + B системы A и B будут находиться в состоянии теплового равновесия друг с другом .	замкнутые	замкнутый para=4 ADJF nomn plur score=0.250 || замкнутый para=4 ADJF accs plur inan score=0.250 || замкнуть para=758 PRTF nomn plur score=0.250 || замкнуть para=758 PRTF accs plur inan score=0.250	yes	yes		замкнуто,замкнутый,замкнуть,замкнут,замкнута,замкнутая,замкнутого,замкнутое,замкнутой,замкнутом,замкнутому,замкнутою
pool/thermodynamics.txt	Иначе говоря , если две замкнутые системы A и B приведены в тепловой контакт друг с другом , то после достижения термодинамического равновесия полной системой A + B системы A и B будут находиться в состоянии теплового равновесия друг с другом .	другом	друг para=1423 NOUN ablt sing masc anim score=0.457 || другой para=1424 ADJF loct sing masc score=0.333 || другой para=1424 ADJF loct sing neut score=0.210	yes	yes		друг,другой
pool/thermodynamics.txt	Иначе говоря , если две замкнутые системы A и B приведены в тепловой контакт друг с другом , то после достижения термодинамического равновесия полной системой A + B системы A и B будут находиться в состоянии теплового равновесия друг с другом .	другом	друг para=1423 NOUN ablt sing masc anim score=0.457 || другой para=1424 ADJF loct sing masc score=0.333 || другой para=1424 ADJF loct sing neut score=0.210	yes	yes		друг,другой
pool/thermodynamics.txt	Внутреннюю энергию термодинамической системы можно изменить двумя способами , совершая над ней работу или посредством теплообмена с окружающей средой .	окружающей	окружающий para=213 ADJF gent sing femn score=0.125 || окружающий para=213 ADJF datv sing femn score=0.125 || окружающий para=213 ADJF ablt sing femn score=0.125 || окружающий para=213 ADJF loct sing femn score=0.125 || окружать para=215 PRTF gent sing femn score=0.125 || окружать para=215 PRTF datv sing femn score=0.125 || окружать para=215 PRTF ablt sing femn score=0.125 || окружать para=215 PRTF loct sing femn score=0.125	yes	yes		окружать,окружающее,окружающие,окружающий,окружающая,окружающего,окружающем,окружающему,окружающею,окружающим,окружающими,окружающих
pool/thermodynamics.txt	Здесь — полный дифференциал внутренней энергии системы , — элементарное количество теплоты , переданное системе , а — бесконечно малая или элементарная работа , совершённая системой .	бесконечно	бесконечно para=3 ADVB score=0.500 || бесконечный para=12 ADJF sing neut score=0.500	yes	yes		бесконечный
pool/thermodynamics.txt	Здесь — полный дифференциал внутренней энергии системы , — элементарное количество теплоты , переданное системе , а — бесконечно малая или элементарная работа , совершённая системой .	совершённая	совершенный para=686 ADJF nomn sing femn score=0.500 || совершить para=775 PRTF nomn sing femn score=0.500	yes	yes		совершенный,совершить
pool/thermodynamics.txt	Так как работа и теплота не являются функциями состояния , а зависят от способа перехода системы из одного состояния в другое , применяется запись с символом , чтобы подчеркнуть , что и — это бесконечно малые величины , которые нельзя считать дифференциалами какой - либо функции .	бесконечно	бесконечно para=3 ADVB score=0.500 || бесконечный para=12 ADJF sing neut score=0.500	yes	yes		бесконечный
pool/thermodynamics.txt	Знаки при и в приведённом выше соотношении выражают соглашение о том , что положительной считают работу , совершаемую системой , и теплоту , получаемую системой , принятое в большинстве современных работ по термодинамике .	выше	выше para=3 ADVB score=0.286 || высоко para=1134  score=0.286 || выше para=24 PREP score=0.143 || выша para=302 NOUN datv sing femn inan proper score=0.143 || выша para=302 NOUN loct sing femn inan proper score=0.143	yes	yes	lowercase_common	высоко
pool/thermodynamics.txt	Знаки при и в приведённом выше соотношении выражают соглашение о том , что положительной считают работу , совершаемую системой , и теплоту , получаемую системой , принятое в большинстве современных работ по термодинамике .	принятое	принять para=938 PRTF nomn sing neut score=0.250 || принять para=938 PRTF accs sing neut score=0.250 || принятый para=193 ADJF nomn sing neut score=0.250 || принятый para=193 ADJF accs sing neut score=0.250	yes	yes		принятый,принять,примет,приму,принят,принята,принятая,принято,принятого,принятой,принятом,принятому
pool/thermodynamics.txt	Если система совершает только механическую работу вследствие изменения её объёма , то элементарная работа записывается как , где — приращение объёма .	её	она para=2304 NPRO accs sing femn score=0.103 || ее para=1440 ADJF accs plur score=0.069	yes	yes		ея,она,нею
pool/thermodynamics.txt	В квазистатических процессах эта работа равна работе внешних сил над системой , взятой с обратным знаком : , но для неквазистатических процессов это соотношение не выполняется .	знаком	знак para=19 NOUN ablt sing masc inan score=0.564 || знакомый para=1677 ADJF sing masc score=0.436	yes	yes		знак,знакомый,знаков
pool/thermodynamics.txt	В общем случае элементарная работа записывается как сумма , где — функции параметров и температуры , называемые обобщёнными силами .	обобщёнными	обобщенный para=345 ADJF ablt plur score=0.500 || обобщить para=775 PRTF ablt plur score=0.500	yes	yes		обобщенно,обобщенный,обобщить,обобщён,обобщённая,обобщённо,обобщённого,обобщённое,обобщённой,обобщённом,обобщённому,обобщённою
pool/thermodynamics.txt	Работу , связанную с изменением количества вещества в системе ( химическую работу ), могут выделять из общего выражения для работы в отдельное слагаемое .	связанную	связанный para=345 ADJF accs sing femn score=0.500 || связать para=672 PRTF accs sing femn score=0.500	yes	yes		связанный,связать,связан,связанная,связанного,связанное,связанной,связанном,связанному,связанною,связанные,связанным
pool/thermodynamics.txt	Фактически к этому результату пришёл уже Сади Карно в сочинении « О движущей силе огня и о машинах , способных развивать эту силу ». Однако Карно опирался на представления теории теплорода и не дал ясной формулировки второго начала термодинамики .	движущей	движущий para=213 ADJF gent sing femn score=0.125 || движущий para=213 ADJF datv sing femn score=0.125 || движущий para=213 ADJF ablt sing femn score=0.125 || движущий para=213 ADJF loct sing femn score=0.125 || двигать para=1312 PRTF gent sing femn score=0.125 || двигать para=1312 PRTF datv sing femn score=0.125 || двигать para=1312 PRTF ablt sing femn score=0.125 || двигать para=1312 PRTF loct sing femn score=0.125	yes	yes		двигать,движущий,движущая,движущего,движущее,движущем,движущему,движущею,движущие,движущим,движущими,движущих
pool/thermodynamics.txt	Следствие второго начала термодинамики , постулированного в указанных формулировках , позволяет ввести для термодинамических систем ещё одну функцию термодинамического состояния , названную энтропией , такую , что её полный дифференциал для квазистатических процессов записывается как .	её	она para=2304 NPRO accs sing femn score=0.103 || ее para=1440 ADJF accs plur score=0.069	yes	yes		ея,она,нею
pool/thermodynamics.txt	Третье начало термодинамики Третье начало термодинамики или теорема Нернста утверждает , что энтропия любой равновесной системы по мере приближения температуры к абсолютному нулю перестаёт зависеть от каких - либо параметров состояния и стремится к определённому пределу .	мере	мера para=55 NOUN datv sing femn inan score=0.500 || меря para=353 NOUN datv sing femn inan score=0.500 || мера para=55 NOUN loct sing femn inan score=0.167 || меря para=353 NOUN loct sing femn inan score=0.167	yes	yes		мера,мери,меря,мерей,мерею,мерь,мерю
pool/thermodynamics.txt	Третье начало термодинамики Третье начало термодинамики или теорема Нернста утверждает , что энтропия любой равновесной системы по мере приближения температуры к абсолютному нулю перестаёт зависеть от каких - либо параметров состояния и стремится к определённому пределу .	определённому	определенный para=12 ADJF datv sing masc score=0.250 || определенный para=12 ADJF datv sing neut score=0.250 || определить para=754 PRTF datv sing masc score=0.250 || определить para=754 PRTF datv sing neut score=0.250	yes	yes		определенно,определенный,определить,определим,определённая,определённо,определённого,определённое,определённой,определённом,определённою,определённую
pool/thermodynamics.txt	Численное значение этого предела принято полагать равным нулю , поэтому в литературе иногда говорят о том , что энтропия системы стремится к нулю при стремлении температуры к 0 К .	Численное	численный para=345 ADJF nomn sing neut score=0.250 || численный para=345 ADJF accs sing neut score=0.250 || числить para=634 PRTF nomn sing neut score=0.250 || числить para=634 PRTF accs sing neut score=0.250	yes	yes		численно,численный,числить,числен,численная,численного,численной,численном,численному,численною,численную,численные
pool/thermodynamics.txt	Второе положение теоремы Нернста утверждает , что все процессы вблизи абсолютного нуля , переводящие систему из одного равновесного состояния в другое , происходят без изменения энтропии .	Второе	второе para=1019 NOUN nomn sing neut inan score=0.316 || второй para=954 ADJF nomn sing neut score=0.316 || второй para=954 ADJF accs sing neut score=0.316 || второе para=1019 NOUN accs sing neut inan score=0.053	yes	yes		второй,второго,втором,второму,вторые,вторым,вторыми,вторых
pool/thermodynamics.txt	Нулевые значения температуры и энтропии при абсолютном нуле приняты как удобные соглашения для устранения неоднозначности в построении шкалы для термодинамических величин .	приняты	принять para=938 PRTF plur score=0.500 || принятый para=193 ADJF plur score=0.500	yes	yes		принятый,принять,примет,приму,принят,принята,принятая,принято,принятого,принятое,принятой,принятом
pool/thermodynamics.txt	Термодинамическое состояние Динамическое , микро - и макросостояние Моделирование всякой физической системы подразумевает указание полного набора параметров , необходимого для описания всех её возможных состояний и наблюдаемых величин .	её	она para=2304 NPRO accs sing femn score=0.103 || ее para=1440 ADJF accs plur score=0.069	yes	yes		ея,она,нею
pool/thermodynamics.txt	Наиболее подробное описание в классической механике требует указания координат и импульсов всех частиц системы в какой - либо начальный момент времени и законов взаимодействия частиц , определяющих их эволюцию во времени .	их	они para=2305 NPRO accs plur score=0.139 || их para=1440 ADJF nomn sing femn score=0.083 || они para=2305 NPRO gent plur score=0.083 || их para=1440 ADJF accs sing neut score=0.056 || их para=1440 ADJF nomn plur score=0.056	yes	yes		они,им,ним
pool/thermodynamics.txt	Следующим , более огрубленным уровнем описания является статистическое описание , когда динамические состояния усредняются по ячейкам фазового пространства в классической механике .	Следующим	следующий para=213 ADJF ablt sing neut score=0.286 || следующий para=213 ADJF ablt sing masc score=0.143 || следующий para=213 ADJF datv plur score=0.143 || следовать para=2894 PRTF ablt sing masc score=0.143 || следовать para=2894 PRTF ablt sing neut score=0.143 || следовать para=2894 PRTF datv plur score=0.143	yes	yes		следовать,следующий,следуем,следующая,следующего,следующее,следующей,следующем,следующему,следующею,следующие,следующими
pool/thermodynamics.txt	В квантовой механике состояния различаются набором квантовых чисел и могут усредняться , например , по небольшим интервалам на шкале энергии .	шкале	шкала para=55 NOUN datv sing femn inan score=0.824 || шкала para=55 NOUN loct sing femn inan score=0.118 || шкало para=110 NOUN loct sing neut inan score=0.059	yes	yes	preposition:на	шкала,шкалу
pool/thermodynamics.txt	Выбор способа описания системы зависит от характерных временных масштабов , на которых изучается эволюция системы .	временных	временной para=106 ADJF gent plur score=0.167 || временной para=106 ADJF accs plur anim score=0.167 || временной para=106 ADJF loct plur score=0.167 || временный para=317 ADJF gent plur score=0.167 || временный para=317 ADJF accs plur anim score=0.167 || временный para=317 ADJF loct plur score=0.167	yes	no		временной,временный,временная,временного,временное,временном,временному,временною,временную,временные,временным,временными
pool/thermodynamics.txt	Вообще говоря , проблема определения микро - и макросостояний и описания их статистических свойств относится к наиболее фундаментальным и пока не получившим окончательного решения вопросам статистической физики .	их	они para=2305 NPRO accs plur score=0.139 || их para=1440 ADJF nomn sing femn score=0.083 || они para=2305 NPRO gent plur score=0.083 || их para=1440 ADJF accs sing neut score=0.056 || их para=1440 ADJF nomn plur score=0.056	yes	yes		они,им,ним
pool/thermodynamics.txt	Функции состояния и уравнение состояния При описании макросостояний используются функции состояния — это функции , однозначно определённые в состоянии термодинамического равновесия и не зависящие от предыстории системы и способа её перехода в равновесное состояние .	определённые	определенный para=12 ADJF nomn plur score=0.250 || определенный para=12 ADJF accs plur inan score=0.250 || определить para=754 PRTF nomn plur score=0.250 || определить para=754 PRTF accs plur inan score=0.250	yes	yes		определенно,определенный,определить,определим,определённая,определённо,определённого,определённое,определённой,определённом,определённому,определённою
pool/thermodynamics.txt	Функции состояния и уравнение состояния При описании макросостояний используются функции состояния — это функции , однозначно определённые в состоянии термодинамического равновесия и не зависящие от предыстории системы и способа её перехода в равновесное состояние .	её	она para=2304 NPRO accs sing femn score=0.103 || ее para=1440 ADJF accs plur score=0.069	yes	yes		ея,она,нею
pool/thermodynamics.txt	Знание уравнения состояния необходимо для применения общих принципов термодинамики к конкретным системам .	необходимо	необходимо para=254  score=0.500 || необходимый para=249 ADJF sing neut score=0.500	yes	yes		необходимый
pool/thermodynamics.txt	Для каждой конкретной термодинамической системы её уравнение состояния определяется из опыта или методами статистической механики , и в рамках термодинамики оно считается заданным при определении системы .	её	она para=2304 NPRO accs sing femn score=0.103 || ее para=1440 ADJF accs plur score=0.069	yes	yes		ея,она,нею
pool/thermodynamics.txt	Для каждой конкретной термодинамической системы её уравнение состояния определяется из опыта или методами статистической механики , и в рамках термодинамики оно считается заданным при определении системы .	заданным	задать para=884 PRTF ablt sing masc score=0.167 || задать para=884 PRTF ablt sing neut score=0.167 || задать para=884 PRTF datv plur score=0.167 || заданный para=345 ADJF ablt sing masc score=0.167 || заданный para=345 ADJF ablt sing neut score=0.167 || заданный para=345 ADJF datv plur score=0.167	yes	yes		заданный,задать,задам,задан,заданная,заданного,заданное,заданной,заданном,заданному,заданною,заданную
pool/thermodynamics.txt	Для систем , в которых важны макроскопические электромагнитные или вязкоупругие силы , уравнение состояния должно учитывать влияние этих сил и соответствующих внешних параметров .	должно	должный para=35 ADJF sing neut score=0.500 || должно para=254  score=0.500	yes	yes		должный,должного,должном,должному,должные,должным,должными,должных
pool/thermodynamics.txt	Для пространственно однородного элемента упругой среды при его продольной деформации примером термического уравнения состояния служит закон Гука ; в термодинамике деформируемого твёрдого тела термические уравнения состояния , связывающие температуру и компоненты тензоров напряжений и деформаций , вх	пространственно	пространственно para=3 ADVB score=0.500 || пространственный para=301 ADJF sing neut score=0.500	yes	yes		пространственный
pool/thermodynamics.txt	Существование термического уравнения состояния вытекает из закона транзитивности термического равновесия , однако сама термодинамика ничего не говорит относительно вида функциональной зависимости между входящими в это уравнение переменными , за исключением того , что уравнение состояния должно удовл	ничего	ничего para=2210 ADVB score=0.250 || ничего para=2211  score=0.250 || ничто para=2213 NPRO gent sing neut score=0.250 || ничего para=3326 NPRO nomn sing neut score=0.250	yes	yes		ничто,ничё
pool/thermodynamics.txt	Существование термического уравнения состояния вытекает из закона транзитивности термического равновесия , однако сама термодинамика ничего не говорит относительно вида функциональной зависимости между входящими в это уравнение переменными , за исключением того , что уравнение состояния должно удовл	входящими	входящий para=213 ADJF ablt plur score=0.500 || входить para=498 PRTF ablt plur score=0.500	yes	yes		входить,входящий,входящая,входящего,входящее,входящей,входящем,входящему,входящею,входящие,входящим,входящих
pool/thermodynamics.txt	Существование термического уравнения состояния вытекает из закона транзитивности термического равновесия , однако сама термодинамика ничего не говорит относительно вида функциональной зависимости между входящими в это уравнение переменными , за исключением того , что уравнение состояния должно удовл	должно	должный para=35 ADJF sing neut score=0.500 || должно para=254  score=0.500	yes	yes		должный,должного,должном,должному,должные,должным,должными,должных
pool/thermodynamics.txt	Существование термического уравнения состояния вытекает из закона транзитивности термического равновесия , однако сама термодинамика ничего не говорит относительно вида функциональной зависимости между входящими в это уравнение переменными , за исключением того , что уравнение состояния должно удовл	определённым	определенный para=12 ADJF ablt sing masc score=0.167 || определенный para=12 ADJF ablt sing neut score=0.167 || определенный para=12 ADJF datv plur score=0.167 || определить para=754 PRTF ablt sing masc score=0.167 || определить para=754 PRTF ablt sing neut score=0.167 || определить para=754 PRTF datv plur score=0.167	yes	yes		определенно,определенный,определить,определим,определённая,определённо,определённого,определённое,определённой,определённом,определённому,определённою
pool/thermodynamics.txt	Они записываются в виде какого - либо из термодинамических потенциалов в своих естественных переменных , то есть в таких переменных , в которых полный дифференциал соответствующей термодинамической функции имеет наиболее простой вид .	соответствующей	соответствовать para=177 PRTF gent sing femn score=0.125 || соответствовать para=177 PRTF datv sing femn score=0.125 || соответствовать para=177 PRTF ablt sing femn score=0.125 || соответствовать para=177 PRTF loct sing femn score=0.125 || соответствующий para=213 ADJF gent sing femn score=0.125 || соответствующий para=213 ADJF datv sing femn score=0.125 || соответствующий para=213 ADJF ablt sing femn score=0.125 || соответствующий para=213 ADJF loct sing femn score=0.125	yes	yes		соответствовать,соответствующий,соответствующая,соответствующего,соответствующее,соответствующем,соответствующему,соответствующею,соответствующие,соответствующим,соответствующими,соответствующих
pool/thermodynamics.txt	Основные формулы термодинамики Условные обозначения Формулы термодинамики идеального газа Выражение основных величин через термодинамические потенциалы Все термодинамические потенциалы имеют свои канонические наборы переменных и используются для анализа процессов при соответствующих условиях .	основных	основный para=12 ADJF gent plur score=0.167 || основный para=12 ADJF accs plur anim score=0.167 || основный para=12 ADJF loct plur score=0.167 || основной para=138 ADJF gent plur score=0.167 || основной para=138 ADJF accs plur anim score=0.167 || основной para=138 ADJF loct plur score=0.167	yes	no		основное,основной,основный,основная,основнее,основней,основного,основному,основною,основную,основные,основным
water_editorial_raw.txt	Это свойство воды важно для живых существ .	важно	важно para=404 ADVB score=0.533 || важный para=223 ADJF sing neut score=0.467	yes	yes		важный
water_editorial_raw.txt	Благодаря большому дипольному моменту молекул , вода также поглощает микроволновое излучение , чем обусловлен нагрев пищевых продуктов в микроволновой печи .	микроволновое	микроволновый para=73 ADJF nomn sing neut score=0.250 || микроволновый para=73 ADJF accs sing neut score=0.250 || микроволновой para=106 ADJF nomn sing neut score=0.250 || микроволновой para=106 ADJF accs sing neut score=0.250	yes	no		микроволновой,микроволновый,микроволновая,микроволнового,микроволновом,микроволновому,микроволновою,микроволновую,микроволновые,микроволновым,микроволновыми,микроволновых
water_editorial_raw.txt	Благодаря большому дипольному моменту молекул , вода также поглощает микроволновое излучение , чем обусловлен нагрев пищевых продуктов в микроволновой печи .	микроволновой	микроволновой para=106 ADJF accs sing masc inan score=0.182 || микроволновый para=73 ADJF gent sing femn score=0.091 || микроволновый para=73 ADJF datv sing femn score=0.091 || микроволновый para=73 ADJF ablt sing femn score=0.091 || микроволновый para=73 ADJF loct sing femn score=0.091 || микроволновой para=106 ADJF nomn sing masc score=0.091 || микроволновой para=106 ADJF gent sing femn score=0.091 || микроволновой para=106 ADJF datv sing femn score=0.091 || микроволновой para=106 ADJF ablt sing femn score=0.091 || микроволновой para=106 ADJF loct sing femn score=0.091	yes	no		микроволновый,микроволновая,микроволнового,микроволновое,микроволновом,микроволновому,микроволновою,микроволновую,микроволновые,микроволновым,микроволновыми,микроволновых
water_editorial_raw.txt	Поверхностное натяжение Вода имеет необычно высокое поверхностное натяжение равное 71 , 99 мН / м ( при 25 ° C ), это обусловлено сильными водородными связями между молекулами воды .	необычно	необычно para=3 ADVB score=0.500 || необычный para=87 ADJF sing neut score=0.500	yes	yes		необычный
