guess	target	article	context	shared_baseline	target_lemmas	status	signals	label
альф	альфа	pool/entropy.txt	Для заданной функции f - энтропия дискретного распределения определяется как Наиболее известными частными случаями f - энтропии являются : энтропия Шеннона для ; энтропия Берга для ; энтропия Цаллиса для , , ; альфа - энтропия для , , .		альфа	resolved	lowercase_common	GOOD_ADD
близкие	близким	articles/tolstoy.txt	В это время были написаны « Метель », « Два гусара », закончены « Севастополь в августе » и « Юность », продолжено написание будущих « Казаков ». Однако весёлая и насыщенная жизнь оставила горький осадок в душе Толстого , в это же время у него начался сильный разлад с близким ему кружком писателей .		близкие	resolved		GOOD_ADD
боковой	боковую	pool/gauss.txt	Из этого следует ( кроме прочего ), что поток напряжённости поля через боковую поверхность цилиндра равен нулю ( так как поле направлено везде по касательной к этой поверхности ).. Поток вектора напряжённости равен ( в силу ( 1 )) потоку только через основания цилиндра , а он , в силу того , что и п		боковой	resolved		GOOD_ADD
буре	Бури	pool/paris.txt	также Бури в конце декабря 1999 года в Европе ). Понижение температуры ниже 0 ° C считается холодом , а ниже − 10 ° C — экстремальным , в этот период мобилизуются социальные службы города для помощи бездомным .		буря	resolved		GOOD_ADD
буре	бурь	articles/saturn.txt	Электромагнитная активность Сатурна , вызванная ими , колеблется с годами от почти полного отсутствия до очень сильных электрических бурь .		буря	resolved		GOOD_ADD
буре	бури	pool/china.txt	Северные районы Китая каждую весну накрывают жёлтые пыльные бури , которые зарождаются в северных пустынях и переносятся ветрами в сторону Кореи и Японии .		буря	resolved	adjective_agreement	GOOD_ADD
буре	бурь	articles/saturn.txt	Среднее значение мощности полярного сияния составляет 50 ГВт в диапазоне 80 — 170 нм ( ультрафиолет ) и 150 — 300 ГВт в диапазоне 3 — 4 мкм ( инфракрасный ). Во время бурь и штормов на Сатурне наблюдаются мощные разряды молнии .		буря	resolved		GOOD_ADD
бык	быков	pool/pythagoras.txt	Существует предание , сообщённое Диогеном Лаэртским , согласно которому Пифагор якобы отпраздновал открытие своей теоремы гигантским пиром , заклав на радостях сотню быков .		бык	resolved	lowercase_common	GOOD_ADD
венера	Венеры	articles/saturn.txt	Когда аппарат « Кассини » достиг Сатурна в 2004 году , было обнаружено , что согласно наблюдениям радиоизлучения длительность оборота внутренних частей заметно превышает период вращения в « Зоне 1 » и « Зоне 2 » и составляет приблизительно 10 ч 45 мин 45 с (± 36 с ). Дифференциальное вращение атмосф		венера	resolved	mid_sentence_capital	GOOD_ADD
взяток	взятком	articles/bee.txt	Однако , эффективно работать со взятком пчёлы могут с расстояния не более 2 км .		взяток	resolved		GOOD_ADD
горячее	горячему	pool/thermodynamics.txt	Постулат Клаузиуса : « Теплота не может самопроизвольно переходить от тела менее нагретого к телу более нагретому ». Процесс , при котором не происходит никаких других изменений , кроме передачи теплоты от холодного тела к горячему , называется процессом Клаузиуса .		горячее	resolved	preposition:к	GOOD_ADD
громов	грома	articles/baikal.txt	Сопровождаются они громким треском , напоминающим раскаты грома или выстрелы из пушек .		гром	resolved	noun_complement	GOOD_ADD
дели	делить	pool/thermodynamics.txt	Разделы термодинамики Современную феноменологическую термодинамику принято делить на равновесную ( или классическую ) термодинамику , изучающую равновесные термодинамические системы и процессы в таких системах , и неравновесную термодинамику , изучающую неравновесные процессы в системах , в которых 		делить	resolved		GOOD_ADD
дик	диких	pool/china.txt	Фауна Китая по количеству видов диких животных Китай занимает одно из первых мест в мире .		дикий	resolved		GOOD_ADD
железа	железы	articles/bee.txt	Ранней весной восковые железы функционируют у тех перезимовавших пчёл , у которых они недоразвились с осени .		железа	resolved		GOOD_ADD
железа	железы	articles/bee.txt	Образуется он из затвердевающих в виде нитей выделений прядильной железы , которыми личинка окружает себя перед окукливанием .		железа	resolved		GOOD_ADD
железа	железы	articles/bee.txt	Восковые железы у рабочих пчёл наиболее развиты в возрасте от 12 до 18 дней .		железа	resolved		GOOD_ADD
железа	желёз	articles/bee.txt	Ядовитые железы Жалящий аппарат пчелы расположен на заднем конце брюшка и состоит из двух ядовитых желёз , резервуара для яда и пильчатого жала длиной 2 мм и диаметром 0 , 1 мм .		железа	resolved		GOOD_ADD
железа	железы	articles/bee.txt	Из наблюдений пчеловодов следует , что восковые железы пчелы начинают усиленно работать при роении пчёл из улья на новое место обитания , тем самым природа провоцирует постройку новых сот , для новой семьи .		железа	resolved		GOOD_ADD
железа	железами	articles/bee.txt	К концу третьих суток пчёлы - кормилицы добавляют к яйцу капельку молочка , выделяемого их железами .		железа	resolved		GOOD_ADD
железа	железы	articles/bee.txt	Восковые железы у пчёл находятся на каждом из четырёх нижних полуколец брюшка ( по паре , начиная с третьего полукольца и кончая шестым ). Воск , выделяемый железами в жидком виде , попадает на восковые зеркальца брюшка и на воздухе затвердевает в мягкие треугольные чешуйки , или восковые пластинки 		железа	resolved		GOOD_ADD
железа	железы	articles/bee.txt	Ядовитые железы Жалящий аппарат пчелы расположен на заднем конце брюшка и состоит из двух ядовитых желёз , резервуара для яда и пильчатого жала длиной 2 мм и диаметром 0 , 1 мм .		железа	resolved		GOOD_ADD
железа	железы	articles/bee.txt	К 12 - дневному возрасту у пчёл развиваются восковые железы .		железа	resolved		GOOD_ADD
железа	железами	articles/bee.txt	Восковые железы у пчёл находятся на каждом из четырёх нижних полуколец брюшка ( по паре , начиная с третьего полукольца и кончая шестым ). Воск , выделяемый железами в жидком виде , попадает на восковые зеркальца брюшка и на воздухе затвердевает в мягкие треугольные чешуйки , или восковые пластинки 		железа	resolved		GOOD_ADD
железа	железами	articles/bee.txt	Если развивающуюся из оплодотворённого яйца личинку до запечатывания ячейки пчёлы кормят только высокопитательным молочком , выделяемым аллотрофическими железами ( видоизменёнными верхнечелюстными слюнными железами ), то из неё вырастает матка .		железа	resolved		GOOD_ADD
железа	железы	articles/bee.txt	К седьмому дню у пчёл начинают функционировать железы , выделяющие молочко .		железа	resolved		GOOD_ADD
железа	железами	articles/bee.txt	Если развивающуюся из оплодотворённого яйца личинку до запечатывания ячейки пчёлы кормят только высокопитательным молочком , выделяемым аллотрофическими железами ( видоизменёнными верхнечелюстными слюнными железами ), то из неё вырастает матка .		железа	resolved		GOOD_ADD
железа	железами	articles/bee.txt	Чтобы исключить вредное влияние на организм экскрементов , происходят всасывание воды из кала и выделение специальными железами противодействующих веществ .		железа	resolved		GOOD_ADD
железа	желёз	articles/bee.txt	У маток и трутней восковых желёз нет , и воска они не выделяют .		железа	resolved		GOOD_ADD
кале	кала	articles/bee.txt	Чтобы исключить вредное влияние на организм экскрементов , происходят всасывание воды из кала и выделение специальными железами противодействующих веществ .		кал	resolved		GOOD_ADD
кале	кала	articles/bee.txt	С третьего — пятого дня жизни пчёлы совершают короткие вылеты из улья , во время которых очищают свои кишечники от накопившегося кала .		кал	resolved		GOOD_ADD
крючков	крючок	articles/bee.txt	hamulus — маленький крючок ). Когда насекомое приземляется , эти крючки разъединяются , и крылья складываются вдоль тела .		крючок	resolved		GOOD_ADD
крючков	крючками	articles/bee.txt	В полёте передние и задние крылья соединяются в единую плоскость мелкими крючками на переднем крае задней пары крыльев , направленными вперёд , которые называются « хамулус » ( лат .		крючок	resolved		GOOD_ADD
крючков	крючки	articles/bee.txt	hamulus — маленький крючок ). Когда насекомое приземляется , эти крючки разъединяются , и крылья складываются вдоль тела .		крючок	resolved	followed_by_finite_verb	GOOD_ADD
куб	куба	magnetism_miller_raw.txt	( например , у железа ) минимум энергии достигается в направлениях рёбер куба [ 100 ], [ 010 ] и [ 001 ], то есть существует три эквивалентные оси лёгкого намагничивания .		куб	resolved	lowercase_common	GOOD_ADD
куб	куба	magnetism_miller_raw.txt	Иначе осями лёгкого намагничивания будут пространственные диагонали куба .		куб	resolved	lowercase_common	GOOD_ADD
лилия	лилии	pool/paris.txt	В красном нижнем поле щита изображён серебряный корабль с парусом , плывущий по серебряным волнам , в верхнем синем — золотые лилии .		лилия	resolved	lowercase_common adjective_agreement	GOOD_ADD
лилия	лилии	pool/paris.txt	Золотые лилии относятся к эмблеме династии Капетингов , при которых город стал столицей Франции .		лилия	resolved	lowercase_common adjective_agreement followed_by_finite_verb	GOOD_ADD
магнитная	магнитной	pool/em_field.txt	В современной формулировке электромагнитное поле представлено тензором электромагнитного поля , компонентами которого являются три компоненты напряжённости электрического поля и три компоненты напряжённости магнитного поля ( или — магнитной индукции ), а также четырёхмерным электромагнитным потенциа		магнитный	resolved	lowercase_common	GOOD_ADD
магнитная	магнитной	pool/gauss.txt	При этом теорема переформулируется : поток вектора электрического смещения через замкнутую поверхность пропорционален заключённому внутри этой поверхности свободному электрическому заряду : В дифференциальной форме : Теорема Гаусса для магнитной индукции Поток вектора магнитной индукции через любую 		магнитный	resolved	lowercase_common	GOOD_ADD
магнитная	магнитной	pool/gauss.txt	При этом теорема переформулируется : поток вектора электрического смещения через замкнутую поверхность пропорционален заключённому внутри этой поверхности свободному электрическому заряду : В дифференциальной форме : Теорема Гаусса для магнитной индукции Поток вектора магнитной индукции через любую 		магнитный	resolved	lowercase_common	GOOD_ADD
магнитная	магнитной	magnetism_math_raw.txt	При этом среднюю напряжённость микроскопического магнитного поля называют магнитной индукцией : Токи намагничивания и элементарные магнитные моменты Усреднённые по объёму молекулярные токи называют токами намагничивания .		магнитный	resolved	lowercase_common	GOOD_ADD
магнитная	магнитной	pool/gauss.txt	Иными словами , теорема Гаусса для магнитной индукции показывает , что магнитное поле является ( полностью ) вихревым .		магнитный	resolved	lowercase_common	GOOD_ADD
магнитная	магнитной	pool/em_field.txt	Эта теория с единой точки зрения объясняла результаты всех предшествующих исследований в области электродинамики , и , кроме того , из неё вытекало , что любые изменения электромагнитного поля должны порождать электромагнитные волны , распространяющиеся в диэлектрической среде ( в том числе , в пуст		магнитный	resolved	lowercase_common	GOOD_ADD
магнитный	магнитной	pool/em_field.txt	В современной формулировке электромагнитное поле представлено тензором электромагнитного поля , компонентами которого являются три компоненты напряжённости электрического поля и три компоненты напряжённости магнитного поля ( или — магнитной индукции ), а также четырёхмерным электромагнитным потенциа		магнитный	resolved	lowercase_common	GOOD_ADD
магнитный	магнитной	pool/gauss.txt	При этом теорема переформулируется : поток вектора электрического смещения через замкнутую поверхность пропорционален заключённому внутри этой поверхности свободному электрическому заряду : В дифференциальной форме : Теорема Гаусса для магнитной индукции Поток вектора магнитной индукции через любую 		магнитный	resolved	lowercase_common	GOOD_ADD
магнитный	магнитной	pool/gauss.txt	При этом теорема переформулируется : поток вектора электрического смещения через замкнутую поверхность пропорционален заключённому внутри этой поверхности свободному электрическому заряду : В дифференциальной форме : Теорема Гаусса для магнитной индукции Поток вектора магнитной индукции через любую 		магнитный	resolved	lowercase_common	GOOD_ADD
магнитный	магнитной	magnetism_math_raw.txt	При этом среднюю напряжённость микроскопического магнитного поля называют магнитной индукцией : Токи намагничивания и элементарные магнитные моменты Усреднённые по объёму молекулярные токи называют токами намагничивания .		магнитный	resolved	lowercase_common	GOOD_ADD
магнитный	магнитной	pool/gauss.txt	Иными словами , теорема Гаусса для магнитной индукции показывает , что магнитное поле является ( полностью ) вихревым .		магнитный	resolved	lowercase_common	GOOD_ADD
магнитный	магнитной	pool/em_field.txt	Эта теория с единой точки зрения объясняла результаты всех предшествующих исследований в области электродинамики , и , кроме того , из неё вытекало , что любые изменения электромагнитного поля должны порождать электромагнитные волны , распространяющиеся в диэлектрической среде ( в том числе , в пуст		магнитный	resolved	lowercase_common	GOOD_ADD
малое	малого	pool/gauss.txt	Вычислим поток через S0 : Выберем малый ( бесконечно малый , малый не только по величине , но и « компактно », то есть так , чтобы он , скажем , мог быть покрыт круговым конусом также малого телесного угла ), телесный угол с вершиной в заряде .		малое	resolved		GOOD_ADD
малое	малого	pool/gauss.txt	Линейная плотность заряда где — длина бесконечно малого отрезка .		малое	resolved	adjective_agreement	GOOD_ADD
малое	малого	pool/laplace.txt	Это уравнение математически кодирует прописную истину : если флюид не сжимаем , из сколь угодно малого объема в момент времени должно выйти столько же жидкости , сколько ее содержится в нем .		малое	resolved	adjective_agreement	GOOD_ADD
марий	Марью	articles/tolstoy.txt	У них было пятеро детей : Николай ( 1823 — 1860 ), Сергей ( 1826 — 1904 ), Дмитрий ( 1827 — 1856 ), Лев , Мария ( 1830 — 1912 ). Дед Толстого по матери , екатерининский генерал князь Николай Сергеевич Волконский , имел некоторое сходство с суровым ригористом — старым князем Болконским в « Войне и ми		марья	resolved	mid_sentence_capital	GOOD_ADD
марья	Марью	articles/tolstoy.txt	У них было пятеро детей : Николай ( 1823 — 1860 ), Сергей ( 1826 — 1904 ), Дмитрий ( 1827 — 1856 ), Лев , Мария ( 1830 — 1912 ). Дед Толстого по матери , екатерининский генерал князь Николай Сергеевич Волконский , имел некоторое сходство с суровым ригористом — старым князем Болконским в « Войне и ми		марья	resolved	mid_sentence_capital	GOOD_ADD
математик	математики	pool/integral.txt	Значительное влияние на исследования интегральных исчислений и интегрирования рациональных функций оказало появление метода Остроградского ( 1844 ), от которого отталкивались почти все последующие математики .		математик	resolved	adjective_agreement	GOOD_ADD
математика	математики	pool/quantum.txt	Невозможно представить эти понятия более чем поверхностно , не вводя при этом фактическую математику ; понимание квантовой механики требует не только манипулирования комплексными числами , но и линейной алгебры , дифференциальных уравнений , теории групп и других более сложных областей математики .		математика	resolved	noun_complement	GOOD_ADD
математика	математики	pool/integral.txt	Определение интеграла в смысле Лебега впервые дано Лебегом в 1902 году ( для случая функции одной переменной и меры Лебега ) вслед за во многом предвосхитившем его Стилтьесом ( 1894 ). Во второй половине XX века над обобщением понятия интеграла работали Курцвейль , Хенсток и Макшейн , стохастический		математика	resolved	adjective_agreement	GOOD_ADD
математика	математики	pool/pythagoras.txt	История По мнению историка математики Морица Кантора , в Древнем Египте во времена царя Аменемхета I ( около XXIII век до н .		математика	resolved	noun_complement	GOOD_ADD
математика	математики	pool/integral.txt	Все эти интегралы ныне так же , как интеграл Римана , обобщены и « по Стилтьесу ». Интегралы дробной кратности Неклассические задачи математики и механики ( фрактальный анализ , вязко - упругие среды ) понудили ввести для действительной понятие первообразной не только дробного , но и комплексного по		математика	resolved	noun_complement	GOOD_ADD
математика	математики	pool/differential.txt	Позже Софус Ли ( 1842 — 1899 ), анализируя вопрос об интегрировании уравнений в квадратурах , пришёл к необходимости подробно исследовать группы диффеоморфизмов ( получившие впоследствии имя групп Ли ) — так по теории дифференциальных уравнений возникла одна из самых плодотворных областей современно		математика	resolved	adjective_agreement	GOOD_ADD
математика	математику	pool/quantum.txt	Невозможно представить эти понятия более чем поверхностно , не вводя при этом фактическую математику ; понимание квантовой механики требует не только манипулирования комплексными числами , но и линейной алгебры , дифференциальных уравнений , теории групп и других более сложных областей математики .		математика	resolved	adjective_agreement	GOOD_ADD
молочко	молочка	articles/bee.txt	Первые трое суток личинки рабочих пчёл получают молочко ( по своему составу оно несколько отличается от молочка , которым пчёлы кормят маток и личинок будущих маток ). Личинки рабочих пчёл быстро растут , к концу третьих суток вес их увеличивается почти в 190 раз .		молочко	resolved	preposition:от	GOOD_ADD
молочко	молочка	articles/bee.txt	В мозге пчёл - нянек увеличено содержание основных белков маточного молочка пчёл MRJP1 , MRJP2 и MRJP7 , которые связаны с определением касты пчелы в процессе личиночного развития .		молочко	resolved	adjective_agreement	GOOD_ADD
мора	мор	pool/paris.txt	Два десятилетия назад экологическое состояние Сены оставляло желать лучшего , чему может свидетельствовать массовый мор рыбы в 1990 и 1992 годах .		мор	resolved	lowercase_common	GOOD_ADD
мороз	морозе	articles/baikal.txt	При сильном морозе трещины , имеющие местное название « становые щели », разрывают лёд на отдельные поля .		мороз	resolved	lowercase_common	GOOD_ADD
носов	Нос	articles/baikal.txt	Крупнейший полуостров — Святой Нос .		нос	resolved		GOOD_ADD
остер	острой	pool/paris.txt	В черте города число объектов промышленности невелико вследствие процесса деиндустриализации , начавшегося в середине XX века , благодаря чему загрязнение почв не является острой проблемой .		острый	resolved		GOOD_ADD
остер	острый	pool/stat_mech.txt	Изолированная система : энтропия Анализ способа установления термодинамического баланса между двумя системами с микроканоническими ансамблями с энергиями и , когда они приведены в тепловой контакт , показывает , что произведение имеет очень острый максимум для определённого значения аргумента ( один		острый	resolved		GOOD_ADD
остер	острых	pool/pythagoras.txt	Внутренний четырёхугольник в этой конфигурации является квадратом , так как сумма двух противоположных прямому острых углов — 90 °, а развёрнутый угол — 180 °. Площадь внешнего квадрата равна , он состоит из внутреннего квадрата площадью и четырёх прямоугольных треугольников , каждый площадью , в ре		острый	resolved		GOOD_ADD
панов	Пан	articles/saturn.txt	Мимас , например , находится в резонансе 2 : 1 с щелью Кассини и под воздействием его притяжения вещество удаляется из неё , а Пан находится внутри разделительной полосы Энке .		пан	resolved		GOOD_ADD
пар	паров	articles/saturn.txt	Заряженные частицы водяных паров на орбите планеты приводят к искажению магнитного поля и , как следствие , картины радиоизлучения .		пар	resolved		GOOD_ADD
планк	Планку	pool/quantum.txt	Слово « квант » происходит от латинского quantus , что означает « сколько ». Согласно Планку , количество энергии можно рассматривать как разделённое на « элементы », величина которых ( E ) будет пропорциональна их частоте ( ν ): где h — постоянная Планка .		планк	resolved	mid_sentence_capital	GOOD_ADD
поль	Полем	pool/quantum.txt	Одной из старейших и наиболее распространённых является « теория преобразований », предложенная Полем Дираком , которая объединяет и обобщает две самые ранние формулировки квантовой механики — матричную механику ( изобретена Вернером Гейзенбергом ) и волновую механику ( изобретена Эрвином Шрёдингеро		поль	resolved	mid_sentence_capital	GOOD_ADD
поляна	Поляне	articles/tolstoy.txt	Развитию любви Толстого к музыке содействовало и то , что во время поездки в Петербург в 1848 году он встретился в весьма мало подходящей обстановке танцкласса с даровитым , но сбившимся с пути немцем - музыкантом , которого впоследствии описал в повести « Альберт ». В 1849 году Лев Николаевич посел		поляна	resolved	preposition:в	GOOD_ADD
поляна	Поляне	articles/tolstoy.txt	Детство Лев Николаевич Толстой родился 28 августа [ 9 сентября ] 1828 года в Крапивенском уезде Тульской губернии , в наследственном имении матери — Ясной Поляне .		поляна	resolved	adjective_agreement	GOOD_ADD
поляна	Поляне	articles/tolstoy.txt	Вскоре внезапно умер отец , Николай Ильич , оставив дела ( в том числе некоторые связанные с имуществом семьи тяжбы ) в незаконченном состоянии , и трое младших детей снова поселились в Ясной Поляне под наблюдением Ергольской и тётки по отцу , графини А .		поляна	resolved	preposition:в	GOOD_ADD
премьера	Премьер	pool/china.txt	В октябре 1924 года была принята Конституция Китая — законодательным органом становился Парламент , состоящий из Сената , избираемого органами местного самоуправления сроком на 6 лет , и Палаты Депутатов , избираемого народом сроком на 3 года , главой государства Президент , избираемый Парламентом с		премьера	resolved	preposition:из	GOOD_ADD
прошлое	прошлом	pool/paris.txt	В прошлом Париж неоднократно страдал от паводков , последнее масштабное наводнение произошло в 1910 году .		прошлое	resolved	preposition:в	GOOD_ADD
род	рода	pool/quantum.txt	Шриффер построили теорию сверхпроводников первого рода .		род	resolved		GOOD_ADD
род	рода	articles/tolstoy.txt	Чтобы привести свои расстроенные дела в порядок , Николай Ильич ( как и Николай Ростов ), женился на уже не очень молодой княжне ( ей было 32 года , что по тем временам считалось весьма почтенным возрастом ) Марии Николаевне из рода Волконских в 1822 году , брак был счастливый .		род	resolved		GOOD_ADD
род	рода	pool/laplace.txt	Задача Неймана Задача Неймана — в дифференциальных уравнениях краевая задача с заданными граничными условиями для производной по нормали искомой функции на границе области — так называемые граничные условия второго рода .		род	resolved		GOOD_ADD
род	рода	pool/integral.txt	Примеры интегрируемых функций : непрерывные функции функции , имеющие лишь конечное число разрывов первого рода монотонные функции .		род	resolved		GOOD_ADD
род	рода	pool/thermodynamics.txt	Второе начало термодинамики Второе начало термодинамики задаёт ограничения на направление процессов , которые могут происходить в термодинамических системах , и исключает возможность создания вечного двигателя второго рода .		род	resolved		GOOD_ADD
род	рода	pool/thermodynamics.txt	Равенство эмпирических температур , измеренных с помощью такого прибора — термометра , есть условие теплового равновесия систем ( или частей одной и той же системы ). Первое начало термодинамики Первое начало термодинамики выражает универсальный закон сохранения энергии применительно к задачам термо		род	resolved		GOOD_ADD
род	рода	articles/tolstoy.txt	Биография Происхождение Представитель графской ветви дворянского рода Толстых , происходящей от петровского сподвижника П .		род	resolved		GOOD_ADD
роза	розой	pool/paris.txt	Направление господствующего ветра в соответствии с розой ветров , построенной по данным наблюдений станции Météo - France : юго - западное .		роза	resolved	lowercase_common	GOOD_ADD
ростов	роста	pool/paris.txt	В 2000 - е годы население увеличивалось , преимущественно за счёт роста рождаемости .		рост	resolved		GOOD_ADD
ростов	ростом	pool/orbital.txt	Вместо функции , может строиться произведение , имеющее смысл плотности вероятности нахождения электрона на сфере радиуса ( домножением на учитывается расширение площади сферы с ростом радиуса ). Существенной особенностью , выявляющейся при любом построении радиальной части , выступает наличие точек		рост	resolved		GOOD_ADD
ростов	роста	pool/china.txt	В 1990 - х , 2000 - х и 2010 - х годах темпы экономического роста Китая были выше , чем в среднем в странах АТР .		рост	resolved		GOOD_ADD
ростов	роста	pool/china.txt	В 1636 году название было изменено на Цин ( 清 — « чистый »). В первой половине XVIII века цинскому правительству удалось наладить эффективное управление страной , одним из результатов чего было то , что в этом веке наиболее быстрые темпы роста численности населения наблюдались именно в Китае .		рост	resolved		GOOD_ADD
ростов	ростом	pool/gauss.txt	Это поле можно рассчитать по закону Кулона : , только под Q здесь следует понимать суммарный заряд шаровой области радиусом r ( а это означает , что зависимость от r в итоге отличается от кулоновской , поскольку с ростом r растет Q , по крайней мере пока r не больше радиуса всей заряженной области —		рост	resolved		GOOD_ADD
ростов	ростом	pool/photosynthesis.txt	Разброс характерных времён различных этапов фотосинтеза составляет 19 порядков : скорость процессов поглощения квантов света и переноса энергии измеряется в фемтосекундном интервале ( 10 − 15 с ), скорость электронного транспорта имеет характерные времена 10 − 10 — 10 − 2 с , а процессы , связанные 		рост	resolved		GOOD_ADD
среднее	среднем	articles/baikal.txt	Лёд В период ледостава ( в среднем , в период с 9 января по 4 мая ) Байкал замерзает целиком , кроме небольшого участка протяжённостью в 15 — 20 км , находящегося в истоке Ангары .		среднее	resolved	preposition:в	GOOD_ADD
среднее	среднем	pool/paris.txt	Микроклимат Парижа , обусловленный скученностью и загрязнением , отличается температурой воздуха ( в среднем на 2 ° C выше средней температуры по региону , разница может доходить до 10 ° C ), пониженной влажностью , меньшей светлостью в дневное время и более светлыми ночами .		среднее	resolved	preposition:в	GOOD_ADD
среднее	среднем	articles/bee.txt	Пчёлы испаряют из нектара лишнюю воду и доводят содержание её в меду в среднем до 18 — 20 %. Для этого свежесобранный нектар они сначала размещают маленькими капельками ( напрысками ) по стенкам пустых ячеек сот , потом над этими ячейками долго машут крыльями , выпаривая лишнюю воду .		среднее	resolved	preposition:в	GOOD_ADD
среднее	среднем	pool/china.txt	В 1990 - х , 2000 - х и 2010 - х годах темпы экономического роста Китая были выше , чем в среднем в странах АТР .		среднее	resolved	preposition:в	GOOD_ADD
среднее	среднем	pool/thermodynamics.txt	При этом в системе на микроскопическом уровне могут происходить самые разные процессы , например , химические реакции , которые могут протекать и в прямом , и в обратном направлении , однако в среднем эти процессы компенсируют друг друга , и макроскопические параметры системы остаются неизменными , 		среднее	resolved	preposition:в	GOOD_ADD
среднее	среднем	articles/bee.txt	Свежепринесённый нектар содержит в среднем около 50 % воды .		среднее	resolved	preposition:в	GOOD_ADD
среднее	среднем	magnetism_math_raw.txt	Когда внешнего поля нет , токи намагничивания в среднем равны нулю , а воздействие внешнего магнитного поля на вещество связано с их появлением .		среднее	resolved	preposition:в	GOOD_ADD
среднее	среднем	pool/china.txt	Большинство озёр располагается на Тибетском нагорье и в среднем и нижнем течении Янцзы .		среднее	resolved	preposition:в	GOOD_ADD
среднее	среднем	articles/saturn.txt	Кольца располагаются на широте , как правило , в 70 — 80 °. Южные кольца располагаются на широте в среднем 75 ± 1 °, а северные — ближе к полюсу примерно на 1 , 5 °, что связано с тем , что в северном полушарии магнитное поле несколько сильнее .		среднее	resolved	preposition:в	GOOD_ADD
среднее	среднем	articles/bee.txt	Плодная матка летом весит примерно 250 мг , масса рабочей пчелы равна в среднем 100 мг .		среднее	resolved	preposition:в	GOOD_ADD
среднее	среднем	articles/baikal.txt	Этот факт также делает Байкал уникальным природным объектом , так как большинство озёр , особенно ледникового происхождения , живёт в среднем 10 — 15 тысяч лет , а потом заполняется илистыми осадками и заболачивается .		среднее	resolved	preposition:в	GOOD_ADD
суть	сути	pool/em_field.txt	Представляет собой совокупность электрического и магнитного полей , которые могут , при определённых условиях , порождать друг друга , а по сути являются одной сущностью , формализуемой через тензор электромагнитного поля .		суть	resolved		GOOD_ADD
суть	сути	pool/orbital.txt	Иногда « облако » синонимизируется с атомной орбиталью , что не является искажением сути , но всё же не вполне точно .		суть	resolved		GOOD_ADD
суть	сути	pool/photosynthesis.txt	Фотосинтетические мембраны прокариот Цианобактерии , таким образом , по сути сами являются хлоропластом , и в их клетке фотосинтетический аппарат не вынесен в особую органеллу .		суть	resolved		GOOD_ADD
толстый	толстого	pool/gauss.txt	Прежде всего так же , как для сферической симметрии задачи можно рассчитать не только поле точечного заряда , но и других источников такой симметрии , так это верно и для источников цилиндрической симметрии ( можно легко рассчитать поле не только бесконечной нити , но и бесконечного цилиндра — как в		толстый	resolved	lowercase_common	GOOD_ADD
толстый	толстая	articles/bee.txt	В состав третьего отдела ( задняя кишка ) входят тонкая и толстая ( прямая ) кишка .		толстый	resolved	lowercase_common	GOOD_ADD
физик	физики	pool/quantum.txt	Основанная на подходе де Бройля , современная квантовая механика родилась в 1925 году , когда немецкие физики Вернер Гейзенберг , Макс Борн и Паскуаль Йордан разработали матричную механику , а австрийский физик Эрвин Шрёдингер изобрёл волновую механику .		физик	resolved	adjective_agreement	GOOD_ADD
шар	шаров	pool/gauss.txt	Это поле можно рассчитать по закону Кулона : , только под Q здесь следует понимать суммарный заряд шаровой области радиусом r ( а это означает , что зависимость от r в итоге отличается от кулоновской , поскольку с ростом r растет Q , по крайней мере пока r не больше радиуса всей заряженной области —		шар	resolved	lowercase_common	GOOD_ADD
шаров	шара	pool/gauss.txt	Это поле можно рассчитать по закону Кулона : , только под Q здесь следует понимать суммарный заряд шаровой области радиусом r ( а это означает , что зависимость от r в итоге отличается от кулоновской , поскольку с ростом r растет Q , по крайней мере пока r не больше радиуса всей заряженной области —		шар	resolved		GOOD_ADD
шаров	шара	pool/gauss.txt	Это поле можно рассчитать по закону Кулона : , только под Q здесь следует понимать суммарный заряд шаровой области радиусом r ( а это означает , что зависимость от r в итоге отличается от кулоновской , поскольку с ростом r растет Q , по крайней мере пока r не больше радиуса всей заряженной области —		шар	resolved	adjective_agreement	GOOD_ADD
шаров	шар	pool/paris.txt	Большое внимание уделяется чистоте воздуха : так , над Парижем каждый день запускается видимый в радиусе 40 км воздушный шар , цвет которого меняется в зависимости от качества воздуха .		шар	resolved		GOOD_ADD
белы	белый	articles/saturn.txt	Большое красное пятно на Юпитере , Большое тёмное пятно на Нептуне ). Гигантский « Большой белый овал » появляется на Сатурне примерно один раз в 30 лет , в последний раз он наблюдался в 2010 году ( менее крупные ураганы образуются чаще ). 12 ноября 2008 года камеры станции « Кассини » получили изоб		белый	resolved		GOOD_ADD
белы	белого	pool/paris.txt	Логотип мэрии Парижа представляет собой сине - красную горизонтальную полосу с корабликом у правого края , на синем фоне надпись белого цвета : « Мэрия Парижа ». Население По состоянию на 2015 год , в Париже постоянно проживало 2 666 666 человек .		белый	resolved		GOOD_ADD
белы	белый	articles/bee.txt	Куколка сначала имеет белый цвет , затем она постепенно темнеет .		белый	resolved		GOOD_ADD
белы	белый	pool/china.txt	Здесь водятся золотистая обезьяна , южнокитайский тигр , бурая курица , красноногий ибис , белый дельфин , китайский аллигатор и другие редчайшие представители земной фауны .		белый	resolved		GOOD_ADD
боковым	боковой	pool/gauss.txt	Тогда поток напряжённости через эту поверхность можно рассчитать следующим образом : Учитывается только площадь боковой поверхности цилиндра , так как поток через основания цилиндра равен нулю ( вследствие направления E по касательной к ним ). Приравнивая два полученных выражения для , имеем : ( В с		боковой	resolved	lowercase_common	GOOD_ADD
боковым	боковой	pool/pythagoras.txt	В результате образуются два треугольника , подобных исходному : первый — со сторонами , дальней от неё боковой стороной вписанного равнобедренного треугольника , и — части стороны ; второй — симметрично к нему от стороны со стороной — соответствующей частью стороны .		боковой	resolved	lowercase_common	GOOD_ADD
боковыми	боковой	pool/gauss.txt	Тогда поток напряжённости через эту поверхность можно рассчитать следующим образом : Учитывается только площадь боковой поверхности цилиндра , так как поток через основания цилиндра равен нулю ( вследствие направления E по касательной к ним ). Приравнивая два полученных выражения для , имеем : ( В с		боковой	resolved	lowercase_common	GOOD_ADD
боковыми	боковой	pool/pythagoras.txt	В результате образуются два треугольника , подобных исходному : первый — со сторонами , дальней от неё боковой стороной вписанного равнобедренного треугольника , и — части стороны ; второй — симметрично к нему от стороны со стороной — соответствующей частью стороны .		боковой	resolved	lowercase_common	GOOD_ADD
боковых	боковой	pool/gauss.txt	Тогда поток напряжённости через эту поверхность можно рассчитать следующим образом : Учитывается только площадь боковой поверхности цилиндра , так как поток через основания цилиндра равен нулю ( вследствие направления E по касательной к ним ). Приравнивая два полученных выражения для , имеем : ( В с		боковой	resolved	lowercase_common	GOOD_ADD
боковых	боковой	pool/pythagoras.txt	В результате образуются два треугольника , подобных исходному : первый — со сторонами , дальней от неё боковой стороной вписанного равнобедренного треугольника , и — части стороны ; второй — симметрично к нему от стороны со стороной — соответствующей частью стороны .		боковой	resolved	lowercase_common	GOOD_ADD
быка	быков	pool/pythagoras.txt	Существует предание , сообщённое Диогеном Лаэртским , согласно которому Пифагор якобы отпраздновал открытие своей теоремы гигантским пиром , заклав на радостях сотню быков .		бык	resolved	lowercase_common	GOOD_ADD
быкам	быков	pool/pythagoras.txt	Существует предание , сообщённое Диогеном Лаэртским , согласно которому Пифагор якобы отпраздновал открытие своей теоремы гигантским пиром , заклав на радостях сотню быков .		бык	resolved	lowercase_common	GOOD_ADD
быками	быков	pool/pythagoras.txt	Существует предание , сообщённое Диогеном Лаэртским , согласно которому Пифагор якобы отпраздновал открытие своей теоремы гигантским пиром , заклав на радостях сотню быков .		бык	resolved	lowercase_common	GOOD_ADD
быках	быков	pool/pythagoras.txt	Существует предание , сообщённое Диогеном Лаэртским , согласно которому Пифагор якобы отпраздновал открытие своей теоремы гигантским пиром , заклав на радостях сотню быков .		бык	resolved	lowercase_common	GOOD_ADD
быке	быков	pool/pythagoras.txt	Существует предание , сообщённое Диогеном Лаэртским , согласно которому Пифагор якобы отпраздновал открытие своей теоремы гигантским пиром , заклав на радостях сотню быков .		бык	resolved	lowercase_common	GOOD_ADD
быки	быков	pool/pythagoras.txt	Существует предание , сообщённое Диогеном Лаэртским , согласно которому Пифагор якобы отпраздновал открытие своей теоремы гигантским пиром , заклав на радостях сотню быков .		бык	resolved	lowercase_common	GOOD_ADD
быком	быков	pool/pythagoras.txt	Существует предание , сообщённое Диогеном Лаэртским , согласно которому Пифагор якобы отпраздновал открытие своей теоремы гигантским пиром , заклав на радостях сотню быков .		бык	resolved	lowercase_common	GOOD_ADD
быку	быков	pool/pythagoras.txt	Существует предание , сообщённое Диогеном Лаэртским , согласно которому Пифагор якобы отпраздновал открытие своей теоремы гигантским пиром , заклав на радостях сотню быков .		бык	resolved	lowercase_common	GOOD_ADD
газу	газа	pool/thermodynamics.txt	Наиболее простой вид калорическое уравнение состояния имеет для идеального газа , для которого и , где i — число степеней свободы , i = 3 — для одноатомного газа , i = 5 — для двухатомного и i = 6 — для многоатомного газа .		газ	resolved	lowercase_common	GOOD_ADD
газу	газа	articles/saturn.txt	Во время этого этапа из области Юпитера и Сатурна диссипировала часть газа , что затем повлияло на различие в химическом составе Сатурна и Солнца .		газ	resolved	lowercase_common	GOOD_ADD
газу	газа	articles/bee.txt	Другие На усиках расположены органы , воспринимающие влажность , тепло и холод , уровень содержания углекислого газа , позволяющие контролировать микроклимат гнезда , оптимальный для развития личинок в сотах .		газ	resolved	lowercase_common	GOOD_ADD
газу	газов	pool/photosynthesis.txt	Газообмен ( поступление углекислого газа и выделение кислорода ) осуществляется путём диффузии через устьица ( некоторая часть газов движется через кутикулу ). Поскольку дефицит углекислого газа значительно увеличивает потери ассимилятов при фотодыхании , необходимо поддерживать высокую концентрацию		газ	resolved		GOOD_ADD
газу	газа	pool/photosynthesis.txt	Чаще всего в качестве таких реакций рассматривается цикл Кальвина и глюконеогенез , образование сахаров и крахмала из углекислого газа воздуха .		газ	resolved	lowercase_common	GOOD_ADD
газу	газа	pool/thermodynamics.txt	Основные формулы термодинамики Условные обозначения Формулы термодинамики идеального газа Выражение основных величин через термодинамические потенциалы Все термодинамические потенциалы имеют свои канонические наборы переменных и используются для анализа процессов при соответствующих условиях .		газ	resolved	lowercase_common	GOOD_ADD
газу	газов	pool/thermodynamics.txt	Для многокомпонентной системы число термических уравнений состояния равно числу компонентов , например , для смеси идеальных газов эти уравнения состояния выглядят как , где — число молей - го компонента смеси .		газ	resolved		GOOD_ADD
газу	газа	pool/photosynthesis.txt	В физиологии растений под фотосинтезом чаще понимается фотоавтотрофная функция — совокупность процессов поглощения , превращения и использования энергии квантов света в различных эндергонических реакциях , в том числе превращения углекислого газа в органические вещества .		газ	resolved	lowercase_common	GOOD_ADD
газу	газа	pool/photosynthesis.txt	Газообмен ( поступление углекислого газа и выделение кислорода ) осуществляется путём диффузии через устьица ( некоторая часть газов движется через кутикулу ). Поскольку дефицит углекислого газа значительно увеличивает потери ассимилятов при фотодыхании , необходимо поддерживать высокую концентрацию		газ	resolved	lowercase_common	GOOD_ADD
газу	газа	pool/thermodynamics.txt	Для реальных веществ вместо функции в практических приложениях используются эмпирические зависимости от температуры теплоёмкости при постоянном объёме или теплоёмкости при постоянном давлении где — энтальпия , которая для идеального газа также зависит только от температуры .		газ	resolved	lowercase_common	GOOD_ADD
газу	газ	pool/thermodynamics.txt	Классическая термодинамика включает в себя следующие разделы : начала термодинамики ( иногда также называемые законами или аксиомами ) уравнения состояния и свойства простых термодинамических систем ( идеальный газ , реальный газ , диэлектрики и магнетики и т .		газ	resolved		GOOD_ADD
газу	газ	pool/thermodynamics.txt	Классическая термодинамика включает в себя следующие разделы : начала термодинамики ( иногда также называемые законами или аксиомами ) уравнения состояния и свойства простых термодинамических систем ( идеальный газ , реальный газ , диэлектрики и магнетики и т .		газ	resolved		GOOD_ADD
газу	газа	pool/stat_mech.txt	С другой стороны , опыт показывает , что термодинамические ( макроскопические ) свойства одной и той же массы газа полностью определяются только двумя параметрами ( например , достаточно знать свободную энергию как функцию объема и температуры ) и один из них ( в данном случае температура ) не имеет		газ	resolved	lowercase_common	GOOD_ADD
газу	газа	articles/saturn.txt	На протяжении нескольких сотен тысяч лет длился процесс аккреции газа на эти тела из первичного протопланетного облака .		газ	resolved	lowercase_common	GOOD_ADD
газу	газа	pool/thermodynamics.txt	Уравнение состояния идеального газа называется уравнением Клапейрона — Менделеева и записывается как ', где — давление , — объём , — абсолютная температура , — число молей газа , а — универсальная газовая постоянная .		газ	resolved	lowercase_common	GOOD_ADD
газу	газов	pool/thermodynamics.txt	Для реальных газов было предложено свыше 150 вариантов уравнений состояния .		газ	resolved		GOOD_ADD
газу	газ	pool/thermodynamics.txt	Так , если газ заключён в сосуд с подвижными стенками и его объём определяется положением стенок , то объём является внешним параметром , а давление газа зависит от скоростей теплового движения молекул и является внутренним параметром .		газ	resolved		GOOD_ADD
газу	газа	pool/photosynthesis.txt	При бесхлорофилльном типе фотосинтеза ( как и при реализации циклических потоков в электрон - транспортных цепях ) не происходит образования восстановительных эквивалентов ( восстановленного ферредоксина или НАД ( Ф ) Н ), необходимых для ассимиляции углекислого газа .		газ	resolved	lowercase_common	GOOD_ADD
газу	газа	pool/photosynthesis.txt	По этой причине при бесхлорофилльном фотосинтезе не происходит ассимиляции углекислого газа , а осуществляется исключительно запасание солнечной энергии в виде АТФ ( фотофосфорилирование ). Значение Основной путь получения энергии для « галобактерий » — аэробное окисление органических соединений ( п		газ	resolved	lowercase_common	GOOD_ADD
газу	газе	pool/stat_mech.txt	Статистическая механика или статистическая термодинамика — механика больших ансамблей относительно простых систем , таких как атомы в кристалле , молекулы в газе , фотоны в лазерном пучке , звёзды в галактике , автомобили на шоссе .		газ	resolved	lowercase_common	GOOD_ADD
газу	газа	pool/photosynthesis.txt	Кроме того , первичное поглощение углекислого газа ночью , при низкой температуре , у растений с CAM - фотосинтезом позволяет избежать высоких транспирационных потерь воды .		газ	resolved	lowercase_common	GOOD_ADD
газу	газ	pool/quantum.txt	Одним из важных открытий в этом отношении было наблюдение Майклом Фарадеем в 1838 году свечения , вызванного электрическим разрядом внутри стеклянной трубки , содержащей газ при низком давлении .		газ	resolved		GOOD_ADD
газу	газа	pool/thermodynamics.txt	Так , если газ заключён в сосуд с подвижными стенками и его объём определяется положением стенок , то объём является внешним параметром , а давление газа зависит от скоростей теплового движения молекул и является внутренним параметром .		газ	resolved	lowercase_common	GOOD_ADD
газу	газ	pool/china.txt	Также в стране весьма велики залежи сланца , из которого можно добывать сланцевый газ .		газ	resolved		GOOD_ADD
газу	газов	articles/saturn.txt	Атмосфера и строение Верхние слои атмосферы Сатурна состоят на 96 , 3 % из водорода ( по объёму ) и на 3 , 25 % — из гелия ( по сравнению с 10 % в атмосфере Юпитера ). Имеются примеси метана , аммиака , фосфина , этана и некоторых других газов .		газ	resolved		GOOD_ADD
газу	газа	pool/china.txt	В 2015 году Китай планирует добыть 6 , 5 млрд кубометров сланцевого газа .		газ	resolved	lowercase_common	GOOD_ADD
газу	газа	pool/thermodynamics.txt	Напротив , если задаётся внешнее давление , то его можно считать внешним параметром , а объём газа — внутренним параметром .		газ	resolved	lowercase_common	GOOD_ADD
газу	газов	articles/saturn.txt	Сатурн среди планет Солнечной системы Сатурн относится к типу газовых планет : он состоит в основном из газов и не имеет твёрдой поверхности .		газ	resolved		GOOD_ADD
газу	газа	pool/china.txt	Общий объём производства природного газа в стране вырастет на 6 % с текущего уровня .		газ	resolved	lowercase_common	GOOD_ADD
газу	газа	pool/thermodynamics.txt	Термическое уравнение состояния фотонного газа устанавливает зависимость давления электромагнитного излучения от температуры и не содержит других переменных .		газ	resolved	lowercase_common	GOOD_ADD
газу	газ	pool/photosynthesis.txt	Энергия , получаемая человечеством при сжигании биотоплива ( дрова , пеллеты , биогаз , биодизель , этанол , метанол ) и ископаемого топлива ( уголь , нефть , природный газ , торф ), также является запасённой в процессе фотосинтеза .		газ	resolved		GOOD_ADD
газу	газе	pool/thermodynamics.txt	В системах , не находящихся в состоянии термодинамического равновесия , например , в движущемся газе , может применяться приближение локального равновесия , в котором считается , что соотношения равновесной термодинамики выполняются локально в каждой точке системы .		газ	resolved	lowercase_common	GOOD_ADD
газу	газа	pool/china.txt	К 2020 году в планах — выйти на уровень добычи в диапазоне от 60 млрд до 100 млрд кубометров сланцевого газа ежегодно .		газ	resolved	lowercase_common	GOOD_ADD
газу	газа	pool/thermodynamics.txt	Для идеального газа внутренняя энергия зависит только от температуры .		газ	resolved	lowercase_common	GOOD_ADD
газу	газов	pool/stat_mech.txt	Статистические методы были введены в этом контексте Максвеллом в серии из трех статей ( 1860 — 1879 ) и Больцманом в серии из четырёх статей ( 1870 — 1884 ), которые заложили основы кинетической теории газов .		газ	resolved		GOOD_ADD
газу	газа	pool/thermodynamics.txt	Уравнение состояния идеального газа называется уравнением Клапейрона — Менделеева и записывается как ', где — давление , — объём , — абсолютная температура , — число молей газа , а — универсальная газовая постоянная .		газ	resolved	lowercase_common	GOOD_ADD
газу	газа	pool/thermodynamics.txt	Наиболее простой вид калорическое уравнение состояния имеет для идеального газа , для которого и , где i — число степеней свободы , i = 3 — для одноатомного газа , i = 5 — для двухатомного и i = 6 — для многоатомного газа .		газ	resolved	lowercase_common	GOOD_ADD
газу	газов	pool/quantum.txt	В начале XIX века химические исследования Джона Дальтона и Амедео Авогадро придали вес атомной теории материи , идее , на которой Джеймс Клерк Максвелл , Людвиг Больцман и другие построили кинетическую теорию газов .		газ	resolved		GOOD_ADD
газу	газа	pool/thermodynamics.txt	Наиболее простой вид калорическое уравнение состояния имеет для идеального газа , для которого и , где i — число степеней свободы , i = 3 — для одноатомного газа , i = 5 — для двухатомного и i = 6 — для многоатомного газа .		газ	resolved	lowercase_common	GOOD_ADD
газу	газа	pool/photosynthesis.txt	С4 - фотосинтез Отличие этого механизма фотосинтеза от обычного заключается в том , что фиксация углекислого газа и его использование разделены в пространстве между различными клетками растения .		газ	resolved	lowercase_common	GOOD_ADD
газу	газа	pool/stat_mech.txt	Как правило , число молекул в макроскопической массе газа при стандартных условиях имеет порядок величины равный числу Авогадро , то есть порядка 1023 , что делает невозможным определение его механического ( микроскопического ) состояния .		газ	resolved	lowercase_common	GOOD_ADD
газу	газа	pool/photosynthesis.txt	Газообмен ( поступление углекислого газа и выделение кислорода ) осуществляется путём диффузии через устьица ( некоторая часть газов движется через кутикулу ). Поскольку дефицит углекислого газа значительно увеличивает потери ассимилятов при фотодыхании , необходимо поддерживать высокую концентрацию		газ	resolved	lowercase_common	GOOD_ADD
газы	газа	pool/thermodynamics.txt	Наиболее простой вид калорическое уравнение состояния имеет для идеального газа , для которого и , где i — число степеней свободы , i = 3 — для одноатомного газа , i = 5 — для двухатомного и i = 6 — для многоатомного газа .		газ	resolved	lowercase_common	GOOD_ADD
газы	газа	articles/saturn.txt	Во время этого этапа из области Юпитера и Сатурна диссипировала часть газа , что затем повлияло на различие в химическом составе Сатурна и Солнца .		газ	resolved	lowercase_common	GOOD_ADD
газы	газа	articles/bee.txt	Другие На усиках расположены органы , воспринимающие влажность , тепло и холод , уровень содержания углекислого газа , позволяющие контролировать микроклимат гнезда , оптимальный для развития личинок в сотах .		газ	resolved	lowercase_common	GOOD_ADD
газы	газов	pool/photosynthesis.txt	Газообмен ( поступление углекислого газа и выделение кислорода ) осуществляется путём диффузии через устьица ( некоторая часть газов движется через кутикулу ). Поскольку дефицит углекислого газа значительно увеличивает потери ассимилятов при фотодыхании , необходимо поддерживать высокую концентрацию		газ	resolved		GOOD_ADD
газы	газа	pool/photosynthesis.txt	Чаще всего в качестве таких реакций рассматривается цикл Кальвина и глюконеогенез , образование сахаров и крахмала из углекислого газа воздуха .		газ	resolved	lowercase_common	GOOD_ADD
газы	газа	pool/thermodynamics.txt	Основные формулы термодинамики Условные обозначения Формулы термодинамики идеального газа Выражение основных величин через термодинамические потенциалы Все термодинамические потенциалы имеют свои канонические наборы переменных и используются для анализа процессов при соответствующих условиях .		газ	resolved	lowercase_common	GOOD_ADD
газы	газов	pool/thermodynamics.txt	Для многокомпонентной системы число термических уравнений состояния равно числу компонентов , например , для смеси идеальных газов эти уравнения состояния выглядят как , где — число молей - го компонента смеси .		газ	resolved		GOOD_ADD
газы	газа	pool/photosynthesis.txt	В физиологии растений под фотосинтезом чаще понимается фотоавтотрофная функция — совокупность процессов поглощения , превращения и использования энергии квантов света в различных эндергонических реакциях , в том числе превращения углекислого газа в органические вещества .		газ	resolved	lowercase_common	GOOD_ADD
газы	газа	pool/photosynthesis.txt	Газообмен ( поступление углекислого газа и выделение кислорода ) осуществляется путём диффузии через устьица ( некоторая часть газов движется через кутикулу ). Поскольку дефицит углекислого газа значительно увеличивает потери ассимилятов при фотодыхании , необходимо поддерживать высокую концентрацию		газ	resolved	lowercase_common	GOOD_ADD
газы	газа	pool/thermodynamics.txt	Для реальных веществ вместо функции в практических приложениях используются эмпирические зависимости от температуры теплоёмкости при постоянном объёме или теплоёмкости при постоянном давлении где — энтальпия , которая для идеального газа также зависит только от температуры .		газ	resolved	lowercase_common	GOOD_ADD
газы	газ	pool/thermodynamics.txt	Классическая термодинамика включает в себя следующие разделы : начала термодинамики ( иногда также называемые законами или аксиомами ) уравнения состояния и свойства простых термодинамических систем ( идеальный газ , реальный газ , диэлектрики и магнетики и т .		газ	resolved		GOOD_ADD
газы	газ	pool/thermodynamics.txt	Классическая термодинамика включает в себя следующие разделы : начала термодинамики ( иногда также называемые законами или аксиомами ) уравнения состояния и свойства простых термодинамических систем ( идеальный газ , реальный газ , диэлектрики и магнетики и т .		газ	resolved		GOOD_ADD
газы	газа	pool/stat_mech.txt	С другой стороны , опыт показывает , что термодинамические ( макроскопические ) свойства одной и той же массы газа полностью определяются только двумя параметрами ( например , достаточно знать свободную энергию как функцию объема и температуры ) и один из них ( в данном случае температура ) не имеет		газ	resolved	lowercase_common	GOOD_ADD
газы	газа	articles/saturn.txt	На протяжении нескольких сотен тысяч лет длился процесс аккреции газа на эти тела из первичного протопланетного облака .		газ	resolved	lowercase_common	GOOD_ADD
газы	газа	pool/thermodynamics.txt	Уравнение состояния идеального газа называется уравнением Клапейрона — Менделеева и записывается как ', где — давление , — объём , — абсолютная температура , — число молей газа , а — универсальная газовая постоянная .		газ	resolved	lowercase_common	GOOD_ADD
газы	газов	pool/thermodynamics.txt	Для реальных газов было предложено свыше 150 вариантов уравнений состояния .		газ	resolved		GOOD_ADD
газы	газ	pool/thermodynamics.txt	Так , если газ заключён в сосуд с подвижными стенками и его объём определяется положением стенок , то объём является внешним параметром , а давление газа зависит от скоростей теплового движения молекул и является внутренним параметром .		газ	resolved		GOOD_ADD
газы	газа	pool/photosynthesis.txt	При бесхлорофилльном типе фотосинтеза ( как и при реализации циклических потоков в электрон - транспортных цепях ) не происходит образования восстановительных эквивалентов ( восстановленного ферредоксина или НАД ( Ф ) Н ), необходимых для ассимиляции углекислого газа .		газ	resolved	lowercase_common	GOOD_ADD
газы	газа	pool/photosynthesis.txt	По этой причине при бесхлорофилльном фотосинтезе не происходит ассимиляции углекислого газа , а осуществляется исключительно запасание солнечной энергии в виде АТФ ( фотофосфорилирование ). Значение Основной путь получения энергии для « галобактерий » — аэробное окисление органических соединений ( п		газ	resolved	lowercase_common	GOOD_ADD
газы	газе	pool/stat_mech.txt	Статистическая механика или статистическая термодинамика — механика больших ансамблей относительно простых систем , таких как атомы в кристалле , молекулы в газе , фотоны в лазерном пучке , звёзды в галактике , автомобили на шоссе .		газ	resolved	lowercase_common	GOOD_ADD
газы	газа	pool/photosynthesis.txt	Кроме того , первичное поглощение углекислого газа ночью , при низкой температуре , у растений с CAM - фотосинтезом позволяет избежать высоких транспирационных потерь воды .		газ	resolved	lowercase_common	GOOD_ADD
газы	газ	pool/quantum.txt	Одним из важных открытий в этом отношении было наблюдение Майклом Фарадеем в 1838 году свечения , вызванного электрическим разрядом внутри стеклянной трубки , содержащей газ при низком давлении .		газ	resolved		GOOD_ADD
газы	газа	pool/thermodynamics.txt	Так , если газ заключён в сосуд с подвижными стенками и его объём определяется положением стенок , то объём является внешним параметром , а давление газа зависит от скоростей теплового движения молекул и является внутренним параметром .		газ	resolved	lowercase_common	GOOD_ADD
газы	газ	pool/china.txt	Также в стране весьма велики залежи сланца , из которого можно добывать сланцевый газ .		газ	resolved		GOOD_ADD
газы	газов	articles/saturn.txt	Атмосфера и строение Верхние слои атмосферы Сатурна состоят на 96 , 3 % из водорода ( по объёму ) и на 3 , 25 % — из гелия ( по сравнению с 10 % в атмосфере Юпитера ). Имеются примеси метана , аммиака , фосфина , этана и некоторых других газов .		газ	resolved		GOOD_ADD
газы	газа	pool/china.txt	В 2015 году Китай планирует добыть 6 , 5 млрд кубометров сланцевого газа .		газ	resolved	lowercase_common	GOOD_ADD
газы	газа	pool/thermodynamics.txt	Напротив , если задаётся внешнее давление , то его можно считать внешним параметром , а объём газа — внутренним параметром .		газ	resolved	lowercase_common	GOOD_ADD
газы	газов	articles/saturn.txt	Сатурн среди планет Солнечной системы Сатурн относится к типу газовых планет : он состоит в основном из газов и не имеет твёрдой поверхности .		газ	resolved		GOOD_ADD
газы	газа	pool/china.txt	Общий объём производства природного газа в стране вырастет на 6 % с текущего уровня .		газ	resolved	lowercase_common	GOOD_ADD
газы	газа	pool/thermodynamics.txt	Термическое уравнение состояния фотонного газа устанавливает зависимость давления электромагнитного излучения от температуры и не содержит других переменных .		газ	resolved	lowercase_common	GOOD_ADD
газы	газ	pool/photosynthesis.txt	Энергия , получаемая человечеством при сжигании биотоплива ( дрова , пеллеты , биогаз , биодизель , этанол , метанол ) и ископаемого топлива ( уголь , нефть , природный газ , торф ), также является запасённой в процессе фотосинтеза .		газ	resolved		GOOD_ADD
газы	газе	pool/thermodynamics.txt	В системах , не находящихся в состоянии термодинамического равновесия , например , в движущемся газе , может применяться приближение локального равновесия , в котором считается , что соотношения равновесной термодинамики выполняются локально в каждой точке системы .		газ	resolved	lowercase_common	GOOD_ADD
газы	газа	pool/china.txt	К 2020 году в планах — выйти на уровень добычи в диапазоне от 60 млрд до 100 млрд кубометров сланцевого газа ежегодно .		газ	resolved	lowercase_common	GOOD_ADD
газы	газа	pool/thermodynamics.txt	Для идеального газа внутренняя энергия зависит только от температуры .		газ	resolved	lowercase_common	GOOD_ADD
газы	газов	pool/stat_mech.txt	Статистические методы были введены в этом контексте Максвеллом в серии из трех статей ( 1860 — 1879 ) и Больцманом в серии из четырёх статей ( 1870 — 1884 ), которые заложили основы кинетической теории газов .		газ	resolved		GOOD_ADD
газы	газа	pool/thermodynamics.txt	Уравнение состояния идеального газа называется уравнением Клапейрона — Менделеева и записывается как ', где — давление , — объём , — абсолютная температура , — число молей газа , а — универсальная газовая постоянная .		газ	resolved	lowercase_common	GOOD_ADD
газы	газа	pool/thermodynamics.txt	Наиболее простой вид калорическое уравнение состояния имеет для идеального газа , для которого и , где i — число степеней свободы , i = 3 — для одноатомного газа , i = 5 — для двухатомного и i = 6 — для многоатомного газа .		газ	resolved	lowercase_common	GOOD_ADD
газы	газов	pool/quantum.txt	В начале XIX века химические исследования Джона Дальтона и Амедео Авогадро придали вес атомной теории материи , идее , на которой Джеймс Клерк Максвелл , Людвиг Больцман и другие построили кинетическую теорию газов .		газ	resolved		GOOD_ADD
газы	газа	pool/thermodynamics.txt	Наиболее простой вид калорическое уравнение состояния имеет для идеального газа , для которого и , где i — число степеней свободы , i = 3 — для одноатомного газа , i = 5 — для двухатомного и i = 6 — для многоатомного газа .		газ	resolved	lowercase_common	GOOD_ADD
газы	газа	pool/photosynthesis.txt	С4 - фотосинтез Отличие этого механизма фотосинтеза от обычного заключается в том , что фиксация углекислого газа и его использование разделены в пространстве между различными клетками растения .		газ	resolved	lowercase_common	GOOD_ADD
газы	газа	pool/stat_mech.txt	Как правило , число молекул в макроскопической массе газа при стандартных условиях имеет порядок величины равный числу Авогадро , то есть порядка 1023 , что делает невозможным определение его механического ( микроскопического ) состояния .		газ	resolved	lowercase_common	GOOD_ADD
газы	газа	pool/photosynthesis.txt	Газообмен ( поступление углекислого газа и выделение кислорода ) осуществляется путём диффузии через устьица ( некоторая часть газов движется через кутикулу ). Поскольку дефицит углекислого газа значительно увеличивает потери ассимилятов при фотодыхании , необходимо поддерживать высокую концентрацию		газ	resolved	lowercase_common	GOOD_ADD
горького	горьким	articles/bee.txt	Пчелиный яд представляет собой бесцветную жидкость с характерным запахом и горьким вкусом , имеющую кислую реакцию ( pH = 4 , 5 — 5 , 5 ), на воздухе быстро высыхающую и превращающуюся в аморфные кристаллы плотностью 1 , 1313 г / см ³. Яд пчёл термоустойчив : выдерживает замораживание и нагревание д		горький	resolved	lowercase_common	GOOD_ADD
горького	горький	articles/tolstoy.txt	В это время были написаны « Метель », « Два гусара », закончены « Севастополь в августе » и « Юность », продолжено написание будущих « Казаков ». Однако весёлая и насыщенная жизнь оставила горький осадок в душе Толстого , в это же время у него начался сильный разлад с близким ему кружком писателей .		горький	resolved	lowercase_common	GOOD_ADD
горькую	горьким	articles/bee.txt	Пчелиный яд представляет собой бесцветную жидкость с характерным запахом и горьким вкусом , имеющую кислую реакцию ( pH = 4 , 5 — 5 , 5 ), на воздухе быстро высыхающую и превращающуюся в аморфные кристаллы плотностью 1 , 1313 г / см ³. Яд пчёл термоустойчив : выдерживает замораживание и нагревание д		горький	resolved	lowercase_common	GOOD_ADD
горькую	горький	articles/tolstoy.txt	В это время были написаны « Метель », « Два гусара », закончены « Севастополь в августе » и « Юность », продолжено написание будущих « Казаков ». Однако весёлая и насыщенная жизнь оставила горький осадок в душе Толстого , в это же время у него начался сильный разлад с близким ему кружком писателей .		горький	resolved	lowercase_common	GOOD_ADD
графов	графу	articles/tolstoy.txt	Черты деда Ильи Андреевича даны в « Войне и мире » добродушному , непрактичному старому графу Ростову .		граф	resolved	adjective_agreement	GOOD_ADD
губкой	губки	articles/baikal.txt	Также Байкал уникален среди озёр тем , что на большой глубине здесь обитают пресноводные губки .		губка	resolved	adjective_agreement	GOOD_ADD
дика	диких	pool/china.txt	Фауна Китая по количеству видов диких животных Китай занимает одно из первых мест в мире .		дикий	resolved		GOOD_ADD
долговым	долговой	articles/tolstoy.txt	Вскоре после отставки вынужден был пойти на чиновничью службу , чтобы не оказаться в долговой тюрьме из - за долгов отца , казанского губернатора , умершего под следствием за служебные злоупотребления .		долговой	resolved	lowercase_common	GOOD_ADD
долговыми	долговой	articles/tolstoy.txt	Вскоре после отставки вынужден был пойти на чиновничью службу , чтобы не оказаться в долговой тюрьме из - за долгов отца , казанского губернатора , умершего под следствием за служебные злоупотребления .		долговой	resolved	lowercase_common	GOOD_ADD
долговых	долговой	articles/tolstoy.txt	Вскоре после отставки вынужден был пойти на чиновничью службу , чтобы не оказаться в долговой тюрьме из - за долгов отца , казанского губернатора , умершего под следствием за служебные злоупотребления .		долговой	resolved	lowercase_common	GOOD_ADD
дугласа	Дугласом	pool/quantum.txt	Например , в 1928 году Дугласом Хартри был предложен метод самосогласованного поля , а в 1930 году В .		дуглас	resolved	mid_sentence_capital	GOOD_ADD
живые	живых	pool/photosynthesis.txt	Классификация У живых организмов было обнаружено два типа пигментов , способных выступать фотосинтетическими приёмниками ( антенн ). Эти пигменты поглощают кванты видимого света и обеспечивают дальнейшее запасание энергии излучения в виде энергии электрохимического градиента ионов H + ( протонов ) н		живой	resolved	preposition:у	GOOD_ADD
живые	живых	water_editorial_raw.txt	Это свойство воды важно для живых существ .		живой	resolved	preposition:для	GOOD_ADD
курганом	кургана	articles/tolstoy.txt	на Язоновском редуте , часто подвергавшемся нападениям , командовал батареей в сражении на Чёрной речке , был при бомбардировке во время штурма Малахова кургана .		курган	resolved	lowercase_common	GOOD_ADD
левые	левый	pool/paris.txt	Традиционно деление города на правый берег ( торговая , деловая часть города ) и левый берег ( культурная , образовательная часть города ). Длина Сены в черте Парижа составляет 12 , 78 км , глубина её варьирует от 3 , 8 м ( вблизи моста Насьональ ) до 5 , 7 м ( у моста Мирабо ), ширина русла — от 30		левый	resolved	followed_by_finite_verb	GOOD_ADD
лилией	лилии	pool/paris.txt	В красном нижнем поле щита изображён серебряный корабль с парусом , плывущий по серебряным волнам , в верхнем синем — золотые лилии .		лилия	resolved	lowercase_common adjective_agreement	GOOD_ADD
лилией	лилии	pool/paris.txt	Золотые лилии относятся к эмблеме династии Капетингов , при которых город стал столицей Франции .		лилия	resolved	lowercase_common adjective_agreement followed_by_finite_verb	GOOD_ADD
магнитной	магнитное	articles/saturn.txt	Кольца располагаются на широте , как правило , в 70 — 80 °. Южные кольца располагаются на широте в среднем 75 ± 1 °, а северные — ближе к полюсу примерно на 1 , 5 °, что связано с тем , что в северном полушарии магнитное поле несколько сильнее .		магнитный	resolved		GOOD_ADD
магнитной	магнитное	pool/orbital.txt	В учебной литературе встречается путаница , когда обсуждаются функции для набора квантовых чисел , включающего магнитное , но на иллюстрациях без пояснений приводятся вещественные функции .		магнитный	resolved		GOOD_ADD
магнитной	магнитное	articles/saturn.txt	Величина магнитного поля на экваторе Сатурна 21 мкТл ( 0 , 21 Гс ), что соответствует дипольному магнитному моменту примерно в 4 , 6 × 1018 Тл · м ³. Магнитный диполь Сатурна жёстко связан с его осью вращения , поэтому магнитное поле очень асимметрично .		магнитный	resolved		GOOD_ADD
магнитной	Магнитные	magnetism_miller_raw.txt	Магнитные домены Понятие магнит		магнитный	resolved		GOOD_ADD
магнитной	магнитных	pool/thermodynamics.txt	Для магнитных сред используют магнитное уравнение состояния M = M ( H , T ), примером которого может служить закон Кюри ; для диэлектриков уравнение состояния имеет вид P = P ( E , T ); здесь M — магнитный момент вещества , H — напряжённость магнитного поля , P — поляризованность , E — напряжённость		магнитный	resolved		GOOD_ADD
магнитной	магнитного	articles/saturn.txt	Заряженные частицы водяных паров на орбите планеты приводят к искажению магнитного поля и , как следствие , картины радиоизлучения .		магнитный	resolved		GOOD_ADD
магнитной	магнитного	pool/em_field.txt	В современной формулировке электромагнитное поле представлено тензором электромагнитного поля , компонентами которого являются три компоненты напряжённости электрического поля и три компоненты напряжённости магнитного поля ( или — магнитной индукции ), а также четырёхмерным электромагнитным потенциа		магнитный	resolved		GOOD_ADD
магнитной	Магнитная	articles/saturn.txt	Магнитная ось Сатурна практически совпадает с осью его вращения — угол отклонения не превышает 0 , 01 ° ( у Земли — 11 °). Внутреннее магнитное поле Сатурна отклоняет солнечный ветер от поверхности планеты , предотвращая его взаимодействие с атмосферой , и создаёт область , называемую магнитосферой 		магнитный	resolved		GOOD_ADD
магнитной	магнитного	pool/em_field.txt	Эрстед обнаружил , что проводник , по которому течёт электрический ток , вызывает отклонение стрелки магнитного компаса , расположенного вблизи этого проводника , из чего следовало , что электрические и магнитные явления взаимосвязаны .		магнитный	resolved		GOOD_ADD
магнитной	Магнитное	pool/orbital.txt	Магнитное квантовое число ( иногда пишется , чтобы подчеркнуть , что выбор ограничен выбором ) определяет проекцию орбитального момента импульса на направление магнитного поля и может принимать целые значения от до , включая 0 :. В литературе орбитали обозначают комбинацией квантовых чисел , выставл		магнитный	resolved		GOOD_ADD
магнитной	магнитное	pool/thermodynamics.txt	Для магнитных сред используют магнитное уравнение состояния M = M ( H , T ), примером которого может служить закон Кюри ; для диэлектриков уравнение состояния имеет вид P = P ( E , T ); здесь M — магнитный момент вещества , H — напряжённость магнитного поля , P — поляризованность , E — напряжённость		магнитный	resolved		GOOD_ADD
магнитной	магнитные	pool/em_field.txt	Эрстед обнаружил , что проводник , по которому течёт электрический ток , вызывает отклонение стрелки магнитного компаса , расположенного вблизи этого проводника , из чего следовало , что электрические и магнитные явления взаимосвязаны .		магнитный	resolved		GOOD_ADD
магнитной	магнитным	pool/orbital.txt	Атомная орбиталь ( электронная орбиталь ) — одноэлектронная волновая функция , полученная решением уравнения Шрёдингера для данного атома ; задаётся главным , орбитальным и магнитным квантовыми числами .		магнитный	resolved		GOOD_ADD
магнитной	магнитного	articles/saturn.txt	Предположительно , они возникают из - за магнитного пересоединения под действием солнечного ветра .		магнитный	resolved		GOOD_ADD
магнитной	магнитного	pool/gauss.txt	Аналогичная теорема , также входящая в число уравнений Максвелла , существует и для магнитного поля ( см .		магнитный	resolved		GOOD_ADD
магнитной	магнитное	articles/saturn.txt	Магнитная ось Сатурна практически совпадает с осью его вращения — угол отклонения не превышает 0 , 01 ° ( у Земли — 11 °). Внутреннее магнитное поле Сатурна отклоняет солнечный ветер от поверхности планеты , предотвращая его взаимодействие с атмосферой , и создаёт область , называемую магнитосферой 		магнитный	resolved		GOOD_ADD
магнитной	магнитного	pool/orbital.txt	Магнитное квантовое число ( иногда пишется , чтобы подчеркнуть , что выбор ограничен выбором ) определяет проекцию орбитального момента импульса на направление магнитного поля и может принимать целые значения от до , включая 0 :. В литературе орбитали обозначают комбинацией квантовых чисел , выставл		магнитный	resolved		GOOD_ADD
магнитной	магнитным	pool/em_field.txt	Ампер в 1824 году дал математическое описание взаимодействия проводника тока с магнитным полем ( см .		магнитный	resolved		GOOD_ADD
магнитной	магнитный	pool/thermodynamics.txt	Для магнитных сред используют магнитное уравнение состояния M = M ( H , T ), примером которого может служить закон Кюри ; для диэлектриков уравнение состояния имеет вид P = P ( E , T ); здесь M — магнитный момент вещества , H — напряжённость магнитного поля , P — поляризованность , E — напряжённость		магнитный	resolved		GOOD_ADD
магнитной	магнитным	articles/saturn.txt	Среди спутников наибольшую роль играет Энцелад , гейзеры которого выбрасывают водяной пар , часть которого ионизируется магнитным полем Сатурна .		магнитный	resolved		GOOD_ADD
магнитной	магнитного	pool/thermodynamics.txt	Для магнитных сред используют магнитное уравнение состояния M = M ( H , T ), примером которого может служить закон Кюри ; для диэлектриков уравнение состояния имеет вид P = P ( E , T ); здесь M — магнитный момент вещества , H — напряжённость магнитного поля , P — поляризованность , E — напряжённость		магнитный	resolved		GOOD_ADD
магнитной	магнитных	pool/gauss.txt	При этом теорема переформулируется : поток вектора электрического смещения через замкнутую поверхность пропорционален заключённому внутри этой поверхности свободному электрическому заряду : В дифференциальной форме : Теорема Гаусса для магнитной индукции Поток вектора магнитной индукции через любую 		магнитный	resolved		GOOD_ADD
магнитной	магнитного	magnetism_math_raw.txt	При этом среднюю напряжённость микроскопического магнитного поля называют магнитной индукцией : Токи намагничивания и элементарные магнитные моменты Усреднённые по объёму молекулярные токи называют токами намагничивания .		магнитный	resolved		GOOD_ADD
магнитной	магнитные	pool/em_field.txt	Электромагнитное поле — фундаментальное физическое поле , взаимодействующее с электрически заряженными телами , а также с телами , имеющими собственные дипольные и мультипольные электрические и магнитные моменты .		магнитный	resolved		GOOD_ADD
магнитной	магнитное	pool/orbital.txt	Другой способ — запись вида , где главное и магнитное квантовые числа указываются цифрами , а орбитальное число — буквой ( см .		магнитный	resolved		GOOD_ADD
магнитной	магнитное	articles/saturn.txt	У Сатурна имеется планетарное магнитное поле , занимающее промежуточное положение по напряжённости между магнитным полем Земли и мощным полем Юпитера .		магнитный	resolved		GOOD_ADD
магнитной	магнитное	pool/gauss.txt	При этом теорема переформулируется : поток вектора электрического смещения через замкнутую поверхность пропорционален заключённому внутри этой поверхности свободному электрическому заряду : В дифференциальной форме : Теорема Гаусса для магнитной индукции Поток вектора магнитной индукции через любую 		магнитный	resolved		GOOD_ADD
магнитной	магнитного	pool/em_field.txt	Представляет собой совокупность электрического и магнитного полей , которые могут , при определённых условиях , порождать друг друга , а по сути являются одной сущностью , формализуемой через тензор электромагнитного поля .		магнитный	resolved		GOOD_ADD
магнитной	Магнитное	articles/saturn.txt	Магнитное поле Сатурна , так же как и Юпитера , создаётся за счёт эффекта динамо при циркуляции металлического водорода во внешнем ядре .		магнитный	resolved		GOOD_ADD
магнитной	магнитным	articles/saturn.txt	У Сатурна имеется планетарное магнитное поле , занимающее промежуточное положение по напряжённости между магнитным полем Земли и мощным полем Юпитера .		магнитный	resolved		GOOD_ADD
магнитной	магнитные	magnetism_math_raw.txt	При этом среднюю напряжённость микроскопического магнитного поля называют магнитной индукцией : Токи намагничивания и элементарные магнитные моменты Усреднённые по объёму молекулярные токи называют токами намагничивания .		магнитный	resolved		GOOD_ADD
магнитной	магнитного	pool/em_field.txt	Фарадей экспериментально обнаружил и дал математическое описание явления электромагнитной индукции — возникновения электродвижущей силы в проводнике , находящемся под действием изменяющегося магнитного поля .		магнитный	resolved		GOOD_ADD
магнитной	Магнитное	articles/saturn.txt	Магнитное поле Сатурна простирается на 1 000 000 километров в направлении Солнца .		магнитный	resolved		GOOD_ADD
магнитной	магнитное	pool/gauss.txt	Иными словами , теорема Гаусса для магнитной индукции показывает , что магнитное поле является ( полностью ) вихревым .		магнитный	resolved		GOOD_ADD
магнитной	Магнитное	articles/saturn.txt	Магнитное поле является почти дипольным , так же как и у Земли , с северным и южным магнитными полюсами .		магнитный	resolved		GOOD_ADD
магнитной	магнитное	pool/em_field.txt	Максвелл создаёт теорию электромагнитного поля , согласно которой электрическое и магнитное поля существуют как взаимосвязанные составляющие единого целого — электромагнитного поля .		магнитный	resolved		GOOD_ADD
магнитной	магнитного	magnetism_math_raw.txt	Когда внешнего поля нет , токи намагничивания в среднем равны нулю , а воздействие внешнего магнитного поля на вещество связано с их появлением .		магнитный	resolved		GOOD_ADD
магнитной	магнитными	articles/saturn.txt	Магнитное поле является почти дипольным , так же как и у Земли , с северным и южным магнитными полюсами .		магнитный	resolved		GOOD_ADD
магнитной	магнитный	articles/saturn.txt	Северный магнитный полюс находится в северном полушарии , а южный — в южном , в отличие от Земли , где расположение географических полюсов противоположно расположению магнитных .		магнитный	resolved		GOOD_ADD
магнитной	магнитное	pool/em_field.txt	При переходе от одной инерциальной системы отсчёта к другой электрическое и магнитное поле в новой системе отсчёта — каждое зависит от обоих — электрического и магнитного — в старой , и это ещё одна из причин , заставляющая рассматривать электрическое и магнитное поля как проявления единого электром		магнитный	resolved		GOOD_ADD
магнитной	магнитных	articles/saturn.txt	Северный магнитный полюс находится в северном полушарии , а южный — в южном , в отличие от Земли , где расположение географических полюсов противоположно расположению магнитных .		магнитный	resolved		GOOD_ADD
магнитной	магнитного	articles/saturn.txt	Величина магнитного поля на экваторе Сатурна 21 мкТл ( 0 , 21 Гс ), что соответствует дипольному магнитному моменту примерно в 4 , 6 × 1018 Тл · м ³. Магнитный диполь Сатурна жёстко связан с его осью вращения , поэтому магнитное поле очень асимметрично .		магнитный	resolved		GOOD_ADD
магнитной	магнитного	pool/em_field.txt	При переходе от одной инерциальной системы отсчёта к другой электрическое и магнитное поле в новой системе отсчёта — каждое зависит от обоих — электрического и магнитного — в старой , и это ещё одна из причин , заставляющая рассматривать электрическое и магнитное поля как проявления единого электром		магнитный	resolved		GOOD_ADD
магнитной	магнитного	pool/quantum.txt	Первая экспериментальная демонстрация двухкубитного квантового компьютера , работающего на явлении ядерного магнитного резонанса , была выполнена в 1998 году .		магнитный	resolved		GOOD_ADD
магнитной	магнитное	articles/saturn.txt	Среднее расстояние до магнитопаузы составляет 22 R ♄. С другой стороны планеты солнечный ветер растягивает магнитное поле Сатурна в длинный магнитный хвост .		магнитный	resolved		GOOD_ADD
магнитной	магнитному	articles/saturn.txt	Величина магнитного поля на экваторе Сатурна 21 мкТл ( 0 , 21 Гс ), что соответствует дипольному магнитному моменту примерно в 4 , 6 × 1018 Тл · м ³. Магнитный диполь Сатурна жёстко связан с его осью вращения , поэтому магнитное поле очень асимметрично .		магнитный	resolved		GOOD_ADD
магнитной	Магнитное	articles/saturn.txt	Магнитное поле Магнитосфера Сатурна открыта космическим аппаратом « Пионер - 11 » в 1979 году .		магнитный	resolved		GOOD_ADD
магнитной	магнитное	pool/em_field.txt	При переходе от одной инерциальной системы отсчёта к другой электрическое и магнитное поле в новой системе отсчёта — каждое зависит от обоих — электрического и магнитного — в старой , и это ещё одна из причин , заставляющая рассматривать электрическое и магнитное поля как проявления единого электром		магнитный	resolved		GOOD_ADD
магнитной	магнитный	articles/saturn.txt	Среднее расстояние до магнитопаузы составляет 22 R ♄. С другой стороны планеты солнечный ветер растягивает магнитное поле Сатурна в длинный магнитный хвост .		магнитный	resolved		GOOD_ADD
магнитной	Магнитное	magnetism_math_raw.txt	Микроскопические уравнения ==== На микроскопическом уровне электромагнитные поля задаются уравнениями Лоренца — Максвелла ( так называемые , микроскопические уравнения ). Магнитное поле с микроскопической напряжённостью h описывается системой из двух уравнений ( СГС ): где e — микроскопическая напря		магнитный	resolved		GOOD_ADD
магнитной	магнитное	articles/saturn.txt	км водород становится металлическим ( давление там достигает около 3 миллионов атмосфер ). Циркуляция электрических токов в металлическом водороде создаёт магнитное поле ( гораздо менее мощное , чем у Юпитера ). В центре планеты находится массивное ядро из твёрдых и тяжёлых материалов — силикатов , 		магнитный	resolved		GOOD_ADD
магнитной	Магнитный	articles/saturn.txt	Величина магнитного поля на экваторе Сатурна 21 мкТл ( 0 , 21 Гс ), что соответствует дипольному магнитному моменту примерно в 4 , 6 × 1018 Тл · м ³. Магнитный диполь Сатурна жёстко связан с его осью вращения , поэтому магнитное поле очень асимметрично .		магнитный	resolved		GOOD_ADD
магнитную	магнитной	pool/em_field.txt	В современной формулировке электромагнитное поле представлено тензором электромагнитного поля , компонентами которого являются три компоненты напряжённости электрического поля и три компоненты напряжённости магнитного поля ( или — магнитной индукции ), а также четырёхмерным электромагнитным потенциа		магнитный	resolved	lowercase_common	GOOD_ADD
магнитную	магнитной	pool/gauss.txt	При этом теорема переформулируется : поток вектора электрического смещения через замкнутую поверхность пропорционален заключённому внутри этой поверхности свободному электрическому заряду : В дифференциальной форме : Теорема Гаусса для магнитной индукции Поток вектора магнитной индукции через любую 		магнитный	resolved	lowercase_common	GOOD_ADD
магнитную	магнитной	pool/gauss.txt	При этом теорема переформулируется : поток вектора электрического смещения через замкнутую поверхность пропорционален заключённому внутри этой поверхности свободному электрическому заряду : В дифференциальной форме : Теорема Гаусса для магнитной индукции Поток вектора магнитной индукции через любую 		магнитный	resolved	lowercase_common	GOOD_ADD
магнитную	магнитной	magnetism_math_raw.txt	При этом среднюю напряжённость микроскопического магнитного поля называют магнитной индукцией : Токи намагничивания и элементарные магнитные моменты Усреднённые по объёму молекулярные токи называют токами намагничивания .		магнитный	resolved	lowercase_common	GOOD_ADD
магнитную	магнитной	pool/gauss.txt	Иными словами , теорема Гаусса для магнитной индукции показывает , что магнитное поле является ( полностью ) вихревым .		магнитный	resolved	lowercase_common	GOOD_ADD
магнитную	магнитной	pool/em_field.txt	Эта теория с единой точки зрения объясняла результаты всех предшествующих исследований в области электродинамики , и , кроме того , из неё вытекало , что любые изменения электромагнитного поля должны порождать электромагнитные волны , распространяющиеся в диэлектрической среде ( в том числе , в пуст		магнитный	resolved	lowercase_common	GOOD_ADD
малого	малом	pool/gauss.txt	— поток через площадку , вырезаемую телесным углом из поверхности S , равен потоку через площадку вырезаемую телесным углом из любой плоскости , перпендикулярной лучам , лежащим внутри , которые при бесконечно малом телесном угле почти параллельны , отличаясь по направлению бесконечно мало , значит 		малое	resolved	preposition:при adjective_agreement	GOOD_ADD
марты	марта	pool/paris.txt	Мэром Парижа с марта 2026 года является Эмманюэль Грегуар , член Социалистической партии Франции .		март	resolved		GOOD_ADD
марты	марте	articles/saturn.txt	В марте 2007 года было обнаружено , что вращение диаграммы направленности радиоизлучения Сатурна порождено конвекционными потоками в плазменном диске , которые зависят не только от вращения планеты , но и от других факторов .		март	resolved		GOOD_ADD
марты	марта	articles/tolstoy.txt	С 11 марта 1847 г .		март	resolved		GOOD_ADD
марты	марте	articles/tolstoy.txt	Зимой 1850 — 1851 годов начал писать « Детство ». В марте 1851 года написал « Историю вчерашнего дня ». Через 4 года после того , как он оставил университет , в Ясную Поляну приехал служивший на Кавказе брат Льва Николаевича Николай , который пригласил младшего брата присоединиться к военной службе 		март	resolved		GOOD_ADD
марты	марта	pool/china.txt	22 марта 1916 года республика была восстановлена .		март	resolved		GOOD_ADD
марты	марта	pool/paris.txt	31 марта 1814 года союзные войска во главе с прусским королём и российским императором вступили в город .		март	resolved		GOOD_ADD
марты	марта	articles/saturn.txt	11 марта 2025 астрономы объявили об обнаружении 128 новых спутников Сатурна , общее число известных спутников планеты достигло 274 .		март	resolved		GOOD_ADD
марты	марта	articles/tolstoy.txt	26 марта 1856 года был произведён в чин поручика .		март	resolved		GOOD_ADD
марты	марта	articles/tolstoy.txt	Толстой находился в казанском госпитале , 17 марта он начал вести дневник , где , подражая Бенджамину Франклину , ставил перед собой цели и задачи по самосовершенствованию , отмечал успехи и неудачи в выполнении этих заданий , анализировал свои недостатки и ход мыслей , мотивы своих поступков .		март	resolved		GOOD_ADD
марты	марте	pool/china.txt	В марте 1926 году Чан Кайши осуществил в Кантоне военный переворот , изгнал из города коммунистов , а спустя три месяца был избран председателем Гоминьдана и главнокомандующим вооружёнными войсками .		март	resolved		GOOD_ADD
марты	марта	articles/saturn.txt	16 марта 2026 года Центр малых планет объявил об открытии 11 новых спутников , что увеличило их общее число с 274 до 285 , а на 5 мая на сайте JPL NASA добавилось ещё 7 новых спутников .		март	resolved		GOOD_ADD
математикам	математики	pool/integral.txt	Значительное влияние на исследования интегральных исчислений и интегрирования рациональных функций оказало появление метода Остроградского ( 1844 ), от которого отталкивались почти все последующие математики .		математик	resolved	adjective_agreement	GOOD_ADD
маши	машут	articles/bee.txt	Пчёлы испаряют из нектара лишнюю воду и доводят содержание её в меду в среднем до 18 — 20 %. Для этого свежесобранный нектар они сначала размещают маленькими капельками ( напрысками ) по стенкам пустых ячеек сот , потом над этими ячейками долго машут крыльями , выпаривая лишнюю воду .		махать	resolved		GOOD_ADD
машу	машут	articles/bee.txt	Пчёлы испаряют из нектара лишнюю воду и доводят содержание её в меду в среднем до 18 — 20 %. Для этого свежесобранный нектар они сначала размещают маленькими капельками ( напрысками ) по стенкам пустых ячеек сот , потом над этими ячейками долго машут крыльями , выпаривая лишнюю воду .		махать	resolved		GOOD_ADD
морозу	морозе	articles/baikal.txt	При сильном морозе трещины , имеющие местное название « становые щели », разрывают лёд на отдельные поля .		мороз	resolved	lowercase_common	GOOD_ADD
начала	начал	pool/thermodynamics.txt	Из начал термодинамики следует , что полный дифференциал энтальпии имеет вид .		начало	resolved	preposition:из	GOOD_ADD
полков	полка	articles/tolstoy.txt	Участник заграничного похода русской армии против Наполеона , в том числе участвовал в « битве народов » у Лейпцига и побывал в плену у французов , но смог сбежать , после заключения мира вышел в отставку в чине подполковника Павлоградского гусарского полка .		полк,полок	conservative	adjective_agreement	POLICY_B
полком	полка	articles/tolstoy.txt	Участник заграничного похода русской армии против Наполеона , в том числе участвовал в « битве народов » у Лейпцига и побывал в плену у французов , но смог сбежать , после заключения мира вышел в отставку в чине подполковника Павлоградского гусарского полка .		полк,полок	conservative	adjective_agreement	POLICY_B
полянах	Поляне	articles/tolstoy.txt	Развитию любви Толстого к музыке содействовало и то , что во время поездки в Петербург в 1848 году он встретился в весьма мало подходящей обстановке танцкласса с даровитым , но сбившимся с пути немцем - музыкантом , которого впоследствии описал в повести « Альберт ». В 1849 году Лев Николаевич посел		поляна	resolved	preposition:в	GOOD_ADD
полянах	Поляне	articles/tolstoy.txt	Детство Лев Николаевич Толстой родился 28 августа [ 9 сентября ] 1828 года в Крапивенском уезде Тульской губернии , в наследственном имении матери — Ясной Поляне .		поляна	resolved	adjective_agreement	GOOD_ADD
полянах	Поляне	articles/tolstoy.txt	Вскоре внезапно умер отец , Николай Ильич , оставив дела ( в том числе некоторые связанные с имуществом семьи тяжбы ) в незаконченном состоянии , и трое младших детей снова поселились в Ясной Поляне под наблюдением Ергольской и тётки по отцу , графини А .		поляна	resolved	preposition:в	GOOD_ADD
правые	правого	pool/paris.txt	Логотип мэрии Парижа представляет собой сине - красную горизонтальную полосу с корабликом у правого края , на синем фоне надпись белого цвета : « Мэрия Парижа ». Население По состоянию на 2015 год , в Париже постоянно проживало 2 666 666 человек .		правый	resolved	preposition:у	GOOD_ADD
правые	правый	pool/paris.txt	Традиционно деление города на правый берег ( торговая , деловая часть города ) и левый берег ( культурная , образовательная часть города ). Длина Сены в черте Парижа составляет 12 , 78 км , глубина её варьирует от 3 , 8 м ( вблизи моста Насьональ ) до 5 , 7 м ( у моста Мирабо ), ширина русла — от 30		правый	resolved	followed_by_finite_verb	GOOD_ADD
премьерами	Премьер	pool/china.txt	В октябре 1924 года была принята Конституция Китая — законодательным органом становился Парламент , состоящий из Сената , избираемого органами местного самоуправления сроком на 6 лет , и Палаты Депутатов , избираемого народом сроком на 3 года , главой государства Президент , избираемый Парламентом с		премьера	resolved	preposition:из	GOOD_ADD
премьере	Премьер	pool/china.txt	В октябре 1924 года была принята Конституция Китая — законодательным органом становился Парламент , состоящий из Сената , избираемого органами местного самоуправления сроком на 6 лет , и Палаты Депутатов , избираемого народом сроком на 3 года , главой государства Президент , избираемый Парламентом с		премьера	resolved	preposition:из	GOOD_ADD
премьеру	Премьер	pool/china.txt	В октябре 1924 года была принята Конституция Китая — законодательным органом становился Парламент , состоящий из Сената , избираемого органами местного самоуправления сроком на 6 лет , и Палаты Депутатов , избираемого народом сроком на 3 года , главой государства Президент , избираемый Парламентом с		премьера	resolved	preposition:из	GOOD_ADD
премьеры	Премьер	pool/china.txt	В октябре 1924 года была принята Конституция Китая — законодательным органом становился Парламент , состоящий из Сената , избираемого органами местного самоуправления сроком на 6 лет , и Палаты Депутатов , избираемого народом сроком на 3 года , главой государства Президент , избираемый Парламентом с		премьера	resolved	preposition:из	GOOD_ADD
прошлого	прошлом	pool/paris.txt	В прошлом Париж неоднократно страдал от паводков , последнее масштабное наводнение произошло в 1910 году .		прошлое	resolved	preposition:в	GOOD_ADD
прошлому	прошлом	pool/paris.txt	В прошлом Париж неоднократно страдал от паводков , последнее масштабное наводнение произошло в 1910 году .		прошлое	resolved	preposition:в	GOOD_ADD
прошлым	прошлом	pool/paris.txt	В прошлом Париж неоднократно страдал от паводков , последнее масштабное наводнение произошло в 1910 году .		прошлое	resolved	preposition:в	GOOD_ADD
рабочие	рабочих	articles/bee.txt	Восковые железы у рабочих пчёл наиболее развиты в возрасте от 12 до 18 дней .		рабочий	resolved	preposition:у	GOOD_ADD
рабочие	рабочих	pool/em_field.txt	Нормирование уровней ЭМП проводится раздельно для рабочих мест и санитарно - селитебной зоны .		рабочий	resolved	preposition:для	GOOD_ADD
рабочие	рабочих	articles/bee.txt	Рабочие пчёлы Пчелиная семья состоит в основном из рабочих пчёл .		рабочий	resolved	preposition:из	GOOD_ADD
рабочие	рабочих	articles/bee.txt	Число обонятельных пор на усиках трутней примерно в 7 раз больше , чем у рабочих пчёл .		рабочий	resolved	preposition:у	GOOD_ADD
рабочие	рабочих	articles/bee.txt	Матка выделяется среди рабочих пчёл более крупными размерами тела — от 18 до 25 мм ( у рабочих пчёл от 12 до 15 мм ) — и сравнительно короткими крыльями ( по отношению к длине тела ). По сравнению с рабочими пчёлами хоботок у матки короче ( 3 , 5 мм ). Она , как и рабочие пчёлы , имеет жало , но исп		рабочий	resolved	preposition:среди	GOOD_ADD
рабочие	рабочих	articles/bee.txt	Матка выделяется среди рабочих пчёл более крупными размерами тела — от 18 до 25 мм ( у рабочих пчёл от 12 до 15 мм ) — и сравнительно короткими крыльями ( по отношению к длине тела ). По сравнению с рабочими пчёлами хоботок у матки короче ( 3 , 5 мм ). Она , как и рабочие пчёлы , имеет жало , но исп		рабочий	resolved	preposition:у	GOOD_ADD
рабочие	рабочих	articles/bee.txt	Они , как и пчелиная матка , являются женскими особями ; однако , в отличие от матки , половые органы у рабочих пчёл недоразвиты .		рабочий	resolved	preposition:у	GOOD_ADD
рабочим	рабочих	articles/bee.txt	Восковые железы у рабочих пчёл наиболее развиты в возрасте от 12 до 18 дней .		рабочий	resolved	preposition:у	GOOD_ADD
рабочим	рабочих	pool/em_field.txt	Нормирование уровней ЭМП проводится раздельно для рабочих мест и санитарно - селитебной зоны .		рабочий	resolved	preposition:для	GOOD_ADD
рабочим	рабочих	articles/bee.txt	Рабочие пчёлы Пчелиная семья состоит в основном из рабочих пчёл .		рабочий	resolved	preposition:из	GOOD_ADD
рабочим	рабочих	articles/bee.txt	Число обонятельных пор на усиках трутней примерно в 7 раз больше , чем у рабочих пчёл .		рабочий	resolved	preposition:у	GOOD_ADD
рабочим	рабочих	articles/bee.txt	Матка выделяется среди рабочих пчёл более крупными размерами тела — от 18 до 25 мм ( у рабочих пчёл от 12 до 15 мм ) — и сравнительно короткими крыльями ( по отношению к длине тела ). По сравнению с рабочими пчёлами хоботок у матки короче ( 3 , 5 мм ). Она , как и рабочие пчёлы , имеет жало , но исп		рабочий	resolved	preposition:среди	GOOD_ADD
рабочим	рабочих	articles/bee.txt	Матка выделяется среди рабочих пчёл более крупными размерами тела — от 18 до 25 мм ( у рабочих пчёл от 12 до 15 мм ) — и сравнительно короткими крыльями ( по отношению к длине тела ). По сравнению с рабочими пчёлами хоботок у матки короче ( 3 , 5 мм ). Она , как и рабочие пчёлы , имеет жало , но исп		рабочий	resolved	preposition:у	GOOD_ADD
рабочим	рабочих	articles/bee.txt	Они , как и пчелиная матка , являются женскими особями ; однако , в отличие от матки , половые органы у рабочих пчёл недоразвиты .		рабочий	resolved	preposition:у	GOOD_ADD
розе	розой	pool/paris.txt	Направление господствующего ветра в соответствии с розой ветров , построенной по данным наблюдений станции Météo - France : юго - западное .		роза	resolved	lowercase_common	GOOD_ADD
рою	роем	articles/bee.txt	При подготовке же пчёл к роению ( во время которого матка улетает с роем ) яйца для вывода новых маток старая матка откладывает в заранее отстроенные пчёлами маточные мисочки — основания будущих роевых маточников .		рой,рыть	conservative	lowercase_common	POLICY_B
роя	роем	articles/bee.txt	При подготовке же пчёл к роению ( во время которого матка улетает с роем ) яйца для вывода новых маток старая матка откладывает в заранее отстроенные пчёлами маточные мисочки — основания будущих роевых маточников .		рой,рыть	conservative	lowercase_common	POLICY_B
сахаре	сахаров	pool/photosynthesis.txt	Чаще всего в качестве таких реакций рассматривается цикл Кальвина и глюконеогенез , образование сахаров и крахмала из углекислого газа воздуха .		сахар	resolved	lowercase_common	GOOD_ADD
спинов	спина	pool/quantum.txt	Точная природа этого гильбертова пространства зависит от рассматриваемой системы — например , для описания координаты и импульса частицы гильбертово пространство — это пространство комплексных квадратично интегрируемых функций , а гильбертово пространство для спина одиночной частицы — это просто про		спин	resolved	preposition:для	GOOD_ADD
спинов	спина	pool/schrodinger.txt	Уравнение Шрёдингера предназначено для частиц без спина , движущихся со скоростями , много меньшими скорости света .		спин	resolved	preposition:без	GOOD_ADD
спинов	спине	pool/photosynthesis.txt	При неизменном спине электрона возникают синглетные первое и второе возбуждённые состояния , при изменённом — триплетное первое и второе .		спин	resolved	preposition:при adjective_agreement	GOOD_ADD
существу	существ	water_editorial_raw.txt	Вода необходима для жизни всех без исключения живых существ на Земле .		существо	resolved	adjective_agreement	GOOD_ADD
существу	существ	pool/photosynthesis.txt	В качестве побочного продукта выделяется кислород , необходимый для осуществления дыхания живых существ .		существо	resolved	adjective_agreement	GOOD_ADD
существу	существ	water_editorial_raw.txt	Это свойство воды важно для живых существ .		существо	resolved	preposition:для	GOOD_ADD
тепла	тепло	articles/saturn.txt	Значительная часть этой энергии генерируется за счёт механизма Кельвина — Гельмгольца ( когда температура планеты падает , то падает и давление в ней , в результате она сжимается , а потенциальная энергия её вещества переходит в тепло ). При этом , однако , было показано , что этот механизм не может		тепло	resolved	preposition:в	GOOD_ADD
толстом	толстого	pool/gauss.txt	Прежде всего так же , как для сферической симметрии задачи можно рассчитать не только поле точечного заряда , но и других источников такой симметрии , так это верно и для источников цилиндрической симметрии ( можно легко рассчитать поле не только бесконечной нити , но и бесконечного цилиндра — как в		толстый	resolved	lowercase_common	GOOD_ADD
толстом	толстая	articles/bee.txt	В состав третьего отдела ( задняя кишка ) входят тонкая и толстая ( прямая ) кишка .		толстый	resolved	lowercase_common	GOOD_ADD
толстую	толстого	pool/gauss.txt	Прежде всего так же , как для сферической симметрии задачи можно рассчитать не только поле точечного заряда , но и других источников такой симметрии , так это верно и для источников цилиндрической симметрии ( можно легко рассчитать поле не только бесконечной нити , но и бесконечного цилиндра — как в		толстый	resolved	lowercase_common	GOOD_ADD
толстую	толстая	articles/bee.txt	В состав третьего отдела ( задняя кишка ) входят тонкая и толстая ( прямая ) кишка .		толстый	resolved	lowercase_common	GOOD_ADD
толстые	толстого	pool/gauss.txt	Прежде всего так же , как для сферической симметрии задачи можно рассчитать не только поле точечного заряда , но и других источников такой симметрии , так это верно и для источников цилиндрической симметрии ( можно легко рассчитать поле не только бесконечной нити , но и бесконечного цилиндра — как в		толстый	resolved	lowercase_common	GOOD_ADD
толстые	толстая	articles/bee.txt	В состав третьего отдела ( задняя кишка ) входят тонкая и толстая ( прямая ) кишка .		толстый	resolved	lowercase_common	GOOD_ADD
толстым	толстого	pool/gauss.txt	Прежде всего так же , как для сферической симметрии задачи можно рассчитать не только поле точечного заряда , но и других источников такой симметрии , так это верно и для источников цилиндрической симметрии ( можно легко рассчитать поле не только бесконечной нити , но и бесконечного цилиндра — как в		толстый	resolved	lowercase_common	GOOD_ADD
толстым	толстая	articles/bee.txt	В состав третьего отдела ( задняя кишка ) входят тонкая и толстая ( прямая ) кишка .		толстый	resolved	lowercase_common	GOOD_ADD
толстыми	толстого	pool/gauss.txt	Прежде всего так же , как для сферической симметрии задачи можно рассчитать не только поле точечного заряда , но и других источников такой симметрии , так это верно и для источников цилиндрической симметрии ( можно легко рассчитать поле не только бесконечной нити , но и бесконечного цилиндра — как в		толстый	resolved	lowercase_common	GOOD_ADD
толстыми	толстая	articles/bee.txt	В состав третьего отдела ( задняя кишка ) входят тонкая и толстая ( прямая ) кишка .		толстый	resolved	lowercase_common	GOOD_ADD
толстых	толстого	pool/gauss.txt	Прежде всего так же , как для сферической симметрии задачи можно рассчитать не только поле точечного заряда , но и других источников такой симметрии , так это верно и для источников цилиндрической симметрии ( можно легко рассчитать поле не только бесконечной нити , но и бесконечного цилиндра — как в		толстый	resolved	lowercase_common	GOOD_ADD
толстых	толстая	articles/bee.txt	В состав третьего отдела ( задняя кишка ) входят тонкая и толстая ( прямая ) кишка .		толстый	resolved	lowercase_common	GOOD_ADD
толще	толстого	pool/gauss.txt	Прежде всего так же , как для сферической симметрии задачи можно рассчитать не только поле точечного заряда , но и других источников такой симметрии , так это верно и для источников цилиндрической симметрии ( можно легко рассчитать поле не только бесконечной нити , но и бесконечного цилиндра — как в		толстый	resolved	lowercase_common	GOOD_ADD
толще	толстая	articles/bee.txt	В состав третьего отдела ( задняя кишка ) входят тонкая и толстая ( прямая ) кишка .		толстый	resolved	lowercase_common	GOOD_ADD
томы	Тома	articles/tolstoy.txt	Образование Его образованием первоначально занимался гувернёр - француз Сен - Тома ( прототип St .-		том,тома	conservative	mid_sentence_capital	POLICY_B
физикам	физики	pool/quantum.txt	Основанная на подходе де Бройля , современная квантовая механика родилась в 1925 году , когда немецкие физики Вернер Гейзенберг , Макс Борн и Паскуаль Йордан разработали матричную механику , а австрийский физик Эрвин Шрёдингер изобрёл волновую механику .		физик	resolved	adjective_agreement	GOOD_ADD
физиками	физики	pool/quantum.txt	Основанная на подходе де Бройля , современная квантовая механика родилась в 1925 году , когда немецкие физики Вернер Гейзенберг , Макс Борн и Паскуаль Йордан разработали матричную механику , а австрийский физик Эрвин Шрёдингер изобрёл волновую механику .		физик	resolved	adjective_agreement	GOOD_ADD
шаре	шаров	pool/gauss.txt	Это поле можно рассчитать по закону Кулона : , только под Q здесь следует понимать суммарный заряд шаровой области радиусом r ( а это означает , что зависимость от r в итоге отличается от кулоновской , поскольку с ростом r растет Q , по крайней мере пока r не больше радиуса всей заряженной области —		шар	resolved	lowercase_common	GOOD_ADD
шару	шаров	pool/gauss.txt	Это поле можно рассчитать по закону Кулона : , только под Q здесь следует понимать суммарный заряд шаровой области радиусом r ( а это означает , что зависимость от r в итоге отличается от кулоновской , поскольку с ростом r растет Q , по крайней мере пока r не больше радиуса всей заряженной области —		шар	resolved	lowercase_common	GOOD_ADD
шары	шаров	pool/gauss.txt	Это поле можно рассчитать по закону Кулона : , только под Q здесь следует понимать суммарный заряд шаровой области радиусом r ( а это означает , что зависимость от r в итоге отличается от кулоновской , поскольку с ростом r растет Q , по крайней мере пока r не больше радиуса всей заряженной области —		шар	resolved	lowercase_common	GOOD_ADD
