guess	target	guess_identity	target_identity	proof	articles	times_possible	risk_flags	verdict	reason
душа	душный	душа	душный	relational_adjective:ный:v1		0	removed	REJECT	stuffy vs soul
душный	душа	душный	душа	relational_adjective:ный:v1		0	removed	REJECT	stuffy vs soul
краса	красный	краса	красный	relational_adjective:ный:v1		0	removed	REJECT	beauty vs red
красный	краса	красный	краса	relational_adjective:ный:v1		0	removed	REJECT	beauty vs red
крупа	крупный	крупа	крупный	relational_adjective:ный:v1		0	removed	REJECT	grain vs large
крупный	крупа	крупный	крупа	relational_adjective:ный:v1		0	removed	REJECT	grain vs large
маревый	марь	маревый	марь	relational_adjective:евый:v1		0	removed	REJECT	orache vs haze; same collision as мара/маревый
марь	маревый	марь	маревый	relational_adjective:евый:v1		0	removed	REJECT	orache vs haze; same collision as мара/маревый
плотный	плоть	плотный	плоть	relational_adjective:ный:v1		0	removed	REJECT	flesh vs dense
плоть	плотный	плоть	плотный	relational_adjective:ный:v1		0	removed	REJECT	flesh vs dense
страна	странный	страна	странный	relational_adjective:ный:v1		0	removed	REJECT	country vs strange; homonymous -ный, same class as год/годный
странный	страна	странный	страна	relational_adjective:ный:v1		0	removed	REJECT	country vs strange; homonymous -ный, same class as год/годный
суд	судный	суд	судный	relational_adjective:ный:v1		0	removed	REJECT	court adjective vs Baikal ships; суда/судах have no судно reading
судный	суд	судный	суд	relational_adjective:ный:v1		0	removed	REJECT	court adjective vs Baikal ships; суда/судах have no судно reading
червовый	червь	червовый	червь	relational_adjective:овый:v1		0	removed	REJECT	card suit vs worm; черва/червовый stays
червь	червовый	червь	червовый	relational_adjective:овый:v1		0	removed	REJECT	card suit vs worm; черва/червовый stays
чета	четный	чета	четный	relational_adjective:ный:v1		0	removed	REJECT	married couple vs even number; чет/четный stays
четный	чета	четный	чета	relational_adjective:ный:v1		0	removed	REJECT	married couple vs even number; чет/четный stays
бас	басовый	бас	басовый	relational_adjective:овый:v1	pool/quantum.txt	1	external_guess,ambiguous,short,pos:NOUN/ADJF,homonym_prone_proof	SAFE	reviewed external cognate
бас	басовый	бас	басовый	relational_adjective:овый:v1	pool/quantum.txt	1	external_guess,ambiguous,short,pos:NOUN/ADJF,homonym_prone_proof	SAFE	reviewed external cognate
баса	басовый	бас	басовый	relational_adjective:овый:v1	pool/quantum.txt	1	external_guess,ambiguous,pos:NOUN/ADJF	SAFE	reviewed external cognate
басам	басовый	бас	басовый	relational_adjective:овый:v1	pool/quantum.txt	1	external_guess,ambiguous,pos:NOUN/ADJF	SAFE	reviewed external cognate
басам	басовый	бас	басовый	relational_adjective:овый:v1	pool/quantum.txt	1	external_guess,ambiguous,pos:NOUN/ADJF	SAFE	reviewed external cognate
басами	басовый	бас	басовый	relational_adjective:овый:v1	pool/quantum.txt	1	external_guess,ambiguous,pos:NOUN/ADJF	SAFE	reviewed external cognate
басах	басовый	бас	басовый	relational_adjective:овый:v1	pool/quantum.txt	1	external_guess,ambiguous,pos:NOUN/ADJF	SAFE	reviewed external cognate
басе	басовый	бас	басовый	relational_adjective:овый:v1	pool/quantum.txt	1	external_guess,ambiguous,pos:NOUN/ADJF	SAFE	reviewed external cognate
басу	басовый	бас	басовый	relational_adjective:овый:v1	pool/quantum.txt	1	external_guess,ambiguous,pos:NOUN/ADJF	SAFE	reviewed external cognate
басы	басовый	бас	басовый	relational_adjective:овый:v1	pool/quantum.txt	1	external_guess,ambiguous,pos:NOUN/ADJF	SAFE	reviewed external cognate
беда	бедный	беда	бедный	relational_adjective:ный:v1	pool/paris.txt	1	external_guess,ambiguous,pos:NOUN/ADJF,homonym_prone_proof	SAFE	reviewed external cognate
беда	бедный	беда	бедный	relational_adjective:ный:v1	pool/paris.txt	1	external_guess,ambiguous,pos:NOUN/ADJF,homonym_prone_proof	SAFE	reviewed external cognate
больший	большой	больший	большой	manual_accept:v1	articles/baikal.txt,articles/bee.txt,articles/saturn.txt,leads/baikal.txt,pool/china.txt,pool/em_field.txt,pool/entropy.txt,pool/gauss.txt,pool/paris.txt,pool/photosynthesis.txt,pool/quantum.txt,pool/stat_mech.txt,pool/thermodynamics.txt	81		SAFE	manual accept | surfaces Наибольшее,большая,большей,большим,больших,наибольшей → Большое,большая,больших,большое,большой,велика | больший→большой:manual_accept:v1;большой→больший:manual_accept:v1
большой	больший	большой	больший	manual_accept:v1	articles/baikal.txt,articles/bee.txt,articles/saturn.txt,leads/baikal.txt,pool/china.txt,pool/em_field.txt,pool/entropy.txt,pool/gauss.txt,pool/paris.txt,pool/photosynthesis.txt,pool/quantum.txt,pool/stat_mech.txt,pool/thermodynamics.txt	51		SAFE	manual accept | surfaces Большое,большая,больших,большое,большой,велика → Наибольшее,большая,большей,большим,больших,наибольшей | больший→большой:manual_accept:v1;большой→больший:manual_accept:v1
ввести	вводить	ввести	вводить	verbal_aspect:alt:ить/ти:v1	union:articles/bee.txt,pool/differential.txt,pool/gauss.txt,pool/integral.txt,pool/schrodinger.txt,pool/thermodynamics.txt	1		SAFE	same-verb aspect pair | surfaces ввели,ввести → вводит | ввести→вводить:verbal_aspect:alt:ить/ти:v1;вводить→ввести:verbal_aspect:alt:ить/ти:v1
вводить	ввести	вводить	ввести	verbal_aspect:alt:ить/ти:v1	union:articles/bee.txt,pool/differential.txt,pool/gauss.txt,pool/integral.txt,pool/schrodinger.txt,pool/thermodynamics.txt	10		SAFE	same-verb aspect pair | surfaces вводит → ввели,ввести | ввести→вводить:verbal_aspect:alt:ить/ти:v1;вводить→ввести:verbal_aspect:alt:ить/ти:v1
вводить	ввести	вводить	ввести	verbal_aspect:alt:ить/ти:v1	pool/differential.txt,pool/gauss.txt,pool/integral.txt,pool/schrodinger.txt,pool/thermodynamics.txt	10	,fanout:2	SAFE	same-verb aspect pair
вводить	вывести	вводить	вывести	manual_accept:v1	articles/bee.txt	6		SAFE	manual accept | surfaces вводит → вывести | вводить→вывести:manual_accept:v1;вывести→вводить:manual_accept:v1
вводить	вывести	вводить	вывести	manual_accept:v1	articles/bee.txt,pool/gauss.txt,pool/pythagoras.txt,pool/quantum.txt	6	,fanout:2	SAFE	manual accept
вера	верный	вера	верный	relational_adjective:ный:v1	pool/quantum.txt	11	pos:NOUN/ADJF,homonym_prone_proof	SAFE	faith/faithful; the correct-sense is the same word | surfaces вера,веру,веры → Верно,верна,верно,верны | вера→верный:relational_adjective:ный:v1;верный→вера:relational_adjective:ный:v1
верный	вера	верный	вера	relational_adjective:ный:v1	pool/quantum.txt	3	pos:ADJF/NOUN,homonym_prone_proof	SAFE	faith/faithful; the correct-sense is the same word | surfaces Верно,верна,верно,верны → вера,веру,веры | вера→верный:relational_adjective:ный:v1;верный→вера:relational_adjective:ный:v1
включаться	включиться	включаться	включиться	verbal_aspect:same:аться/иться:v1	union:articles/bee.txt,pool/china.txt	1		SAFE	same-verb aspect pair | surfaces включались → включиться | включаться→включиться:verbal_aspect:same:аться/иться:v1;включиться→включаться:verbal_aspect:same:аться/иться:v1
включиться	включаться	включиться	включаться	verbal_aspect:same:аться/иться:v1	union:articles/bee.txt,pool/china.txt	1		SAFE	same-verb aspect pair | surfaces включиться → включались | включаться→включиться:verbal_aspect:same:аться/иться:v1;включиться→включаться:verbal_aspect:same:аться/иться:v1
вместе	место	вместе	место	place_adverb:v1	articles/baikal.txt,articles/bee.txt,articles/saturn.txt,articles/tolstoy.txt,pool/gauss.txt,pool/paris.txt	40	pos:ADVB/NOUN	SAFE	manual accept | surfaces вместе → мест,места,местами,местах,месте,место | вместе→место:place_adverb:v1;место→вместе:place_adverb:v1
вновь	новый	вновь	новый	manual_accept:v1	articles/bee.txt,pool/paris.txt	33	pos:ADVB/ADJF	SAFE	manual accept | surfaces вновь → новое,новой,новую,новые,новый,новых | вновь→новый:manual_accept:v1;новый→вновь:manual_accept:v1
вода	водный	вода	водный	relational_adjective:ный:v1	articles/baikal.txt	10	pos:NOUN/ADJF,homonym_prone_proof	SAFE	transparent relational adjective | surfaces Вода,вод,вода,воде,воду,воды → Водная,Водной,водная,водного,водной,водных | вода→водный:relational_adjective:ный:v1;водный→вода:relational_adjective:ный:v1
водный	вода	водный	вода	relational_adjective:ный:v1	articles/baikal.txt	89	pos:ADJF/NOUN,homonym_prone_proof	SAFE	transparent relational adjective | surfaces Водная,Водной,водная,водного,водной,водных → Вода,вод,вода,воде,воду,воды | вода→водный:relational_adjective:ный:v1;водный→вода:relational_adjective:ный:v1
возвести	возводить	возвести	возводить	verbal_aspect:alt:ить/ти:v1	union:articles/bee.txt,pool/paris.txt	1		SAFE	same-verb aspect pair | surfaces возвели → возводят | возвести→возводить:verbal_aspect:alt:ить/ти:v1;возводить→возвести:verbal_aspect:alt:ить/ти:v1
возводить	возвести	возводить	возвести	verbal_aspect:alt:ить/ти:v1	union:articles/bee.txt,pool/paris.txt	2		SAFE	same-verb aspect pair | surfaces возводят → возвели | возвести→возводить:verbal_aspect:alt:ить/ти:v1;возводить→возвести:verbal_aspect:alt:ить/ти:v1
возникать	возникнуть	возникать	возникнуть	verbal_aspect:same:ать/нуть:v1	pool/quantum.txt,pool/thermodynamics.txt	10		SAFE	same-verb aspect pair | surfaces возникает,возникать,возникают → возник,возникла,возникли,возникло | возникать→возникнуть:verbal_aspect:same:ать/нуть:v1;возникнуть→возникать:verbal_aspect:same:ать/нуть:v1
возникнуть	возникать	возникнуть	возникать	verbal_aspect:same:ать/нуть:v1	pool/quantum.txt,pool/thermodynamics.txt	22		SAFE	same-verb aspect pair | surfaces возник,возникла,возникли,возникло → возникает,возникать,возникают | возникать→возникнуть:verbal_aspect:same:ать/нуть:v1;возникнуть→возникать:verbal_aspect:same:ать/нуть:v1
вскоре	скорость	вскоре	скорость	place_adverb:v1	articles/bee.txt,pool/paris.txt	36	pos:ADVB/NOUN	SAFE	manual accept | surfaces Вскоре,вскоре → Скорость,скоростей,скорости,скорость,скоростью,скоростям | вскоре→скорость:place_adverb:v1;скорость→вскоре:place_adverb:v1
встречного	встреча	встречный	встреча	relational_adjective:ный:v1	articles/bee.txt,articles/tolstoy.txt,pool/paris.txt	5	external_guess,ambiguous,pos:ADJF/NOUN	SAFE	reviewed external cognate
встречном	встреча	встречный	встреча	relational_adjective:ный:v1	articles/bee.txt,articles/tolstoy.txt,pool/paris.txt	5	external_guess,ambiguous,pos:ADJF/NOUN	SAFE	reviewed external cognate
встречные	встреча	встречный	встреча	relational_adjective:ный:v1	articles/bee.txt,articles/tolstoy.txt,pool/paris.txt	5	external_guess,ambiguous,pos:ADJF/NOUN	SAFE	reviewed external cognate
встречным	встреча	встречный	встреча	relational_adjective:ный:v1	articles/bee.txt,articles/tolstoy.txt,pool/paris.txt	5	external_guess,ambiguous,pos:ADJF/NOUN	SAFE	reviewed external cognate
встречных	встреча	встречный	встреча	relational_adjective:ный:v1	articles/bee.txt,articles/tolstoy.txt,pool/paris.txt	5	external_guess,ambiguous,pos:ADJF/NOUN	SAFE	reviewed external cognate
вступать	вступить	вступать	вступить	verbal_aspect:same:ать/ить:v1	union:pool/paris.txt,water_editorial_raw.txt	2		SAFE	same-verb aspect pair | surfaces вступают → вступили,вступить | вступать→вступить:verbal_aspect:same:ать/ить:v1;вступить→вступать:verbal_aspect:same:ать/ить:v1
вступить	вступать	вступить	вступать	verbal_aspect:same:ать/ить:v1	union:pool/paris.txt,water_editorial_raw.txt	1		SAFE	same-verb aspect pair | surfaces вступили,вступить → вступают | вступать→вступить:verbal_aspect:same:ать/ить:v1;вступить→вступать:verbal_aspect:same:ать/ить:v1
вывести	вводить	вывести	вводить	manual_accept:v1	articles/bee.txt	1		SAFE	manual accept | surfaces вывести → вводит | вводить→вывести:manual_accept:v1;вывести→вводить:manual_accept:v1
выделить	выделять	выделить	выделять	verbal_aspect:same:ить/ять:v1	pool/photosynthesis.txt,pool/thermodynamics.txt	8		SAFE	same-verb aspect pair | surfaces выделить → выделяет,выделять,выделяют | выделить→выделять:verbal_aspect:same:ить/ять:v1;выделять→выделить:verbal_aspect:same:ить/ять:v1
выделять	выделить	выделять	выделить	verbal_aspect:same:ить/ять:v1	pool/photosynthesis.txt,pool/thermodynamics.txt	2		SAFE	same-verb aspect pair | surfaces выделяет,выделять,выделяют → выделить | выделить→выделять:verbal_aspect:same:ить/ять:v1;выделять→выделить:verbal_aspect:same:ить/ять:v1
выполнить	выполнять	выполнить	выполнять	verbal_aspect:same:ить/ять:v1	union:articles/baikal.txt,articles/bee.txt,pool/entropy.txt,pool/laplace.txt,pool/paris.txt,pool/photosynthesis.txt,pool/stat_mech.txt	8		SAFE	same-verb aspect pair | surfaces выполнил,выполнить → выполняет,выполняли,выполняют | выполнить→выполнять:verbal_aspect:same:ить/ять:v1;выполнять→выполнить:verbal_aspect:same:ить/ять:v1
выполнять	выполнить	выполнять	выполнить	verbal_aspect:same:ить/ять:v1	union:articles/baikal.txt,articles/bee.txt,pool/entropy.txt,pool/laplace.txt,pool/paris.txt,pool/photosynthesis.txt,pool/stat_mech.txt	2		SAFE	same-verb aspect pair | surfaces выполняет,выполняли,выполняют → выполнил,выполнить | выполнить→выполнять:verbal_aspect:same:ить/ять:v1;выполнять→выполнить:verbal_aspect:same:ить/ять:v1
газ	газовый	газ	газовый	relational_adjective:овый:v1	articles/saturn.txt,pool/thermodynamics.txt	10	short,pos:NOUN/ADJF,homonym_prone_proof	SAFE	transparent relational adjective | surfaces газ,газа,газе,газов → газовая,газовые,газовый,газовых | газ→газовый:relational_adjective:овый:v1;газовый→газ:relational_adjective:овый:v1
газовый	газ	газовый	газ	relational_adjective:овый:v1	articles/saturn.txt,pool/thermodynamics.txt	42	short,pos:ADJF/NOUN,homonym_prone_proof	SAFE	transparent relational adjective | surfaces газовая,газовые,газовый,газовых → газ,газа,газе,газов | газ→газовый:relational_adjective:овый:v1;газовый→газ:relational_adjective:овый:v1
глав	главный	глава	главный	relational_adjective:ный:v1	articles/baikal.txt,articles/saturn.txt,articles/tolstoy.txt,pool/china.txt,pool/gauss.txt,pool/orbital.txt,pool/paris.txt,pool/photosynthesis.txt,pool/pythagoras.txt	20	external_guess,ambiguous,pos:NOUN/ADJF	SAFE	head/chief; school cognate
глава	главный	глава	главный	relational_adjective:ный:v1	articles/tolstoy.txt,pool/china.txt,pool/paris.txt	20	pos:NOUN/ADJF,homonym_prone_proof	SAFE	head/chief; school cognate | surfaces главе,главой,главы → Главного,главнейших,главного,главным,главными,главных | глава→главный:relational_adjective:ный:v1;главный→глава:relational_adjective:ный:v1
главный	глава	главный	глава	relational_adjective:ный:v1	articles/tolstoy.txt,pool/china.txt,pool/paris.txt	10	pos:ADJF/NOUN,homonym_prone_proof	SAFE	head/chief; school cognate | surfaces Главного,главнейших,главного,главным,главными,главных → главе,главой,главы | глава→главный:relational_adjective:ный:v1;главный→глава:relational_adjective:ный:v1
голова	головной	голова	головной	relational_adjective:ной:v1	articles/bee.txt	2	pos:NOUN/ADJF,homonym_prone_proof	SAFE	transparent relational adjective | surfaces голове,голову,головы → головной,головные | голова→головной:relational_adjective:ной:v1;головной→голова:relational_adjective:ной:v1
головного	голова	головной	голова	relational_adjective:ной:v1	articles/bee.txt,articles/tolstoy.txt	12	external_guess,ambiguous,pos:ADJF/NOUN	SAFE	transparent relational adjective
головной	голова	головной	голова	relational_adjective:ной:v1	articles/bee.txt	12	pos:ADJF/NOUN,homonym_prone_proof	SAFE	transparent relational adjective | surfaces головной,головные → голове,голову,головы | голова→головной:relational_adjective:ной:v1;головной→голова:relational_adjective:ной:v1
головному	голова	головной	голова	relational_adjective:ной:v1	articles/bee.txt,articles/tolstoy.txt	12	external_guess,ambiguous,pos:ADJF/NOUN	SAFE	transparent relational adjective
головные	голова	головной	голова	relational_adjective:ной:v1	articles/bee.txt,articles/tolstoy.txt	12	external_guess,ambiguous,pos:ADJF/NOUN	SAFE	transparent relational adjective
головных	голова	головной	голова	relational_adjective:ной:v1	articles/bee.txt,articles/tolstoy.txt	12	external_guess,ambiguous,pos:ADJF/NOUN	SAFE	transparent relational adjective
голодном	голод	голодный	голод	relational_adjective:ный:v1	pool/paris.txt	1	external_guess,ambiguous,pos:ADJF/NOUN	SAFE	reviewed external cognate
голодному	голод	голодный	голод	relational_adjective:ный:v1	pool/paris.txt	1	external_guess,ambiguous,pos:ADJF/NOUN	SAFE	reviewed external cognate
голодные	голод	голодный	голод	relational_adjective:ный:v1	pool/paris.txt	1	external_guess,ambiguous,pos:ADJF/NOUN	SAFE	reviewed external cognate
голодным	голод	голодный	голод	relational_adjective:ный:v1	pool/paris.txt	1	external_guess,ambiguous,pos:ADJF/NOUN	SAFE	reviewed external cognate
гора	горный	гора	горный	relational_adjective:ный:v1	articles/baikal.txt,pool/china.txt	9	pos:NOUN/ADJF,homonym_prone_proof	SAFE	transparent relational adjective | surfaces горами,горы → горная,горные,горными,горных | гора→горный:relational_adjective:ный:v1;горный→гора:relational_adjective:ный:v1
горный	гора	горный	гора	relational_adjective:ный:v1	articles/baikal.txt,pool/china.txt	17	pos:ADJF/NOUN,homonym_prone_proof	SAFE	transparent relational adjective | surfaces горная,горные,горными,горных → горами,горы | гора→горный:relational_adjective:ный:v1;горный→гора:relational_adjective:ный:v1
город	городской	город	городской	relational_adjective:ской:v1	articles/baikal.txt,moscow_lead_raw.txt,pool/paris.txt	7	pos:NOUN/ADJF,homonym_prone_proof	SAFE	transparent relational adjective | surfaces Городом,город,города,городам,городов,городом → городская,городского,городской | город→городской:relational_adjective:ской:v1;городской→город:relational_adjective:ской:v1
городские	город	городской	город	relational_adjective:ской:v1	articles/baikal.txt,moscow_lead_raw.txt,pool/china.txt,pool/paris.txt	83	external_guess,ambiguous,pos:ADJF/NOUN	SAFE	transparent relational adjective
городской	город	городской	город	relational_adjective:ской:v1	articles/baikal.txt,moscow_lead_raw.txt,pool/paris.txt	83	pos:ADJF/NOUN,homonym_prone_proof	SAFE	transparent relational adjective | surfaces городская,городского,городской → Городом,город,города,городам,городов,городом | город→городской:relational_adjective:ской:v1;городской→город:relational_adjective:ской:v1
грудной	грудь	грудной	грудь	relational_adjective:ной:v1	articles/bee.txt	5	pos:ADJF/NOUN,homonym_prone_proof	SAFE	transparent relational adjective | surfaces грудную,грудные → груди,грудь | грудной→грудь:relational_adjective:ной:v1;грудь→грудной:relational_adjective:ной:v1
грудь	грудной	грудь	грудной	relational_adjective:ной:v1	articles/bee.txt	2	pos:NOUN/ADJF,homonym_prone_proof	SAFE	transparent relational adjective | surfaces груди,грудь → грудную,грудные | грудной→грудь:relational_adjective:ной:v1;грудь→грудной:relational_adjective:ной:v1
дальнейший	дальний	дальнейший	дальний	adjective_degree:ейший:v1	union:articles/tolstoy.txt,pool/china.txt,pool/differential.txt,pool/integral.txt,pool/photosynthesis.txt,pool/pythagoras.txt,pool/quantum.txt,pool/thermodynamics.txt	2		SAFE	degree of the same adjective | surfaces дальнейшее,дальнейшей,дальнейшем,дальнейших → дальней,дальняя | дальнейший→дальний:adjective_degree:ейший:v1;дальний→дальнейший:adjective_degree:ейший:v1
дальний	дальнейший	дальний	дальнейший	adjective_degree:ейший:v1	union:articles/tolstoy.txt,pool/china.txt,pool/differential.txt,pool/integral.txt,pool/photosynthesis.txt,pool/pythagoras.txt,pool/quantum.txt,pool/thermodynamics.txt	11		SAFE	degree of the same adjective | surfaces дальней,дальняя → дальнейшее,дальнейшей,дальнейшем,дальнейших | дальнейший→дальний:adjective_degree:ейший:v1;дальний→дальнейший:adjective_degree:ейший:v1
дворникам	двор	дворник	двор	lemma_suffix:ник:v1	pool/china.txt	1	external_guess,ambiguous	SAFE	reviewed external cognate
дворниками	двор	дворник	двор	lemma_suffix:ник:v1	pool/china.txt	1	external_guess,ambiguous	SAFE	reviewed external cognate
дворниках	двор	дворник	двор	lemma_suffix:ник:v1	pool/china.txt	1	external_guess,ambiguous	SAFE	reviewed external cognate
дворнике	двор	дворник	двор	lemma_suffix:ник:v1	pool/china.txt	1	external_guess,ambiguous	SAFE	reviewed external cognate
дворнику	двор	дворник	двор	lemma_suffix:ник:v1	pool/china.txt	1	external_guess,ambiguous	SAFE	reviewed external cognate
день	дневной	день	дневной	manual_accept:v1	articles/bee.txt,pool/paris.txt	3	pos:NOUN/ADJF	SAFE	manual accept | surfaces Дней,день,дне,дней,дни,дня → дневного,дневное,дневному | день→дневной:manual_accept:v1;дневной→день:manual_accept:v1
день	дневной	день	дневной	manual_accept:v1	articles/bee.txt,pool/paris.txt	3	pos:NOUN/ADJF,fanout:2	SAFE	manual accept
день	дневной	день	дневной	manual_accept:v1	articles/bee.txt,pool/paris.txt	3	pos:NOUN/ADJF,fanout:2	SAFE	manual accept
день	дневный	день	дневный	manual_accept:v1	articles/bee.txt,pool/paris.txt	3	pos:NOUN/ADJF	SAFE	manual accept | surfaces Дней,день,дне,дней,дни,дня → дневного,дневное,дневному | день→дневный:manual_accept:v1;дневный→день:manual_accept:v1
день	дневный	день	дневный	manual_accept:v1	articles/bee.txt,pool/paris.txt	3	pos:NOUN/ADJF,fanout:2	SAFE	manual accept
день	дневный	день	дневный	manual_accept:v1	articles/bee.txt,pool/paris.txt	3	pos:NOUN/ADJF,fanout:2	SAFE	manual accept
дневная	день	дневной,дневный	день	manual_accept:v1	articles/baikal.txt,articles/bee.txt,articles/saturn.txt,articles/tolstoy.txt,pool/china.txt,pool/em_field.txt,pool/paris.txt,pool/photosynthesis.txt	35	external_guess,ambiguous,pos:ADJF/NOUN	SAFE	manual accept
дневного	день	дневной,дневный	день	manual_accept:v1	articles/baikal.txt,articles/bee.txt,articles/saturn.txt,articles/tolstoy.txt,pool/china.txt,pool/em_field.txt,pool/paris.txt,pool/photosynthesis.txt	35	external_guess,ambiguous,pos:ADJF/NOUN	SAFE	manual accept
дневное	день	дневной,дневный	день	manual_accept:v1	articles/baikal.txt,articles/bee.txt,articles/saturn.txt,articles/tolstoy.txt,pool/china.txt,pool/em_field.txt,pool/paris.txt,pool/photosynthesis.txt	35	external_guess,ambiguous,pos:ADJF/NOUN	SAFE	manual accept
дневной	день	дневной	день	manual_accept:v1	articles/bee.txt,pool/paris.txt	35	pos:ADJF/NOUN	SAFE	manual accept | surfaces дневного,дневное,дневному → Дней,день,дне,дней,дни,дня | день→дневной:manual_accept:v1;дневной→день:manual_accept:v1
дневной	день	дневной,дневный	день	manual_accept:v1	articles/baikal.txt,articles/bee.txt,articles/saturn.txt,articles/tolstoy.txt,pool/china.txt,pool/em_field.txt,pool/paris.txt,pool/photosynthesis.txt	35	ambiguous,pos:ADJF/NOUN	SAFE	manual accept
дневной	день	дневной,дневный	день	manual_accept:v1	articles/baikal.txt,articles/bee.txt,articles/saturn.txt,articles/tolstoy.txt,pool/china.txt,pool/em_field.txt,pool/paris.txt,pool/photosynthesis.txt	35	ambiguous,pos:ADJF/NOUN	SAFE	manual accept
дневной	дневный	дневной	дневный	manual_accept:v1	articles/bee.txt,pool/paris.txt	3		SAFE	manual accept | surfaces дневного,дневное,дневному → дневного,дневное,дневному | дневной→дневный:manual_accept:v1;дневный→дневной:closure
дневном	день	дневной,дневный	день	manual_accept:v1	articles/baikal.txt,articles/bee.txt,articles/saturn.txt,articles/tolstoy.txt,pool/china.txt,pool/em_field.txt,pool/paris.txt,pool/photosynthesis.txt	35	external_guess,ambiguous,pos:ADJF/NOUN	SAFE	manual accept
дневному	день	дневной,дневный	день	manual_accept:v1	articles/baikal.txt,articles/bee.txt,articles/saturn.txt,articles/tolstoy.txt,pool/china.txt,pool/em_field.txt,pool/paris.txt,pool/photosynthesis.txt	35	external_guess,ambiguous,pos:ADJF/NOUN	SAFE	manual accept
дневною	день	дневной,дневный	день	manual_accept:v1	articles/baikal.txt,articles/bee.txt,articles/saturn.txt,articles/tolstoy.txt,pool/china.txt,pool/em_field.txt,pool/paris.txt,pool/photosynthesis.txt	35	external_guess,ambiguous,pos:ADJF/NOUN	SAFE	manual accept
дневную	день	дневной,дневный	день	manual_accept:v1	articles/baikal.txt,articles/bee.txt,articles/saturn.txt,articles/tolstoy.txt,pool/china.txt,pool/em_field.txt,pool/paris.txt,pool/photosynthesis.txt	35	external_guess,ambiguous,pos:ADJF/NOUN	SAFE	manual accept
дневные	день	дневной,дневный	день	manual_accept:v1	articles/baikal.txt,articles/bee.txt,articles/saturn.txt,articles/tolstoy.txt,pool/china.txt,pool/em_field.txt,pool/paris.txt,pool/photosynthesis.txt	35	external_guess,ambiguous,pos:ADJF/NOUN	SAFE	manual accept
дневный	день	дневный	день	manual_accept:v1	articles/bee.txt,pool/paris.txt	35	pos:ADJF/NOUN	SAFE	manual accept | surfaces дневного,дневное,дневному → Дней,день,дне,дней,дни,дня | день→дневный:manual_accept:v1;дневный→день:manual_accept:v1
дневный	день	дневный	день	manual_accept:v1	articles/baikal.txt,articles/bee.txt,articles/saturn.txt,articles/tolstoy.txt,pool/china.txt,pool/em_field.txt,pool/paris.txt,pool/photosynthesis.txt	35	pos:ADJF/NOUN,fanout:2	SAFE	manual accept
дневный	дневной	дневный	дневной	manual_accept:v1	articles/bee.txt,pool/paris.txt	3		SAFE	manual accept | surfaces дневного,дневное,дневному → дневного,дневное,дневному | дневной→дневный:manual_accept:v1;дневный→дневной:closure
дневный	дневной	дневный	дневной	manual_accept:v1	articles/bee.txt,pool/paris.txt	3	,fanout:2	SAFE	manual accept
дневным	день	дневной,дневный	день	manual_accept:v1	articles/baikal.txt,articles/bee.txt,articles/saturn.txt,articles/tolstoy.txt,pool/china.txt,pool/em_field.txt,pool/paris.txt,pool/photosynthesis.txt	35	external_guess,ambiguous,pos:ADJF/NOUN	SAFE	manual accept
дневными	день	дневной,дневный	день	manual_accept:v1	articles/baikal.txt,articles/bee.txt,articles/saturn.txt,articles/tolstoy.txt,pool/china.txt,pool/em_field.txt,pool/paris.txt,pool/photosynthesis.txt	35	external_guess,ambiguous,pos:ADJF/NOUN	SAFE	manual accept
дневных	день	дневной,дневный	день	manual_accept:v1	articles/baikal.txt,articles/bee.txt,articles/saturn.txt,articles/tolstoy.txt,pool/china.txt,pool/em_field.txt,pool/paris.txt,pool/photosynthesis.txt	35	external_guess,ambiguous,pos:ADJF/NOUN	SAFE	manual accept
днем	дневной	день	дневной	manual_accept:v1	articles/bee.txt,pool/paris.txt	3	external_guess,pos:NOUN/ADJF,fanout:2	SAFE	manual accept
днем	дневный	день	дневный	manual_accept:v1	articles/bee.txt,pool/paris.txt	3	external_guess,pos:NOUN/ADJF,fanout:2	SAFE	manual accept
днями	дневной	день	дневной	manual_accept:v1	articles/bee.txt,pool/paris.txt	3	external_guess,pos:NOUN/ADJF,fanout:2	SAFE	manual accept
днями	дневной	день	дневной	manual_accept:v1	articles/bee.txt,pool/paris.txt	3	external_guess,pos:NOUN/ADJF,fanout:2	SAFE	manual accept
днями	дневный	день	дневный	manual_accept:v1	articles/bee.txt,pool/paris.txt	3	external_guess,pos:NOUN/ADJF,fanout:2	SAFE	manual accept
днями	дневный	день	дневный	manual_accept:v1	articles/bee.txt,pool/paris.txt	3	external_guess,pos:NOUN/ADJF,fanout:2	SAFE	manual accept
днём	дневной	день	дневной	manual_accept:v1	articles/bee.txt,pool/paris.txt	3	external_guess,pos:NOUN/ADJF,fanout:2	SAFE	manual accept
днём	дневный	день	дневный	manual_accept:v1	articles/bee.txt,pool/paris.txt	3	external_guess,pos:NOUN/ADJF,fanout:2	SAFE	manual accept
достигать	достигнуть	достигать	достигнуть	verbal_aspect:same:ать/нуть:v1	articles/baikal.txt,articles/saturn.txt	4		SAFE	same-verb aspect pair | surfaces достигает,достигала,достигать → достиг,достигла,достигли,достигло | достигать→достигнуть:verbal_aspect:same:ать/нуть:v1;достигнуть→достигать:verbal_aspect:same:ать/нуть:v1
достигнуть	достигать	достигнуть	достигать	verbal_aspect:same:ать/нуть:v1	articles/baikal.txt,articles/saturn.txt	12		SAFE	same-verb aspect pair | surfaces достиг,достигла,достигли,достигло → достигает,достигала,достигать | достигать→достигнуть:verbal_aspect:same:ать/нуть:v1;достигнуть→достигать:verbal_aspect:same:ать/нуть:v1
его	она	он	она	manual_accept:v1	articles/baikal.txt,articles/bee.txt,articles/saturn.txt,articles/tolstoy.txt,leads/saturn.txt,moscow_lead_raw.txt,pool/china.txt,pool/differential.txt,pool/em_field.txt,pool/entropy.txt,pool/gauss.txt,pool/integral.txt,pool/laplace.txt,pool/orbital.txt,pool/paris.txt,pool/photosynthesis.txt,pool/pythagoras.txt,pool/quantum.txt,pool/schrodinger.txt,pool/stat_mech.txt,pool/thermodynamics.txt	170	external_guess,short,fanout:3	SAFE	manual accept
его	она	он	она	manual_accept:v1	articles/baikal.txt,articles/bee.txt,articles/saturn.txt,articles/tolstoy.txt,leads/saturn.txt,moscow_lead_raw.txt,pool/china.txt,pool/differential.txt,pool/em_field.txt,pool/entropy.txt,pool/gauss.txt,pool/integral.txt,pool/laplace.txt,pool/orbital.txt,pool/paris.txt,pool/photosynthesis.txt,pool/pythagoras.txt,pool/quantum.txt,pool/schrodinger.txt,pool/stat_mech.txt,pool/thermodynamics.txt	170	external_guess,short,fanout:3	SAFE	manual accept
его	они	он	они	manual_accept:v1	articles/baikal.txt,articles/bee.txt,articles/saturn.txt,articles/tolstoy.txt,leads/tolstoy.txt,magnetism_math_raw.txt,pool/china.txt,pool/differential.txt,pool/em_field.txt,pool/entropy.txt,pool/gauss.txt,pool/integral.txt,pool/orbital.txt,pool/paris.txt,pool/photosynthesis.txt,pool/pythagoras.txt,pool/quantum.txt,pool/schrodinger.txt,pool/stat_mech.txt,pool/thermodynamics.txt	209	external_guess,short,fanout:3	SAFE	manual accept
его	они	он	они	manual_accept:v1	articles/baikal.txt,articles/bee.txt,articles/saturn.txt,articles/tolstoy.txt,leads/tolstoy.txt,magnetism_math_raw.txt,pool/china.txt,pool/differential.txt,pool/em_field.txt,pool/entropy.txt,pool/gauss.txt,pool/integral.txt,pool/orbital.txt,pool/paris.txt,pool/photosynthesis.txt,pool/pythagoras.txt,pool/quantum.txt,pool/schrodinger.txt,pool/stat_mech.txt,pool/thermodynamics.txt	209	external_guess,short,fanout:3	SAFE	manual accept
его	оно	он	оно	manual_accept:v1	articles/baikal.txt,articles/bee.txt,articles/saturn.txt,articles/tolstoy.txt,magnetism_math_raw.txt,pool/china.txt,pool/differential.txt,pool/em_field.txt,pool/entropy.txt,pool/gauss.txt,pool/orbital.txt,pool/paris.txt,pool/photosynthesis.txt,pool/pythagoras.txt,pool/quantum.txt,pool/schrodinger.txt,pool/stat_mech.txt,pool/thermodynamics.txt	59	external_guess,short,fanout:3	SAFE	manual accept
его	оно	он	оно	manual_accept:v1	articles/baikal.txt,articles/bee.txt,articles/saturn.txt,articles/tolstoy.txt,magnetism_math_raw.txt,pool/china.txt,pool/differential.txt,pool/em_field.txt,pool/entropy.txt,pool/gauss.txt,pool/orbital.txt,pool/paris.txt,pool/photosynthesis.txt,pool/pythagoras.txt,pool/quantum.txt,pool/schrodinger.txt,pool/stat_mech.txt,pool/thermodynamics.txt	59	external_guess,short,fanout:3	SAFE	manual accept
единственный	один	единственный	один	manual_accept:v1	articles/baikal.txt,articles/bee.txt,articles/saturn.txt,articles/tolstoy.txt,pool/china.txt,pool/differential.txt,pool/em_field.txt,pool/entropy.txt,pool/gauss.txt,pool/photosynthesis.txt,pool/pythagoras.txt,pool/thermodynamics.txt	147	pos:ADJF/ANUM	SAFE	manual accept | surfaces единственная,единственного,единственное,единственной,единственный,единственным → Одни,один,одна,одни,одних,одной | единственный→один:manual_accept:v1;один→единственный:manual_accept:v1
ему	она	он	она	manual_accept:v1	articles/baikal.txt,articles/bee.txt,articles/saturn.txt,articles/tolstoy.txt,leads/saturn.txt,moscow_lead_raw.txt,pool/china.txt,pool/differential.txt,pool/em_field.txt,pool/entropy.txt,pool/gauss.txt,pool/integral.txt,pool/laplace.txt,pool/orbital.txt,pool/paris.txt,pool/photosynthesis.txt,pool/pythagoras.txt,pool/quantum.txt,pool/schrodinger.txt,pool/stat_mech.txt,pool/thermodynamics.txt	170	external_guess,short,fanout:3	SAFE	manual accept
ему	они	он	они	manual_accept:v1	articles/baikal.txt,articles/bee.txt,articles/saturn.txt,articles/tolstoy.txt,leads/tolstoy.txt,magnetism_math_raw.txt,pool/china.txt,pool/differential.txt,pool/em_field.txt,pool/entropy.txt,pool/gauss.txt,pool/integral.txt,pool/orbital.txt,pool/paris.txt,pool/photosynthesis.txt,pool/pythagoras.txt,pool/quantum.txt,pool/schrodinger.txt,pool/stat_mech.txt,pool/thermodynamics.txt	209	external_guess,short,fanout:3	SAFE	manual accept
ему	оно	он	оно	manual_accept:v1	articles/baikal.txt,articles/bee.txt,articles/saturn.txt,articles/tolstoy.txt,magnetism_math_raw.txt,pool/china.txt,pool/differential.txt,pool/em_field.txt,pool/entropy.txt,pool/gauss.txt,pool/orbital.txt,pool/paris.txt,pool/photosynthesis.txt,pool/pythagoras.txt,pool/quantum.txt,pool/schrodinger.txt,pool/stat_mech.txt,pool/thermodynamics.txt	59	external_guess,short,fanout:3	SAFE	manual accept
ея	он	она	он	manual_accept:v1	articles/baikal.txt,articles/bee.txt,articles/saturn.txt,articles/tolstoy.txt,leads/tolstoy.txt,pool/china.txt,pool/differential.txt,pool/em_field.txt,pool/entropy.txt,pool/gauss.txt,pool/integral.txt,pool/laplace.txt,pool/orbital.txt,pool/paris.txt,pool/photosynthesis.txt,pool/pythagoras.txt,pool/quantum.txt,pool/schrodinger.txt,pool/stat_mech.txt,pool/thermodynamics.txt	257	external_guess,short,fanout:3	SAFE	manual accept
ея	он	она	он	manual_accept:v1	articles/baikal.txt,articles/bee.txt,articles/saturn.txt,articles/tolstoy.txt,leads/tolstoy.txt,pool/china.txt,pool/differential.txt,pool/em_field.txt,pool/entropy.txt,pool/gauss.txt,pool/integral.txt,pool/laplace.txt,pool/orbital.txt,pool/paris.txt,pool/photosynthesis.txt,pool/pythagoras.txt,pool/quantum.txt,pool/schrodinger.txt,pool/stat_mech.txt,pool/thermodynamics.txt	257	external_guess,short,fanout:3	SAFE	manual accept
ея	они	она	они	manual_accept:v1	articles/baikal.txt,articles/bee.txt,articles/saturn.txt,articles/tolstoy.txt,leads/tolstoy.txt,magnetism_math_raw.txt,pool/china.txt,pool/differential.txt,pool/em_field.txt,pool/entropy.txt,pool/gauss.txt,pool/integral.txt,pool/orbital.txt,pool/paris.txt,pool/photosynthesis.txt,pool/pythagoras.txt,pool/quantum.txt,pool/schrodinger.txt,pool/stat_mech.txt,pool/thermodynamics.txt	209	external_guess,short,fanout:3	SAFE	manual accept
ея	они	она	они	manual_accept:v1	articles/baikal.txt,articles/bee.txt,articles/saturn.txt,articles/tolstoy.txt,leads/tolstoy.txt,magnetism_math_raw.txt,pool/china.txt,pool/differential.txt,pool/em_field.txt,pool/entropy.txt,pool/gauss.txt,pool/integral.txt,pool/orbital.txt,pool/paris.txt,pool/photosynthesis.txt,pool/pythagoras.txt,pool/quantum.txt,pool/schrodinger.txt,pool/stat_mech.txt,pool/thermodynamics.txt	209	external_guess,short,fanout:3	SAFE	manual accept
ея	оно	она	оно	manual_accept:v1	articles/baikal.txt,articles/bee.txt,articles/saturn.txt,articles/tolstoy.txt,magnetism_math_raw.txt,pool/china.txt,pool/differential.txt,pool/em_field.txt,pool/entropy.txt,pool/gauss.txt,pool/orbital.txt,pool/paris.txt,pool/photosynthesis.txt,pool/pythagoras.txt,pool/quantum.txt,pool/schrodinger.txt,pool/stat_mech.txt,pool/thermodynamics.txt	59	external_guess,short,fanout:3	SAFE	manual accept
ея	оно	она	оно	manual_accept:v1	articles/baikal.txt,articles/bee.txt,articles/saturn.txt,articles/tolstoy.txt,magnetism_math_raw.txt,pool/china.txt,pool/differential.txt,pool/em_field.txt,pool/entropy.txt,pool/gauss.txt,pool/orbital.txt,pool/paris.txt,pool/photosynthesis.txt,pool/pythagoras.txt,pool/quantum.txt,pool/schrodinger.txt,pool/stat_mech.txt,pool/thermodynamics.txt	59	external_guess,short,fanout:3	SAFE	manual accept
жена	женский	жена	женский	relational_adjective:ский:v1	union:articles/bee.txt,articles/tolstoy.txt	1	pos:NOUN/ADJF,homonym_prone_proof	SAFE	transparent relational adjective | surfaces жены → женскими | жена→женский:relational_adjective:ский:v1;женский→жена:relational_adjective:ский:v1
женский	жена	женский	жена	relational_adjective:ский:v1	union:articles/bee.txt,articles/tolstoy.txt	1	pos:ADJF/NOUN,homonym_prone_proof	SAFE	transparent relational adjective | surfaces женскими → жены | жена→женский:relational_adjective:ский:v1;женский→жена:relational_adjective:ский:v1
завершать	завершить	завершать	завершить	verbal_aspect:same:ать/ить:v1	articles/baikal.txt	2		SAFE	same-verb aspect pair | surfaces завершают → завершил,завершить | завершать→завершить:verbal_aspect:same:ать/ить:v1;завершить→завершать:verbal_aspect:same:ать/ить:v1
завершить	завершать	завершить	завершать	verbal_aspect:same:ать/ить:v1	articles/baikal.txt	1		SAFE	same-verb aspect pair | surfaces завершил,завершить → завершают | завершать→завершить:verbal_aspect:same:ать/ить:v1;завершить→завершать:verbal_aspect:same:ать/ить:v1
заводский	завод	заводский	завод	lemma_suffix:ский:v1	articles/baikal.txt	1	external_guess,ambiguous,pos:ADJF/NOUN,homonym_prone_proof	SAFE	reviewed external cognate
заводский	завод	заводский	завод	lemma_suffix:ский:v1	articles/baikal.txt	1	external_guess,ambiguous,pos:ADJF/NOUN,homonym_prone_proof	SAFE	reviewed external cognate
законник	закон	законник	закон	lemma_suffix:ник:v1	articles/baikal.txt,articles/tolstoy.txt,pool/differential.txt,pool/em_field.txt,pool/gauss.txt,pool/orbital.txt,pool/quantum.txt,pool/schrodinger.txt,pool/stat_mech.txt,pool/thermodynamics.txt	88	external_guess,ambiguous,homonym_prone_proof	SAFE	reviewed external cognate
законник	закон	законник	закон	lemma_suffix:ник:v1	articles/baikal.txt,articles/tolstoy.txt,pool/differential.txt,pool/em_field.txt,pool/gauss.txt,pool/orbital.txt,pool/quantum.txt,pool/schrodinger.txt,pool/stat_mech.txt,pool/thermodynamics.txt	88	external_guess,ambiguous,homonym_prone_proof	SAFE	reviewed external cognate
законника	закон	законник	закон	lemma_suffix:ник:v1	articles/baikal.txt,articles/tolstoy.txt,pool/differential.txt,pool/em_field.txt,pool/gauss.txt,pool/orbital.txt,pool/quantum.txt,pool/schrodinger.txt,pool/stat_mech.txt,pool/thermodynamics.txt	88	external_guess,ambiguous	SAFE	reviewed external cognate
законникам	закон	законник	закон	lemma_suffix:ник:v1	articles/baikal.txt,articles/tolstoy.txt,pool/differential.txt,pool/em_field.txt,pool/gauss.txt,pool/orbital.txt,pool/quantum.txt,pool/schrodinger.txt,pool/stat_mech.txt,pool/thermodynamics.txt	88	external_guess,ambiguous	SAFE	reviewed external cognate
законниками	закон	законник	закон	lemma_suffix:ник:v1	articles/baikal.txt,articles/tolstoy.txt,pool/differential.txt,pool/em_field.txt,pool/gauss.txt,pool/orbital.txt,pool/quantum.txt,pool/schrodinger.txt,pool/stat_mech.txt,pool/thermodynamics.txt	88	external_guess,ambiguous	SAFE	reviewed external cognate
законниках	закон	законник	закон	lemma_suffix:ник:v1	articles/baikal.txt,articles/tolstoy.txt,pool/differential.txt,pool/em_field.txt,pool/gauss.txt,pool/orbital.txt,pool/quantum.txt,pool/schrodinger.txt,pool/stat_mech.txt,pool/thermodynamics.txt	88	external_guess,ambiguous	SAFE	reviewed external cognate
законнике	закон	законник	закон	lemma_suffix:ник:v1	articles/baikal.txt,articles/tolstoy.txt,pool/differential.txt,pool/em_field.txt,pool/gauss.txt,pool/orbital.txt,pool/quantum.txt,pool/schrodinger.txt,pool/stat_mech.txt,pool/thermodynamics.txt	88	external_guess,ambiguous	SAFE	reviewed external cognate
законники	закон	законник	закон	lemma_suffix:ник:v1	articles/baikal.txt,articles/tolstoy.txt,pool/differential.txt,pool/em_field.txt,pool/gauss.txt,pool/orbital.txt,pool/quantum.txt,pool/schrodinger.txt,pool/stat_mech.txt,pool/thermodynamics.txt	88	external_guess,ambiguous	SAFE	reviewed external cognate
законников	закон	законник	закон	lemma_suffix:ник:v1	articles/baikal.txt,articles/tolstoy.txt,pool/differential.txt,pool/em_field.txt,pool/gauss.txt,pool/orbital.txt,pool/quantum.txt,pool/schrodinger.txt,pool/stat_mech.txt,pool/thermodynamics.txt	88	external_guess,ambiguous	SAFE	reviewed external cognate
законником	закон	законник	закон	lemma_suffix:ник:v1	articles/baikal.txt,articles/tolstoy.txt,pool/differential.txt,pool/em_field.txt,pool/gauss.txt,pool/orbital.txt,pool/quantum.txt,pool/schrodinger.txt,pool/stat_mech.txt,pool/thermodynamics.txt	88	external_guess,ambiguous	SAFE	reviewed external cognate
законнику	закон	законник	закон	lemma_suffix:ник:v1	articles/baikal.txt,articles/tolstoy.txt,pool/differential.txt,pool/em_field.txt,pool/gauss.txt,pool/orbital.txt,pool/quantum.txt,pool/schrodinger.txt,pool/stat_mech.txt,pool/thermodynamics.txt	88	external_guess,ambiguous	SAFE	reviewed external cognate
запасник	запас	запасник	запас	lemma_suffix:ник:v1	articles/baikal.txt,articles/bee.txt,pool/china.txt	10	external_guess,ambiguous,homonym_prone_proof	SAFE	reviewed external cognate
запасник	запас	запасник	запас	lemma_suffix:ник:v1	articles/baikal.txt,articles/bee.txt,pool/china.txt	10	external_guess,ambiguous,homonym_prone_proof	SAFE	reviewed external cognate
запасника	запас	запасник	запас	lemma_suffix:ник:v1	articles/baikal.txt,articles/bee.txt,pool/china.txt	10	external_guess,ambiguous	SAFE	reviewed external cognate
запасникам	запас	запасник	запас	lemma_suffix:ник:v1	articles/baikal.txt,articles/bee.txt,pool/china.txt	10	external_guess,ambiguous	SAFE	reviewed external cognate
запасниками	запас	запасник	запас	lemma_suffix:ник:v1	articles/baikal.txt,articles/bee.txt,pool/china.txt	10	external_guess,ambiguous	SAFE	reviewed external cognate
запасниках	запас	запасник	запас	lemma_suffix:ник:v1	articles/baikal.txt,articles/bee.txt,pool/china.txt	10	external_guess,ambiguous	SAFE	reviewed external cognate
запаснике	запас	запасник	запас	lemma_suffix:ник:v1	articles/baikal.txt,articles/bee.txt,pool/china.txt	10	external_guess,ambiguous	SAFE	reviewed external cognate
запасники	запас	запасник	запас	lemma_suffix:ник:v1	articles/baikal.txt,articles/bee.txt,pool/china.txt	10	external_guess,ambiguous	SAFE	reviewed external cognate
запасником	запас	запасник	запас	lemma_suffix:ник:v1	articles/baikal.txt,articles/bee.txt,pool/china.txt	10	external_guess,ambiguous	SAFE	reviewed external cognate
запаснику	запас	запасник	запас	lemma_suffix:ник:v1	articles/baikal.txt,articles/bee.txt,pool/china.txt	10	external_guess,ambiguous	SAFE	reviewed external cognate
заселить	заселять	заселить	заселять	verbal_aspect:same:ить/ять:v1	union:articles/baikal.txt,pool/paris.txt	1		SAFE	same-verb aspect pair | surfaces Заселённый → заселять | заселить→заселять:verbal_aspect:same:ить/ять:v1;заселять→заселить:verbal_aspect:same:ить/ять:v1
заселять	заселить	заселять	заселить	verbal_aspect:same:ить/ять:v1	union:articles/baikal.txt,pool/paris.txt	1		SAFE	same-verb aspect pair | surfaces заселять → Заселённый | заселить→заселять:verbal_aspect:same:ить/ять:v1;заселять→заселить:verbal_aspect:same:ить/ять:v1
зима	зимний	зима	зимний	relational_adjective:ний:v1	union:articles/baikal.txt,articles/bee.txt,articles/saturn.txt,articles/tolstoy.txt,pool/china.txt	2	pos:NOUN/ADJF,homonym_prone_proof	SAFE	transparent relational adjective | surfaces Зима,зима,зиму,зимы → зимние,зимний | зима→зимний:relational_adjective:ний:v1;зимний→зима:relational_adjective:ний:v1
зимний	зима	зимний	зима	relational_adjective:ний:v1	union:articles/baikal.txt,articles/bee.txt,articles/saturn.txt,articles/tolstoy.txt,pool/china.txt	4	pos:ADJF/NOUN,homonym_prone_proof	SAFE	transparent relational adjective | surfaces зимние,зимний → Зима,зима,зиму,зимы | зима→зимний:relational_adjective:ний:v1;зимний→зима:relational_adjective:ний:v1
измени	изменять	изменить	изменять	verbal_aspect:same:ить/ять:v1	articles/bee.txt	1	external_guess,ambiguous	SAFE	same-verb aspect pair
изменил	изменять	изменить	изменять	verbal_aspect:same:ить/ять:v1	articles/bee.txt	1	external_guess,ambiguous	SAFE	same-verb aspect pair
изменила	изменять	изменить	изменять	verbal_aspect:same:ить/ять:v1	articles/bee.txt	1	external_guess,ambiguous	SAFE	same-verb aspect pair
изменили	изменять	изменить	изменять	verbal_aspect:same:ить/ять:v1	articles/bee.txt	1	external_guess,ambiguous	SAFE	same-verb aspect pair
изменило	изменять	изменить	изменять	verbal_aspect:same:ить/ять:v1	articles/bee.txt	1	external_guess,ambiguous	SAFE	same-verb aspect pair
изменим	изменять	изменить	изменять	verbal_aspect:same:ить/ять:v1	articles/bee.txt	1	external_guess,ambiguous	SAFE	same-verb aspect pair
изменимте	изменять	изменить	изменять	verbal_aspect:same:ить/ять:v1	articles/bee.txt	1	external_guess,ambiguous	SAFE	same-verb aspect pair
изменит	изменять	изменить	изменять	verbal_aspect:same:ить/ять:v1	articles/bee.txt	1	external_guess,ambiguous	SAFE	same-verb aspect pair
измените	изменять	изменить	изменять	verbal_aspect:same:ить/ять:v1	articles/bee.txt	1	external_guess,ambiguous	SAFE	same-verb aspect pair
изменить	изменять	изменить	изменять	verbal_aspect:same:ить/ять:v1	union:articles/bee.txt,pool/photosynthesis.txt,pool/thermodynamics.txt	1		SAFE	same-verb aspect pair | surfaces изменили,изменило,изменить → изменяет | изменить→изменять:verbal_aspect:same:ить/ять:v1;изменять→изменить:verbal_aspect:same:ить/ять:v1
измениться	изменяться	измениться	изменяться	verbal_aspect:same:иться/яться:v1	union:pool/china.txt,pool/entropy.txt	1		SAFE	same-verb aspect pair | surfaces изменится → изменяется | измениться→изменяться:verbal_aspect:same:иться/яться:v1;изменяться→измениться:verbal_aspect:same:иться/яться:v1
изменишь	изменять	изменить	изменять	verbal_aspect:same:ить/ять:v1	articles/bee.txt	1	external_guess,ambiguous	SAFE	same-verb aspect pair
изменю	изменять	изменить	изменять	verbal_aspect:same:ить/ять:v1	articles/bee.txt	1	external_guess,ambiguous	SAFE	same-verb aspect pair
изменяет	изменить	изменять	изменить	verbal_aspect:same:ить/ять:v1	pool/photosynthesis.txt,pool/thermodynamics.txt	3	external_guess,ambiguous	SAFE	same-verb aspect pair
изменяете	изменить	изменять	изменить	verbal_aspect:same:ить/ять:v1	pool/photosynthesis.txt,pool/thermodynamics.txt	3	external_guess,ambiguous	SAFE	same-verb aspect pair
изменяешь	изменить	изменять	изменить	verbal_aspect:same:ить/ять:v1	pool/photosynthesis.txt,pool/thermodynamics.txt	3	external_guess,ambiguous	SAFE	same-verb aspect pair
изменяй	изменить	изменять	изменить	verbal_aspect:same:ить/ять:v1	pool/photosynthesis.txt,pool/thermodynamics.txt	3	external_guess,ambiguous	SAFE	same-verb aspect pair
изменяйте	изменить	изменять	изменить	verbal_aspect:same:ить/ять:v1	pool/photosynthesis.txt,pool/thermodynamics.txt	3	external_guess,ambiguous	SAFE	same-verb aspect pair
изменял	изменить	изменять	изменить	verbal_aspect:same:ить/ять:v1	pool/photosynthesis.txt,pool/thermodynamics.txt	3	external_guess,ambiguous	SAFE	same-verb aspect pair
изменяла	изменить	изменять	изменить	verbal_aspect:same:ить/ять:v1	pool/photosynthesis.txt,pool/thermodynamics.txt	3	external_guess,ambiguous	SAFE	same-verb aspect pair
изменяли	изменить	изменять	изменить	verbal_aspect:same:ить/ять:v1	pool/photosynthesis.txt,pool/thermodynamics.txt	3	external_guess,ambiguous	SAFE	same-verb aspect pair
изменяло	изменить	изменять	изменить	verbal_aspect:same:ить/ять:v1	pool/photosynthesis.txt,pool/thermodynamics.txt	3	external_guess,ambiguous	SAFE	same-verb aspect pair
изменят	изменять	изменить	изменять	verbal_aspect:same:ить/ять:v1	articles/bee.txt	1	external_guess,ambiguous	SAFE	same-verb aspect pair
изменять	изменить	изменять	изменить	verbal_aspect:same:ить/ять:v1	union:articles/bee.txt,pool/photosynthesis.txt,pool/thermodynamics.txt	3		SAFE	same-verb aspect pair | surfaces изменяет → изменили,изменило,изменить | изменить→изменять:verbal_aspect:same:ить/ять:v1;изменять→изменить:verbal_aspect:same:ить/ять:v1
изменять	изменить	изменять	изменить	verbal_aspect:same:ить/ять:v1	pool/photosynthesis.txt,pool/thermodynamics.txt	3	ambiguous	SAFE	same-verb aspect pair
изменять	изменить	изменять	изменить	verbal_aspect:same:ить/ять:v1	pool/photosynthesis.txt,pool/thermodynamics.txt	3	ambiguous	SAFE	same-verb aspect pair
изменяться	измениться	изменяться	измениться	verbal_aspect:same:иться/яться:v1	union:pool/china.txt,pool/entropy.txt	1		SAFE	same-verb aspect pair | surfaces изменяется → изменится | измениться→изменяться:verbal_aspect:same:иться/яться:v1;изменяться→измениться:verbal_aspect:same:иться/яться:v1
изменяю	изменить	изменять	изменить	verbal_aspect:same:ить/ять:v1	pool/photosynthesis.txt,pool/thermodynamics.txt	3	external_guess,ambiguous	SAFE	same-verb aspect pair
изменяют	изменить	изменять	изменить	verbal_aspect:same:ить/ять:v1	pool/photosynthesis.txt,pool/thermodynamics.txt	3	external_guess,ambiguous	SAFE	same-verb aspect pair
им	он	они	он	manual_accept:v1	articles/baikal.txt,articles/bee.txt,articles/saturn.txt,articles/tolstoy.txt,leads/tolstoy.txt,pool/china.txt,pool/differential.txt,pool/em_field.txt,pool/entropy.txt,pool/gauss.txt,pool/integral.txt,pool/laplace.txt,pool/orbital.txt,pool/paris.txt,pool/photosynthesis.txt,pool/pythagoras.txt,pool/quantum.txt,pool/schrodinger.txt,pool/stat_mech.txt,pool/thermodynamics.txt	257	external_guess,short,fanout:3	SAFE	manual accept
им	она	они	она	manual_accept:v1	articles/baikal.txt,articles/bee.txt,articles/saturn.txt,articles/tolstoy.txt,leads/saturn.txt,moscow_lead_raw.txt,pool/china.txt,pool/differential.txt,pool/em_field.txt,pool/entropy.txt,pool/gauss.txt,pool/integral.txt,pool/laplace.txt,pool/orbital.txt,pool/paris.txt,pool/photosynthesis.txt,pool/pythagoras.txt,pool/quantum.txt,pool/schrodinger.txt,pool/stat_mech.txt,pool/thermodynamics.txt	170	external_guess,short,fanout:3	SAFE	manual accept
им	оно	они	оно	manual_accept:v1	articles/baikal.txt,articles/bee.txt,articles/saturn.txt,articles/tolstoy.txt,magnetism_math_raw.txt,pool/china.txt,pool/differential.txt,pool/em_field.txt,pool/entropy.txt,pool/gauss.txt,pool/orbital.txt,pool/paris.txt,pool/photosynthesis.txt,pool/pythagoras.txt,pool/quantum.txt,pool/schrodinger.txt,pool/stat_mech.txt,pool/thermodynamics.txt	59	external_guess,short,fanout:3	SAFE	manual accept
интерес	интересный	интерес	интересный	relational_adjective:ный:v1	union:articles/baikal.txt,articles/tolstoy.txt,pool/china.txt,pool/entropy.txt,pool/gauss.txt,pool/orbital.txt,pool/paris.txt	4	pos:NOUN/ADJF,homonym_prone_proof	SAFE	transparent relational adjective | surfaces интерес,интересами,интересов,интересом,интересы → интересен,интересна,интересном,интересных | интерес→интересный:relational_adjective:ный:v1;интересный→интерес:relational_adjective:ный:v1
интересный	интерес	интересный	интерес	relational_adjective:ный:v1	union:articles/baikal.txt,articles/tolstoy.txt,pool/china.txt,pool/entropy.txt,pool/gauss.txt,pool/orbital.txt,pool/paris.txt	6	pos:ADJF/NOUN,homonym_prone_proof	SAFE	transparent relational adjective | surfaces интересен,интересна,интересном,интересных → интерес,интересами,интересов,интересом,интересы | интерес→интересный:relational_adjective:ный:v1;интересный→интерес:relational_adjective:ный:v1
исключать	исключить	исключать	исключить	verbal_aspect:same:ать/ить:v1	union:articles/bee.txt,pool/thermodynamics.txt	1		SAFE	same-verb aspect pair | surfaces исключает → исключить | исключать→исключить:verbal_aspect:same:ать/ить:v1;исключить→исключать:verbal_aspect:same:ать/ить:v1
исключить	исключать	исключить	исключать	verbal_aspect:same:ать/ить:v1	union:articles/bee.txt,pool/thermodynamics.txt	2		SAFE	same-verb aspect pair | surfaces исключить → исключает | исключать→исключить:verbal_aspect:same:ать/ить:v1;исключить→исключать:verbal_aspect:same:ать/ить:v1
исследователь	исследовательский	исследователь	исследовательский	lemma_suffix:ский:v1	articles/baikal.txt	3	pos:NOUN/ADJF,homonym_prone_proof	SAFE	transparent suffix derivation | surfaces Исследователи,исследователей,исследователи,исследователям → исследовательская,исследовательские,исследовательского | исследователь→исследовательский:lemma_suffix:ский:v1;исследовательский→исследователь:lemma_suffix:ский:v1
исследовательский	исследователь	исследовательский	исследователь	lemma_suffix:ский:v1	articles/baikal.txt	5	pos:ADJF/NOUN,homonym_prone_proof	SAFE	transparent suffix derivation | surfaces исследовательская,исследовательские,исследовательского → Исследователи,исследователей,исследователи,исследователям | исследователь→исследовательский:lemma_suffix:ский:v1;исследовательский→исследователь:lemma_suffix:ский:v1
коренной	корень	коренной	корень	relational_adjective:ной:v1	pool/paris.txt	3	pos:ADJF/NOUN,homonym_prone_proof	SAFE	transparent relational adjective | surfaces коренному,коренную → корень,корне | коренной→корень:no;корень→коренной:closure
корень	коренной	корень	коренной	relational_adjective:ной:v1	pool/paris.txt	2	pos:NOUN/ADJF,homonym_prone_proof	SAFE	transparent relational adjective | surfaces корень,корне → коренному,коренную | коренной→корень:no;корень→коренной:closure
крестная	крест	крестный	крест	relational_adjective:ный:v1	articles/tolstoy.txt,pool/paris.txt	2	external_guess,ambiguous,pos:ADJF/NOUN	SAFE	reviewed external cognate
крестный	крест	крестный	крест	relational_adjective:ный:v1	articles/tolstoy.txt,pool/paris.txt	2	external_guess,ambiguous,pos:ADJF/NOUN,homonym_prone_proof	SAFE	reviewed external cognate
лед	ледовый	лед	ледовый	relational_adjective:овый:v1	articles/baikal.txt	3	short,pos:NOUN/ADJF,homonym_prone_proof	SAFE	transparent relational adjective | surfaces Лёд,льда,льдов,льду,льды,лёд → ледового,ледовых | лед→ледовый:relational_adjective:овый:v1;ледовый→лед:relational_adjective:овый:v1
ледник	лед	ледник	лед	lemma_suffix:ник:v1	articles/baikal.txt,articles/saturn.txt,leads/saturn.txt,water_editorial_raw.txt	17	external_guess,short,homonym_prone_proof,fanout:2	SAFE	reviewed external cognate
ледник	ледниковый	ледник	ледниковый	lemma_suffix:овый:v1	articles/baikal.txt	1	external_guess,pos:NOUN/ADJF,homonym_prone_proof,fanout:2	SAFE	reviewed external cognate
ледовый	лед	ледовый	лед	relational_adjective:овый:v1	articles/baikal.txt	17	short,pos:ADJF/NOUN,homonym_prone_proof	SAFE	transparent relational adjective | surfaces ледового,ледовых → Лёд,льда,льдов,льду,льды,лёд | лед→ледовый:relational_adjective:овый:v1;ледовый→лед:relational_adjective:овый:v1
летний	лето	летний	лето	relational_adjective:ний:v1	articles/bee.txt,pool/china.txt,pool/paris.txt	9	pos:ADJF/NOUN,homonym_prone_proof	SAFE	transparent relational adjective | surfaces летней,летние,летний → Летом,лето,летом | летний→лето:relational_adjective:ний:v1;лето→летний:relational_adjective:ний:v1
лето	летний	лето	летний	relational_adjective:ний:v1	articles/bee.txt,pool/china.txt,pool/paris.txt	4	pos:NOUN/ADJF,homonym_prone_proof	SAFE	transparent relational adjective | surfaces Летом,лето,летом → летней,летние,летний | летний→лето:relational_adjective:ний:v1;лето→летний:relational_adjective:ний:v1
магнит	магнитный	магнит	магнитный	relational_adjective:ный:v1	magnetism_miller_raw.txt	52	pos:NOUN/ADJF,homonym_prone_proof	SAFE	transparent relational adjective | surfaces магнит → Магнитное,магнитного,магнитное,магнитный,магнитным,магнитными | магнит→магнитный:relational_adjective:ный:v1;магнитный→магнит:relational_adjective:ный:v1
магнитный	магнит	магнитный	магнит	relational_adjective:ный:v1	magnetism_miller_raw.txt	1	pos:ADJF/NOUN,homonym_prone_proof	SAFE	transparent relational adjective | surfaces Магнитное,магнитного,магнитное,магнитный,магнитным,магнитными → магнит | магнит→магнитный:relational_adjective:ный:v1;магнитный→магнит:relational_adjective:ный:v1
май	майский	май	майский	lemma_suffix:ский:v1	articles/tolstoy.txt	1	short,pos:NOUN/ADJF,homonym_prone_proof	SAFE	transparent suffix derivation | surfaces мае,май,мая → майские | май→майский:lemma_suffix:ский:v1;майский→май:lemma_suffix:ский:v1
майский	май	майский	май	lemma_suffix:ский:v1	articles/tolstoy.txt	12	short,pos:ADJF/NOUN,homonym_prone_proof	SAFE	transparent suffix derivation | surfaces майские → мае,май,мая | май→майский:lemma_suffix:ский:v1;майский→май:lemma_suffix:ский:v1
материк	материковый	материк	материковый	lemma_suffix:овый:v1	union:articles/baikal.txt,pool/china.txt	1	pos:NOUN/ADJF,homonym_prone_proof	SAFE	transparent suffix derivation | surfaces материка → материковых | материк→материковый:lemma_suffix:овый:v1;материковый→материк:lemma_suffix:овый:v1
материковый	материк	материковый	материк	lemma_suffix:овый:v1	union:articles/baikal.txt,pool/china.txt	1	pos:ADJF/NOUN,homonym_prone_proof	SAFE	transparent suffix derivation | surfaces материковых → материка | материк→материковый:lemma_suffix:овый:v1;материковый→материк:lemma_suffix:овый:v1
мед	медовый	мед	медовый	relational_adjective:овый:v1	articles/bee.txt	4	short,pos:NOUN/ADJF,homonym_prone_proof	SAFE	required regression | surfaces меду,мёд,мёда,мёдом → медового,медовый,медовым | мед→медовый:relational_adjective:овый:v1;медовый→мед:relational_adjective:овый:v1
мед	медовый	мед	медовый	relational_adjective:овый:v1	articles/bee.txt	4	short,pos:NOUN/ADJF,homonym_prone_proof,fanout:2	SAFE	required regression
мед	медоносный	мед	медоносный	manual_accept:v1	articles/bee.txt,leads/bee.txt	5	short,pos:NOUN/ADJF	SAFE	manual accept | surfaces меду,мёд,мёда,мёдом → Медоносная,медоносных | мед→медоносный:manual_accept:v1;медоносный→мед:manual_accept:v1
мед	медоносный	мед	медоносный	manual_accept:v1	articles/bee.txt,leads/bee.txt	5	short,pos:NOUN/ADJF,fanout:2	SAFE	manual accept
медовый	мед	медовый	мед	relational_adjective:овый:v1	articles/bee.txt	12	short,pos:ADJF/NOUN,homonym_prone_proof	SAFE	required regression | surfaces медового,медовый,медовым → меду,мёд,мёда,мёдом | мед→медовый:relational_adjective:овый:v1;медовый→мед:relational_adjective:овый:v1
медоносный	мед	медоносный	мед	manual_accept:v1	articles/bee.txt,leads/bee.txt	12	short,pos:ADJF/NOUN	SAFE	manual accept | surfaces Медоносная,медоносных → меду,мёд,мёда,мёдом | мед→медоносный:manual_accept:v1;медоносный→мед:manual_accept:v1
мера	мерный	мера	мерный	relational_adjective:ный:v1	pool/gauss.txt	9	pos:NOUN/ADJF,homonym_prone_proof	SAFE	measure/measured | surfaces Мера,мера,мере,мерой,меру,меры → мерная,мерного,мерной,мерном | мера→мерный:relational_adjective:ный:v1;мерный→мера:relational_adjective:ный:v1
мерный	мера	мерный	мера	relational_adjective:ный:v1	pool/gauss.txt	46	pos:ADJF/NOUN,homonym_prone_proof	SAFE	measure/measured | surfaces мерная,мерного,мерной,мерном → Мера,мера,мере,мерой,меру,меры | мера→мерный:relational_adjective:ный:v1;мерный→мера:relational_adjective:ный:v1
местный	место	местный	место	relational_adjective:ный:v1	articles/baikal.txt,pool/china.txt,pool/paris.txt	40	pos:ADJF/NOUN,homonym_prone_proof	SAFE	transparent relational adjective | surfaces Местное,местного,местное → мест,места,местами,местах,месте,место | местный→место:relational_adjective:ный:v1;место→местный:relational_adjective:ный:v1
место	вместе	место	вместе	place_adverb:v1	articles/baikal.txt,articles/bee.txt,articles/saturn.txt,articles/tolstoy.txt,pool/gauss.txt,pool/paris.txt	14	pos:NOUN/ADVB	SAFE	manual accept | surfaces мест,места,местами,местах,месте,место → вместе | вместе→место:place_adverb:v1;место→вместе:place_adverb:v1
место	вместе	место	вместе	place_adverb:v1	articles/baikal.txt,articles/bee.txt,articles/saturn.txt,articles/tolstoy.txt,pool/differential.txt,pool/gauss.txt,pool/paris.txt,pool/photosynthesis.txt,pool/quantum.txt,pool/stat_mech.txt,pool/thermodynamics.txt	14	pos:NOUN/ADVB,fanout:2	SAFE	manual accept
место	местный	место	местный	relational_adjective:ный:v1	articles/baikal.txt,pool/china.txt,pool/paris.txt	6	pos:NOUN/ADJF,homonym_prone_proof	SAFE	transparent relational adjective | surfaces мест,места,местами,местах,месте,место → Местное,местного,местное | местный→место:relational_adjective:ный:v1;место→местный:relational_adjective:ный:v1
место	местный	место	местный	relational_adjective:ный:v1	articles/baikal.txt,pool/china.txt,pool/paris.txt	6	pos:NOUN/ADJF,homonym_prone_proof,fanout:2	SAFE	transparent relational adjective
море	морской	море	морской	relational_adjective:ской:v1	pool/china.txt	2	pos:NOUN/ADJF,homonym_prone_proof	SAFE	transparent relational adjective | surfaces Моря,море,морей,морю,моря,морями → Морское,морских | море→морской:relational_adjective:ской:v1;морской→море:relational_adjective:ской:v1
морской	море	морской	море	relational_adjective:ской:v1	pool/china.txt	26	pos:ADJF/NOUN,homonym_prone_proof	SAFE	transparent relational adjective | surfaces Морское,морских → Моря,море,морей,морю,моря,морями | море→морской:relational_adjective:ской:v1;морской→море:relational_adjective:ской:v1
муравейника	муравей	муравейник	муравей	lemma_suffix:ник:v1	articles/bee.txt	1	external_guess,ambiguous	SAFE	reviewed external cognate
муравейникам	муравей	муравейник	муравей	lemma_suffix:ник:v1	articles/bee.txt	1	external_guess,ambiguous	SAFE	reviewed external cognate
муравейниками	муравей	муравейник	муравей	lemma_suffix:ник:v1	articles/bee.txt	1	external_guess,ambiguous	SAFE	reviewed external cognate
муравейниках	муравей	муравейник	муравей	lemma_suffix:ник:v1	articles/bee.txt	1	external_guess,ambiguous	SAFE	reviewed external cognate
муравейнике	муравей	муравейник	муравей	lemma_suffix:ник:v1	articles/bee.txt	1	external_guess,ambiguous	SAFE	reviewed external cognate
муравейники	муравей	муравейник	муравей	lemma_suffix:ник:v1	articles/bee.txt	1	external_guess,ambiguous	SAFE	reviewed external cognate
муравейником	муравей	муравейник	муравей	lemma_suffix:ник:v1	articles/bee.txt	1	external_guess,ambiguous	SAFE	reviewed external cognate
муравейнику	муравей	муравейник	муравей	lemma_suffix:ник:v1	articles/bee.txt	1	external_guess,ambiguous	SAFE	reviewed external cognate
накладывать	наложить	накладывать	наложить	verbal_aspect:cross:ить/ывать:v1	union:articles/tolstoy.txt,pool/gauss.txt	1		SAFE	same-verb aspect pair | surfaces накладывали → наложить | накладывать→наложить:verbal_aspect:cross:ить/ывать:v1;наложить→накладывать:verbal_aspect:cross:ить/ывать:v1
наложить	накладывать	наложить	накладывать	verbal_aspect:cross:ить/ывать:v1	union:articles/tolstoy.txt,pool/gauss.txt	1		SAFE	same-verb aspect pair | surfaces наложить → накладывали | накладывать→наложить:verbal_aspect:cross:ить/ывать:v1;наложить→накладывать:verbal_aspect:cross:ить/ывать:v1
населить	населять	населить	населять	verbal_aspect:same:ить/ять:v1	articles/baikal.txt	1		SAFE	same-verb aspect pair | surfaces населённом,населённые,населённых → населяли | населить→населять:verbal_aspect:same:ить/ять:v1;населять→населить:verbal_aspect:same:ить/ять:v1
населять	населить	населять	населить	verbal_aspect:same:ить/ять:v1	articles/baikal.txt	5		SAFE	same-verb aspect pair | surfaces населяли → населённом,населённые,населённых | населить→населять:verbal_aspect:same:ить/ять:v1;населять→населить:verbal_aspect:same:ить/ять:v1
него	она	он,оно	она	manual_accept:v1	articles/baikal.txt,articles/bee.txt,articles/saturn.txt,articles/tolstoy.txt,leads/saturn.txt,moscow_lead_raw.txt,pool/china.txt,pool/differential.txt,pool/em_field.txt,pool/entropy.txt,pool/gauss.txt,pool/integral.txt,pool/laplace.txt,pool/orbital.txt,pool/paris.txt,pool/photosynthesis.txt,pool/pythagoras.txt,pool/quantum.txt,pool/schrodinger.txt,pool/stat_mech.txt,pool/thermodynamics.txt	170	external_guess,ambiguous,short,fanout:2	SAFE	manual accept
него	они	он,оно	они	manual_accept:v1	articles/baikal.txt,articles/bee.txt,articles/saturn.txt,articles/tolstoy.txt,leads/tolstoy.txt,magnetism_math_raw.txt,pool/china.txt,pool/differential.txt,pool/em_field.txt,pool/entropy.txt,pool/gauss.txt,pool/integral.txt,pool/orbital.txt,pool/paris.txt,pool/photosynthesis.txt,pool/pythagoras.txt,pool/quantum.txt,pool/schrodinger.txt,pool/stat_mech.txt,pool/thermodynamics.txt	209	external_guess,ambiguous,short,fanout:2	SAFE	manual accept
нему	она	он,оно	она	manual_accept:v1	articles/baikal.txt,articles/bee.txt,articles/saturn.txt,articles/tolstoy.txt,leads/saturn.txt,moscow_lead_raw.txt,pool/china.txt,pool/differential.txt,pool/em_field.txt,pool/entropy.txt,pool/gauss.txt,pool/integral.txt,pool/laplace.txt,pool/orbital.txt,pool/paris.txt,pool/photosynthesis.txt,pool/pythagoras.txt,pool/quantum.txt,pool/schrodinger.txt,pool/stat_mech.txt,pool/thermodynamics.txt	170	external_guess,ambiguous,short,fanout:2	SAFE	manual accept
нему	они	он,оно	они	manual_accept:v1	articles/baikal.txt,articles/bee.txt,articles/saturn.txt,articles/tolstoy.txt,leads/tolstoy.txt,magnetism_math_raw.txt,pool/china.txt,pool/differential.txt,pool/em_field.txt,pool/entropy.txt,pool/gauss.txt,pool/integral.txt,pool/orbital.txt,pool/paris.txt,pool/photosynthesis.txt,pool/pythagoras.txt,pool/quantum.txt,pool/schrodinger.txt,pool/stat_mech.txt,pool/thermodynamics.txt	209	external_guess,ambiguous,short,fanout:2	SAFE	manual accept
нею	он	она	он	manual_accept:v1	articles/baikal.txt,articles/bee.txt,articles/saturn.txt,articles/tolstoy.txt,leads/tolstoy.txt,pool/china.txt,pool/differential.txt,pool/em_field.txt,pool/entropy.txt,pool/gauss.txt,pool/integral.txt,pool/laplace.txt,pool/orbital.txt,pool/paris.txt,pool/photosynthesis.txt,pool/pythagoras.txt,pool/quantum.txt,pool/schrodinger.txt,pool/stat_mech.txt,pool/thermodynamics.txt	257	external_guess,short,fanout:3	SAFE	manual accept
нею	они	она	они	manual_accept:v1	articles/baikal.txt,articles/bee.txt,articles/saturn.txt,articles/tolstoy.txt,leads/tolstoy.txt,magnetism_math_raw.txt,pool/china.txt,pool/differential.txt,pool/em_field.txt,pool/entropy.txt,pool/gauss.txt,pool/integral.txt,pool/orbital.txt,pool/paris.txt,pool/photosynthesis.txt,pool/pythagoras.txt,pool/quantum.txt,pool/schrodinger.txt,pool/stat_mech.txt,pool/thermodynamics.txt	209	external_guess,short,fanout:3	SAFE	manual accept
нею	оно	она	оно	manual_accept:v1	articles/baikal.txt,articles/bee.txt,articles/saturn.txt,articles/tolstoy.txt,magnetism_math_raw.txt,pool/china.txt,pool/differential.txt,pool/em_field.txt,pool/entropy.txt,pool/gauss.txt,pool/orbital.txt,pool/paris.txt,pool/photosynthesis.txt,pool/pythagoras.txt,pool/quantum.txt,pool/schrodinger.txt,pool/stat_mech.txt,pool/thermodynamics.txt	59	external_guess,short,fanout:3	SAFE	manual accept
ним	он	они	он	manual_accept:v1	articles/baikal.txt,articles/bee.txt,articles/saturn.txt,articles/tolstoy.txt,leads/tolstoy.txt,pool/china.txt,pool/differential.txt,pool/em_field.txt,pool/entropy.txt,pool/gauss.txt,pool/integral.txt,pool/laplace.txt,pool/orbital.txt,pool/paris.txt,pool/photosynthesis.txt,pool/pythagoras.txt,pool/quantum.txt,pool/schrodinger.txt,pool/stat_mech.txt,pool/thermodynamics.txt	257	external_guess,short,fanout:3	SAFE	manual accept
ним	она	они	она	manual_accept:v1	articles/baikal.txt,articles/bee.txt,articles/saturn.txt,articles/tolstoy.txt,leads/saturn.txt,moscow_lead_raw.txt,pool/china.txt,pool/differential.txt,pool/em_field.txt,pool/entropy.txt,pool/gauss.txt,pool/integral.txt,pool/laplace.txt,pool/orbital.txt,pool/paris.txt,pool/photosynthesis.txt,pool/pythagoras.txt,pool/quantum.txt,pool/schrodinger.txt,pool/stat_mech.txt,pool/thermodynamics.txt	170	external_guess,short,fanout:3	SAFE	manual accept
ним	оно	они	оно	manual_accept:v1	articles/baikal.txt,articles/bee.txt,articles/saturn.txt,articles/tolstoy.txt,magnetism_math_raw.txt,pool/china.txt,pool/differential.txt,pool/em_field.txt,pool/entropy.txt,pool/gauss.txt,pool/orbital.txt,pool/paris.txt,pool/photosynthesis.txt,pool/pythagoras.txt,pool/quantum.txt,pool/schrodinger.txt,pool/stat_mech.txt,pool/thermodynamics.txt	59	external_guess,short,fanout:3	SAFE	manual accept
новый	вновь	новый	вновь	manual_accept:v1	articles/bee.txt,pool/paris.txt	5	pos:ADJF/ADVB	SAFE	manual accept | surfaces новое,новой,новую,новые,новый,новых → вновь | вновь→новый:manual_accept:v1;новый→вновь:manual_accept:v1
нога	ножка	нога	ножка	diminutive:v1	articles/bee.txt	3		SAFE	diminutive of the same noun | surfaces ног → ножек,ножках,ножки | нога→ножка:diminutive:v1;ножка→нога:diminutive:v1
ножка	нога	ножка	нога	diminutive:v1	articles/bee.txt	1		SAFE	diminutive of the same noun | surfaces ножек,ножках,ножки → ног | нога→ножка:diminutive:v1;ножка→нога:diminutive:v1
номерного	номер	номерной	номер	relational_adjective:ной:v1	articles/tolstoy.txt,pool/orbital.txt	2	external_guess,ambiguous,pos:ADJF/NOUN	SAFE	reviewed external cognate
номерной	номер	номерной	номер	relational_adjective:ной:v1	articles/tolstoy.txt,pool/orbital.txt	2	external_guess,ambiguous,pos:ADJF/NOUN,homonym_prone_proof	SAFE	reviewed external cognate
номерной	номер	номерной	номер	relational_adjective:ной:v1	articles/tolstoy.txt,pool/orbital.txt	2	external_guess,ambiguous,pos:ADJF/NOUN,homonym_prone_proof	SAFE	reviewed external cognate
номерном	номер	номерной	номер	relational_adjective:ной:v1	articles/tolstoy.txt,pool/orbital.txt	2	external_guess,ambiguous,pos:ADJF/NOUN	SAFE	reviewed external cognate
номерному	номер	номерной	номер	relational_adjective:ной:v1	articles/tolstoy.txt,pool/orbital.txt	2	external_guess,ambiguous,pos:ADJF/NOUN	SAFE	reviewed external cognate
номерные	номер	номерной	номер	relational_adjective:ной:v1	articles/tolstoy.txt,pool/orbital.txt	2	external_guess,ambiguous,pos:ADJF/NOUN	SAFE	reviewed external cognate
номерным	номер	номерной	номер	relational_adjective:ной:v1	articles/tolstoy.txt,pool/orbital.txt	2	external_guess,ambiguous,pos:ADJF/NOUN	SAFE	reviewed external cognate
номерными	номер	номерной	номер	relational_adjective:ной:v1	articles/tolstoy.txt,pool/orbital.txt	2	external_guess,ambiguous,pos:ADJF/NOUN	SAFE	reviewed external cognate
номерных	номер	номерной	номер	relational_adjective:ной:v1	articles/tolstoy.txt,pool/orbital.txt	2	external_guess,ambiguous,pos:ADJF/NOUN	SAFE	reviewed external cognate
обнаруживать	обнаружить	обнаруживать	обнаружить	verbal_aspect:same:ивать/ить:v1	pool/quantum.txt	7		SAFE	same-verb aspect pair | surfaces обнаруживают → обнаружил,обнаружили | обнаруживать→обнаружить:verbal_aspect:same:ивать/ить:v1;обнаружить→обнаруживать:verbal_aspect:same:ивать/ить:v1
обнаружить	обнаруживать	обнаружить	обнаруживать	verbal_aspect:same:ивать/ить:v1	pool/quantum.txt	1		SAFE	same-verb aspect pair | surfaces обнаружил,обнаружили → обнаруживают | обнаруживать→обнаружить:verbal_aspect:same:ивать/ить:v1;обнаружить→обнаруживать:verbal_aspect:same:ивать/ить:v1
обобщать	обобщить	обобщать	обобщить	verbal_aspect:same:ать/ить:v1	pool/quantum.txt	8		SAFE	same-verb aspect pair | surfaces обобщает → обобщенными,обобщил,обобщён,обобщённые,обобщённым,обобщённых | обобщать→обобщить:verbal_aspect:same:ать/ить:v1;обобщить→обобщать:verbal_aspect:same:ать/ить:v1
обобщить	обобщать	обобщить	обобщать	verbal_aspect:same:ать/ить:v1	pool/quantum.txt	1		SAFE	same-verb aspect pair | surfaces обобщенными,обобщил,обобщён,обобщённые,обобщённым,обобщённых → обобщает | обобщать→обобщить:verbal_aspect:same:ать/ить:v1;обобщить→обобщать:verbal_aspect:same:ать/ить:v1
один	единственный	один	единственный	manual_accept:v1	articles/baikal.txt,articles/bee.txt,articles/saturn.txt,articles/tolstoy.txt,pool/china.txt,pool/differential.txt,pool/em_field.txt,pool/entropy.txt,pool/gauss.txt,pool/photosynthesis.txt,pool/pythagoras.txt,pool/thermodynamics.txt	22	pos:ANUM/ADJF	SAFE	manual accept | surfaces Одни,один,одна,одни,одних,одной → единственная,единственного,единственное,единственной,единственный,единственным | единственный→один:manual_accept:v1;один→единственный:manual_accept:v1
озерный	озеро	озерный	озеро	relational_adjective:ный:v1	articles/baikal.txt	87	pos:ADJF/NOUN,homonym_prone_proof	SAFE	transparent relational adjective | surfaces озёрной → Озеро,озера,озере,озеро,озёр,озёрах | озерный→озеро:relational_adjective:ный:v1;озеро→озерный:relational_adjective:ный:v1
озеро	озерный	озеро	озерный	relational_adjective:ный:v1	articles/baikal.txt	1	pos:NOUN/ADJF,homonym_prone_proof	SAFE	transparent relational adjective | surfaces Озеро,озера,озере,озеро,озёр,озёрах → озёрной | озерный→озеро:relational_adjective:ный:v1;озеро→озерный:relational_adjective:ный:v1
окружать	окружить	окружать	окружить	verbal_aspect:same:ать/ить:v1	pool/gauss.txt	1		SAFE	same-verb aspect pair | surfaces окружает,окружающей,окружающие,окружающую → Окружим | окружать→окружить:verbal_aspect:same:ать/ить:v1;окружить→окружать:verbal_aspect:same:ать/ить:v1
окружить	окружать	окружить	окружать	verbal_aspect:same:ать/ить:v1	pool/gauss.txt	15		SAFE	same-verb aspect pair | surfaces Окружим → окружает,окружающей,окружающие,окружающую | окружать→окружить:verbal_aspect:same:ать/ить:v1;окружить→окружать:verbal_aspect:same:ать/ить:v1
он	она	он	она	manual_accept:v1	articles/baikal.txt,articles/bee.txt,articles/saturn.txt,articles/tolstoy.txt,pool/china.txt,pool/differential.txt,pool/em_field.txt,pool/entropy.txt,pool/gauss.txt,pool/integral.txt,pool/laplace.txt,pool/orbital.txt,pool/paris.txt,pool/photosynthesis.txt,pool/pythagoras.txt,pool/quantum.txt,pool/schrodinger.txt,pool/stat_mech.txt,pool/thermodynamics.txt	170	short	SAFE	manual accept | surfaces Его,Он,его,ему,него,он → Она,ей,её,ней,неё,она | он→она:manual_accept:v1;она→он:manual_accept:v1
он	она	он	она	manual_accept:v1	articles/baikal.txt,articles/bee.txt,articles/saturn.txt,articles/tolstoy.txt,leads/saturn.txt,moscow_lead_raw.txt,pool/china.txt,pool/differential.txt,pool/em_field.txt,pool/entropy.txt,pool/gauss.txt,pool/integral.txt,pool/laplace.txt,pool/orbital.txt,pool/paris.txt,pool/photosynthesis.txt,pool/pythagoras.txt,pool/quantum.txt,pool/schrodinger.txt,pool/stat_mech.txt,pool/thermodynamics.txt	170	short,fanout:3	SAFE	manual accept
он	они	он	они	manual_accept:v1	articles/baikal.txt,articles/bee.txt,articles/saturn.txt,articles/tolstoy.txt,leads/tolstoy.txt,pool/china.txt,pool/differential.txt,pool/em_field.txt,pool/entropy.txt,pool/gauss.txt,pool/integral.txt,pool/orbital.txt,pool/paris.txt,pool/photosynthesis.txt,pool/pythagoras.txt,pool/quantum.txt,pool/schrodinger.txt,pool/stat_mech.txt,pool/thermodynamics.txt	209	short	SAFE	manual accept | surfaces Его,Он,его,ему,него,он → Они,их,ним,ними,них,они | он→они:manual_accept:v1;они→он:manual_accept:v1
он	они	он	они	manual_accept:v1	articles/baikal.txt,articles/bee.txt,articles/saturn.txt,articles/tolstoy.txt,leads/tolstoy.txt,magnetism_math_raw.txt,pool/china.txt,pool/differential.txt,pool/em_field.txt,pool/entropy.txt,pool/gauss.txt,pool/integral.txt,pool/orbital.txt,pool/paris.txt,pool/photosynthesis.txt,pool/pythagoras.txt,pool/quantum.txt,pool/schrodinger.txt,pool/stat_mech.txt,pool/thermodynamics.txt	209	short,fanout:3	SAFE	manual accept
он	оно	он	оно	manual_accept:v1	articles/baikal.txt,articles/bee.txt,articles/saturn.txt,articles/tolstoy.txt,pool/china.txt,pool/differential.txt,pool/em_field.txt,pool/entropy.txt,pool/gauss.txt,pool/orbital.txt,pool/paris.txt,pool/photosynthesis.txt,pool/pythagoras.txt,pool/quantum.txt,pool/schrodinger.txt,pool/stat_mech.txt,pool/thermodynamics.txt	59	short	SAFE	manual accept | surfaces Его,Он,его,ему,него,он → Оно,него,нему,оно | он→оно:manual_accept:v1;оно→он:manual_accept:v1
он	оно	он	оно	manual_accept:v1	articles/baikal.txt,articles/bee.txt,articles/saturn.txt,articles/tolstoy.txt,magnetism_math_raw.txt,pool/china.txt,pool/differential.txt,pool/em_field.txt,pool/entropy.txt,pool/gauss.txt,pool/orbital.txt,pool/paris.txt,pool/photosynthesis.txt,pool/pythagoras.txt,pool/quantum.txt,pool/schrodinger.txt,pool/stat_mech.txt,pool/thermodynamics.txt	59	short,fanout:3	SAFE	manual accept
она	он	она	он	manual_accept:v1	articles/baikal.txt,articles/bee.txt,articles/saturn.txt,articles/tolstoy.txt,pool/china.txt,pool/differential.txt,pool/em_field.txt,pool/entropy.txt,pool/gauss.txt,pool/integral.txt,pool/laplace.txt,pool/orbital.txt,pool/paris.txt,pool/photosynthesis.txt,pool/pythagoras.txt,pool/quantum.txt,pool/schrodinger.txt,pool/stat_mech.txt,pool/thermodynamics.txt	257	short	SAFE	manual accept | surfaces Она,ей,её,ней,неё,она → Его,Он,его,ему,него,он | он→она:manual_accept:v1;она→он:manual_accept:v1
она	он	она	он	manual_accept:v1	articles/baikal.txt,articles/bee.txt,articles/saturn.txt,articles/tolstoy.txt,leads/tolstoy.txt,pool/china.txt,pool/differential.txt,pool/em_field.txt,pool/entropy.txt,pool/gauss.txt,pool/integral.txt,pool/laplace.txt,pool/orbital.txt,pool/paris.txt,pool/photosynthesis.txt,pool/pythagoras.txt,pool/quantum.txt,pool/schrodinger.txt,pool/stat_mech.txt,pool/thermodynamics.txt	257	short,fanout:3	SAFE	manual accept
она	они	она	они	manual_accept:v1	articles/baikal.txt,articles/bee.txt,articles/saturn.txt,articles/tolstoy.txt,pool/china.txt,pool/differential.txt,pool/em_field.txt,pool/entropy.txt,pool/gauss.txt,pool/integral.txt,pool/orbital.txt,pool/paris.txt,pool/photosynthesis.txt,pool/pythagoras.txt,pool/quantum.txt,pool/schrodinger.txt,pool/stat_mech.txt,pool/thermodynamics.txt	209	short	SAFE	manual accept | surfaces Она,ей,её,ней,неё,она → Они,их,ним,ними,них,они | она→они:manual_accept:v1;они→она:manual_accept:v1
она	они	она	они	manual_accept:v1	articles/baikal.txt,articles/bee.txt,articles/saturn.txt,articles/tolstoy.txt,leads/tolstoy.txt,magnetism_math_raw.txt,pool/china.txt,pool/differential.txt,pool/em_field.txt,pool/entropy.txt,pool/gauss.txt,pool/integral.txt,pool/orbital.txt,pool/paris.txt,pool/photosynthesis.txt,pool/pythagoras.txt,pool/quantum.txt,pool/schrodinger.txt,pool/stat_mech.txt,pool/thermodynamics.txt	209	short,fanout:3	SAFE	manual accept
она	оно	она	оно	manual_accept:v1	articles/baikal.txt,articles/bee.txt,articles/saturn.txt,articles/tolstoy.txt,pool/china.txt,pool/differential.txt,pool/em_field.txt,pool/entropy.txt,pool/gauss.txt,pool/orbital.txt,pool/paris.txt,pool/photosynthesis.txt,pool/pythagoras.txt,pool/quantum.txt,pool/schrodinger.txt,pool/stat_mech.txt,pool/thermodynamics.txt	59	short	SAFE	manual accept | surfaces Она,ей,её,ней,неё,она → Оно,него,нему,оно | она→оно:manual_accept:v1;оно→она:manual_accept:v1
она	оно	она	оно	manual_accept:v1	articles/baikal.txt,articles/bee.txt,articles/saturn.txt,articles/tolstoy.txt,magnetism_math_raw.txt,pool/china.txt,pool/differential.txt,pool/em_field.txt,pool/entropy.txt,pool/gauss.txt,pool/orbital.txt,pool/paris.txt,pool/photosynthesis.txt,pool/pythagoras.txt,pool/quantum.txt,pool/schrodinger.txt,pool/stat_mech.txt,pool/thermodynamics.txt	59	short,fanout:3	SAFE	manual accept
они	он	они	он	manual_accept:v1	articles/baikal.txt,articles/bee.txt,articles/saturn.txt,articles/tolstoy.txt,leads/tolstoy.txt,pool/china.txt,pool/differential.txt,pool/em_field.txt,pool/entropy.txt,pool/gauss.txt,pool/integral.txt,pool/orbital.txt,pool/paris.txt,pool/photosynthesis.txt,pool/pythagoras.txt,pool/quantum.txt,pool/schrodinger.txt,pool/stat_mech.txt,pool/thermodynamics.txt	257	short	SAFE	manual accept | surfaces Они,их,ним,ними,них,они → Его,Он,его,ему,него,он | он→они:manual_accept:v1;они→он:manual_accept:v1
они	он	они	он	manual_accept:v1	articles/baikal.txt,articles/bee.txt,articles/saturn.txt,articles/tolstoy.txt,leads/tolstoy.txt,pool/china.txt,pool/differential.txt,pool/em_field.txt,pool/entropy.txt,pool/gauss.txt,pool/integral.txt,pool/laplace.txt,pool/orbital.txt,pool/paris.txt,pool/photosynthesis.txt,pool/pythagoras.txt,pool/quantum.txt,pool/schrodinger.txt,pool/stat_mech.txt,pool/thermodynamics.txt	257	short,fanout:3	SAFE	manual accept
они	она	они	она	manual_accept:v1	articles/baikal.txt,articles/bee.txt,articles/saturn.txt,articles/tolstoy.txt,pool/china.txt,pool/differential.txt,pool/em_field.txt,pool/entropy.txt,pool/gauss.txt,pool/integral.txt,pool/orbital.txt,pool/paris.txt,pool/photosynthesis.txt,pool/pythagoras.txt,pool/quantum.txt,pool/schrodinger.txt,pool/stat_mech.txt,pool/thermodynamics.txt	170	short	SAFE	manual accept | surfaces Они,их,ним,ними,них,они → Она,ей,её,ней,неё,она | она→они:manual_accept:v1;они→она:manual_accept:v1
они	она	они	она	manual_accept:v1	articles/baikal.txt,articles/bee.txt,articles/saturn.txt,articles/tolstoy.txt,leads/saturn.txt,moscow_lead_raw.txt,pool/china.txt,pool/differential.txt,pool/em_field.txt,pool/entropy.txt,pool/gauss.txt,pool/integral.txt,pool/laplace.txt,pool/orbital.txt,pool/paris.txt,pool/photosynthesis.txt,pool/pythagoras.txt,pool/quantum.txt,pool/schrodinger.txt,pool/stat_mech.txt,pool/thermodynamics.txt	170	short,fanout:3	SAFE	manual accept
они	оно	они	оно	manual_accept:v1	articles/baikal.txt,articles/bee.txt,articles/saturn.txt,articles/tolstoy.txt,magnetism_math_raw.txt,pool/china.txt,pool/differential.txt,pool/em_field.txt,pool/entropy.txt,pool/gauss.txt,pool/orbital.txt,pool/paris.txt,pool/photosynthesis.txt,pool/pythagoras.txt,pool/quantum.txt,pool/schrodinger.txt,pool/stat_mech.txt,pool/thermodynamics.txt	59	short	SAFE	manual accept | surfaces Они,их,ним,ними,них,они → Оно,него,нему,оно | они→оно:manual_accept:v1;оно→они:manual_accept:v1
они	оно	они	оно	manual_accept:v1	articles/baikal.txt,articles/bee.txt,articles/saturn.txt,articles/tolstoy.txt,magnetism_math_raw.txt,pool/china.txt,pool/differential.txt,pool/em_field.txt,pool/entropy.txt,pool/gauss.txt,pool/orbital.txt,pool/paris.txt,pool/photosynthesis.txt,pool/pythagoras.txt,pool/quantum.txt,pool/schrodinger.txt,pool/stat_mech.txt,pool/thermodynamics.txt	59	short,fanout:3	SAFE	manual accept
оно	он	оно	он	manual_accept:v1	articles/baikal.txt,articles/bee.txt,articles/saturn.txt,articles/tolstoy.txt,pool/china.txt,pool/differential.txt,pool/em_field.txt,pool/entropy.txt,pool/gauss.txt,pool/orbital.txt,pool/paris.txt,pool/photosynthesis.txt,pool/pythagoras.txt,pool/quantum.txt,pool/schrodinger.txt,pool/stat_mech.txt,pool/thermodynamics.txt	257	short	SAFE	manual accept | surfaces Оно,него,нему,оно → Его,Он,его,ему,него,он | он→оно:manual_accept:v1;оно→он:manual_accept:v1
оно	он	оно	он	manual_accept:v1	articles/baikal.txt,articles/bee.txt,articles/saturn.txt,articles/tolstoy.txt,leads/tolstoy.txt,pool/china.txt,pool/differential.txt,pool/em_field.txt,pool/entropy.txt,pool/gauss.txt,pool/integral.txt,pool/laplace.txt,pool/orbital.txt,pool/paris.txt,pool/photosynthesis.txt,pool/pythagoras.txt,pool/quantum.txt,pool/schrodinger.txt,pool/stat_mech.txt,pool/thermodynamics.txt	257	short,fanout:3	SAFE	manual accept
оно	она	оно	она	manual_accept:v1	articles/baikal.txt,articles/bee.txt,articles/saturn.txt,articles/tolstoy.txt,pool/china.txt,pool/differential.txt,pool/em_field.txt,pool/entropy.txt,pool/gauss.txt,pool/orbital.txt,pool/paris.txt,pool/photosynthesis.txt,pool/pythagoras.txt,pool/quantum.txt,pool/schrodinger.txt,pool/stat_mech.txt,pool/thermodynamics.txt	170	short	SAFE	manual accept | surfaces Оно,него,нему,оно → Она,ей,её,ней,неё,она | она→оно:manual_accept:v1;оно→она:manual_accept:v1
оно	она	оно	она	manual_accept:v1	articles/baikal.txt,articles/bee.txt,articles/saturn.txt,articles/tolstoy.txt,leads/saturn.txt,moscow_lead_raw.txt,pool/china.txt,pool/differential.txt,pool/em_field.txt,pool/entropy.txt,pool/gauss.txt,pool/integral.txt,pool/laplace.txt,pool/orbital.txt,pool/paris.txt,pool/photosynthesis.txt,pool/pythagoras.txt,pool/quantum.txt,pool/schrodinger.txt,pool/stat_mech.txt,pool/thermodynamics.txt	170	short,fanout:3	SAFE	manual accept
оно	они	оно	они	manual_accept:v1	articles/baikal.txt,articles/bee.txt,articles/saturn.txt,articles/tolstoy.txt,magnetism_math_raw.txt,pool/china.txt,pool/differential.txt,pool/em_field.txt,pool/entropy.txt,pool/gauss.txt,pool/orbital.txt,pool/paris.txt,pool/photosynthesis.txt,pool/pythagoras.txt,pool/quantum.txt,pool/schrodinger.txt,pool/stat_mech.txt,pool/thermodynamics.txt	209	short	SAFE	manual accept | surfaces Оно,него,нему,оно → Они,их,ним,ними,них,они | они→оно:manual_accept:v1;оно→они:manual_accept:v1
оно	они	оно	они	manual_accept:v1	articles/baikal.txt,articles/bee.txt,articles/saturn.txt,articles/tolstoy.txt,leads/tolstoy.txt,magnetism_math_raw.txt,pool/china.txt,pool/differential.txt,pool/em_field.txt,pool/entropy.txt,pool/gauss.txt,pool/integral.txt,pool/orbital.txt,pool/paris.txt,pool/photosynthesis.txt,pool/pythagoras.txt,pool/quantum.txt,pool/schrodinger.txt,pool/stat_mech.txt,pool/thermodynamics.txt	209	short,fanout:3	SAFE	manual accept
опыление	пыль	опыление	пыль	manual_accept:v1	articles/bee.txt	2		SAFE	manual accept | surfaces опыление → пыли | опыление→пыль:manual_accept:v1;пыль→опыление:manual_accept:v1
откладывать	отложить	откладывать	отложить	verbal_aspect:cross:ить/ывать:v1	articles/bee.txt	3		SAFE	required regression, not сложный/складывать | surfaces откладывает,откладывать,откладывают → отложила,отложит,отложить | откладывать→отложить:verbal_aspect:cross:ить/ывать:v1;отложить→откладывать:verbal_aspect:cross:ить/ывать:v1
отложить	откладывать	отложить	откладывать	verbal_aspect:cross:ить/ывать:v1	articles/bee.txt	7		SAFE	required regression, not сложный/складывать | surfaces отложила,отложит,отложить → откладывает,откладывать,откладывают | откладывать→отложить:verbal_aspect:cross:ить/ывать:v1;отложить→откладывать:verbal_aspect:cross:ить/ывать:v1
очерк	очерковый	очерк	очерковый	lemma_suffix:овый:v1	articles/tolstoy.txt	1	pos:NOUN/ADJF,homonym_prone_proof	SAFE	transparent suffix derivation | surfaces очерков → очерков | очерк→очерковый:lemma_suffix:овый:v1;очерковый→очерк:lemma_suffix:овый:v1
очерковый	очерк	очерковый	очерк	lemma_suffix:овый:v1	articles/tolstoy.txt	1	pos:ADJF/NOUN,homonym_prone_proof	SAFE	transparent suffix derivation | surfaces очерков → очерков | очерк→очерковый:lemma_suffix:овый:v1;очерковый→очерк:lemma_suffix:овый:v1
пар	парной	пар	парной	relational_adjective:ной:v1	union:articles/bee.txt,articles/saturn.txt,pool/entropy.txt	4	short,pos:NOUN/ADJF,homonym_prone_proof	SAFE	steam/steamy, separate from пара/парный | surfaces паров → парное,парные,парным | пар→парной:no;парной→пар:no
пара	парный	пара	парный	relational_adjective:ный:v1	articles/bee.txt,pool/entropy.txt	4	pos:NOUN/ADJF,homonym_prone_proof	SAFE	pair/paired | surfaces пар,пара,паре,парой,пару,пары → парное,парные,парным | пара→парный:relational_adjective:ный:v1;парный→пара:relational_adjective:ный:v1
парник	пар	парник	пар	lemma_suffix:ник:v1	articles/saturn.txt	1	external_guess,ambiguous,short,homonym_prone_proof	SAFE	reviewed external cognate
парник	пар	парник	пар	lemma_suffix:ник:v1	articles/saturn.txt	1	external_guess,ambiguous,short,homonym_prone_proof	SAFE	reviewed external cognate
парника	пар	парник	пар	lemma_suffix:ник:v1	articles/saturn.txt	1	external_guess,ambiguous,short	SAFE	reviewed external cognate
парникам	пар	парник	пар	lemma_suffix:ник:v1	articles/saturn.txt	1	external_guess,ambiguous,short	SAFE	reviewed external cognate
парниками	пар	парник	пар	lemma_suffix:ник:v1	articles/saturn.txt	1	external_guess,ambiguous,short	SAFE	reviewed external cognate
парниках	пар	парник	пар	lemma_suffix:ник:v1	articles/saturn.txt	1	external_guess,ambiguous,short	SAFE	reviewed external cognate
парнике	пар	парник	пар	lemma_suffix:ник:v1	articles/saturn.txt	1	external_guess,ambiguous,short	SAFE	reviewed external cognate
парники	пар	парник	пар	lemma_suffix:ник:v1	articles/saturn.txt	1	external_guess,ambiguous,short	SAFE	reviewed external cognate
парником	пар	парник	пар	lemma_suffix:ник:v1	articles/saturn.txt	1	external_guess,ambiguous,short	SAFE	reviewed external cognate
парнику	пар	парник	пар	lemma_suffix:ник:v1	articles/saturn.txt	1	external_guess,ambiguous,short	SAFE	reviewed external cognate
парной	пар	парной	пар	relational_adjective:ной:v1	union:articles/bee.txt,articles/saturn.txt,pool/entropy.txt	1	short,pos:ADJF/NOUN,homonym_prone_proof	SAFE	steam/steamy, separate from пара/парный | surfaces парное,парные,парным → паров | пар→парной:no;парной→пар:no
парный	пара	парный	пара	relational_adjective:ный:v1	articles/bee.txt,pool/entropy.txt	13	pos:ADJF/NOUN,homonym_prone_proof	SAFE	pair/paired | surfaces парное,парные,парным → пар,пара,паре,парой,пару,пары | пара→парный:relational_adjective:ный:v1;парный→пара:relational_adjective:ный:v1
парусник	парус	парусник	парус	lemma_suffix:ник:v1	pool/paris.txt	1	external_guess,ambiguous,homonym_prone_proof	SAFE	reviewed external cognate
парусник	парус	парусник	парус	lemma_suffix:ник:v1	pool/paris.txt	1	external_guess,ambiguous,homonym_prone_proof	SAFE	reviewed external cognate
парусника	парус	парусник	парус	lemma_suffix:ник:v1	pool/paris.txt	1	external_guess,ambiguous	SAFE	reviewed external cognate
парусникам	парус	парусник	парус	lemma_suffix:ник:v1	pool/paris.txt	1	external_guess,ambiguous	SAFE	reviewed external cognate
парусниками	парус	парусник	парус	lemma_suffix:ник:v1	pool/paris.txt	1	external_guess,ambiguous	SAFE	reviewed external cognate
парусниках	парус	парусник	парус	lemma_suffix:ник:v1	pool/paris.txt	1	external_guess,ambiguous	SAFE	reviewed external cognate
паруснике	парус	парусник	парус	lemma_suffix:ник:v1	pool/paris.txt	1	external_guess,ambiguous	SAFE	reviewed external cognate
парусники	парус	парусник	парус	lemma_suffix:ник:v1	pool/paris.txt	1	external_guess,ambiguous	SAFE	reviewed external cognate
парусником	парус	парусник	парус	lemma_suffix:ник:v1	pool/paris.txt	1	external_guess,ambiguous	SAFE	reviewed external cognate
паруснику	парус	парусник	парус	lemma_suffix:ник:v1	pool/paris.txt	1	external_guess,ambiguous	SAFE	reviewed external cognate
пленного	плен	пленный	плен	relational_adjective:ный:v1	articles/tolstoy.txt	1	external_guess,ambiguous,pos:ADJF/NOUN	SAFE	reviewed external cognate
пленном	плен	пленный	плен	relational_adjective:ный:v1	articles/tolstoy.txt	1	external_guess,ambiguous,pos:ADJF/NOUN	SAFE	reviewed external cognate
пленному	плен	пленный	плен	relational_adjective:ный:v1	articles/tolstoy.txt	1	external_guess,ambiguous,pos:ADJF/NOUN	SAFE	reviewed external cognate
пленные	плен	пленный	плен	relational_adjective:ный:v1	articles/tolstoy.txt	1	external_guess,ambiguous,pos:ADJF/NOUN	SAFE	reviewed external cognate
пленный	плен	пленный	плен	relational_adjective:ный:v1	articles/tolstoy.txt	1	external_guess,ambiguous,pos:ADJF/NOUN,homonym_prone_proof	SAFE	reviewed external cognate
пленный	плен	пленный	плен	relational_adjective:ный:v1	articles/tolstoy.txt	1	external_guess,ambiguous,pos:ADJF/NOUN,homonym_prone_proof	SAFE	reviewed external cognate
пленных	плен	пленный	плен	relational_adjective:ный:v1	articles/tolstoy.txt	1	external_guess,ambiguous,pos:ADJF/NOUN	SAFE	reviewed external cognate
плод	плодный	плод	плодный	relational_adjective:ный:v1	union:articles/bee.txt,articles/tolstoy.txt,pool/photosynthesis.txt	1	pos:NOUN/ADJF,homonym_prone_proof	SAFE	fruit/fertile | surfaces Плоды,плодов → Плодная | плод→плодный:relational_adjective:ный:v1;плодный→плод:relational_adjective:ный:v1
плодный	плод	плодный	плод	relational_adjective:ный:v1	union:articles/bee.txt,articles/tolstoy.txt,pool/photosynthesis.txt	2	pos:ADJF/NOUN,homonym_prone_proof	SAFE	fruit/fertile | surfaces Плодная → Плоды,плодов | плод→плодный:relational_adjective:ный:v1;плодный→плод:relational_adjective:ный:v1
получать	получить	получать	получить	verbal_aspect:same:ать/ить:v1	articles/saturn.txt,pool/gauss.txt,pool/stat_mech.txt,pool/thermodynamics.txt	17		SAFE	same-verb aspect pair | surfaces получаем,получает,получают → получил,получила,получили,получило,получим,получить | получать→получить:verbal_aspect:same:ать/ить:v1;получить→получать:verbal_aspect:same:ать/ить:v1
получаться	получиться	получаться	получиться	verbal_aspect:same:аться/иться:v1	union:articles/tolstoy.txt,pool/entropy.txt,pool/schrodinger.txt,pool/stat_mech.txt	1		SAFE	same-verb aspect pair | surfaces получается → получился | получаться→получиться:verbal_aspect:same:аться/иться:v1;получиться→получаться:verbal_aspect:same:аться/иться:v1
получить	получать	получить	получать	verbal_aspect:same:ать/ить:v1	articles/saturn.txt,pool/gauss.txt,pool/stat_mech.txt,pool/thermodynamics.txt	11		SAFE	same-verb aspect pair | surfaces получил,получила,получили,получило,получим,получить → получаем,получает,получают | получать→получить:verbal_aspect:same:ать/ить:v1;получить→получать:verbal_aspect:same:ать/ить:v1
получиться	получаться	получиться	получаться	verbal_aspect:same:аться/иться:v1	union:articles/tolstoy.txt,pool/entropy.txt,pool/schrodinger.txt,pool/stat_mech.txt	3		SAFE	same-verb aspect pair | surfaces получился → получается | получаться→получиться:verbal_aspect:same:аться/иться:v1;получиться→получаться:verbal_aspect:same:аться/иться:v1
поступать	поступить	поступать	поступить	verbal_aspect:same:ать/ить:v1	union:articles/baikal.txt,articles/bee.txt,articles/tolstoy.txt	3		SAFE	same-verb aspect pair | surfaces поступает → поступил,поступить | поступать→поступить:verbal_aspect:same:ать/ить:v1;поступить→поступать:verbal_aspect:same:ать/ить:v1
поступить	поступать	поступить	поступать	verbal_aspect:same:ать/ить:v1	union:articles/baikal.txt,articles/bee.txt,articles/tolstoy.txt	4		SAFE	same-verb aspect pair | surfaces поступил,поступить → поступает | поступать→поступить:verbal_aspect:same:ать/ить:v1;поступить→поступать:verbal_aspect:same:ать/ить:v1
привести	приводить	привести	приводить	verbal_aspect:alt:ить/ти:v1	pool/differential.txt,pool/gauss.txt,pool/quantum.txt	18		SAFE	same-verb aspect pair | surfaces привели,привело,привести,привёл → приводили,приводит,приводят | привести→приводить:verbal_aspect:alt:ить/ти:v1;приводить→привести:verbal_aspect:alt:ить/ти:v1
приводить	привести	приводить	привести	verbal_aspect:alt:ить/ти:v1	pool/differential.txt,pool/gauss.txt,pool/quantum.txt	11		SAFE	same-verb aspect pair | surfaces приводили,приводит,приводят → привели,привело,привести,привёл | привести→приводить:verbal_aspect:alt:ить/ти:v1;приводить→привести:verbal_aspect:alt:ить/ти:v1
прием	приемник	прием	приемник	lemma_suffix:ник:v1	union:pool/em_field.txt,pool/integral.txt,pool/paris.txt,pool/photosynthesis.txt,pool/thermodynamics.txt	3	homonym_prone_proof	SAFE	reception/receiver | surfaces приём,приёма → приёмника,приёмниками,приёмнике | прием→приемник:lemma_suffix:ник:v1;приемник→прием:lemma_suffix:ник:v1
приемник	прием	приемник	прием	lemma_suffix:ник:v1	union:pool/em_field.txt,pool/integral.txt,pool/paris.txt,pool/photosynthesis.txt,pool/thermodynamics.txt	2	homonym_prone_proof	SAFE	reception/receiver | surfaces приёмника,приёмниками,приёмнике → приём,приёма | прием→приемник:lemma_suffix:ник:v1;приемник→прием:lemma_suffix:ник:v1
применить	применять	применить	применять	verbal_aspect:same:ить/ять:v1	pool/quantum.txt	1		SAFE	same-verb aspect pair | surfaces применить → применяют | применить→применять:verbal_aspect:same:ить/ять:v1;применять→применить:verbal_aspect:same:ить/ять:v1
применять	применить	применять	применить	verbal_aspect:same:ить/ять:v1	pool/quantum.txt	3		SAFE	same-verb aspect pair | surfaces применяют → применить | применить→применять:verbal_aspect:same:ить/ять:v1;применять→применить:verbal_aspect:same:ить/ять:v1
проба	пробный	проба	пробный	relational_adjective:ный:v1	union:articles/baikal.txt,pool/schrodinger.txt	1	pos:NOUN/ADJF,homonym_prone_proof	SAFE	transparent relational adjective | surfaces проб,пробы → пробной | проба→пробный:relational_adjective:ный:v1;пробный→проба:relational_adjective:ный:v1
пробный	проба	пробный	проба	relational_adjective:ный:v1	union:articles/baikal.txt,pool/schrodinger.txt	2	pos:ADJF/NOUN,homonym_prone_proof	SAFE	transparent relational adjective | surfaces пробной → проб,пробы | проба→пробный:relational_adjective:ный:v1;пробный→проба:relational_adjective:ный:v1
провести	проводить	провести	проводить	verbal_aspect:alt:ить/ти:v1	union:articles/saturn.txt,articles/tolstoy.txt,pool/china.txt,pool/photosynthesis.txt,pool/thermodynamics.txt	7		SAFE	same-verb aspect pair | surfaces провел,провести → проводил,проводить,проводят | провести→проводить:verbal_aspect:alt:ить/ти:v1;проводить→провести:verbal_aspect:alt:ить/ти:v1
проводи	провести	проводить	провести	verbal_aspect:alt:ить/ти:v1	articles/saturn.txt,pool/thermodynamics.txt	2	external_guess,ambiguous	SAFE	same-verb aspect pair
проводил	провести	проводить	провести	verbal_aspect:alt:ить/ти:v1	articles/saturn.txt,pool/thermodynamics.txt	2	external_guess,ambiguous	SAFE	same-verb aspect pair
проводила	провести	проводить	провести	verbal_aspect:alt:ить/ти:v1	articles/saturn.txt,pool/thermodynamics.txt	2	external_guess,ambiguous	SAFE	same-verb aspect pair
проводили	провести	проводить	провести	verbal_aspect:alt:ить/ти:v1	articles/saturn.txt,pool/thermodynamics.txt	2	external_guess,ambiguous	SAFE	same-verb aspect pair
проводило	провести	проводить	провести	verbal_aspect:alt:ить/ти:v1	articles/saturn.txt,pool/thermodynamics.txt	2	external_guess,ambiguous	SAFE	same-verb aspect pair
проводим	провести	проводить	провести	verbal_aspect:alt:ить/ти:v1	articles/saturn.txt,pool/thermodynamics.txt	2	external_guess,ambiguous	SAFE	same-verb aspect pair
проводите	провести	проводить	провести	verbal_aspect:alt:ить/ти:v1	articles/saturn.txt,pool/thermodynamics.txt	2	external_guess,ambiguous	SAFE	same-verb aspect pair
проводить	провести	проводить	провести	verbal_aspect:alt:ить/ти:v1	union:articles/saturn.txt,articles/tolstoy.txt,pool/china.txt,pool/photosynthesis.txt,pool/thermodynamics.txt	2		SAFE	same-verb aspect pair | surfaces проводил,проводить,проводят → провел,провести | провести→проводить:verbal_aspect:alt:ить/ти:v1;проводить→провести:verbal_aspect:alt:ить/ти:v1
проводишь	провести	проводить	провести	verbal_aspect:alt:ить/ти:v1	articles/saturn.txt,pool/thermodynamics.txt	2	external_guess,ambiguous	SAFE	same-verb aspect pair
продолжать	продолжить	продолжать	продолжить	verbal_aspect:same:ать/ить:v1	union:articles/tolstoy.txt,pool/china.txt,pool/paris.txt,pool/quantum.txt	2		SAFE	same-verb aspect pair | surfaces продолжает,продолжал,продолжают → продолжил,продолжили | продолжать→продолжить:verbal_aspect:same:ать/ить:v1;продолжить→продолжать:verbal_aspect:same:ать/ить:v1
продолжаться	продолжиться	продолжаться	продолжиться	verbal_aspect:same:аться/иться:v1	union:articles/baikal.txt,articles/bee.txt,articles/tolstoy.txt,pool/em_field.txt	2		SAFE	same-verb aspect pair | surfaces продолжается → продолжились,продолжилось | продолжаться→продолжиться:verbal_aspect:same:аться/иться:v1;продолжиться→продолжаться:verbal_aspect:same:аться/иться:v1
продолжить	продолжать	продолжить	продолжать	verbal_aspect:same:ать/ить:v1	union:articles/tolstoy.txt,pool/china.txt,pool/paris.txt,pool/quantum.txt	3		SAFE	same-verb aspect pair | surfaces продолжил,продолжили → продолжает,продолжал,продолжают | продолжать→продолжить:verbal_aspect:same:ать/ить:v1;продолжить→продолжать:verbal_aspect:same:ать/ить:v1
продолжиться	продолжаться	продолжиться	продолжаться	verbal_aspect:same:аться/иться:v1	union:articles/baikal.txt,articles/bee.txt,articles/tolstoy.txt,pool/em_field.txt	2		SAFE	same-verb aspect pair | surfaces продолжились,продолжилось → продолжается | продолжаться→продолжиться:verbal_aspect:same:аться/иться:v1;продолжиться→продолжаться:verbal_aspect:same:аться/иться:v1
проникать	проникнуть	проникать	проникнуть	verbal_aspect:same:ать/нуть:v1	articles/bee.txt	2		SAFE	same-verb aspect pair | surfaces проникает,проникают → проникла,проникнут | проникать→проникнуть:verbal_aspect:same:ать/нуть:v1;проникнуть→проникать:verbal_aspect:same:ать/нуть:v1
проникнуть	проникать	проникнуть	проникать	verbal_aspect:same:ать/нуть:v1	articles/bee.txt	2		SAFE	same-verb aspect pair | surfaces проникла,проникнут → проникает,проникают | проникать→проникнуть:verbal_aspect:same:ать/нуть:v1;проникнуть→проникать:verbal_aspect:same:ать/нуть:v1
пчела	пчелиный	пчела	пчелиный	relational_adjective:иный:v1	articles/bee.txt	17	pos:NOUN/ADJF,homonym_prone_proof	SAFE	required regression | surfaces Пчела,пчела,пчелы,пчёл,пчёлами,пчёлы → Пчелиная,Пчелиный,пчелиного,пчелиной,пчелиные,пчелиных | пчела→пчелиный:relational_adjective:иный:v1;пчелиный→пчела:relational_adjective:иный:v1
пчела	пчелиный	пчела	пчелиный	relational_adjective:иный:v1	articles/bee.txt	17	pos:NOUN/ADJF,homonym_prone_proof,fanout:3	SAFE	required regression
пчела	пчеловод	пчела	пчеловод	profession:v1	articles/bee.txt	2		SAFE	profession of the same noun | surfaces Пчела,пчела,пчелы,пчёл,пчёлами,пчёлы → пчеловод,пчеловодов | пчела→пчеловод:profession:v1;пчеловод→пчела:profession:v1
пчела	пчеловод	пчела	пчеловод	profession:v1	articles/bee.txt	2	,fanout:3	SAFE	profession of the same noun
пчела	пчеловодство	пчела	пчеловодство	profession:v1	articles/bee.txt,leads/bee.txt	3		SAFE	profession of the same noun | surfaces Пчела,пчела,пчелы,пчёл,пчёлами,пчёлы → пчеловодства,пчеловодстве | пчела→пчеловодство:profession:v1;пчеловодство→пчела:profession:v1
пчела	пчеловодство	пчела	пчеловодство	profession:v1	articles/bee.txt,leads/bee.txt	3	,fanout:3	SAFE	profession of the same noun
пчелиный	пчела	пчелиный	пчела	relational_adjective:иный:v1	articles/bee.txt	118	pos:ADJF/NOUN,homonym_prone_proof	SAFE	required regression | surfaces Пчелиная,Пчелиный,пчелиного,пчелиной,пчелиные,пчелиных → Пчела,пчела,пчелы,пчёл,пчёлами,пчёлы | пчела→пчелиный:relational_adjective:иный:v1;пчелиный→пчела:relational_adjective:иный:v1
пчеловод	пчела	пчеловод	пчела	profession:v1	articles/bee.txt	118		SAFE	profession of the same noun | surfaces пчеловод,пчеловодов → Пчела,пчела,пчелы,пчёл,пчёлами,пчёлы | пчела→пчеловод:profession:v1;пчеловод→пчела:profession:v1
пчеловодство	пчела	пчеловодство	пчела	profession:v1	articles/bee.txt,leads/bee.txt	118		SAFE	profession of the same noun | surfaces пчеловодства,пчеловодстве → Пчела,пчела,пчелы,пчёл,пчёлами,пчёлы | пчела→пчеловодство:profession:v1;пчеловодство→пчела:profession:v1
пыль	опыление	пыль	опыление	manual_accept:v1	articles/bee.txt	2		SAFE	manual accept | surfaces пыли → опыление | опыление→пыль:manual_accept:v1;пыль→опыление:manual_accept:v1
пятеро	пятый	пятеро	пятый	ordinal:v1	union:articles/bee.txt,articles/tolstoy.txt,pool/quantum.txt	2	pos:NUMR/ANUM	SAFE	ordinal of the same numeral | surfaces пятеро → Пятой,пятого | пятеро→пятый:ordinal:v1;пятый→пятеро:ordinal:v1
пятой	пятеро	пятый	пятеро	ordinal:v1	articles/tolstoy.txt	1	external_guess,pos:ANUM/NUMR,fanout:2	SAFE	ordinal of the same numeral
пятой	пять	пятый	пять	ordinal:v1	articles/baikal.txt,articles/bee.txt,articles/tolstoy.txt,pool/china.txt,pool/paris.txt,pool/pythagoras.txt	6	external_guess,pos:ANUM/NUMR,fanout:2	SAFE	ordinal of the same numeral
пятый	пятеро	пятый	пятеро	ordinal:v1	union:articles/bee.txt,articles/tolstoy.txt,pool/quantum.txt	1	pos:ANUM/NUMR	SAFE	ordinal of the same numeral | surfaces Пятой,пятого → пятеро | пятеро→пятый:ordinal:v1;пятый→пятеро:ordinal:v1
пятый	пятеро	пятый	пятеро	ordinal:v1	articles/tolstoy.txt	1	pos:ANUM/NUMR,fanout:2	SAFE	ordinal of the same numeral
пятый	пять	пятый	пять	ordinal:v1	articles/bee.txt	6	pos:ANUM/NUMR	SAFE	ordinal of the same numeral | surfaces Пятой,пятого → пяти,пять,пятью | пятый→пять:ordinal:v1;пять→пятый:ordinal:v1
пятый	пять	пятый	пять	ordinal:v1	articles/baikal.txt,articles/bee.txt,articles/tolstoy.txt,pool/china.txt,pool/paris.txt,pool/pythagoras.txt	6	pos:ANUM/NUMR,fanout:2	SAFE	ordinal of the same numeral
пять	пятый	пять	пятый	ordinal:v1	articles/bee.txt	2	pos:NUMR/ANUM	SAFE	ordinal of the same numeral | surfaces пяти,пять,пятью → Пятой,пятого | пятый→пять:ordinal:v1;пять→пятый:ordinal:v1
разделить	разделять	разделить	разделять	verbal_aspect:same:ить/ять:v1	union:pool/differential.txt,pool/gauss.txt,pool/paris.txt	1		SAFE	same-verb aspect pair | surfaces разделить,разделён → разделяет | разделить→разделять:verbal_aspect:same:ить/ять:v1;разделять→разделить:verbal_aspect:same:ить/ять:v1
разделять	разделить	разделять	разделить	verbal_aspect:same:ить/ять:v1	union:pool/differential.txt,pool/gauss.txt,pool/paris.txt	5		SAFE	same-verb aspect pair | surfaces разделяет → разделить,разделён | разделить→разделять:verbal_aspect:same:ить/ять:v1;разделять→разделить:verbal_aspect:same:ить/ять:v1
разрядник	разряд	разрядник	разряд	lemma_suffix:ник:v1	articles/saturn.txt,articles/tolstoy.txt,leads/tolstoy.txt,pool/quantum.txt	5	external_guess,ambiguous,homonym_prone_proof	SAFE	reviewed external cognate
разрядник	разряд	разрядник	разряд	lemma_suffix:ник:v1	articles/saturn.txt,articles/tolstoy.txt,leads/tolstoy.txt,pool/quantum.txt	5	external_guess,ambiguous,homonym_prone_proof	SAFE	reviewed external cognate
разрядника	разряд	разрядник	разряд	lemma_suffix:ник:v1	articles/saturn.txt,articles/tolstoy.txt,leads/tolstoy.txt,pool/quantum.txt	5	external_guess,ambiguous	SAFE	reviewed external cognate
разрядникам	разряд	разрядник	разряд	lemma_suffix:ник:v1	articles/saturn.txt,articles/tolstoy.txt,leads/tolstoy.txt,pool/quantum.txt	5	external_guess,ambiguous	SAFE	reviewed external cognate
разрядниками	разряд	разрядник	разряд	lemma_suffix:ник:v1	articles/saturn.txt,articles/tolstoy.txt,leads/tolstoy.txt,pool/quantum.txt	5	external_guess,ambiguous	SAFE	reviewed external cognate
разрядниках	разряд	разрядник	разряд	lemma_suffix:ник:v1	articles/saturn.txt,articles/tolstoy.txt,leads/tolstoy.txt,pool/quantum.txt	5	external_guess,ambiguous	SAFE	reviewed external cognate
разряднике	разряд	разрядник	разряд	lemma_suffix:ник:v1	articles/saturn.txt,articles/tolstoy.txt,leads/tolstoy.txt,pool/quantum.txt	5	external_guess,ambiguous	SAFE	reviewed external cognate
разрядники	разряд	разрядник	разряд	lemma_suffix:ник:v1	articles/saturn.txt,articles/tolstoy.txt,leads/tolstoy.txt,pool/quantum.txt	5	external_guess,ambiguous	SAFE	reviewed external cognate
разрядников	разряд	разрядник	разряд	lemma_suffix:ник:v1	articles/saturn.txt,articles/tolstoy.txt,leads/tolstoy.txt,pool/quantum.txt	5	external_guess,ambiguous	SAFE	reviewed external cognate
разрядником	разряд	разрядник	разряд	lemma_suffix:ник:v1	articles/saturn.txt,articles/tolstoy.txt,leads/tolstoy.txt,pool/quantum.txt	5	external_guess,ambiguous	SAFE	reviewed external cognate
разряднику	разряд	разрядник	разряд	lemma_suffix:ник:v1	articles/saturn.txt,articles/tolstoy.txt,leads/tolstoy.txt,pool/quantum.txt	5	external_guess,ambiguous	SAFE	reviewed external cognate
решать	решить	решать	решить	verbal_aspect:same:ать/ить:v1	union:articles/tolstoy.txt,pool/gauss.txt,pool/integral.txt,pool/quantum.txt	3		SAFE	same-verb aspect pair | surfaces решает,решал,решать,решающую → решил,решить | решать→решить:verbal_aspect:same:ать/ить:v1;решить→решать:verbal_aspect:same:ать/ить:v1
решить	решать	решить	решать	verbal_aspect:same:ать/ить:v1	union:articles/tolstoy.txt,pool/gauss.txt,pool/integral.txt,pool/quantum.txt	5		SAFE	same-verb aspect pair | surfaces решил,решить → решает,решал,решать,решающую | решать→решить:verbal_aspect:same:ать/ить:v1;решить→решать:verbal_aspect:same:ать/ить:v1
рыба	рыбный	рыба	рыбный	relational_adjective:ный:v1	articles/baikal.txt	1	pos:NOUN/ADJF,homonym_prone_proof	SAFE	transparent relational adjective | surfaces рыб,рыба,рыбы → Рыбная | рыба→рыбный:relational_adjective:ный:v1;рыбный→рыба:relational_adjective:ный:v1
рыбный	рыба	рыбный	рыба	relational_adjective:ный:v1	articles/baikal.txt	11	pos:ADJF/NOUN,homonym_prone_proof	SAFE	transparent relational adjective | surfaces Рыбная → рыб,рыба,рыбы | рыба→рыбный:relational_adjective:ный:v1;рыбный→рыба:relational_adjective:ный:v1
сахар	сахарный	сахар	сахарный	relational_adjective:ный:v1	pool/photosynthesis.txt	1	pos:NOUN/ADJF,homonym_prone_proof	SAFE	transparent relational adjective | surfaces сахаров → сахарный | сахар→сахарный:relational_adjective:ный:v1;сахарный→сахар:relational_adjective:ный:v1
сахарный	сахар	сахарный	сахар	relational_adjective:ный:v1	pool/photosynthesis.txt	1	pos:ADJF/NOUN,homonym_prone_proof	SAFE	transparent relational adjective | surfaces сахарный → сахаров | сахар→сахарный:relational_adjective:ный:v1;сахарный→сахар:relational_adjective:ный:v1
сбор	сборник	сбор	сборник	lemma_suffix:ник:v1	union:articles/bee.txt,pool/paris.txt,pool/pythagoras.txt	1	homonym_prone_proof	SAFE	transparent suffix derivation | surfaces сбор,сбора → сборнике | сбор→сборник:lemma_suffix:ник:v1;сборник→сбор:lemma_suffix:ник:v1
сборник	сбор	сборник	сбор	lemma_suffix:ник:v1	union:articles/bee.txt,pool/paris.txt,pool/pythagoras.txt	2	homonym_prone_proof	SAFE	transparent suffix derivation | surfaces сборнике → сбор,сбора | сбор→сборник:lemma_suffix:ник:v1;сборник→сбор:lemma_suffix:ник:v1
сброс	сбросовый	сброс	сбросовый	lemma_suffix:овый:v1	articles/baikal.txt	1	pos:NOUN/ADJF,homonym_prone_proof	SAFE	transparent suffix derivation | surfaces сброса,сбросов → сбросов | сброс→сбросовый:lemma_suffix:овый:v1;сбросовый→сброс:lemma_suffix:овый:v1
сбросовый	сброс	сбросовый	сброс	lemma_suffix:овый:v1	articles/baikal.txt	2	pos:ADJF/NOUN,homonym_prone_proof	SAFE	transparent suffix derivation | surfaces сбросов → сброса,сбросов | сброс→сбросовый:lemma_suffix:овый:v1;сбросовый→сброс:lemma_suffix:овый:v1
свобода	свободный	свобода	свободный	relational_adjective:ный:v1	pool/stat_mech.txt,pool/thermodynamics.txt	16	pos:NOUN/ADJF,homonym_prone_proof	SAFE	transparent relational adjective | surfaces свободы → свободен,свободного,свободному,свободную,свободным,свободных | свобода→свободный:relational_adjective:ный:v1;свободный→свобода:relational_adjective:ный:v1
свободный	свобода	свободный	свобода	relational_adjective:ный:v1	pool/stat_mech.txt,pool/thermodynamics.txt	6	pos:ADJF/NOUN,homonym_prone_proof	SAFE	transparent relational adjective | surfaces свободен,свободного,свободному,свободную,свободным,свободных → свободы | свобода→свободный:relational_adjective:ный:v1;свободный→свобода:relational_adjective:ный:v1
север	северный	север	северный	relational_adjective:ный:v1	pool/china.txt	33	pos:NOUN/ADJF,homonym_prone_proof	SAFE	transparent relational adjective | surfaces север,севера,севере,северу → Северное,Северной,северного,северное,северной,северном | север→северный:relational_adjective:ный:v1;северный→север:relational_adjective:ный:v1
северный	север	северный	север	relational_adjective:ный:v1	pool/china.txt	10	pos:ADJF/NOUN,homonym_prone_proof	SAFE	transparent relational adjective | surfaces Северное,Северной,северного,северное,северной,северном → север,севера,севере,северу | север→северный:relational_adjective:ный:v1;северный→север:relational_adjective:ный:v1
сезон	сезонный	сезон	сезонный	relational_adjective:ный:v1	union:articles/bee.txt,pool/china.txt	1	pos:NOUN/ADJF,homonym_prone_proof	SAFE	transparent relational adjective | surfaces сезон → Сезонные | сезон→сезонный:relational_adjective:ный:v1;сезонный→сезон:relational_adjective:ный:v1
сезонный	сезон	сезонный	сезон	relational_adjective:ный:v1	union:articles/bee.txt,pool/china.txt	1	pos:ADJF/NOUN,homonym_prone_proof	SAFE	transparent relational adjective | surfaces Сезонные → сезон | сезон→сезонный:relational_adjective:ный:v1;сезонный→сезон:relational_adjective:ный:v1
сетная	сеть	сетной,сетный	сеть	relational_adjective:ный:v1	pool/paris.txt	1	external_guess,ambiguous,pos:ADJF/NOUN	SAFE	reviewed external cognate
сетного	сеть	сетной,сетный	сеть	relational_adjective:ный:v1	pool/paris.txt	1	external_guess,ambiguous,pos:ADJF/NOUN	SAFE	reviewed external cognate
сетное	сеть	сетной,сетный	сеть	relational_adjective:ный:v1	pool/paris.txt	1	external_guess,ambiguous,pos:ADJF/NOUN	SAFE	reviewed external cognate
сетной	сеть	сетной,сетный	сеть	relational_adjective:ный:v1	pool/paris.txt	1	external_guess,ambiguous,pos:ADJF/NOUN,homonym_prone_proof	SAFE	reviewed external cognate
сетной	сеть	сетной,сетный	сеть	relational_adjective:ный:v1	pool/paris.txt	1	external_guess,ambiguous,pos:ADJF/NOUN,homonym_prone_proof	SAFE	reviewed external cognate
сетном	сеть	сетной,сетный	сеть	relational_adjective:ный:v1	pool/paris.txt	1	external_guess,ambiguous,pos:ADJF/NOUN	SAFE	reviewed external cognate
сетному	сеть	сетной,сетный	сеть	relational_adjective:ный:v1	pool/paris.txt	1	external_guess,ambiguous,pos:ADJF/NOUN	SAFE	reviewed external cognate
сетною	сеть	сетной,сетный	сеть	relational_adjective:ный:v1	pool/paris.txt	1	external_guess,ambiguous,pos:ADJF/NOUN	SAFE	reviewed external cognate
сетную	сеть	сетной,сетный	сеть	relational_adjective:ный:v1	pool/paris.txt	1	external_guess,ambiguous,pos:ADJF/NOUN	SAFE	reviewed external cognate
сетные	сеть	сетной,сетный	сеть	relational_adjective:ный:v1	pool/paris.txt	1	external_guess,ambiguous,pos:ADJF/NOUN	SAFE	reviewed external cognate
сетным	сеть	сетной,сетный	сеть	relational_adjective:ный:v1	pool/paris.txt	1	external_guess,ambiguous,pos:ADJF/NOUN	SAFE	reviewed external cognate
сетными	сеть	сетной,сетный	сеть	relational_adjective:ный:v1	pool/paris.txt	1	external_guess,ambiguous,pos:ADJF/NOUN	SAFE	reviewed external cognate
сетных	сеть	сетной,сетный	сеть	relational_adjective:ный:v1	pool/paris.txt	1	external_guess,ambiguous,pos:ADJF/NOUN	SAFE	reviewed external cognate
ситного	сито	ситный	сито	relational_adjective:ный:v1	pool/paris.txt	8	external_guess,ambiguous,pos:ADJF/NOUN	SAFE	reviewed external cognate
ситном	сито	ситный	сито	relational_adjective:ный:v1	pool/paris.txt	8	external_guess,ambiguous,pos:ADJF/NOUN	SAFE	reviewed external cognate
ситному	сито	ситный	сито	relational_adjective:ный:v1	pool/paris.txt	8	external_guess,ambiguous,pos:ADJF/NOUN	SAFE	reviewed external cognate
ситные	сито	ситный	сито	relational_adjective:ный:v1	pool/paris.txt	8	external_guess,ambiguous,pos:ADJF/NOUN	SAFE	reviewed external cognate
ситный	сито	ситный	сито	relational_adjective:ный:v1	pool/paris.txt	8	external_guess,ambiguous,pos:ADJF/NOUN,homonym_prone_proof	SAFE	reviewed external cognate
ситный	сито	ситный	сито	relational_adjective:ный:v1	pool/paris.txt	8	external_guess,ambiguous,pos:ADJF/NOUN,homonym_prone_proof	SAFE	reviewed external cognate
ситным	сито	ситный	сито	relational_adjective:ный:v1	pool/paris.txt	8	external_guess,ambiguous,pos:ADJF/NOUN	SAFE	reviewed external cognate
ситными	сито	ситный	сито	relational_adjective:ный:v1	pool/paris.txt	8	external_guess,ambiguous,pos:ADJF/NOUN	SAFE	reviewed external cognate
ситных	сито	ситный	сито	relational_adjective:ный:v1	pool/paris.txt	8	external_guess,ambiguous,pos:ADJF/NOUN	SAFE	reviewed external cognate
складываться	сложиться	складываться	сложиться	verbal_aspect:cross:иться/ываться:v1	union:articles/baikal.txt,articles/bee.txt,articles/saturn.txt,pool/paris.txt	1		SAFE	same-verb aspect pair | surfaces складывался,складываются → сложилось | складываться→сложиться:verbal_aspect:cross:иться/ываться:v1;сложиться→складываться:verbal_aspect:cross:иться/ываться:v1
скорость	вскоре	скорость	вскоре	place_adverb:v1	articles/bee.txt,pool/paris.txt	6	pos:NOUN/ADVB	SAFE	manual accept | surfaces Скорость,скоростей,скорости,скорость,скоростью,скоростям → Вскоре,вскоре | вскоре→скорость:place_adverb:v1;скорость→вскоре:place_adverb:v1
сложиться	складываться	сложиться	складываться	verbal_aspect:cross:иться/ываться:v1	union:articles/baikal.txt,articles/bee.txt,articles/saturn.txt,pool/paris.txt	3		SAFE	same-verb aspect pair | surfaces сложилось → складывался,складываются | складываться→сложиться:verbal_aspect:cross:иться/ываться:v1;сложиться→складываться:verbal_aspect:cross:иться/ываться:v1
совершать	совершить	совершать	совершить	verbal_aspect:same:ать/ить:v1	pool/thermodynamics.txt	1		SAFE	same-verb aspect pair | surfaces совершает,совершать,совершают → совершённая | совершать→совершить:verbal_aspect:same:ать/ить:v1;совершить→совершать:verbal_aspect:same:ать/ить:v1
совершить	совершать	совершить	совершать	verbal_aspect:same:ать/ить:v1	pool/thermodynamics.txt	3		SAFE	same-verb aspect pair | surfaces совершённая → совершает,совершать,совершают | совершать→совершить:verbal_aspect:same:ать/ить:v1;совершить→совершать:verbal_aspect:same:ать/ить:v1
совет	советник	совет	советник	lemma_suffix:ник:v1	pool/china.txt,pool/paris.txt	3	homonym_prone_proof	SAFE	council/advisor | surfaces Совет,Совета,совета,советом,совету,советы → советников | совет→советник:lemma_suffix:ник:v1;советник→совет:lemma_suffix:ник:v1
совет	советник	совет	советник	lemma_suffix:ник:v1	pool/china.txt,pool/paris.txt	3	homonym_prone_proof,fanout:2	SAFE	council/advisor
совет	советский	совет	советский	lemma_suffix:ский:v1	pool/china.txt	1	pos:NOUN/ADJF,homonym_prone_proof	SAFE	council/Soviet, same derivation | surfaces Совет,Совета,совета,советом,совету,советы → советских | совет→советский:lemma_suffix:ский:v1;советский→совет:lemma_suffix:ский:v1
совет	советский	совет	советский	lemma_suffix:ский:v1	pool/china.txt	1	pos:NOUN/ADJF,homonym_prone_proof,fanout:2	SAFE	council/Soviet, same derivation
советник	совет	советник	совет	lemma_suffix:ник:v1	pool/china.txt,pool/paris.txt	7	homonym_prone_proof	SAFE	council/advisor | surfaces советников → Совет,Совета,совета,советом,совету,советы | совет→советник:lemma_suffix:ник:v1;советник→совет:lemma_suffix:ник:v1
советский	совет	советский	совет	lemma_suffix:ский:v1	pool/china.txt	7	pos:ADJF/NOUN,homonym_prone_proof	SAFE	council/Soviet, same derivation | surfaces советских → Совет,Совета,совета,советом,совету,советы | совет→советский:lemma_suffix:ский:v1;советский→совет:lemma_suffix:ский:v1
солдат	солдатский	солдат	солдатский	relational_adjective:ский:v1	articles/tolstoy.txt	1	pos:NOUN/ADJF,homonym_prone_proof	SAFE	transparent relational adjective | surfaces солдату → солдатские | солдат→солдатский:relational_adjective:ский:v1;солдатский→солдат:relational_adjective:ский:v1
солдатский	солдат	солдатский	солдат	relational_adjective:ский:v1	articles/tolstoy.txt	1	pos:ADJF/NOUN,homonym_prone_proof	SAFE	transparent relational adjective | surfaces солдатские → солдату | солдат→солдатский:relational_adjective:ский:v1;солдатский→солдат:relational_adjective:ский:v1
сообщать	сообщить	сообщать	сообщить	verbal_aspect:same:ать/ить:v1	union:articles/tolstoy.txt,pool/entropy.txt	1		SAFE	same-verb aspect pair | surfaces сообщал → сообщить | сообщать→сообщить:verbal_aspect:same:ать/ить:v1;сообщить→сообщать:verbal_aspect:same:ать/ить:v1
сообщить	сообщать	сообщить	сообщать	verbal_aspect:same:ать/ить:v1	union:articles/tolstoy.txt,pool/entropy.txt	1		SAFE	same-verb aspect pair | surfaces сообщить → сообщал | сообщать→сообщить:verbal_aspect:same:ать/ить:v1;сообщить→сообщать:verbal_aspect:same:ать/ить:v1
союз	союзный	союз	союзный	relational_adjective:ный:v1	union:pool/china.txt,pool/paris.txt	1	pos:NOUN/ADJF,homonym_prone_proof	SAFE	transparent relational adjective | surfaces союз → союзные | союз→союзный:relational_adjective:ный:v1;союзный→союз:relational_adjective:ный:v1
союзный	союз	союзный	союз	relational_adjective:ный:v1	union:pool/china.txt,pool/paris.txt	1	pos:ADJF/NOUN,homonym_prone_proof	SAFE	transparent relational adjective | surfaces союзные → союз | союз→союзный:relational_adjective:ный:v1;союзный→союз:relational_adjective:ный:v1
степенный	степень	степенный	степень	relational_adjective:ный:v1	pool/entropy.txt	35	pos:ADJF/NOUN,homonym_prone_proof	SAFE	power-mean adjective beside степень in entropy | surfaces степенное → степеней,степени,степень,степенью,степеням,степенями | степенный→степень:relational_adjective:ный:v1;степень→степенный:relational_adjective:ный:v1
степень	степенный	степень	степенный	relational_adjective:ный:v1	pool/entropy.txt	1	pos:NOUN/ADJF,homonym_prone_proof	SAFE	power-mean adjective beside степень in entropy | surfaces степеней,степени,степень,степенью,степеням,степенями → степенное | степенный→степень:relational_adjective:ный:v1;степень→степенный:relational_adjective:ный:v1
сток	стоковый	сток	стоковый	lemma_suffix:овый:v1	articles/baikal.txt	1	pos:NOUN/ADJF,homonym_prone_proof	SAFE	transparent suffix derivation | surfaces сток,стока,стоки,стоков → стоков | сток→стоковый:lemma_suffix:овый:v1;стоковый→сток:lemma_suffix:овый:v1
стоковый	сток	стоковый	сток	lemma_suffix:овый:v1	articles/baikal.txt	8	pos:ADJF/NOUN,homonym_prone_proof	SAFE	transparent suffix derivation | surfaces стоков → сток,стока,стоки,стоков | сток→стоковый:lemma_suffix:овый:v1;стоковый→сток:lemma_suffix:овый:v1
сторона	сторонний	сторона	сторонний	relational_adjective:ний:v1	union:articles/baikal.txt,articles/bee.txt,articles/saturn.txt,articles/tolstoy.txt,pool/china.txt,pool/gauss.txt,pool/orbital.txt,pool/paris.txt,pool/photosynthesis.txt,pool/pythagoras.txt,pool/stat_mech.txt	1	pos:NOUN/ADJF,homonym_prone_proof	SAFE	side/external | surfaces сторон,сторона,стороне,стороной,сторону,стороны → сторонними | сторона→сторонний:relational_adjective:ний:v1;сторонний→сторона:relational_adjective:ний:v1
сторонний	сторона	сторонний	сторона	relational_adjective:ний:v1	union:articles/baikal.txt,articles/bee.txt,articles/saturn.txt,articles/tolstoy.txt,pool/china.txt,pool/gauss.txt,pool/orbital.txt,pool/paris.txt,pool/photosynthesis.txt,pool/pythagoras.txt,pool/stat_mech.txt	78	pos:ADJF/NOUN,homonym_prone_proof	SAFE	side/external | surfaces сторонними → сторон,сторона,стороне,стороной,сторону,стороны | сторона→сторонний:relational_adjective:ний:v1;сторонний→сторона:relational_adjective:ний:v1
труд	трудный	труд	трудный	relational_adjective:ный:v1	union:articles/tolstoy.txt,pool/em_field.txt,pool/laplace.txt,pool/thermodynamics.txt	1	pos:NOUN/ADJF,homonym_prone_proof	SAFE	labor/difficult, school cognate | surfaces труда,трудах,трудом → трудным | труд→трудный:relational_adjective:ный:v1;трудный→труд:relational_adjective:ный:v1
трудный	труд	трудный	труд	relational_adjective:ный:v1	union:articles/tolstoy.txt,pool/em_field.txt,pool/laplace.txt,pool/thermodynamics.txt	3	pos:ADJF/NOUN,homonym_prone_proof	SAFE	labor/difficult, school cognate | surfaces трудным → труда,трудах,трудом | труд→трудный:relational_adjective:ный:v1;трудный→труд:relational_adjective:ный:v1
удар	ударный	удар	ударный	relational_adjective:ный:v1	articles/saturn.txt	3	pos:NOUN/ADJF,homonym_prone_proof	SAFE	transparent relational adjective | surfaces удара → Ударная,ударный,ударным | удар→ударный:relational_adjective:ный:v1;ударный→удар:relational_adjective:ный:v1
ударник	удар	ударник	удар	lemma_suffix:ник:v1	articles/saturn.txt	1	external_guess,ambiguous,homonym_prone_proof	SAFE	reviewed external cognate
ударник	удар	ударник	удар	lemma_suffix:ник:v1	articles/saturn.txt	1	external_guess,ambiguous,homonym_prone_proof	SAFE	reviewed external cognate
ударникам	удар	ударник	удар	lemma_suffix:ник:v1	articles/saturn.txt	1	external_guess,ambiguous	SAFE	reviewed external cognate
ударниками	удар	ударник	удар	lemma_suffix:ник:v1	articles/saturn.txt	1	external_guess,ambiguous	SAFE	reviewed external cognate
ударнике	удар	ударник	удар	lemma_suffix:ник:v1	articles/saturn.txt	1	external_guess,ambiguous	SAFE	reviewed external cognate
ударники	удар	ударник	удар	lemma_suffix:ник:v1	articles/saturn.txt	1	external_guess,ambiguous	SAFE	reviewed external cognate
ударников	удар	ударник	удар	lemma_suffix:ник:v1	articles/saturn.txt	1	external_guess,ambiguous	SAFE	reviewed external cognate
ударнику	удар	ударник	удар	lemma_suffix:ник:v1	articles/saturn.txt	1	external_guess,ambiguous	SAFE	reviewed external cognate
ударный	удар	ударный	удар	relational_adjective:ный:v1	articles/saturn.txt	1	pos:ADJF/NOUN,homonym_prone_proof	SAFE	transparent relational adjective | surfaces Ударная,ударный,ударным → удара | удар→ударный:relational_adjective:ный:v1;ударный→удар:relational_adjective:ный:v1
уступать	уступить	уступать	уступить	verbal_aspect:same:ать/ить:v1	pool/china.txt	2		SAFE	same-verb aspect pair | surfaces уступает,уступать → уступил,уступить | уступать→уступить:verbal_aspect:same:ать/ить:v1;уступить→уступать:verbal_aspect:same:ать/ить:v1
уступить	уступать	уступить	уступать	verbal_aspect:same:ать/ить:v1	pool/china.txt	6		SAFE	same-verb aspect pair | surfaces уступил,уступить → уступает,уступать | уступать→уступить:verbal_aspect:same:ать/ить:v1;уступить→уступать:verbal_aspect:same:ать/ить:v1
флотские	флот	флотский	флот	relational_adjective:ский:v1	articles/tolstoy.txt,pool/paris.txt	2	external_guess,ambiguous,pos:ADJF/NOUN	SAFE	reviewed external cognate
флотский	флот	флотский	флот	relational_adjective:ский:v1	articles/tolstoy.txt,pool/paris.txt	2	external_guess,ambiguous,pos:ADJF/NOUN,homonym_prone_proof	SAFE	reviewed external cognate
флотский	флот	флотский	флот	relational_adjective:ский:v1	articles/tolstoy.txt,pool/paris.txt	2	external_guess,ambiguous,pos:ADJF/NOUN,homonym_prone_proof	SAFE	reviewed external cognate
флотским	флот	флотский	флот	relational_adjective:ский:v1	articles/tolstoy.txt,pool/paris.txt	2	external_guess,ambiguous,pos:ADJF/NOUN	SAFE	reviewed external cognate
флотскими	флот	флотский	флот	relational_adjective:ский:v1	articles/tolstoy.txt,pool/paris.txt	2	external_guess,ambiguous,pos:ADJF/NOUN	SAFE	reviewed external cognate
флотских	флот	флотский	флот	relational_adjective:ский:v1	articles/tolstoy.txt,pool/paris.txt	2	external_guess,ambiguous,pos:ADJF/NOUN	SAFE	reviewed external cognate
флотского	флот	флотский	флот	relational_adjective:ский:v1	articles/tolstoy.txt,pool/paris.txt	2	external_guess,ambiguous,pos:ADJF/NOUN	SAFE	reviewed external cognate
флотском	флот	флотский	флот	relational_adjective:ский:v1	articles/tolstoy.txt,pool/paris.txt	2	external_guess,ambiguous,pos:ADJF/NOUN	SAFE	reviewed external cognate
флотскому	флот	флотский	флот	relational_adjective:ский:v1	articles/tolstoy.txt,pool/paris.txt	2	external_guess,ambiguous,pos:ADJF/NOUN	SAFE	reviewed external cognate
характер	характерный	характер	характерный	relational_adjective:ный:v1	articles/baikal.txt,articles/tolstoy.txt,pool/quantum.txt,pool/thermodynamics.txt	15	pos:NOUN/ADJF,homonym_prone_proof	SAFE	transparent relational adjective | surfaces характер,характера,характером → характерна,характерно,характерное,характерные,характерным,характерными | характер→характерный:relational_adjective:ный:v1;характерный→характер:relational_adjective:ный:v1
характерный	характер	характерный	характер	relational_adjective:ный:v1	articles/baikal.txt,articles/tolstoy.txt,pool/quantum.txt,pool/thermodynamics.txt	10	pos:ADJF/NOUN,homonym_prone_proof	SAFE	transparent relational adjective | surfaces характерна,характерно,характерное,характерные,характерным,характерными → характер,характера,характером | характер→характерный:relational_adjective:ный:v1;характерный→характер:relational_adjective:ный:v1
хватит	хватать	хватить	хватать	verbal_aspect:same:ать/ить:v1	pool/gauss.txt	1	external_guess,ambiguous	SAFE	reviewed external cognate
хватить	хватать	хватить	хватать	verbal_aspect:same:ать/ить:v1	pool/gauss.txt	1	external_guess,ambiguous	SAFE	reviewed external cognate
хватить	хватать	хватить	хватать	verbal_aspect:same:ать/ить:v1	pool/gauss.txt	1	external_guess,ambiguous	SAFE	reviewed external cognate
холод	холодный	холод	холодный	relational_adjective:ный:v1	pool/paris.txt,pool/thermodynamics.txt	4	pos:NOUN/ADJF,homonym_prone_proof	SAFE	transparent relational adjective | surfaces холод,холодом → холодная,холодного,холодный | холод→холодный:relational_adjective:ный:v1;холодный→холод:relational_adjective:ный:v1
холодный	холод	холодный	холод	relational_adjective:ный:v1	pool/paris.txt,pool/thermodynamics.txt	4	pos:ADJF/NOUN,homonym_prone_proof	SAFE	transparent relational adjective | surfaces холодная,холодного,холодный → холод,холодом | холод→холодный:relational_adjective:ный:v1;холодный→холод:relational_adjective:ный:v1
цветному	цвет	цветной	цвет	relational_adjective:ной:v1	articles/baikal.txt,articles/bee.txt,pool/orbital.txt,pool/paris.txt	9	external_guess,ambiguous,pos:ADJF/NOUN	SAFE	reviewed external cognate
цветным	цвет	цветной	цвет	relational_adjective:ной:v1	articles/baikal.txt,articles/bee.txt,pool/orbital.txt,pool/paris.txt	9	external_guess,ambiguous,pos:ADJF/NOUN	SAFE	reviewed external cognate
церковный	церковь	церковный	церковь	relational_adjective:ный:v1	pool/paris.txt	8	pos:ADJF/NOUN,homonym_prone_proof	SAFE	transparent relational adjective | surfaces церковной → церквей,церкви,церквях,церковь | церковный→церковь:relational_adjective:ный:v1;церковь→церковный:relational_adjective:ный:v1
церковь	церковный	церковь	церковный	relational_adjective:ный:v1	pool/paris.txt	1	pos:NOUN/ADJF,homonym_prone_proof	SAFE	transparent relational adjective | surfaces церквей,церкви,церквях,церковь → церковной | церковный→церковь:relational_adjective:ный:v1;церковь→церковный:relational_adjective:ный:v1
частный	часть	частный	часть	relational_adjective:ный:v1	articles/tolstoy.txt,pool/differential.txt,pool/entropy.txt,pool/laplace.txt,pool/pythagoras.txt,pool/schrodinger.txt	77	pos:ADJF/NOUN,homonym_prone_proof	SAFE	part/partial | surfaces частная,частные,частный,частным,частными,частных → Части,Часть,частей,части,часть,частью | частный→часть:relational_adjective:ный:v1;часть→частный:relational_adjective:ный:v1
часть	частный	часть	частный	relational_adjective:ный:v1	articles/tolstoy.txt,pool/differential.txt,pool/entropy.txt,pool/laplace.txt,pool/pythagoras.txt,pool/schrodinger.txt	39	pos:NOUN/ADJF,homonym_prone_proof	SAFE	part/partial | surfaces Части,Часть,частей,части,часть,частью → частная,частные,частный,частным,частными,частных | частный→часть:relational_adjective:ный:v1;часть→частный:relational_adjective:ный:v1
шестой	шесть	шестой	шесть	ordinal:v1	articles/bee.txt	2	pos:ANUM/NUMR	SAFE	ordinal of the same numeral | surfaces шестая,шестого,шестым → шесть,шестью | шестой→шесть:ordinal:v1;шесть→шестой:ordinal:v1
шесть	шестой	шесть	шестой	ordinal:v1	articles/bee.txt	5	pos:NUMR/ANUM	SAFE	ordinal of the same numeral | surfaces шесть,шестью → шестая,шестого,шестым | шестой→шесть:ordinal:v1;шесть→шестой:ordinal:v1
язык	языковый	язык	языковый	relational_adjective:овый:v1	pool/china.txt	1	pos:NOUN/ADJF,homonym_prone_proof	SAFE	tongue/language adjective | surfaces язык,языка,языках,языков,языком,языку → языковых | язык→языковый:relational_adjective:овый:v1;языковый→язык:relational_adjective:овый:v1
языковый	язык	языковый	язык	relational_adjective:овый:v1	pool/china.txt	13	pos:ADJF/NOUN,homonym_prone_proof	SAFE	tongue/language adjective | surfaces языковых → язык,языка,языках,языков,языком,языку | язык→языковый:relational_adjective:овый:v1;языковый→язык:relational_adjective:овый:v1
