root_family	alternations	lemma_count	lemmas	pos_distribution	corpus_count	max_fanout	risk_flags	current_split	verdict	proposed_subfamilies	reason	bucket	risk
прав	прав	187	бесправие,бесправность,бесправный,взаправдашний,взаправду,вправду,вправе,вправить,вправиться,вправка,вправленный,вправлять,вправляться,вправо,выправительный,выправить,выправиться,выправка,выправление,выправлять,выправляться,выправщик,выправщица,дозаправка,заправдашний,заправила,заправить,заправиться,заправка,заправлять,заправляться,заправочный,заправский,заправщик,исправимый,исправитель,исправительный,исправить,исправиться,исправление,исправлять,исправляться,исправник,исправница,исправнический,исправничий,исправность,исправный,направить,направиться,направление,направленность,направленный,направлять,направляться,направо,направщик,направщица,непоправимость,оправа,оправдание,оправданный,оправдательный,оправдать,оправдаться,оправдывать,оправдываться,оправить,оправиться,оправка,оправление,оправлять,оправляться,оправочный,отправитель,отправительница,отправительский,отправить,отправиться,отправка,…(+107)		141	8371	large,partial_split,many_game_ids,many_prefixes,many_suffixes,corpus_hot	sense:correct:42,sense:govern:30,sense:direct:29,sense:truth:15,sense:frame:14,sense:law:12,sense:season:9,sense:right:8,sense:fuel:8,sense:reference:8,sense:justify:7,sense:constable:4,sense:straighten:4,sense:fit:3,sense:punish:2,sense:genuine:1	SPLIT	REFERENCE: справка; DIRECT: направление, отправить; GOVERN: правительство; CORRECT: исправить, правило; TRUTH: правда; LAW: право	Справка, направление и правительство — разные современные семьи. Править хранит оба чтения: власть и правку.	ALREADY_SPLIT	750
раж¹|раз¹	раж¹|раз¹	167	безобразие,безобразина,безобразить,безобразиться,безобразник,безобразница,безобразничать,безобразность,безобразный,возражать,возражение,возразить,воображаемый,воображала,воображать,воображаться,воображение,вообразимый,вообразить,вообразиться,враз,выражать,выражаться,выражение,выраженность,выраженьице,выразитель,выразительница,выразительность,выразительный,выразить,выразиться,заражаемость,заражать,заражаться,заражение,зараженность,зараженный,зараз,зараза,заразительность,заразительный,заразить,заразиться,заразиха,заразный,изображать,изображаться,изображение,изобразительность,изобразительный,изобразить,изобразиться,изразец,изразцовый,набезобразничать,набезобразничаться,невыразимость,невыразимый,неотразимость,неотразимый,несообразный,несуразица,несуразность,несуразный,обеззараживание,обеззараживать,обеззараживаться,обеззаразить,обезображенный,обезображивание,обезображивать,обезображиваться,обезобразить,обезобразиться,образ,образец,образина,образной,образность,…(+87)		295	34853	large,old_reject,partial_split,many_game_ids,many_prefixes,many_suffixes,corpus_hot	sense:image:63,sense:strike:30,sense:ugly:17,sense:infection:17,sense:express:13,sense:once:9,sense:reflect:9,sense:wit:7,sense:object:3,sense:absurd:3,sense:tile:2	SPLIT	IMAGE: образ, образование; STRIKE: разить, поражать; EXPRESS: выражать; REFLECT: отражатель; OBJECT: возражать; UGLY: безобразный; WIT: соображать; TILE: изразец	Образ, разить и выражать — разные современные семьи. Отражать имеет оба чтения: удар и отражение.	ALREADY_SPLIT	707
ста(j)|сто(j)	ста(j)|сто(j)	470	безостановочный,безустанно,безустанный,беспрестанный,вдосталь,восставать,восставить,восставлять,восстанавливать,восстанавливаться,восстание,восстановитель,восстановительница,восстановительный,восстановить,восстановиться,восстановление,восстановлять,восстановляться,восстать,вставание,вставать,вставить,вставиться,вставка,вставлять,вставляться,вставной,вставочка,вставочный,встать,выставить,выставиться,выставка,выставление,выставлять,выставляться,выставной,выставочный,выставщик,выстаивание,выстаивать,выстаиваться,выстоять,выстояться,доставала,доставать,доставаться,доставитель,доставить,доставка,доставление,доставлять,доставляться,доставщик,доставщица,достаивать,достаиваться,достаток,достаточность,достаточный,достать,достаться,достоинство,достойный,достояние,достоять,достояться,застава,заставать,заставить,заставиться,заставка,заставлять,заставляться,заставный,заставочный,застаивание,застаиваться,застать,…(+390)		836	707127	large,old_reject,partial_split,many_game_ids,many_prefixes,many_suffixes,corpus_hot	sense:fatigue:6,sense:joint:5,sense:enough:4,sense:charter:4,sense:simple:1	KEEP_ONE_FAMILY	KEEP: стоять, стать, ставить; PEELED: устав, усталость, сустав, достаточный	Стоять, стать и ставить остаются одной игровой семьёй. Устав, усталость, сустав и достаточный не возвращаются.	ALREADY_SPLIT	690
ч³|чес²|чет|чит|чт	ч³|чес²|чет|чит|чт	254	безотчетность,безотчетный,безрасчетливый,безрасчетный,бессчетный,вчитаться,вчитываться,высчитать,высчитывание,высчитывать,высчитываться,вычесть,вычет,вычитаемое,вычитание,вычитать,вычитаться,вычитка,вычитывание,вычитывать,вычитываться,досчитать,досчитаться,досчитывать,досчитываться,дочесть,дочитать,дочитаться,дочитывать,дочитываться,запричитать,засчитать,засчитывать,засчитываться,зачесть,зачесться,зачет,зачетный,зачетчик,зачитанный,зачитать,зачитаться,зачитывать,зачитываться,зачтение,наперечет,насчет,насчитать,насчитаться,насчитывать,насчитываться,начесть,начет,начетистость,начетистый,начетнический,начетничество,начетчик,начетчица,начитанность,начитанный,начитать,начитаться,начитывать,начитываться,недоучесть,недоучет,нечет,обсчет,обсчитать,обсчитаться,обсчитывать,обсчитываться,обчесть,обчесться,отсчет,отсчитать,отсчитывать,отсчитываться,отчет,…(+174)		164	33506	large,many_alternations,old_reject,partial_split,many_game_ids,many_prefixes,many_suffixes,corpus_hot	sense:honor:18,sense:even:2,sense:couple:2	UNREVIEWED	sense:honor:18,sense:even:2,sense:couple:2		ALREADY_SPLIT	495
плач³|плес¹|плет|плот¹|плоч	плач³|плес¹|плет|плот¹|плоч	132	вплести,вплестись,вплетать,вплетаться,вплетение,выплести,выплестись,выплетание,выплетать,выплетаться,доплести,доплестись,доплетать,доплетаться,досплетничаться,заплести,заплестись,заплетание,заплетать,заплетаться,заплот,наплести,наплетать,наплотить,насплетничать,насплетничаться,оплести,оплетать,оплетаться,оплетка,оплеточный,оплетчик,оплетчица,оплот,отплести,отплестись,отплетать,отплетаться,переплести,переплестись,переплет,переплетать,переплетаться,переплетение,переплетный,переплетчик,переплетчица,переплотить,переплотка,плести,плестись,плетейный,плетельный,плетельщик,плетельщица,плетение,плетеница,плетенка,плетеный,плетень,плетка,плетневый,плеточный,плетушка,плеть,плот,плотбище,плотильщик,плотина,плотинка,плотинный,плотить,плотиться,плотник,плотницкий,плотничать,плотнический,плотничество,плотничий,плотничный,…(+52)		2	1399	large,many_alternations,old_reject,partial_split,many_game_ids,many_prefixes,many_suffixes,in_corpus	sense:weave:81,sense:unite:10,sense:dam:9,sense:gossip:8,sense:dense:8,sense:carpenter:7,sense:raft:5,sense:whip:4	SPLIT	WEAVE: плести; RAFT: плот; CARPENTER: плотник; GOSSIP: сплетня; DAM: плотина; UNITE: сплотить; WHIP: плеть	Плести, плот и плотник разделены. Отдельных лемм на плес- в этой семье нет. Сплетня, плотина и сплотить тоже вынесены.	ALREADY_SPLIT	494
лаг|лег²|леж|леч²|лог|лож¹	лаг|лег²|леж|леч²|лог|лож¹	278	безотлагательность,безотлагательный,безотложный,беспредложный,влагалище,влагалищный,влагать,влагаться,влегать,вложение,вложить,вложиться,возлагать,возлагаться,возлегать,возлежание,возлежать,возлечь,возложение,возложить,вылежать,вылежаться,вылеживание,вылеживать,вылеживаться,вылежка,выложить,выложиться,долежать,долежаться,долеживать,доложить,залегание,залегать,залежалость,залежалый,залежаться,залеживание,залеживаться,залежка,залежный,залежь,залечь,залог,залоговый,заложение,заложник,заложница,заложить,излагать,излагаться,изложение,изложить,изложница,изложня,лежа,лежак,лежалый,лежание,лежанка,лежать,лежаться,лежачий,лежачок,лежбише,лежбищный,лежень,леживать,лежка,лежмя,лежневой,лежняк,лечь,лог,логовище,логовищный,логово,ложа,ложбина,ложбинка,…(+198)		259	138313	large,many_alternations,old_reject,partial_split,many_game_ids,many_prefixes,many_suffixes,corpus_hot	sense:slope:2,sense:canopy:1	SPLIT	LAY: лежать, вложить, полагать; CANOPY: полог; SLOPE: пологий, пологость	Полог и пологость вынесены как леммы. Поверхность «полог» всё ещё открывает пологость: это краткая форма пологий. Лежать и вложить остаются одной семьёй.	ALREADY_SPLIT	470
важ²|важд|вед²|вес²|вод¹|вож¹|вожд	важ²|важд|вед²|вес²|вод¹|вож¹|вожд	265	важивать,введение,ввести,ввестись,ввод,вводить,вводиться,вводный,ведение,ведомый,ведущий,вести,вестись,взведение,взвести,взвестись,взвод,взводить,взводиться,взводной,взводный,водитель,водительский,водительство,водить,водиться,водырь,вожак,вожатый,вождение,вождь,возведение,возвести,возвестись,возводить,возводиться,воспроизведение,воспроизвести,воспроизвестись,воспроизводитель,воспроизводительница,воспроизводительный,воспроизводить,воспроизводиться,воспроизводственный,воспроизводство,вываживание,вываживать,выведенец,выведение,вывести,вывестись,вывод,выводить,выводиться,выводка,выводковый,выводок,выпроваживание,выпроваживать,выпроваживаться,выпроводить,доведение,довести,довестись,довод,доводиться,доводка,доводчик,заведение,заведеньице,завести,завестись,завод,заводила,заводить,заводиться,заводишко,заводище,заводка,…(+185)		328	284773	large,many_alternations,old_reject,many_prefixes,many_suffixes,corpus_hot		SAFE_ONE_FAMILY		Водить, вывести, свод и сводник оставлены одной приставочной семьёй вести.	REVIEW	470
бер|бир|бор¹|бр¹	бер|бир|бор¹|бр¹	226	безбрачие,безбрачный,боры,брак,браный,брань,брать,браться,брачный,вбирать,вбираться,взбираться,взобраться,вобрать,вобраться,выбирание,выбирать,выбираться,выбор,выборка,выборность,выборный,выборочный,выборщик,выборщица,выборы,выбрать,выбраться,добирать,добираться,добрать,добраться,добрачный,довыборный,довыборы,забирание,забирать,забираться,забор,заборец,заборик,забористый,заборишко,заборище,заборка,заборный,заборчик,заборщик,заборщица,забрало,забрать,забраться,избираемость,избиратель,избирательница,избирательность,избирательный,избирательский,избирать,избираться,изборник,избрание,избранник,избранница,избранничество,избранность,избранный,избрать,изубрать,набирание,набирать,набираться,набор,наборный,наборщик,наборщица,наборщицкий,набрать,набраться,насбирать,…(+146)		98	31824	large,many_alternations,old_reject,partial_split,many_game_ids,many_prefixes,many_suffixes,corpus_hot	sense:marriage:5,sense:abuse:1	SPLIT	TAKE: брать, выбрать; MARRIAGE: брак, брачный; ABUSE: брань	Брак и брань вынесены из брать.	ALREADY_SPLIT	470
пек|печ|пещ	пек|печ|пещ	143	беспечальный,беспечность,беспечный,впекать,впечь,выпек,выпекание,выпекать,выпекаться,выпечка,выпечь,выпечься,допекать,допекаться,допечь,допечься,запеканка,запекать,запекаться,запечалиться,запечек,запечный,запечь,запечье,запечься,испечь,испечься,напекать,напекаться,напечь,напечься,недопек,обеспечение,обеспеченность,обеспеченный,обеспечивать,обеспечиваться,обеспечительный,обеспечить,обеспечиться,опека,опекать,опекаться,опекун,опекунский,опекунство,опекунствовать,опекунша,опечаленный,опечалить,опечалиться,опечек,отпекать,отпечь,пекарить,пекарный,пекарня,пекарский,пекарь,пекло,перепекать,перепекаться,перепечка,перепечь,перепечься,печалить,печалиться,печаловаться,печаль,печальник,печальница,печальный,печево,печение,печенка,печеночник,печеночный,печеный,печень,печенье,…(+63)		20	1001	large,old_reject,partial_split,many_game_ids,many_prefixes,many_suffixes,corpus_hot	sense:care:30,sense:sadness:13,sense:scold:7,sense:cave:5,sense:liver:4,sense:mushroom:1	SPLIT	BAKE: печь, печка, пекарь; SADNESS: печаль; CARE: опека, обеспечить; CAVE: пещера; LIVER: печень	Печь, печаль, опека, пещера и печень разделены. печься оставлено при печи.	ALREADY_SPLIT	458
граб¹|греб|грес|гроб	граб¹|греб|грес|гроб	128	выгреб,выгребание,выгребать,выгребаться,выгребка,выгребки,выгребной,выгребщик,выгрести,выгрестись,грабеж,грабельки,грабельщик,грабиловка,грабитель,грабительница,грабительский,грабительство,грабить,грабление,грабленый,грабли,гребенка,гребеночка,гребенчатый,гребенщик,гребенщиковый,гребень,гребец,гребешок,гребля,гребневик,гребневой,гребнистый,гребной,гребок,грести,гроб,гробик,гробить,гробница,гробовой,гробовщик,гробочек,догребать,догребаться,догрести,заграбастать,заграбастывать,заграбастываться,загребать,загребистый,загребной,загребуший,загрести,загробный,награбить,нагребальщик,нагребальщица,нагребать,нагребаться,нагрести,нагрестись,надгробие,надгробный,ограбить,ограбление,ограблять,ограбляться,огребать,огребаться,огребка,огребной,огребок,огребщик,огребье,огрести,отгребать,отгребка,отгребщик,…(+48)		0	0	large,many_alternations,old_reject,partial_split,many_game_ids,many_prefixes,many_suffixes	sense:row:70,sense:rob:22,sense:coffin:12,sense:comb:10,sense:cellar:5,sense:burial:5,sense:drift:4	SPLIT	ROW: грести, гребля; COFFIN: гроб; CELLAR: погреб; BURIAL: погребение; ROB: грабить; COMB: гребень; DRIFT: сугроб	Грести, гроб, погреб и погребение разделены. Сугроб и гребень тоже отдельно.	ALREADY_SPLIT	448
хаж|ход|хож|хожд	хаж|ход|хож|хожд	213	безвыходность,безвыходный,бездоходность,бездоходный,безысходность,безысходный,восход,восходитель,восходить,восходящий,восхождение,всходы,всхожесть,всхожий,вхаживать,вход,входящий,вхождение,вхожий,выхаживание,выхаживать,выхаживаться,выход,выходец,выходить,выходиться,выходка,выходной,выходочка,выхождение,дохаживать,доход,доходец,доходишко,доходность,доходный,доходчивость,доходчивый,доходяга,заприходовать,захаживать,заход,заходить,заходиться,захождение,захожий,израсходование,израсходовать,израсходоваться,исход,исходатайствование,исходатайствовать,исходящий,исхоженный,нахаживать,находить,находиться,находка,находчивость,находчивый,нахождение,недорасход,необходимость,необходимый,обиход,обиходность,обиходный,обхаживать,обход,обходительность,обходительный,обходить,обходиться,обходный,обходчик,обхождение,оприходовать,отхаживать,отход,отходить,…(+133)		462	248155	large,many_alternations,old_reject,partial_split,many_prefixes,many_suffixes,corpus_hot	sense:necessity:2	SPLIT	WALK: ходить, выходить, доход; NECESSITY: необходимый	Необходимый вынесен. Доход и выходить остаются при ходьбе: это приставки.	ALREADY_SPLIT	430
мест¹|мещ¹	мест¹|мещ¹	109	беспоместный,вместе,вместилище,вместимость,вместительность,вместительный,вместить,вместиться,вместо,вмещать,вмещаться,вмещение,возместитель,возместительница,возместительный,возместить,возместиться,возмещать,возмещаться,возмещение,заместитель,заместительница,заместительство,заместить,заместо,замещать,замещаться,замещение,местечко,местечковый,местишко,местничать,местнический,местничество,местность,местный,место,мещанин,мещанка,мещаночка,мещанский,мещанство,наместник,наместнический,наместничество,наместничий,наместо,невместно,омещанивать,омещаниваться,омещанить,омещаниться,переместить,переместиться,перемещать,перемещаться,перемещение,перемещенные,поместительность,поместительный,поместить,поместиться,поместный,поместье,поместьице,помещать,помещаться,помещение,помещик,помещица,помещичий,предместник,предместница,предместье,разместить,разместиться,размещать,размещаться,размещение,сместить,…(+29)		90	11888	large,old_reject,partial_split,many_prefixes,many_suffixes,corpus_hot	sense:bourgeois:9	SPLIT	PLACE: место, вместе, вместить; BOURGEOIS: мещанин	Мещанин вынесен. Вместе и вместить остаются одной семьёй места.	ALREADY_SPLIT	424
цве|цвес|цвет|цвеч	цве|цвес|цвет|цвеч	70	бесцветковые,бесцветность,бесцветный,выцвелый,выцвести,выцветание,выцветать,доцвести,доцветать,зацвести,зацветание,зацветать,обесцветить,обесцветиться,обесцвечение,обесцвеченный,обесцвечивание,обесцвечивать,обесцвечиваться,отцвести,отцветать,отцветить,отцвечивать,отцвечиваться,подцветить,подцветка,подцвечивать,прицветник,процвести,процветание,процветать,расцвести,расцвет,расцветание,расцветать,расцветить,расцветиться,расцветка,расцветчик,расцвечивание,расцвечивать,расцвечиваться,соцветие,цвель,цвести,цвет,цветастость,цветастый,цветение,цветень,цветик,цветистость,цветистый,цветить,цветковый,цветневой,цветник,цветниковый,цветничок,цветной,цветность,цветовой,цветок,цветочек,цветочник,цветочница,цветочный,цветуха,цветущий,цветы		18	1074	large,many_alternations,old_reject,partial_split,many_game_ids,many_prefixes,many_suffixes,in_corpus	sense:bloom:35,sense:color:29	SPLIT	BLOOM: цветок, цвести; COLOR: бесцветный, цветной; UNRESOLVED: цвет	Цветок не открывает бесцветный. Лемма цвет оставлена: это и цвет, и цветение.	ALREADY_SPLIT	418
бел	бел	120	белек,беление,беленый,беленький,белесоватость,белесоватый,белесый,белеть,белеться,белехонький,белец,белешенький,бели,белизна,белила,белильный,белильня,белильщик,белильщица,белитель,белить,белиться,белица,беличий,белка,белковина,белковый,беловатость,беловатый,беловик,беловой,белок,белочка,белочник,белочный,белуга,белужий,белужина,белужинка,белуха,белуший,белый,белье,бельевой,бельевщица,бельецо,бельишко,бельище,бельковый,бельмастый,бельмо,бельмовой,бельчатник,бельчонок,беляк,беляна,белянка,беляночка,выбеливание,выбеливать,выбеливаться,выбелить,выбелиться,выбелка,добела,добеливать,добелить,забелеть,забелеться,забеливание,забеливать,забеливаться,забелить,забелка,забелять,забеляться,набелить,набелиться,набело,обеление,…(+40)		19	996	large,old_reject,partial_split,many_game_ids,many_prefixes,many_suffixes,in_corpus	sense:protein:5,sense:squirrel:4	UNREVIEWED	sense:protein:5,sense:squirrel:4		ALREADY_SPLIT	414
лик¹|лиц|лич	лик¹|лиц|лич	108	безликий,безликость,безличие,безличность,безличный,безналичный,безразличие,безразличность,безразличный,заподлицо,изобличать,изобличаться,изобличение,изобличитель,изобличительный,изобличить,изобличиться,лик,лицевать,лицеваться,лицевой,лицовка,лицовщик,лицовщица,личико,личина,личинка,личинный,личиночка,личиночный,личной,личностный,личность,личный,налицевать,налицо,наличествовать,наличие,наличник,наличность,наличный,обезличение,обезличенный,обезличивание,обезличивать,обезличиваться,обезличить,обезличиться,обезличка,облик,облицевать,облицовка,облицовочный,облицовщик,облицовывать,облицовываться,обличать,обличаться,обличение,обличитель,обличительница,обличительный,обличить,обличье,отличать,отличаться,отличие,отличительность,отличительный,отличить,отличник,отличница,отличный,перелицевать,перелицовка,перелицовщик,перелицовывать,перелицовываться,поличное,прилик,…(+28)		171	6665	large,old_reject,partial_split,many_game_ids,many_prefixes,many_suffixes,corpus_hot	sense:difference:24,sense:larva:4,sense:excellent:3	SPLIT	FACE: лицо, лик, облик; LARVA: личинка; DIFFERENCE: отличие, различный; EXCELLENT: отличный	Личинка, отличие и отличный вынесены. Лицо, облик и улика оставлены одним кластером «лика».	ALREADY_SPLIT	408
слав¹|слов¹|слы	слав¹|слов¹|слы	84	безусловность,безусловный,бесславие,бесславить,бесславиться,бесславность,бесславный,бессловесность,бессловесный,бессословность,бессословный,восславить,восславиться,восславлять,восславляться,дословность,дословный,обесславить,обесславливать,обесславливаться,обуславливать,обуславливаться,обусловить,обусловиться,обусловленность,обусловливать,обусловливаться,ославить,ославиться,ославлять,ославляться,пословица,пословичный,пословный,посословный,предисловие,предисловщик,пресловутый,присловье,прославить,прославиться,прославление,прославленный,прославлять,прославляться,прослыть,расславить,расславлять,расславляться,слава,славильщик,славить,славиться,славица,славление,славленый,славненький,славный,славушка,словарик,словарник,словарный,словарь,словеса,словесник,словесница,словесность,словесный,словечко,словник,словно,слово,словцо,слыть,сословие,сословность,сословный,уславливаться,условие,условиться,…(+4)		78	2459	large,old_reject,partial_split,many_game_ids,many_prefixes,many_suffixes,corpus_hot	sense:glory:38,sense:word:23,sense:condition:16,sense:estate:6	SPLIT	GLORY: слава, славить; WORD: слово, словарь; CONDITION: условие, условный; ESTATE: сословие; UNRESOLVED: словно	Слава, слово, условие и сословие разошлись. словно оставлено.	ALREADY_SPLIT	407
год|гож|гожд	год|гож|гожд	67	безвыгодный,вознегодовать,выгода,выгодный,год,годик,година,годить,годиться,годичный,годность,годный,годовалый,годовик,годовичок,годовой,годовщина,годок,годочек,загодя,невзгода,негодник,негодница,негодный,негодование,негодовать,негодующий,негодяй,негодяйка,негодяйский,негодяйство,негодящий,негоже,негожий,непогода,непогодь,непригоже,погода,погодить,погодка,погодно,погодный,погодок,погодушка,погожий,пригодиться,пригодность,пригодный,пригожество,пригожесть,пригожий,распогодиться,сгодиться,угода,угодить,угодливость,угодливый,угодник,угодница,угодничание,угодничать,угоднический,угодничество,угодный,угодье,угождение,угождать		331	23850	large,old_reject,partial_split,many_game_ids,many_prefixes,many_suffixes,corpus_hot	sense:suit:11,sense:weather:8,sense:benefit:3	UNREVIEWED	sense:suit:11,sense:weather:8,sense:benefit:3		ALREADY_SPLIT	407
мал⁴|мел|мол¹	мал⁴|мел|мол¹	115	вымелить,вымелиться,вымолоть,домалывать,домалываться,домолоть,замелеть,замелить,замолоть,измалывать,измелить,измелиться,измельчание,измельчать,измельчаться,измельчение,измельчить,измельчиться,измолоть,измолоться,мел,мелево,меленка,меленый,меленький,мелеть,мелистый,мелить,мелкий,мелкость,мелкота,мелованный,меловатый,меловой,меловщик,мелок,мелочишка,мелочник,мелочной,мелочность,мелочный,мелочь,мель,мельник,мельница,мельничать,мельничий,мельничиха,мельничный,мельчать,мельчить,мелюзга,молотый,молоть,молоться,моль,намалывать,намалываться,намелить,намельчить,намол,намолотый,намолоть,недомол,обмеление,обмелеть,обмелить,обмелиться,обмеловщик,обмеловщица,обмельчать,обмолоть,обмолоться,отмалывать,отмалываться,отмель,отмолоть,перемалывание,перемалывать,перемалываться,…(+35)		12	766	large,old_reject,partial_split,many_game_ids,many_prefixes,many_suffixes,in_corpus	sense:mill:57,sense:small:29,sense:chalk:20,sense:shoal:8,sense:moth:1	SPLIT	CHALK: мел, мелок; SMALL: мелкий, мелочь; SHOAL: мель; MILL: молоть, мельник; MOTH: моль	Мел, мелкий, мель, молоть и моль — разные современные семьи.	ALREADY_SPLIT	397
род|рож²|рожд	род|рож²|рожд	160	безродный,беспородность,беспородный,возродить,возродиться,возрождать,возрождаться,возрождение,вроде,врожденность,врожденный,выродиться,выродок,вырождаемость,вырождаться,вырожденец,вырождение,вырожденка,вырожденческий,дородность,дородный,дородовой,дородство,зародить,зародиться,зародыш,зародышевый,зарождать,зарождаться,зарождение,изуродованный,изуродовать,изуродоваться,народ,народец,народить,народиться,народишко,народище,народник,народнический,народничество,народность,народный,нарождаться,нарождение,недород,обнародование,обнародовать,обнародоваться,отродиться,отроду,отродье,отродясь,перерод,переродить,переродиться,перерожать,перерождать,перерождаться,перерожденец,перерождение,перерожденка,перерожденческий,перерожденчество,порода,породистость,породистый,породить,породнить,породниться,породность,породный,порождать,порождаться,порождение,прародина,прародитель,прародительница,прародительский,…(+80)		93	23760	large,old_reject,partial_split,many_prefixes,many_suffixes,corpus_hot	sense:spring:3	SPLIT	KIN: род, родить, народ; SPRING: родник	Родник вынесен. Род, родить и народ остаются одной семьёй.	ALREADY_SPLIT	395
мат¹|мач¹	мат¹|мач¹	26	безматерный,безматок,безматочный,материн,материнский,материнство,материть,материться,матерка,матерний,матерный,матерщина,матица,матичный,матка,маточник,маточный,матушка,мать,мачеха,наматывание,наматывать,наматываться,обмачивать,обмачиваться,праматерь		167	2292	medium_size,old_reject,partial_split,many_game_ids,many_suffixes,corpus_hot	sense:uterus:7,sense:swear:6,sense:wind:3	UNREVIEWED	sense:uterus:7,sense:swear:6,sense:wind:3		ALREADY_SPLIT	391
бв|бы	бв|бы	127	безубыточность,безубыточный,бесприбыльность,бесприбыльный,бывало,бывалый,бывальщина,бывать,бывший,былевой,былина,былинный,былинщик,былой,быль,быт,бытие,бытийность,бытийный,бытность,бытование,бытовать,бытовизм,бытовик,бытовист,бытовистский,бытовой,бытовщина,быть,бытье,выбывание,выбывать,выбытие,выбыть,добывание,добывать,добываться,добыток,добыточный,добытчик,добытчица,добыть,добыча,добычливость,добычливый,добычный,забвение,забвенный,забывание,забывать,забываться,забывчивость,забывчивый,забытый,забыть,забытьб,забыться,избывать,избываться,избыток,избыточествовать,избыточный,избыть,избыться,небылица,небытие,незабываемый,неизбывность,неизбывный,несбыточный,обыватель,обывательница,обывательский,обывательщина,отбывание,отбывать,отбытие,отбыть,перебывать,перезабыть,…(+47)		500	93727	large,old_reject,many_prefixes,many_suffixes,corpus_hot		SAFE_ONE_FAMILY		Прибытие и прибыль — приставочные производные быть. Отдельный смысловой разрез не делался.	REVIEW	362
крас¹|краш	крас¹|краш	139	бескрасочный,выкрасить,выкраситься,выкрашивание,выкрашивать,выкрашиваться,докрасить,докрасна,докрашивать,докрашиваться,закрасить,закраситься,закраска,закраснеть,закрасчик,закрашивание,закрашивать,закрашиваться,изукрасить,изукраситься,изукрашивать,изукрашиваться,искрасить,искраситься,искрасна,искрашивать,искрашиваться,краса,красавец,красавица,красавка,красавчик,красивенький,красивость,красивый,красильный,красильня,красильщик,красильщица,краситель,красить,краситься,краска,красненький,краснеть,краснеться,красно,красноватый,краснота,краснуха,красный,красоваться,красота,красотка,красочник,красочность,красочный,красящий,крашение,крашенина,крашенинный,крашеный,накрасить,накраситься,накрашивать,накрашиваться,окрас,окрасить,окраситься,окраска,окрасочный,окрашивание,окрашивать,окрашиваться,открасить,открашивать,открашиваться,перекрасить,перекраситься,перекраска,…(+59)		11	814	large,old_reject,partial_split,many_game_ids,many_prefixes,many_suffixes,in_corpus	sense:red:92,sense:beauty:43	SPLIT	BEAUTY: краса, красивый, красота, украсить; RED: красный, краска, красить; UNRESOLVED: красочный, красно	Красота и красный цвет — разные современные семьи. красочный и красно оставлены неразмеченными.	ALREADY_SPLIT	345
свес|свет|свеч|свещ	свес|свет|свеч|свещ	106	безрассветный,беспросветность,беспросветный,дорассветный,засветить,засветиться,засветло,засвеченный,несусветный,осветитель,осветительный,осветить,осветиться,осветлить,осветлять,осветляться,освещать,освещаться,освещение,освещенность,отсвет,отсвечивание,отсвечивать,подсвет,подсветить,подсветка,подсвечивать,подсвечиваться,подсвечник,посветить,посветлеть,посветлить,предрассветный,просвет,просветитель,просветительный,просветительский,просветительство,просветить,просветиться,просветление,просветленность,просветленный,просветлеть,просветлить,просветлиться,просветлять,просветляться,просвечивание,просвечивать,просвечиваться,просвещать,просвещаться,просвещенец,просвещение,просвещенка,просвещенность,просвещенный,просвещенский,рассвести,рассвет,рассветать,рассветный,свет,светать,светелка,светелочка,светелочный,светец,светик,светиленка,светило,светильник,светильный,светильня,светимость,светить,светиться,светлейший,светленький,…(+26)		69	16773	large,many_alternations,old_reject,partial_split,many_prefixes,many_suffixes,corpus_hot	sense:society:2	UNREVIEWED	sense:society:2		ALREADY_SPLIT	345
пас²	пас²	69	безопасность,безопасный,выпас,выпасной,выпасти,запас,запасание,запасать,запасаться,запасец,запасливость,запасливый,запасник,запасной,запасный,запасти,запастись,напасать,напасти,напастись,обезопасить,обезопаситься,опасаться,опасение,опаска,опасливый,опасность,опасный,отпасти,пастбище,пастбищный,паства,паственный,пасти,пастись,пастух,пастушеский,пастуший,пастушка,пастушковые,пастушок,пастушонок,пастырский,пастырь,подпасок,попасти,попастись,припас,припасать,припасливый,припасти,припасы,пропасти,пропастись,спас,спасание,спасатель,спасательный,спасать,спасаться,спасение,спаситель,спасительница,спасительность,спасительный,спасти,спастись,упасти,упастись		28	1351	large,old_reject,partial_split,many_game_ids,many_prefixes,many_suffixes,corpus_hot	sense:herd:24,sense:stock:20,sense:save:15,sense:danger:10	SPLIT	STOCK: запас; DANGER: опасность; HERD: пасти, пастух; SAVE: спасти, спасение	Запас, опасность, пастух и спасти разделены.	ALREADY_SPLIT	342
ем|им¹|йм|ним|ня|ым²|я¹|∅	ем|им¹|йм|ним|ня|ым²|я¹|∅	311	безуемный,безъемкостный,взаем,взаимность,взаимный,взаймы,взимание,взимать,взиматься,взятие,взятка,взяток,взяточник,взяточница,взяточничать,взяточнический,взяточничество,взять,взяться,внаем,внаймы,внимание,вниманьице,внимательность,внимательный,внимать,внятность,внятный,внять,возыметь,восприемник,восприемница,восприимчивость,восприимчивый,воспринимаемость,воспринимать,восприниматься,воспринять,восприятие,восприять,выем,выемка,выемочный,выемчатый,выемщик,вынимание,вынимать,выниматься,вынуть,вынуться,донимать,дониматься,донять,емкий,емкостный,емкость,завзятый,заем,заемный,заемщик,заемщица,заимка,заимочный,заимствование,заимствовать,заимствоваться,займище,займищный,займовый,занимание,занимательность,занимательный,занимать,заниматься,занятие,занятность,занятный,занятой,занятость,занять,…(+231)		406	230556	large,many_alternations,many_prefixes,many_suffixes,corpus_hot		UNREVIEWED			REVIEW	335
наш|нес|нос²|нош	наш|нес|нос²|нош	242	безотносительность,безотносительный,взнести,взнестись,взнос,взносить,взноситься,внесение,внести,внестись,внос,вноситель,вносить,вноситься,вноска,вознесение,вознести,вознестись,возносить,возноситься,возношение,вразнос,вынашивание,вынашивать,вынашиваться,вынесение,вынести,вынестись,вынос,выносить,выноситься,выноска,выносливость,выносливый,выносной,донашивание,донашивать,донашиваться,донесение,донести,донестись,донос,доноситель,доносительница,доносительство,доносить,доноситься,доносчик,доносчица,доношенный,занашивание,занашивать,занашиваться,занесение,занести,занестись,занос,заносить,заноситься,заносливый,заносный,заносчивость,заносчивый,заношенность,заношенный,изнашиваемость,изнашивание,изнашивать,изнашиваться,износ,износить,износиться,изношенность,изношенный,навынос,нанашивать,нанашиваться,нанесение,нанести,нанос,…(+162)		149	136613	large,many_alternations,many_prefixes,many_suffixes,corpus_hot		UNREVIEWED			REVIEW	335
тач¹|тек|теч|ток¹|точ¹	тач¹|тек|теч|ток¹|точ¹	231	бессточный,восток,восточник,восточный,втачать,втачаться,втачивание,втачивать,втачиваться,втачка,втекать,втечь,вытачать,вытачивание,вытачивать,вытачиваться,вытачка,вытекание,вытекать,вытечка,вытечь,выточенный,выточить,выточиться,выточка,дотачать,дотекать,дотечь,доточить,затачать,затачивать,затачиваться,затек,затекание,затекать,затекший,затечь,затоковать,заточать,заточаться,заточение,заточить,заточиться,заточка,заточник,заточный,истачивать,истачиваться,истекать,истекший,истечение,истечь,исток,источать,источаться,источить,источиться,источник,натачать,натачивать,натачиваться,натек,натекать,натечный,натечь,наточить,наточка,наутек,обтачать,обтачивать,обтачиваться,обтекаемость,обтекаемый,обтекать,обтечь,обточить,обточка,отек,отекание,отекать,…(+151)		217	77754	large,many_alternations,many_prefixes,many_suffixes,corpus_hot		UNREVIEWED			REVIEW	335
вед¹|веж|вежд¹|вест|вещ¹	вед¹|веж|вежд¹|вест|вещ¹	198	безвестность,безвестный,безызвестность,безызвестный,бессовестность,бессовестный,ведание,ведать,ведаться,ведение,веди,ведовской,ведовство,ведомо,ведомостичка,ведомость,ведомственность,ведомственный,ведомство,ведомый,ведун,ведунья,ведывать,ведь,ведьма,ведьмак,ведьмовской,вежливенький,вежливость,вежливый,вестимо,вестимый,вестник,вестница,вестовой,вестовщик,вестовщица,весточка,весть,вещий,вещун,вещунья,возвестить,возвеститься,возвещать,возвещаться,возвещение,выведать,выведывание,выведывать,выведываться,доведаться,заведование,заведовать,заведомо,заведомый,заведующая,заведующий,заневеститься,заповедать,заповедник,заповедный,заповедовать,заповедоваться,заповедь,засовеститься,изведать,изведывать,известить,известиться,известность,известный,извещать,извещаться,извещение,исповедальня,исповедальщик,исповедание,исповедать,исповедаться,…(+118)		82	28045	large,many_alternations,many_prefixes,many_suffixes,corpus_hot		UNREVIEWED			REVIEW	335
дер|дерг|держ|дир|дор|дорог³|др	дер|дерг|держ|дир|дор|дорог³|др	333	безудержный,бессодержательность,бессодержательный,вдергивание,вдергивать,вдергиваться,вдержка,вдернуть,вдернуться,вздергивание,вздергивать,вздергиваться,вздержка,вздернутый,вздернуть,вздернуться,вздор,вздорить,вздорность,вздорный,вздорщик,вздорщица,взодрать,взодраться,воздержание,воздержанность,воздержать,воздержаться,воздерживать,воздерживаться,воздержность,воздержный,выдергать,выдергаться,выдергивание,выдергивать,выдергиваться,выдержанность,выдержанный,выдержать,выдержаться,выдерживание,выдерживать,выдерживаться,выдержка,выдернуть,выдернуться,выдирание,выдирать,выдираться,выдирка,выдрать,выдраться,дер,дерба,дербенник,дербенниковые,дербина,дерг,дергануть,дерганье,дергать,дергаться,дергач,дерготня,дерен,держава,державка,державный,держалка,держание,держаный,держатель,держать,держаться,дерн,дернина,дернистость,дернистый,дерноватый,…(+253)		67	30810	large,many_alternations,many_prefixes,many_suffixes,corpus_hot		UNREVIEWED			REVIEW	322
да¹|даж	да¹|даж	282	бездарность,бездарный,бездарь,бесприданница,вдаваться,вдаться,воздавать,воздаваться,воздать,воздаться,воздаяние,выдавать,выдаваться,выданье,выдать,выдаться,выдача,выдающийся,давалец,давальческий,давальщик,давать,даваться,давывать,данник,даннический,данность,данные,данный,данщик,дань,дар,дарение,дареный,даритель,дарительница,дарительный,дарить,дариться,дарма,дармовой,дармовщина,дарование,даровать,дароваться,даровитость,даровитый,даровой,даровщина,даровщинка,даром,дарственный,дательный,даточный,датчик,дать,даться,дача,дачка,дачник,дачница,дачный,даяние,додавать,додаваться,додать,додача,допродавать,допродаваться,допродать,задавальщик,задавальщица,задавание,задавать,задаваться,задание,заданный,задаривать,задариваться,задарить,…(+202)		330	121898	large,many_prefixes,many_suffixes,corpus_hot		UNREVIEWED			REVIEW	320
де(j)|де	де(j)|де	271	бездейственность,бездейственный,бездействие,бездействовать,бездействующий,безделица,безделка,безделушка,безделье,бездельник,бездельница,бездельничанье,бездельничать,бездельничество,бездельный,бездеятельность,бездеятельный,безнадежность,безнадежный,вдевальный,вдевание,вдевать,вдеваться,вдежка,вделать,вделаться,вделка,вделывание,вделывать,вделываться,вдеть,вдеться,вздевание,вздевать,вздеваться,вздевка,вздеть,вздеться,воздевать,воздеваться,воздействие,воздействовать,возделать,возделаться,возделывание,возделыватель,возделывать,возделываться,воздеть,выделать,выделаться,выделка,выделывание,выделывать,выделываться,девать,деваться,действенность,действенный,действие,действительность,действительный,действо,действователь,действовать,действующий,делание,деланность,деланный,делатель,делать,делаться,делец,делишки,дело,деловик,деловитость,деловитый,деловой,делывать,…(+191)		127	59532	large,many_prefixes,many_suffixes,corpus_hot		UNREVIEWED			REVIEW	320
жи	жи	187	безжизненность,безжизненный,вживаться,вживе,вжиться,выживание,выживать,выжить,доживать,дожитие,дожитый,дожить,живалый,живать,живете,живехонек,живец,живешенек,живинка,живительность,живительный,живить,живиться,живица,живность,живой,живость,живот,животик,животина,животишко,животное,животность,животный,живучесть,живучий,живучка,живущий,живьем,жизненность,жизненный,жизнь,жилец,жилица,жиличка,жилище,жилищный,жилой,жильб,житейский,житель,жительница,жительство,жительствовать,житие,житийный,жить,житье,житьишко,житься,заживание,заживать,заживаться,заживить,заживиться,заживление,заживлять,заживляться,заживо,зажитой,зажиточность,зажиточный,зажить,зажиться,изживание,изживать,изживаться,изжитие,изжитый,изжить,…(+107)		125	51766	large,many_prefixes,many_suffixes,corpus_hot		UNREVIEWED			REVIEW	320
сам	сам	5	сам,самец,самка,самость,самый		110	1287	old_reject,partial_split,corpus_hot	sense:male:2	SPLIT	SELF: сам, самый, самость; MALE: самец, самка	Самец и самка вынесены. Сам и самый остаются.	ALREADY_SPLIT	315
друг|друж¹	друг|друж¹	35	вдруг,друг,другой,дружба,дружеский,дружественность,дружественный,дружество,дружина,дружинник,дружинница,дружинный,дружить,дружиться,дружище,дружка,дружный,дружок,дружочек,недруг,передружиться,подруга,подруженька,подружить,подружиться,подружка,раздружить,раздружиться,сдружать,сдружаться,сдружить,сдружиться,содружество,удружать,удружить		177	3962	medium_size,old_reject,partial_split,many_game_ids,many_prefixes,many_suffixes,corpus_hot	sense:suddenly:1,sense:other:1	SPLIT	FRIEND: друг, дружба, дружить; OTHER: другой; SUDDENLY: вдруг	Друг не открывает другой и вдруг.	ALREADY_SPLIT	310
праст|прост|прощ	праст|прост|прощ	65	выпрастывание,выпрастывать,выпрастываться,выпростать,выпростаться,запросто,опрастывать,опрастываться,опростать,опростаться,опростелый,опростеть,опростить,опроститься,опрощать,опрощаться,опрощенец,опрощение,опрощенка,опрощенство,попростеть,попросту,попрощаться,простак,простачок,простейший,простенький,простеть,простец,простецкий,простительный,простить,проститься,просто,простоватость,простоватый,простой,простушка,простынка,простынный,простыня,прощальный,прощание,прощать,прощаться,прощение,прощеный,распростать,распроститься,распрощаться,спроста,упроститель,упростить,упроститься,упрощать,упрощаться,упрощенец,упрощение,упрощенка,упрощенность,упрощенный,упрощенский,упрощенство,упрощенческий,упрощенчество		51	4994	large,partial_split,many_game_ids,many_prefixes,many_suffixes,corpus_hot	sense:simple:40,sense:forgive:12,sense:empty:10,sense:sheet:3	SPLIT	SIMPLE: простой, упростить; FORGIVE: простить, прощение; SHEET: простыня; EMPTY: опростать	Простой, простить, простыня и опростать — разные современные семьи. Это главный источник fan-out.	ALREADY_SPLIT	306
рас|ращ|рос²|рощ	рас|ращ|рос²|рощ	150	взрастать,взрасти,взрастись,взращать,взращивание,взращивать,взращиваться,взрослеть,взрослый,возраст,возрастание,возрастать,возрасти,возрастить,возрастной,врастание,врастать,врасти,вырастание,вырастать,вырасти,вырастить,выращивание,выращивать,выращиваться,вырост,выростковый,выростной,выросток,дорастать,дорасти,доращивание,зарастание,зарастать,зарасти,зарастить,заращивание,заращивать,заросль,заросток,нарастание,нарастать,нарасти,нарастить,наращать,наращаться,наращение,наращивание,наращивать,наращиваться,нарост,недоросль,недоросток,обрастание,обрастать,обрасти,отраслевой,отрасль,отрастание,отрастать,отрасти,отрастить,отращивание,отращивать,отращиваться,отросток,перерастание,перерастать,перерасти,перерослый,переросток,повзрослеть,повозрастной,подотрасль,подрастание,подрастать,подрасти,подрастить,подращивать,подрост,…(+70)		100	26594	large,many_alternations,many_prefixes,many_suffixes,corpus_hot		UNREVIEWED			REVIEW	305
зна(j)	зна(j)	162	бессознательность,бессознательный,вызнавать,вызнать,дознаваться,дознание,дознать,дознаться,зазнаваться,зазнайка,зазнайство,зазнаться,знавать,знаемый,знак,знаковый,знакомец,знакомить,знакомиться,знакомка,знакомство,знакомый,знаменатель,знаменательный,знамение,знаменитость,знаменитый,знаменный,знаменовать,знаменоваться,знаменщик,знамя,знание,знатность,знатный,знаток,знаточество,знать,знаться,знахарить,знахарка,знахарский,знахарство,знахарь,значащий,значение,значимость,значимый,значительность,значительный,значить,значиться,значкист,значкистка,значковый,значок,знающий,назначать,назначаться,назначенец,назначение,назначенчество,назначить,наузнавать,незнаемый,незнайка,незнамо,неузнаваемость,неузнаваемый,обознаваться,обознаться,обозначать,обозначаться,обозначение,обозначить,обозначиться,ознакомить,ознакомиться,ознакомление,ознакомленность,…(+82)		210	80600	large,many_prefixes,many_suffixes,corpus_hot		UNREVIEWED			REVIEW	302
ворач|ворот¹|вороч|врат¹|вращ	ворач|ворот¹|вороч|врат¹|вращ	161	безвозвратность,безвозвратный,бесповоротность,бесповоротный,вворачивать,вворачиваться,вворотить,возврат,возвратить,возвратиться,возвратный,возвращать,возвращаться,возвращение,ворот,воротила,воротить,воротиться,воротник,воротниковый,воротничок,воротный,вороток,ворочание,ворочать,ворочаться,вращательный,вращать,вращаться,вращение,выворачивание,выворачивать,выворачиваться,выворот,выворотить,выворотиться,выворотный,заворачивать,заворачиваться,заворот,заворотить,заворотиться,заворочать,заворочаться,изворачиваться,изворот,изворотистый,изворотливость,изворотливый,извратить,извратиться,извращать,извращаться,извращение,извращенность,извращенный,изразвратничаться,наворачивать,наворачиваться,наворотить,навыворот,невозвратимый,невозвращенец,невозвращенчество,невпроворот,неотвратимость,неотвратимый,неповоротливость,неповоротливый,несовратимый,отворачивать,отворачиваться,отворот,отворотить,отворотиться,отворотный,отворочать,отвратительный,отвратить,отвратный,…(+81)		66	13200	large,many_alternations,many_prefixes,many_suffixes,corpus_hot		UNREVIEWED			REVIEW	302
ряд|ряж¹	ряд|ряж¹	161	безурядица,беспорядок,беспорядочность,беспорядочный,вразрядку,вряд,вырядить,вырядиться,выряживать,выряживаться,занарядить,занаряжаться,заряд,зарядить,зарядиться,зарядка,зарядный,зарядчик,заряжание,заряжать,заряжаться,заряженный,зауряд,заурядность,заурядный,изрядный,кряду,навряд,наряд,нарядить,нарядиться,нарядница,нарядность,нарядный,наряду,нарядчик,нарядчица,наряжать,наряжаться,неурядица,обряд,обрядить,обрядиться,обрядность,обрядный,обрядовый,обрядчик,обряжать,обряжаться,обряжение,отряд,отрядить,отрядиться,отрядный,отряжать,отряжаться,перезарядить,перезарядиться,перезарядка,перезаряжать,перезаряжаться,перерядить,перерядиться,переряжать,переряжаться,переряживание,переряживать,переряживаться,переснарядить,переснаряжать,переснаряжаться,поднаряд,подряд,подрядить,подрядиться,подрядничать,подрядный,подрядческий,подрядчик,подряжать,…(+81)		192	37944	large,many_prefixes,many_suffixes,corpus_hot		UNREVIEWED			REVIEW	301
сторон|стран	сторон|стран	59	настранничаться,настранствоваться,отстранение,отстранить,отстраниться,отстранять,отстраняться,посторониться,посторонний,постраничный,постранничать,постранствовать,пространность,пространный,пространственный,пространство,пространствовать,распространение,распространенность,распространенный,распространитель,распространительница,распространительный,распространительский,распространить,распространиться,распространять,распространяться,сторона,сторониться,сторонка,сторонний,сторонник,сторонница,сторонушка,сторонщик,страна,страница,страничка,страничный,странник,странница,странничать,страннический,странничество,странно,странноватый,странность,странный,странствие,странствование,странствователь,странствовать,устранение,устранимый,устранить,устраниться,устранять,устраняться		246	23922	large,old_reject,partial_split,many_prefixes,many_suffixes,corpus_hot	sense:strange:4	UNREVIEWED	sense:strange:4		ALREADY_SPLIT	294
каж¹|кажд¹|каз¹	каж¹|кажд¹|каз¹	152	бездоказательность,бездоказательный,безнаказанность,безнаказанный,безотказность,безотказный,выказать,выказаться,выказывание,выказывать,выказываться,высказать,высказаться,высказывание,высказывать,высказываться,доказанность,доказательность,доказательный,доказательственный,доказательство,доказать,доказуемость,доказуемый,доказчик,доказчица,доказывание,доказывать,доказываться,досказать,досказывать,досказываться,заказ,заказать,заказец,заказник,заказной,заказчик,заказывание,заказывать,заказываться,каждый,кажущийся,казать,казаться,казовый,наказ,наказание,наказать,наказной,наказуемость,наказуемый,наказывать,наказываться,напоказ,насказать,насказывать,насказываться,несказанный,оказание,оказать,оказаться,оказывать,оказываться,отказ,отказать,отказаться,отказывать,отказываться,пересказ,пересказать,пересказчик,пересказчица,пересказывать,пересказываться,подсказ,подсказать,подсказка,подсказчик,подсказчица,…(+72)		250	80764	large,many_prefixes,many_suffixes,corpus_hot		UNREVIEWED			REVIEW	292
след|слеж	след|слеж	96	бесследный,вослед,воспоследовать,впоследствии,вслед,вследствие,выследить,выслеживание,выслеживать,выслеживаться,доследование,доследовать,заследить,заслеживать,исследить,исследование,исследованный,исследователь,исследовательница,исследовательский,исследовать,исследоваться,исслеживать,напоследках,напоследок,напоследях,наследие,наследить,наследник,наследница,наследный,наследование,наследовать,наследоваться,наследственность,наследственный,наследство,обследование,обследователь,обследовательский,обследовать,обследоваться,перерасследование,перерасследовать,перерасследоваться,подследственный,послед,последить,последки,последний,последователь,последовательница,последовательность,последовательный,последовать,последовый,последствие,последующий,последыш,предпоследний,преследование,преследователь,преследовательница,преследовать,преследоваться,проследить,проследование,проследовать,прослеживать,прослеживаться,расследование,расследовать,след,следить,следование,следователь,следовательно,следовательский,следовать,следовой,…(+16)		203	25840	large,old_reject,many_prefixes,many_suffixes,corpus_hot		SAFE_ONE_FAMILY		Следовательно оставлено при следовать: это приставочное следствие.	REVIEW	291
сад|саж|сажд|сед¹|сед|сес|сид|сиж¹|сяд	сад|саж|сажд|сед¹|сед|сес|сид|сиж¹|сяд	337	безусадочный,беспересадочный,беспосадочный,восседать,воссесть,вприсядку,всадить,всадиться,всадник,всадница,всаднический,всаживание,всаживать,всаживаться,высадить,высадиться,высадка,высадочный,высаживание,высаживать,высаживаться,высидеть,высидеться,высидка,высиживание,высиживать,высиживаться,дозаседаться,досада,досадить,досадливость,досадливый,досадный,досадовать,досаждать,досаждение,досаживать,досаживаться,досидеть,досидеться,досиживать,досиживаться,засада,засадить,засадка,засаднить,засадный,засаживание,засаживать,засаживаться,заседание,заседатель,заседательский,заседать,заседланный,заседлать,заседлывать,засесть,засидеть,засидеться,засидка,засиживать,засиживаться,надсада,надсадить,надсадиться,надсадный,надсаживать,надсаживаться,надседаться,насадитель,насадить,насадка,насаднить,насадок,насажать,насаждать,насаждаться,насаждение,насаживать,…(+257)		33	16273	large,many_alternations,many_prefixes,many_suffixes,corpus_hot		UNREVIEWED			REVIEW	288
пис|пиш	пис|пиш	147	бесписьменность,бесписьменный,вписанный,вписать,вписаться,вписка,вписывание,вписывать,вписываться,выписать,выписаться,выписка,выписной,выписывание,выписывать,выписываться,выпись,дописать,дописаться,дописка,дописывать,дописываться,записать,записаться,записка,записной,записочка,записывание,записывать,записываться,запись,исписать,исписаться,исписывать,исписываться,надписать,надписка,надписывать,надписываться,надпись,написание,написать,неописуемый,описание,описанный,описательный,описательство,описать,описаться,описка,описочный,описывание,описывать,описываться,опись,отписать,отписаться,отписка,отписывать,отписываться,переписать,переписка,переписной,переписчик,переписчица,переписывание,переписывать,переписываться,перепись,писака,писание,писанина,писаный,писаришка,писарской,писарша,писарь,писатель,писательница,писательский,…(+67)		207	58115	large,many_prefixes,many_suffixes,corpus_hot		UNREVIEWED			REVIEW	287
тя|тяг|тяж|тяз	тя|тяг|тяж|тяз	236	беспритязательность,беспритязательный,бестягольный,взатяжку,внатяжку,врастяжку,втягивание,втягивать,втягиваться,втяжка,втяжной,втянутость,втянуть,втянуться,вытягать,вытягивание,вытягивать,вытягиваться,вытяжение,вытяжка,вытяжной,вытянуть,вытянуться,дотягивать,дотягиваться,дотянуть,дотянуться,затяг,затягивание,затягивать,затягиваться,затяжелеть,затяжка,затяжной,затяжчик,затянуть,затянуться,истязание,истязатель,истязательница,истязать,истязаться,истязуемый,навытяжку,натягать,натягивание,натягивать,натягиваться,натяжение,натяжка,натяжной,натянутость,натянутый,натянуть,натянуться,обтягивать,обтягиваться,обтяжечный,обтяжка,обтяжной,обтяжчик,обтяжчица,обтянутый,обтянуть,обтянуться,отсутяжить,оттягать,оттягивание,оттягивать,оттягиваться,оттяжка,оттяжной,оттянуть,оттянуться,отяготеть,отяготительный,отяготить,отяготиться,отягощать,отягощаться,…(+156)		31	12834	large,many_alternations,many_prefixes,many_suffixes,corpus_hot		UNREVIEWED			REVIEW	286
ле(j)|ли|ло(j)|ль²	ле(j)|ли|ло(j)|ль²	168	бесслитковый,вливание,вливать,вливаться,влитие,влить,влиться,влияние,влиятельноеть,влиятельный,влиять,возливать,возлить,возлияние,выливание,выливать,выливаться,вылитый,вылить,вылиться,доливание,доливать,доливаться,доливка,долить,долиться,залив,заливание,заливать,заливаться,заливистость,заливистый,заливка,заливной,заливный,заливочный,заливчатый,заливчик,заливщик,залить,залиться,изливать,изливаться,излить,излиться,излияние,леечка,леечный,лейка,ливень,ливмя,ливневый,литейный,литейщик,литка,литник,литой,лить,литье,литьевой,литься,льяло,льячка,налив,наливать,наливаться,наливка,наливной,наливочный,налитой,налить,налиться,недолив,непроливайка,обливание,обливать,обливаться,обливка,обливной,обливщик,…(+88)		41	14142	large,many_alternations,many_prefixes,many_suffixes,corpus_hot		UNREVIEWED			REVIEW	284
тк|ток²|точ²|тык|тыч	тк|ток²|точ²|тык|тыч	129	бестканевый,воткать,воткаться,воткнуть,воткнуться,впритык,впритычку,встык,втыкание,втыкать,втыкаться,втычка,выткать,выткаться,доткать,заткать,заткаться,заткнуть,заткнуться,заток,затыкание,затыкать,затыкаться,затычка,изоткать,истыкать,истыкаться,истыкивать,истыкиваться,наткать,наткнуть,наткнуться,натыкать,натыкаться,обтыкать,обтыкаться,ототкнуть,отточие,оттыкать,оттыкаться,переткать,перетыкать,подоткать,подоткнуть,подоткнуться,подтыкать,подтычка,посуточный,поткать,потыкать,преткновение,преткнуться,приткать,приткнуть,приткнуться,притык,притыкать,притычка,проткать,проткнуть,протыкать,протыкаться,разоткать,растыкать,растыкаться,соткать,соткнуть,споткнуться,спотыкание,спотыкаться,спотыкач,спотыкливый,спотыкнуться,стык,стыкать,стыкование,стыковать,стыковаться,стыковка,стыковой,…(+49)		166	62430	large,many_alternations,many_prefixes,many_suffixes,corpus_hot		UNREVIEWED			REVIEW	284
рав|ров²	рав|ров²	89	вровень,выравнивание,выравниватель,выравнивать,выравниваться,выровненный,выровнитель,выровнять,выровняться,заравнивание,заравнивать,заравниваться,заровнять,заровняться,наравне,несравненный,несравнимо,обравнивать,обравниваться,обровнять,подравнивать,подравниваться,подравнять,подровнять,поравнять,поравняться,поровну,поровнять,приравнивать,приравниваться,приравнять,приравняться,прировнять,равенство,равнение,равнина,равнинный,равно,равный,равнять,равняться,разравнивать,разравниваться,разравнять,разровнитель,разровнять,ровесник,ровесница,ровнехонький,ровнехонько,ровнешенько,ровнитель,ровница,ровничница,ровничный,ровно,ровность,ровнота,ровный,ровня,ровнять,ровняться,сравнение,сравнивать,сравниваться,сравнимость,сравнимый,сравнительно,сравнительный,сравнить,сравниться,сравнять,сравняться,сровнять,сровняться,уравнение,уравнивание,уравнивать,уравниваться,уравниловец,…(+9)		556	63283	large,old_reject,many_prefixes,many_suffixes,corpus_hot		SAFE_ONE_FAMILY		Уровень оставлен при равном.	REVIEW	284
глав|голав|голов	глав|голав|голов	64	безглавый,безголовый,возглавие,возглавить,возглавиться,возглавлять,возглавляться,глава,главарь,главенство,главенствовать,главка,главный,голавлевый,голавль,голова,голован,головастик,головастый,головач,головенка,головешка,головизна,головища,головка,головневый,головной,головня,головонька,головушка,головщик,заглавие,заглавный,заголовок,заголовочный,изголовье,наголовник,наголову,надглавок,обезглавить,обезглавиться,обезглавленный,обезглавливание,обезглавливать,обезглавливаться,оглавление,оголовье,озаглавить,озаглавливать,озаглавливаться,поголовный,поголовщина,поголовье,подголовник,подголовный,подголовок,подголовье,подзаголовок,подзаголовочный,суголовный,суголовье,уголовник,уголовный,уголовщина		79	2587	large,partial_split,many_game_ids,many_prefixes,many_suffixes,corpus_hot	root:head:7,sense:criminal:3	UNREVIEWED	root:head:7,sense:criminal:3		ALREADY_SPLIT	283
тер¹|тер|тир|тор|тр²	тер¹|тер|тир|тор|тр²	183	впритирку,втереть,втереться,втирание,втирать,втираться,втирушка,выстиранный,выстирать,выстираться,выстирывать,вытереть,вытереться,вытертость,вытертый,вытирание,вытирать,вытираться,достирать,достирывать,достирываться,дотереть,дотирать,дотираться,застиранный,застирать,застирывать,застирываться,затереть,затереться,затирать,затираться,затирка,затор,заторный,истереть,истереться,истертый,истираемость,истирание,истирать,истираться,настирать,настираться,настирывать,настирываться,натереть,натереться,натертый,натирание,натирать,натираться,натирка,наторелый,наторенный,натореть,наторить,обстирать,обстирывать,обстирываться,обтереть,обтереться,обтирание,обтирать,обтираться,обтирка,обтирочный,обтирщик,отереть,отереться,отирать,отираться,отстирать,отстираться,отстирка,отстирывать,отстирываться,оттереть,оттереться,оттирать,…(+103)		24	8580	large,many_alternations,many_prefixes,many_suffixes,corpus_hot		UNREVIEWED			REVIEW	279
кус²|куш²	кус²|куш²	52	безвкусие,безвкусица,безвкусный,безыскусный,безыскусственность,безыскусственный,вкус,вкусить,вкусный,вкусовой,вкусовщина,вкушать,вкушаться,вкушение,вкушенный,выкушать,докушать,закусить,закуска,закусочка,закусочная,закусочный,закусывание,закусывать,искус,искуситель,искусительница,искусить,искуситься,искусник,искусница,искусность,искусный,искусственность,искусственный,искусство,кушанье,кушать,накушаться,откушать,перекусить,перекусывать,перекушать,подзакусить,подкушивать,подкушиваться,покуситься,покушать,покушаться,покушение,привкус,скушать		7	200	large,old_reject,partial_split,many_game_ids,many_prefixes,many_suffixes,in_corpus	sense:taste:34,sense:art:10,sense:tempt:8	SPLIT	TASTE: вкус, кушать; ART: искусство, искусный; TEMPT: искус, искусить	Вкус, искусство и искус разделены.	ALREADY_SPLIT	279
вяж|вяз²	вяж|вяз²	138	безотвязный,бессвязность,бессвязный,ввязать,ввязаться,ввязка,ввязнуть,ввязывание,ввязывать,ввязываться,вывязать,вывязка,вывязывание,вывязывать,вывязываться,вяжущий,вязальный,вязальщик,вязальщица,вязание,вязанка,вязаночка,вязаный,вязанье,вязать,вязаться,вязель,вязка,вязкий,вязковатый,вязкость,вязнуть,вязывать,вязь,довязать,довязывать,завязать,завязаться,завязить,завязка,завязнуть,завязывание,завязывать,завязываться,завязь,извязать,извязывать,извязываться,навязать,навязаться,навязка,навязнуть,навязчивость,навязчивый,навязывать,навязываться,надвязать,надвязка,надвязчица,надвязывать,надвязываться,неотвязность,неотвязный,неотвязчивость,неотвязчивый,обвязать,обвязаться,обвязка,обвязывать,обвязываться,отвязать,отвязаться,отвязка,отвязывать,отвязываться,перевязать,перевязаться,перевязка,перевязочный,перевязывать,…(+58)		106	30345	large,many_prefixes,many_suffixes,corpus_hot		UNREVIEWED			REVIEW	278
верх|верш¹	верх|верш¹	83	безверхий,безвершинный,вверх,вверху,верх,верхами,верхний,верховенство,верховенствовать,верховник,верховность,верховный,верховой,верховый,верховье,верхом,верхотура,верхушечка,верхушечный,верхушка,вершение,вершина,вершинка,вершинник,вершинный,вершитель,вершительница,вершить,вершиться,вершковый,вершник,вершок,вершочек,вывершить,доверху,довершать,довершаться,довершение,довершить,довершиться,завершать,завершаться,завершение,завершенность,завершительный,завершить,завершиться,кверху,наверх,наверху,обвершивать,обвершиваться,обвершить,поверх,поверхностный,поверхность,поверху,повершить,предвершинный,сверх,сверху,свершать,свершаться,свершение,свершитель,свершить,свершиться,совершать,совершаться,совершение,совершенный,совершенство,совершенствование,совершенствовать,совершенствоваться,совершитель,совершить,совершиться,усовершенствование,усовершенствованность,…(+3)		155	22630	large,old_reject,many_prefixes,many_suffixes,corpus_hot		SAFE_ONE_FAMILY		Совершать оставлено при верхе как приставочное завершение.	REVIEW	278
гор¹	гор¹	30	взгорок,взгорье,гора,горенка,горец,гористость,гористый,горища,горка,горний,горница,горничная,горный,горняк,горняцкий,горочка,горочный,горский,горушка,горянка,нагорный,нагорье,подгорный,подгорье,предгорный,предгорье,пригорок,угорать,угорелый,угореть		51	2690	medium_size,old_reject,partial_split,many_game_ids,many_prefixes,many_suffixes,corpus_hot	sense:fumes:3,sense:celestial:1	UNREVIEWED	sense:fumes:3,sense:celestial:1		ALREADY_SPLIT	276
реж²|рез	реж²|рез	174	взрез,взрезать,взрезаться,взрезывание,взрезывать,взрезываться,вразрез,врезать,врезаться,врезка,врезной,врезчик,врезывать,врезываться,вырез,вырезание,вырезать,вырезаться,вырезка,вырезной,вырезчик,вырезчица,вырезывание,вырезывать,вырезываться,дорезать,зарез,зарезать,зарезаться,зарезывать,зарезываться,изрезанный,изрезать,изрезаться,изрезывать,изрезываться,навырез,надрез,надрезать,надрезаться,надрезчик,надрезчица,надрезывать,надрезываться,наотрез,наперерез,нарез,нарезать,нарезаться,нарезка,нарезной,нарезь,обрез,обрезальщик,обрезание,обрезать,обрезаться,обрезка,обрезковый,обрезной,обрезок,обрезочный,обрезчик,обрезывание,обрезывать,обрезываться,отрез,отрезанность,отрезать,отрезаться,отрезка,отрезной,отрезок,отрезочек,отрезывать,перерез,перерезать,перерезаться,перерезывать,перерезываться,…(+94)		41	22227	large,many_prefixes,many_suffixes,corpus_hot		UNREVIEWED			REVIEW	275
мер¹	мер¹	133	безмерность,безмерный,беспримерность,беспримерный,вознамериваться,вознамериться,вымеривание,вымеривать,вымериваться,вымерить,вымерять,вымеряться,домеривать,домериваться,домерить,замер,замеривать,замериваться,замерить,замерять,измерение,измеримость,измеримый,измеритель,измерительный,измерить,измерять,измеряться,мера,мереный,меривать,мерило,мерильный,мерильщик,мерительный,мерить,мерка,мерник,мерность,мерный,мерочка,мерочный,намереваться,намерение,намеренность,намеренный,намеривать,намерить,намерять,намеряться,например,недомерок,непомерность,непомерный,обмер,обмеривание,обмеривать,обмериваться,обмерить,обмериться,обмерка,обмерок,обмерщик,обмерять,обмеряться,отмеривание,отмеривать,отмериваться,отмерить,отмерять,отмеряться,перемеривать,перемериваться,перемерить,перемерять,померить,помериться,поумерить,преднамеренный,преднамеренность,…(+53)		172	43601	large,many_prefixes,many_suffixes,corpus_hot		UNREVIEWED			REVIEW	273
гораж|город|горож|град¹|гражд	гораж|город|горож|град¹|гражд	118	вознаградить,вознаградиться,вознаграждать,вознаграждаться,вознаграждение,выгораживание,выгораживать,выгораживаться,выгородить,выгородиться,город,городить,городишко,городище,городки,городничество,городничий,городовик,городовой,городок,городочек,городошник,городошница,городошный,городской,городьба,горожанин,горожанка,град,градский,гражданин,гражданка,гражданочка,гражданский,гражданственность,гражданственный,гражданство,загораживание,загораживать,загораживаться,загорода,загородить,загородиться,загородка,загородный,заградитель,заградительный,заградить,заграждать,заграждаться,заграждение,изгородь,нагораживать,нагораживаться,нагородить,награда,наградить,наградной,награждать,награждаться,награждение,невознаградимый,обгораживать,обгораживаться,обгородить,обгородиться,огораживание,огораживать,огораживаться,огород,огородить,огородиться,огородник,огородница,огородничать,огороднический,огородничество,огородничий,огородный,огорожа,…(+38)		106	17978	large,many_alternations,many_prefixes,many_suffixes,corpus_hot		UNREVIEWED			REVIEW	273
ви|во(j)¹|вь	ви|во(j)¹|вь	132	ввивание,ввивать,ввиваться,ввиться,взвивание,взвивать,взвиваться,взвихрить,взвихриться,вилка,вилочек,вилочка,вилочный,вилы,вильчатый,виточек,витушка,витый,витье,вихор,вихорок,вихорчик,вихрастый,вихреватый,вихревой,вихриться,вихрун,вихрь,вывивать,вывиваться,вьюга,вьюжистый,вьюжный,вьюнковый,вьюновый,вьюрковый,вьюрок,вьюшечный,вьюшка,довивать,довить,довиться,завивание,завивать,завиваться,завивка,завивочный,завитой,завиток,завиточек,завитушка,завить,завиться,завихрение,завихриться,завьюжить,извивать,извиваться,навивальный,навивальщик,навивальщица,навивать,навиваться,навивка,навивной,навить,навиться,навой,навойный,надвивать,надвиваться,надвить,недоразвитие,недоразвитость,недоразвитый,обвивать,обвиваться,обвить,обвиться,овивать,…(+52)		79	20165	large,many_prefixes,many_suffixes,corpus_hot		UNREVIEWED			REVIEW	271
мен¹	мен¹	129	беспеременный,беспременно,бессменность,бессменный,взамен,вменение,вменить,вмениться,вменяемость,вменяемый,вменять,вменяться,выменивание,выменивать,вымениваться,выменять,замена,заменимость,заменимый,заменитель,заменить,замениться,заменять,заменяться,измена,изменение,измененный,изменить,измениться,изменник,изменница,изменнический,изменничество,изменчивость,изменчивый,изменщик,изменщица,изменяемость,изменяемый,изменять,изменяться,мена,менивать,меновой,меновщик,меняла,меняльный,меняльщик,менять,меняться,наменивать,намениваться,наменять,неизменность,неизменный,непременный,обмен,обменивать,обмениваться,обменить,обмениться,обменный,обменшик,обменять,обменяться,отмена,отменить,отмениться,отменный,отменять,отменяться,перемена,переменить,перемениться,переменка,переменник,переменность,переменный,переменчивость,переменчивый,…(+49)		184	64441	large,many_prefixes,many_suffixes,corpus_hot		UNREVIEWED			REVIEW	269
влач|влек|влеч|волак|волок|волоч	влач|влек|влеч|волак|волок|волоч	183	беспроволочный,вволакивание,вволакивать,вволакиваться,вволочь,взволакивать,взволакиваться,взволок,взволочить,взволочь,влачить,влачиться,влечение,влечь,влечься,вовлекать,вовлекаться,вовлечение,вовлечь,вовлечься,волок,волокита,волокитный,волокитство,волокитчик,волокитчица,волокнистость,волокнистый,волокно,волоковой,волоком,волоконце,волокуша,волокушка,волочение,волочильный,волочильня,волочильщик,волочить,волочиться,волочок,волочь,волочься,выволакивание,выволакивать,выволакиваться,выволочить,выволочка,выволочный,выволочь,выволочься,доволакивать,доволакиваться,доволочить,доволочиться,доволочь,доволочься,завлекательность,завлекательный,завлекать,завлекаться,завлечение,завлечь,завлечься,заволакивание,заволакивать,заволакиваться,заволочь,заволочье,заволочься,извлекать,извлекаться,извлечение,извлечь,извлечься,изволок,изволочиться,навлекать,навлекаться,навлечь,…(+103)		12	4248	large,many_alternations,many_prefixes,many_suffixes,in_corpus		UNREVIEWED			REVIEW	267
мир¹	мир¹	71	замирение,замирить,замириться,замирять,замиряться,мир,мирить,мириться,мирный,мировая,мировой,мирок,мирской,мирянин,мирянка,непримиримость,непримиримый,обмирщать,обмирщаться,обмирщение,обмирщить,обмирщиться,перемирие,перемирить,перемириться,помирить,помириться,примиренец,примирение,примиренность,примиренный,примиренческий,примиренчество,примиритель,примирительность,примирительный,примирить,примириться,примирять,примиряться,присмирелый,присмиреть,присмирить,смирена,смирение,смиренник,смиренница,смиренничать,смиренность,смиренный,смиренство,смиритель,смирительный,смирить,смириться,смирненько,смирнеть,смирнехонько,смирный,смирять,смиряться,умирить,умириться,умирять,умиряться,усмирение,усмиритель,усмирить,усмириться,усмирять,усмиряться		80	6500	large,old_reject,many_prefixes,many_suffixes,corpus_hot		SAFE_ONE_FAMILY		Мир — и покой, и свет. Мирской нельзя оторвать без выбора значения одной леммы.	REVIEW	266
е¹|ед|ес²|я³|яд	е¹|ед|ес²|я³|яд	110	взъедаться,взъесться,въедание,въедаться,въедливость,въедливый,въедчивость,въедчивый,въесться,выедать,выедаться,выесть,выесться,доедать,доедаться,доесть,дообедать,дообеденный,дообедывать,еда,едать,едкий,едкость,едок,едоцкий,едун,есть,заедание,заедать,заедаться,заедки,заесть,заесться,заядлый,изъедание,изъедать,изъесть,надоеда,надоедала,надоедание,надоедать,надоедливость,надоедливый,надоедный,надоесть,наедать,наедаться,наесть,наесться,недоедание,недоедать,недоесть,обед,обедать,обеденка,обеденный,обедня,объедала,объедание,объедать,объедаться,объедение,объедок,объесть,объесться,отобедать,отъевшийся,отъедать,отъедаться,отъесть,отъесться,переедание,переедать,переесть,подъедать,подъедаться,подъесть,поедать,поедаться,поедом,…(+30)		167	23859	large,many_alternations,many_prefixes,many_suffixes,corpus_hot		UNREVIEWED			REVIEW	265
дух|душ¹	дух|душ¹	87	безвоздушный,бездушие,бездушность,бездушный,воздух,воздушник,воздушноеть,воздушный,воодушевить,воодушевиться,воодушевление,воодушевленный,воодушевлять,воодушевляться,дух,духи,духовенство,духовик,духовитый,духовка,духовник,духовность,духовный,духовой,духота,душа,душевность,душевный,душеный,душенька,душечка,душистый,душитель,душить,душиться,душица,душка,душник,душный,душок,душонка,задушевность,задушевный,задушение,задушенный,задушить,задушиться,надушить,надушиться,обездушивать,обездушить,одушевить,одушевиться,одушевление,одушевленность,одушевленный,одушевлять,одушевляться,отдух,отдушина,отдушка,отдушник,отдушничек,передушить,передушиться,подушина,подушить,подушиться,подушный,придушенный,придушить,продух,продушина,продушить,продушиться,раздушенный,раздушить,раздушиться,удушать,удушаться,…(+7)		22	4032	large,old_reject,partial_split,many_prefixes,many_suffixes,corpus_hot	sense:stuffy:1	UNREVIEWED	sense:stuffy:1		ALREADY_SPLIT	264
па¹|пад|паж|пас¹|пащ	па¹|пад|паж|пас¹|пащ	106	впадать,впадение,впадина,впадинка,впалость,впалый,впасть,впопад,выпад,выпадание,выпадать,выпадение,выпасть,запад,западание,западать,западина,западник,западнический,западничество,западный,западня,запасть,запропаститься,запропасть,нападать,нападающий,нападение,нападки,напасть,напропалую,опадать,опадание,опадыш,опалый,опасть,отпавший,отпад,отпадать,отпадение,отпасть,павший,падалица,падаль,паданец,падание,паданка,падать,падающий,падевый,падеж,падежный,падение,падина,падкий,падкость,падун,падучая,падучий,падший,падь,палый,пасть,пастьба,перепад,перепадать,перепасть,подпадать,подпасть,попадание,попадать,попадаться,попасть,попасться,припадать,припадок,припадочный,припасть,пропадать,пропадом,…(+26)		110	35087	large,many_alternations,many_prefixes,many_suffixes,corpus_hot		UNREVIEWED			REVIEW	261
кла|клад|клаж|клас	кла|клад|клаж|клас	153	вклад,вкладка,вкладной,вкладчик,вкладчица,вкладывание,вкладывать,вкладываться,вкладыш,внакладе,внакладку,выкладка,выкладной,выкладывание,выкладывать,выкладываться,доклад,докладной,докладчик,докладчица,докладывать,докладываться,заклад,закладка,закладная,закладничество,закладной,закладочный,закладчик,закладчица,закладывание,закладывать,закладываться,заклание,клад,кладбище,кладбищенский,кладево,кладенец,кладеный,кладень,кладка,кладовая,кладовка,кладовушка,кладовщик,кладовщица,кладочный,кладчик,кладь,класть,класться,наклад,накладка,накладная,накладно,накладной,накладчик,накладчица,накладывать,накладываться,накласть,нескладеха,нескладица,обкладка,обкладчик,обкладывать,обкладываться,оклад,окладистый,окладной,окладчик,откладывание,откладывать,откладываться,передокладывать,передокладываться,перезаклад,перезакладчик,перезакладчица,…(+73)		32	6756	large,many_alternations,many_prefixes,many_suffixes,corpus_hot		UNREVIEWED			REVIEW	260
рв|ров¹|ры	рв|ров¹|ры	203	безотрывный,беспрерывность,беспрерывный,взорвать,взорваться,взрыв,взрывание,взрыватель,взрывать,взрываться,взрывник,взрывной,взрывчатка,взрывчатость,взрывчатый,взрывщик,взрытие,взрыть,ворваться,врываться,врыть,врыться,вырвать,вырваться,вырывание,вырывать,вырываться,вырыть,вырыться,дорвать,дорваться,дорывать,дорываться,дорыть,дорыться,зарваться,зарывание,зарывать,зарываться,зарыть,зарыться,изорванный,изорвать,изорваться,изрытый,изрыть,надрыв,надрывать,надрываться,надрывистый,надрывный,нарвать,нарваться,нарыв,нарывание,нарывать,нарываться,нарывник,нарывной,нарывный,нарывчатый,нарыть,неотрывность,неотрывный,непрерывка,непрерывность,неразрывность,неразрывный,оборванец,оборванка,оборванный,оборвать,оборваться,оборвашка,оборвыш,обрыв,обрывать,обрываться,обрывистость,обрывистый,…(+123)		18	6461	large,many_prefixes,many_suffixes,in_corpus		UNREVIEWED			REVIEW	258
дел	дел	118	безраздельность,безраздельный,беспредельность,беспредельный,выдел,выделение,выделительный,выделить,выделиться,выделять,выделяться,дележ,дележка,деление,делимое,делимость,делимый,делитель,делительный,делить,делиться,деляна,делянка,доделить,запредельный,надел,наделение,наделить,надельный,наделять,наделяться,неразделимый,обделить,обделять,обделяться,оделить,оделять,оделяться,определение,определенность,определенный,определимость,определимый,определитель,определительность,определительный,определить,определиться,определять,определяться,отдел,отделение,отделенный,отделенский,отделенческий,отделимость,отделимый,отделитель,отделительный,отделить,отделиться,отдельность,отдельный,отдельщик,отделять,отделяться,передел,переделить,переделиться,передельный,переделять,переделяться,перераспределение,перераспределить,перераспределиться,перераспределять,перераспределяться,поделить,поделиться,подотдел,…(+38)		392	106902	large,many_prefixes,many_suffixes,corpus_hot		UNREVIEWED			REVIEW	258
зар|зер|зир|зор|зр	зар|зер|зир|зор|зр	154	безнадзорность,безнадзорный,беспризорник,беспризорница,беспризорничать,беспризорность,беспризорный,взариться,взирать,взор,воззрение,воззреть,воззриться,дозор,дозорный,дозорщик,зазор,зазорный,зазрение,зазрить,заподазривать,заподазриваться,заподозривать,заподозриваться,заподозрить,зарево,заревой,зариться,зарница,зарничный,заря,зеркало,зеркальность,зеркальный,зеркальце,зеркальщик,зерцало,зоревать,зоренька,зоркий,зоркость,зорька,зорюшка,зорянка,зрачковый,зрачок,зрелище,зрелищный,зрение,зреть,зримый,зритель,зрительница,зрительный,зрительский,зря,зрячесть,зрячий,зряшный,надзиратель,надзирательница,надзирательский,надзирательство,надзирать,надзор,надзорный,назеркалить,невзрачность,невзрачный,обзор,обзорный,обозревание,обозреватель,обозревать,обозреваться,обозрение,обозреть,обозримый,озарение,озаренность,…(+74)		26	6503	large,many_alternations,many_prefixes,many_suffixes,corpus_hot		UNREVIEWED			REVIEW	255
стра|стро(j)	стра|стро(j)	115	встраивать,встраиваться,встроить,встройка,выстраивание,выстраивать,выстраиваться,выстроить,выстроиться,достраивание,достраивать,достраиваться,достроить,достроиться,достройка,достройщик,застраивание,застраивать,застраиваться,застроить,застроиться,застройка,застройщик,застройщица,надстраивать,надстраиваться,надстроечный,надстроить,надстроиться,надстройка,надстройщик,настраивание,настраивать,настраиваться,настроение,настроенность,настроить,настроиться,настройка,настройщик,настройщица,неустроенность,обстраивать,обстраиваться,обстроить,обстроиться,обстройка,отстраивать,отстраиваться,отстроить,отстроиться,отстройка,перестраивать,перестраиваться,перестроение,перестроить,перестроиться,перестройка,переустраивать,переустраиваться,переустроить,переустройство,подстраивать,подстраиваться,подстроить,подстроиться,понастроить,построение,построечный,построить,построиться,постройка,пристраивать,пристраиваться,пристроечный,пристроить,пристроиться,пристройка,простроить,простроиться,…(+35)		83	21601	large,many_prefixes,many_suffixes,corpus_hot		UNREVIEWED			REVIEW	255
суд¹|суж|сужд	суд¹|суж|сужд	81	безрассудность,безрассудный,безрассудство,бессудный,высудить,высуживать,засудить,засуживать,засуживаться,обессудить,обсудить,обсуждать,обсуждаться,обсуждение,обсуживать,осудить,осуждать,осуждаться,осуждение,осужденный,отсудить,пересуд,пересуды,пересуживать,пересуживаться,подсудимая,подсудимый,подсудность,подсудный,посудачить,посудить,посудиться,предосудительность,предосудительный,предрассудок,предрассуждение,присудить,присуждать,присуждаться,присуждение,просудить,просудиться,просуживать,просуживаться,рассудительность,рассудительный,рассудить,рассудиться,рассудок,рассудочность,рассудочный,рассуждать,рассуждение,рассуживать,ссуда,ссудить,ссудный,ссужать,ссужаться,суд,судачить,судбище,судбищный,судебник,судебный,судеец,судейский,судейство,судилище,судимость,судить,судиться,судия,судный,судьба,судьбина,судьбишка,судья,суждение,суженая,…(+1)		18	2140	large,old_reject,partial_split,many_prefixes,many_suffixes,in_corpus	sense:doomsday:1	UNREVIEWED	sense:doomsday:1		ALREADY_SPLIT	254
би(j)|бо(j)¹|бь	би(j)|бо(j)¹|бь	248	бесперебойность,бесперебойный,бивать,бивень,биение,било,бита,битва,битковый,битком,биток,биточек,битый,бить,битье,биться,бич,бичевание,бичевать,бичеваться,боевик,боевитость,боевичка,боевой,боек,боенский,боец,бой,бойкий,бойкость,бойница,бойничный,бойня,бойцовый,бойщик,вбивание,вбивать,вбиваться,вбивка,вбить,вбиться,взбивание,взбивать,взбиваться,взбивка,взбитый,взбить,взбиться,вперебивку,вперебой,вразбивку,выбивалка,выбивальный,выбивальщик,выбивальщица,выбивание,выбивать,выбиваться,выбивка,выбивной,выбивщик,выбить,выбиться,выбоина,выбойка,выбойчатый,добивать,добиваться,добить,добиться,забивание,забивать,забиваться,забивка,забивной,забитость,забитый,забить,забиться,забияка,…(+168)		12	4810	large,many_prefixes,many_suffixes,in_corpus		UNREVIEWED			REVIEW	252
раб	раб	112	безработица,безработная,безработный,врабатываться,вработаться,вырабатывание,вырабатывать,вырабатываться,выработать,выработаться,выработка,выработок,дорабатывать,дорабатываться,доработать,доработаться,доработка,зарабатывать,зарабатываться,заработанный,заработать,заработаться,заработный,заработок,нарабатывать,нарабатываться,наработать,наработаться,недовыработать,недовыработка,обрабатываемость,обрабатывание,обрабатывать,обрабатываться,обработанный,обработать,обработаться,обработка,обработочный,обработчик,орабочение,орабочивать,орабочиваться,орабочить,орабочиться,отрабатывать,отрабатываться,отработанный,отработать,отработаться,отработка,отработочный,перерабатывать,перерабатываться,переработать,переработаться,переработка,переработочный,подзаработать,подрабатывать,подработать,подработка,поработать,поработитель,поработительница,поработить,поработиться,порабощать,порабощаться,порабощение,прирабатывать,прирабатываться,приработать,приработаться,приработка,приработок,прорабатывать,проработать,проработка,раб,…(+32)		146	31866	large,many_prefixes,many_suffixes,corpus_hot		UNREVIEWED			REVIEW	252
рук|руч¹|руш¹	рук|руч¹|руш¹	89	безрукавка,безрукавный,безрукий,безрукость,вручать,вручаться,вручение,вручитель,вручительница,вручить,вручиться,вручную,выручалочка,выручатель,выручать,выручаться,выручение,выручить,выручиться,выручка,заручаться,заручиться,заручка,нарукавник,нарукавный,наручни,наручники,наручный,недовыручка,обруч,обручальный,обручать,обручаться,обручение,обрученный,обручить,обручиться,обручный,перепоручать,перепоручить,подпоручик,подрукавный,подручник,подручный,порука,поручать,поручаться,порученец,поручение,поручень,поручи,поручик,поручитель,поручительница,поручительный,поручительский,поручительство,поручить,поручиться,препоручать,препоручаться,препоручение,препоручить,приручать,приручаться,приручение,прирученность,приручить,приручиться,рука,рукав,рукавица,рукавичка,рукавичный,рукавный,рукавчик,рукастый,ручательство,ручаться,рученька,…(+9)		8	944	large,old_reject,partial_split,many_prefixes,many_suffixes,in_corpus	sense:hoop:2	SPLIT	HAND: рука, ручка, обручение; HOOP: обруч	Обруч вынесен. Рука, ручка и обручение остаются семьёй руки.	ALREADY_SPLIT	252
па²|пи|по(j)¹|пь	па²|пи|по(j)¹|пь	174	воспоить,впивать,впиваться,впиться,вспаивание,вспаивать,вспаиваться,вспоить,выпаивание,выпаивать,выпаиваться,выпивала,выпивать,выпиваться,выпивка,выпивоха,выпивочный,выпить,выпоить,выпоиться,допаивать,допивать,допиваться,допить,допиться,допьяна,запаивание,запаивать,запивать,запиваться,запивоха,запировать,запить,запоем,запой,запойный,запьянеть,запьянствовать,запьянцовский,испивать,испиваться,испить,напаивать,напаиваться,напиваться,напиток,напиться,напоить,напой,опаивание,опаивать,опаиваться,опивать,опиваться,опивки,опитие,опить,опиться,опоек,опоечный,опоить,опой,опойковый,опойчатый,опьянелый,опьянение,опьянеть,опьянить,опьянять,опьяняться,отпаивать,отпаиваться,отпивать,отпиваться,отпить,отпиться,отпоить,паивать,перепаивать,перепаиваться,…(+94)		2	1006	large,many_alternations,many_prefixes,many_suffixes,in_corpus		UNREVIEWED			REVIEW	251
кров²|кры	кров²|кры	109	бескровный,вскрывание,вскрывать,вскрываться,вскрытие,вскрыть,вскрыться,вскрышной,закрывание,закрывать,закрываться,закрытие,закрытый,закрыть,закрыться,кров,кровелька,кровельный,кровельщик,кровля,крытый,крыть,крыться,крыша,крышечка,крышечный,крышка,накрывать,накрываться,накрытие,накрыть,накрыться,откровение,откровенничать,откровенно,откровенность,откровенный,открывалка,открывать,открываться,открытие,открытка,открытый,открыть,открыться,перекрывать,перекрываться,перекрытие,перекрыть,подпокровный,покров,покровитель,покровительница,покровительственный,покровительство,покровительствовать,покровный,покрывало,покрывать,покрываться,покрытие,покрытый,покрыть,покрыться,полпокрышечный,покрышка,прикрывать,прикрываться,прикрытие,прикрыть,прикрыться,приоткрывать,приоткрываться,приоткрыть,приоткрыться,разоткровенничаться,раскрывать,раскрываться,раскрытие,раскрытый,…(+29)		105	20251	large,many_prefixes,many_suffixes,corpus_hot		UNREVIEWED			REVIEW	249
ук|уч	ук|уч	109	выученик,выученица,выучивание,выучивать,выучиваться,выучить,выучиться,выучка,доучивать,доучиваться,доучить,доучиться,заученный,заучивание,заучивать,заучиваться,заучить,заучиться,изучать,изучаться,изучение,изученность,изученный,изучить,наука,научать,научаться,наученность,научить,научиться,научный,недоучка,неуч,обучать,обучаться,обучение,обучить,обучиться,отучать,отучаться,отучивать,отучиваться,отучить,отучиться,переобучать,переобучаться,переобучение,переобучить,переобучиться,переучивание,переучивать,переучиваться,переучить,переучиться,переучка,подучать,подучаться,подучивать,подучиваться,подучить,подучиться,поучать,поучение,поучивать,поучительность,поучительный,поучить,поучиться,приучать,приучаться,приучение,приучить,приучиться,проучивать,проучиваться,проучить,проучиться,разучивание,разучивать,разучиваться,…(+29)		88	13908	large,many_prefixes,many_suffixes,corpus_hot		UNREVIEWED			REVIEW	249
кат¹|кач¹	кат¹|кач¹	258	безоткатный,вкатать,вкатить,вкатиться,вкатка,вкатывание,вкатывать,вкатываться,вкачать,вкачаться,вкачивание,вкачивать,вкачиваться,враскачку,выкат,выкатать,выкататься,выкатить,выкатиться,выкатка,выкатчик,выкатчица,выкатывание,выкатывать,выкатываться,выкачать,выкачаться,выкачивание,выкачивать,выкачиваться,выкачка,докатать,докатить,докатиться,докатывать,докатываться,закат,закатать,закататься,закатистый,закатить,закатиться,закатка,закатный,закаточный,закатывание,закатывать,закатываться,закачать,закачаться,закачивать,закачиваться,закачка,каталь,катальный,катальщик,катальщица,катание,катанка,катанки,катануть,катаный,катанье,катать,кататься,катить,катиться,каткий,катнуть,каток,катушечка,катушечный,катушка,катыш,катышек,катышом,качалка,качание,качательный,качать,…(+178)		5	1700	large,many_prefixes,many_suffixes,in_corpus		UNREVIEWED			REVIEW	245
ме|мес²|мет¹|мет	ме|мес²|мет¹|мет	156	беспредметник,беспредметность,беспредметный,взмести,взмет,взметать,взметнуть,взметнуться,взметывать,взметываться,вмести,вметать,вметаться,вметнуть,вметнуться,вметывать,вметываться,вразмет,вымести,выместись,выметать,выметаться,выметнуть,выметнуться,выметывать,выметываться,домести,дометать,дометнуть,дометывать,дометываться,замести,замет,заметание,заметать,заметаться,заметка,заметывание,заметывать,заметываться,мести,метальный,метальщик,метание,метатель,метательный,метать,метаться,метелистый,метелица,метелка,метелочка,метелочный,метель,метельный,метельчатый,метельщик,метельщица,метение,метеный,метла,метлица,метнуть,метнуться,намести,намет,наметать,наметаться,наметка,наметывать,наметываться,обмести,обмет,обметать,обметаться,обметка,обметывание,обметывать,обметываться,омет,…(+76)		14	10016	large,many_alternations,many_prefixes,many_suffixes,in_corpus		UNREVIEWED			REVIEW	245
сох²|сух|суш|сых	сох²|сух|суш|сых	150	всухую,высохнуть,высушивание,высушивать,высушиваться,высушить,высушиться,высыхание,высыхать,досохнуть,досуха,досушивать,досушиваться,досушить,досушиться,досыхать,засохлый,засохнуть,засуха,засушенный,засушивание,засушивать,засушиваться,засушить,засушиться,засушка,засушливость,засушливый,засыхание,засыхать,иссохнуть,иссохший,иссушать,иссушить,иссыхать,иссыхаться,насохнуть,насухо,насушивание,насушивать,насушиваться,насушить,насыхать,обсохнуть,обсушивать,обсушиваться,обсушить,обсушиться,обсушка,обсыхать,осушать,осушаться,осушение,осушитель,осушительный,осушить,осушиться,осушка,отсохнуть,отсыхать,пересохлый,пересохнуть,пересохший,пересушивать,пересушиваться,пересушить,пересушиться,пересушка,пересыхание,пересыхать,подсохнуть,подсушивать,подсушиваться,подсушить,подсушиться,подсушка,подсыхать,пообсохнуть,попросохнуть,посохнуть,…(+70)		20	2280	large,many_alternations,many_prefixes,many_suffixes,corpus_hot		UNREVIEWED			REVIEW	245
дви|двиг|движ|двиз	дви|двиг|движ|двиз	115	вдвигать,вдвигаться,вдвинуть,вдвинуться,воздвигать,воздвигаться,воздвигнуть,воздвигнуться,воздвижение,воздвиженье,выдвигание,выдвигать,выдвигаться,выдвиженец,выдвижение,выдвиженка,выдвиженческий,выдвиженчество,выдвижной,выдвинуть,выдвинуться,двигатель,двигательный,двигать,двигаться,движенец,движение,движимое,движимость,движитель,движковый,движущий,двинуть,двинуться,задвигание,задвигать,задвигаться,задвижка,задвижной,задвинуть,задвинуться,надвиг,надвигать,надвигаться,надвижной,надвинуть,надвинуться,недвижимость,недвижимый,недвижный,отдвигать,отдвигаться,отдвижка,отдвинуть,отдвинуться,отодвигать,отодвигаться,отодвинуть,отодвинуться,передвигать,передвигаться,передвижение,передвижка,передвижник,передвижнический,передвижничество,передвижной,передвинуть,передвинуться,подвигать,подвигаться,подвигнуть,подвигнуться,подвижка,подвижница,подвижнический,подвижничество,подвижной,подвижность,подвижный,…(+35)		50	14664	large,many_alternations,many_prefixes,many_suffixes,corpus_hot		UNREVIEWED			REVIEW	240
ступ¹	ступ¹	117	бесступенчатый,вступать,вступаться,вступительный,вступить,вступиться,вступление,вступной,выступ,выступать,выступить,выступление,доступ,доступность,доступный,заступ,заступа,заступать,заступаться,заступить,заступиться,заступник,заступница,заступнический,заступничество,исступление,исступленность,исступленный,наступательный,наступать,наступить,наступление,неотступность,неотступный,неприступность,неприступный,обступать,обступить,оступаться,оступиться,отступ,отступательный,отступать,отступаться,отступить,отступиться,отступление,отступник,отступница,отступнический,отступничество,отступной,переступать,переступить,переуступать,переуступить,переуступка,подступ,подступать,подступаться,подступить,подступиться,поступательность,поступательный,поступать,поступаться,поступить,поступиться,поступление,поступок,поступь,преступать,преступаться,преступить,преступление,преступник,преступница,преступность,преступный,приступ,…(+37)		59	9322	large,many_prefixes,many_suffixes,corpus_hot		UNREVIEWED			REVIEW	236
один|одн	один|одн	16	заодно,один,одинаковость,одинаковый,одинарный,одинехонек,одинешенек,одиножды,одинокий,одиночество,одиночка,одиночница,одиночный,однажды,однако,поодиночке		163	7708	medium_size,old_reject,many_suffixes,corpus_hot		SAFE_ONE_FAMILY		Один и одинаковый — одна семья.	REVIEW	236
так|тат|тач²	так|тат|тач²	16	потакатель,потакать,потатчик,потатчица,потачка,стакнуться,стачечник,стачечница,стачечный,стачка,так,такать,таков,таковой,таковский,такой		185	5322	medium_size,old_reject,partial_split,many_suffixes,corpus_hot	sense:strike_labor:4	SPLIT	DEMONSTRATIVE: так, такой; LABOR STRIKE: стачка	Стачка вынесена. Так и такой остаются одной семьёй.	ALREADY_SPLIT	236
вер²|верет²|верт|верч	вер²|верет²|верт|верч	158	ввернуть,ввернуться,ввертеть,ввертка,ввертывание,ввертывать,ввертываться,вверчивать,вверчиваться,веретеница,веретенник,веретенница,веретенный,веретено,веретенце,веретенщик,вернуть,вернуться,вертел,вертельный,вертеть,вертеться,верткий,верткость,вертлюг,вертлюжный,вертлюжок,вертлявость,вертлявый,вертун,вертунья,вертушка,вертячка,верчение,верченый,впереверт,вперевертку,вывернуть,вывернуться,выверт,вывертеть,вывертывание,вывертывать,вывертываться,выверчивание,выверчивать,выверчиваться,довернуть,довернуться,довертеть,довертеться,довертывать,довертываться,завернуть,завернуться,завертеть,завертеться,завертка,заверточный,завертчица,завертывание,завертывать,завертываться,извернуться,извертеть,извертеться,извертка,извертливость,извертливый,извертываться,навернуть,навернуться,навертеть,навертка,навертывать,навертываться,наверчивать,наверчиваться,надвернуть,обвернуть,…(+78)		2	582	large,many_alternations,many_prefixes,many_suffixes,in_corpus		UNREVIEWED			REVIEW	235
сел	сел	103	вселение,вселенная,вселенский,вселить,вселиться,вселять,вселяться,выселенец,выселение,выселенка,выселить,выселиться,выселок,выселять,выселяться,заселенец,заселение,заселенность,заселенный,заселить,заселиться,заселять,заселяться,население,населенность,населенный,населить,населиться,насельник,насельница,насельщик,населять,населяться,отселить,отселиться,отселять,отселяться,перенаселение,перенаселенность,перенаселенный,перенаселить,перенаселять,переселенец,переселение,переселенка,переселенческий,переселить,переселиться,переселять,переселяться,подселить,подселиться,подселять,подселяться,поселенец,поселение,поселенка,поселенный,поселенческий,поселить,поселиться,поселковый,поселок,поселочный,посельский,посельщик,поселянин,поселянка,поселять,поселяться,приселить,приселки,приселять,приселяться,проселок,проселочный,расселенец,расселение,расселить,расселиться,…(+23)		72	14797	large,many_prefixes,many_suffixes,corpus_hot		UNREVIEWED			REVIEW	235
мар²|мер²|мер|мир²|мор¹	мар²|мер²|мер|мир²|мор¹	108	бессмертие,бессмертник,бессмертность,бессмертный,вмертвую,вымаривание,вымаривать,вымариваться,вымереть,вымирание,вымирать,выморить,вымориться,замаривать,замереть,замертво,замирание,замирать,замор,заморенный,заморить,замориться,заморыш,измор,изморенность,изморенный,изморить,измориться,изморыш,мереть,мертвенность,мертвенный,мертветь,мертвец,мертвецкая,мертвецкий,мертвечина,мертвить,мертво,мертвый,мертвятина,мор,морение,мореный,морилка,морильщик,морить,моровой,намертво,наморить,насмерть,обессмертить,обессмертиться,обмереть,обмирание,обмирать,омертвелость,омертвелый,омертвение,омертветь,омертвить,омертвление,омертвлять,омертвляться,отмереть,отмирание,отмирать,перемереть,переморить,помереть,помертвелый,помертвение,помертветь,помирать,поморить,посмертный,предсмертный,примереть,проморить,размаривать,…(+28)		51	11209	large,many_alternations,many_prefixes,many_suffixes,corpus_hot		UNREVIEWED			REVIEW	234
общ	общ	54	вообще,обобщать,обобщаться,обобщение,обобщенный,обобществить,обобществиться,обобществление,обобществленный,обобществлять,обобществляться,обобщить,обобщиться,общаться,общение,общественник,общественница,общественность,общественный,общество,общий,община,общинник,общинный,общительность,общительный,общность,общо,приобщать,приобщаться,приобщение,приобщить,приобщиться,разобщать,разобщаться,разобщение,разобщенность,разобщенный,разобщительный,разобщить,разобщиться,сообща,сообщать,сообщаться,сообщение,сообщество,сообщительность,сообщительный,сообщить,сообщиться,сообщник,сообщница,сообщнический,сообщничество		146	13486	large,old_reject,many_suffixes,corpus_hot		SAFE_ONE_FAMILY		Общий и общественный — одна современная семья.	REVIEW	234
езд|езж|ех	езд|езж|ех	144	безвыездный,безуездный,взъезд,взъезжать,взъехать,въезд,въездной,въезжать,въезжий,въехать,выезд,выездить,выездиться,выездка,выездной,выезжать,выезживать,выезживаться,выехать,доездить,доездиться,доезжать,доезжачий,доехать,езда,ездить,ездка,ездовой,ездок,езжалый,езженый,езживать,ехать,заезд,заездить,заездиться,заездом,заезжатель,заезжательский,заезжательство,заезжать,заезженный,заезжий,заехать,изъездить,изъездиться,изъезженный,изъезживать,изъезживаться,наезд,наездить,наездиться,наездка,наездник,наездница,наездничать,наезднический,наездничество,наездом,наезжать,наезженный,наезживать,наезжий,наехать,объезд,объездить,объездка,объездной,объездчик,объезжать,объезжаться,объезжий,объехать,отъезд,отъездить,отъездиться,отъезжать,отъезжающий,отъезжий,отъехать,…(+64)		26	9498	large,many_prefixes,many_suffixes,corpus_hot		UNREVIEWED			REVIEW	230
вал	вал	167	безотвальный,бесподвальный,вал,валежник,валек,валенки,валеночки,валеный,валивать,валик,валить,валиться,валище,валка,валкий,валковый,валкость,валовой,валок,валом,валун,валунный,вальщик,валяльный,валяльня,валяльщик,валяльщица,валяние,валяный,валять,валяться,вваливать,вваливаться,ввалить,ввалиться,взваливание,взваливать,взваливаться,взвалить,взвалиться,вперевалку,вперевалочку,вповалку,вразвал,вразвалку,вразвалочку,вываливание,вываливать,вываливаться,вывалить,вывалка,вывалять,вываляться,завал,заваливать,заваливаться,завалина,завалинка,завалить,завалиться,завалка,завалочный,заваль,завалять,заваляться,завалящий,извалять,изваляться,навал,наваливание,наваливать,наваливаться,навалить,навалиться,навалка,навалом,навалочный,навальщик,навалять,наваляться,…(+87)		2	1210	large,many_prefixes,many_suffixes,in_corpus		UNREVIEWED			REVIEW	229
тр¹	тр¹	49	втрое,втроем,втройне,натрое,страивать,страиваться,строить,третий,третичный,третник,третной,треть,третьяк,трешка,трешник,трешница,три,трижды,трое,троечка,троечник,троечница,троечный,троить,троиться,троица,троицын,троичный,тройка,тройник,тройничный,тройной,тройня,тройняшка,тройственность,тройственный,тройчатка,тройчатый,трояк,троякий,троякость,троячок,трояшка,утраивать,утраиваться,утроение,утроенный,утроить,утроиться		80	13843	large,old_reject,many_suffixes,corpus_hot		SAFE_ONE_FAMILY		Семья тр¹ — это тройка. строить открывает три отдельным морфологическим чтением, не смешением семьи.	REVIEW	229
вел²|вл|вол¹	вел²|вл|вол¹	88	безволие,безвольный,вволю,вволюшку,вдоволь,веление,велеть,волевой,вольница,вольничать,вольно,вольность,вольный,волюшка,воля,вызволить,вызволиться,вызволять,вызволяться,довлеть,довольно,довольный,довольствие,довольство,довольствование,довольствовать,довольствоваться,дозволение,дозволенный,дозволительный,дозволить,дозволять,дозволяться,изволение,изволить,извольничаться,исподволь,неволить,невольник,невольница,невольнический,невольничество,невольничий,обезволенный,обезволивать,обезволить,повелевать,повеление,повелеть,повелитель,повелительница,повелительность,повелительный,повольник,повольничать,подневольный,позволение,позволенный,позволительный,позволить,позволять,позволяться,поневоле,приволье,привольный,приневоливать,приневоливаться,приневолить,продовольственник,продовольственный,продовольствие,продовольствовать,произвол,произволение,произвольность,произвольный,соизволение,соизволить,соизволять,уволить,…(+8)		80	12087	large,many_prefixes,many_suffixes,corpus_hot		UNREVIEWED			REVIEW	228
сл²|стел|стил|стл|стол	сл²|стел|стил|стл|стол	126	выстелить,выстилание,выстилать,выстилаться,выстилка,выстлать,выстлаться,достелить,достилать,достлать,запрестольный,заслать,застелить,застилать,застилаться,застилка,застилочный,застлать,застлаться,застольный,изостлать,настелить,настил,настилать,настилаться,настилка,настилочный,настильный,настильщик,настлать,настлаться,настольный,осланцевание,перестелить,перестилание,перестилать,перестилаться,перестилка,перестлать,подостлать,подстелить,подстил,подстилать,подстилаться,подстилка,подстилочный,подстолье,постелить,постелиться,постелишка,постель,постелька,постельник,постельничий,постельный,постеля,постилать,постилаться,постилка,постилочный,постлать,постлаться,престол,престольный,простелить,простилать,простилаться,простлать,разостлать,разостлаться,расстелить,расстелиться,расстил,расстилание,расстилать,расстилаться,расстилка,сланец,сланцеватость,сланцеватый,…(+46)		26	7239	large,many_alternations,many_prefixes,many_suffixes,corpus_hot		UNREVIEWED			REVIEW	227
пар³|пер¹|пир|пор³|пр	пар³|пер¹|пир|пор³|пр	138	безнапорный,бесспорность,бесспорный,взаперти,впереть,впереться,вперить,вперять,вперяться,впирать,впираться,выпереть,выпереться,выпирание,выпирать,выпираться,выспаривать,выспорить,допереть,доспорить,доспориться,запереть,запереться,запирание,запирательство,запирать,запираться,запор,запорный,заспорить,заспориться,напереть,напереться,напирать,напираться,напор,напористость,напористый,напорный,наспориться,неоспоримость,неоспоримый,опереть,опереться,опирать,опираться,опор,опора,опорный,оспаривать,оспариваться,оспорить,отпереть,отпереться,отпертой,отпирательство,отпирать,отпираться,отпор,перепереть,переспоривать,переспорить,переть,переться,перила,перильный,перильца,перильчатый,перка,поднапереть,подпереть,подпереться,подпирать,подпираться,подпор,подпора,подпорка,подпорный,попереть,попереться,…(+58)		13	2290	large,many_alternations,many_prefixes,many_suffixes,in_corpus		UNREVIEWED			REVIEW	226
рек²|реч²|риц|рок|роч|рош²	рек²|реч²|риц|рок|роч|рош²	121	безоброчный,безурочный,беспорочный,бессрочность,бессрочный,досрочный,зарекаться,заречься,зарок,изрекать,изречение,изречь,напророчить,нарекание,нарекать,нарекаться,наречение,нареченный,наречие,наречный,наречь,наречься,нарицательный,нарочитость,нарочитый,нарочно,нарочный,ненароком,непререкаемость,непререкаемый,обрекать,обречение,обреченность,обреченный,обречь,обречься,оброк,оброчник,оброчный,опорочение,опорочивать,опорочиваться,опорочить,опорочиться,отрекаться,отречение,отреченный,отречься,отрицание,отрицатель,отрицательность,отрицательный,отрицать,отрицаться,отрок,отроковица,отроческий,отрочество,отсрочивать,отсрочиваться,отсрочить,отсрочка,пересрочивать,пересрочить,понарошку,порицание,порицательный,порицать,порицаться,порок,порочение,порочить,порочиться,порочность,порочный,поурочный,предрекать,предрекаться,предречь,пререкание,…(+41)		30	5340	large,many_alternations,many_prefixes,many_suffixes,corpus_hot		UNREVIEWED			REVIEW	226
вет¹|веч²|вещ²	вет¹|веч²|вещ²	86	беззаветность,беззаветный,безответность,безответный,безответственность,безответственный,вече,вечевой,вечник,вечный,вещание,вещатель,вещательница,вещательный,вещать,вещаться,досоветский,завет,заветный,завещатель,завещательница,завещательный,завещать,завещаться,засовещаться,извет,изветчик,навет,наветчик,наветчица,насоветовать,ответ,ответить,ответный,ответственность,ответственный,ответствовать,ответчик,ответчица,отвечать,отсоветовать,поветовый,повещать,подответный,посоветовать,посоветоваться,привет,приветить,приветливость,приветливый,приветный,приветственный,приветствие,приветствовать,привечать,присоветовать,просоветский,рассоветовать,совет,советизация,советизировать,советизироваться,советник,советница,советничий,советовать,советоваться,советский,советчик,советчица,совещание,совещательный,совещаться,соответственно,соответственный,соответствие,соответствовать,соответствующий,соответчик,соответчица,…(+6)		155	11709	large,many_prefixes,many_suffixes,corpus_hot		UNREVIEWED			REVIEW	226
сматр|смотр	сматр|смотр	84	всматривание,всматриваться,всмотреться,высматривание,высматривать,высматриваться,высмотреть,досматривать,досмотр,досмотреть,досмотрщик,досмотрщица,засматривание,засматривать,засматриваться,засмотреться,надсматривать,надсмотр,надсмотрщик,надсмотрщица,насматривать,насмотреть,насмотреться,осматривание,осматривать,осматриваться,осмотр,осмотреть,осмотреться,осмотрительность,осмотрительный,осмотрщик,отсмотреть,пересматривание,пересматривать,пересматриваться,пересмотр,пересмотреть,подсматривание,подсматривать,подсмотреть,понасмотреться,поосмотреться,посматривать,посмотреть,посмотреться,предусматривать,предусмотреть,предусмотрительность,предусмотрительный,присматривать,присматриваться,присмотр,присмотреть,присмотреться,присмотрщик,просматривать,просматриваться,просмотр,просмотреть,просмотровый,просмотрщик,просмотрщица,рассматривание,рассматривать,рассматриваться,рассмотрение,рассмотреть,сматривать,смотр,смотрение,смотреть,смотреться,смотрины,смотритель,смотрительница,смотрительский,смотрительша,смотровой,смотрок,…(+4)		84	10285	large,many_prefixes,many_suffixes,corpus_hot		UNREVIEWED			REVIEW	224
серед|сред	серед|сред	44	опосредование,опосредствование,опосредствованный,опосредствовать,осереднячить,осереднячиться,посереди,посередине,посередке,посередь,посреди,посредине,посредник,посредница,посредничать,посреднический,посредничество,посредственность,посредственный,посредство,посредством,посредствующий,середа,середина,серединка,серединный,середка,середняк,середняцкий,середнячество,середнячка,середнячок,середочка,середь,среда,среди,средина,срединный,средне,средненький,средний,средник,средство,средь		92	9476	large,old_reject,many_suffixes,corpus_hot		SAFE_ONE_FAMILY		Среда и средний — одна семья середины.	REVIEW	224
вес¹|веш¹	вес¹|веш¹	146	вес,весить,веситься,веский,вескость,весовой,весовщик,весовщица,весомость,весомый,весы,вешалка,вешалочный,вешальщик,вешальщица,вешание,вешатель,вешать,вешаться,взвесить,взвеситься,взвесь,взвешивание,взвешивать,взвешиваться,вразвес,вывесить,вывеситься,вывеска,вывесочный,вывешивание,вывешивать,вывешиваться,довесить,довесок,довесочный,довешать,довешивать,довешиваться,завеса,завесить,завеситься,завешать,завешаться,завешивание,завешивать,завешиваться,занавес,занавесить,занавеситься,занавеска,занавесочный,занавесь,занавешивание,занавешивать,занавешиваться,навес,навесистый,навесить,навеска,навесной,навесный,навешать,навешивать,навешиваться,наперевес,недовес,обвесить,обвеситься,обвешать,обвешаться,обвешивание,обвешивать,обвешиваться,отвес,отвесить,отвесность,отвесный,отвешать,отвешивать,…(+66)		16	3578	large,many_prefixes,many_suffixes,in_corpus		UNREVIEWED			REVIEW	222
лет²|лет	лет²|лет	99	взлет,взлетать,взлететь,взлетный,влет,влетать,влететь,возлетать,возлететь,вразлет,вылет,вылетание,вылетать,вылететь,долетать,долететь,залет,залетать,залететь,залетный,излет,излетать,лет,летание,летательный,летать,лететь,летка,летный,леток,летом,летун,летунья,летучесть,летучий,летучка,летчик,летчица,летяга,навылет,налет,налетать,налетаться,налететь,налетный,налетом,налетчик,налетывать,напролет,недолет,недолетный,облет,облетать,облетаться,облететь,облетывать,отлет,отлетать,отлетаться,отлететь,перелет,перелетный,подлет,подлетать,подлететь,полет,полетать,полететь,полетный,полетуха,предотлетный,предполетный,прилет,прилетать,прилететь,прилетный,пролет,пролетать,пролететь,пролетка,…(+19)		63	21627	large,many_prefixes,many_suffixes,corpus_hot		UNREVIEWED			REVIEW	222
мар³	мар³	4	мара,марево,маревый,марь		2	21	old_reject,partial_split,many_game_ids,in_corpus	sense:haze:3,sense:specter:1,sense:plant:1	MULTIPLE_SEMANTIC_READINGS	HAZE: марево, маревый, марь; PLANT: марь; SPECTER: мара	Марь хранит два альтернативных корня, дымку и растение, а не один составной набор.	ALREADY_SPLIT	221
полн	полн	80	восполнение,восполнить,восполниться,восполнять,восполняться,вполне,выполнение,выполнимость,выполнить,выполниться,выполнять,выполняться,довыполняться,дополна,дополнение,дополнительный,дополнить,дополниться,дополнять,дополняться,заполнение,заполнитель,заполнить,заполнять,заполняться,исполнение,исполниммость,исполнимый,исполнитель,исполнительница,исполнительность,исполнительный,исполнительский,исполнить,исполниться,исполнять,исполняться,наполнение,наполнитель,наполнить,наполниться,наполно,наполнять,наполняться,недовыполнение,недовыполнить,недовыполниться,недовыполнять,недовыполняться,перевыполнение,перевыполнить,перевыполнять,перевыполняться,переполнение,переполненный,переполнить,переполниться,переполнять,переполняться,полнеть,полнехонький,полнешенький,полнить,полниться,полно,полностью,полнота,полный,пополнение,пополнеть,пополнить,пополниться,пополнять,пополняться,преисполнить,преисполниться,преисполнять,преисполняться,располнеть,сполна		127	23941	large,many_prefixes,many_suffixes,corpus_hot		UNREVIEWED			REVIEW	220
мо(j)|мов|мы	мо(j)|мов|мы	151	взмыв,взмывать,взмыливать,взмыливаться,взмылить,взмылиться,взмыть,вымоина,вымывание,вымывать,вымываться,вымыливать,вымыливаться,вымылить,вымылиться,вымыть,вымыться,домывать,домываться,домыть,домыться,замывание,замывать,замываться,замывка,замыть,измывательский,измывательство,измываться,измыливать,измыливаться,измылить,измылиться,моечка,моечный,мойка,мойщик,мойщица,мылить,мылиться,мылкий,мылкость,мыло,мыльница,мыльный,мыльня,мыльнянка,мыльце,мыльщик,мытый,мыть,мытье,намыв,намывать,намываться,намывка,намывной,намывочный,намыливание,намыливать,намыливаться,намылить,намылиться,намыть,намыться,обмывание,обмывать,обмываться,обмывка,обмывочный,обмыливать,обмыливаться,обмылить,обмылиться,обмылок,обмыть,обмыться,омовение,омывать,омываться,…(+71)		8	2001	large,many_prefixes,many_suffixes,in_corpus		UNREVIEWED			REVIEW	219
пла|плав|плов|плы	пла|плав|плов|плы	140	вплавить,вплавиться,вплавлять,вплавляться,вплавь,вплывать,вплытие,вплыть,всплывание,всплывать,всплытие,всплыть,выплавить,выплавиться,выплавка,выплавлять,выплавляться,выплавной,выплавок,выплывать,выплывок,выплыть,доплывать,доплыть,заплыв,заплывание,заплывать,заплыть,наплавать,наплаваться,наплавить,наплавка,наплавлять,наплавляться,наплавной,наплыв,наплывать,наплывной,наплыть,оплывать,оплывина,оплыть,отплывать,отплытие,отплыть,переплавить,переплавиться,переплавка,переплавлять,переплавляться,переплавной,переплавщик,переплывать,переплываться,переплытие,переплыть,плав,плавание,плавательный,плавать,плавень,плавик,плавиковый,плавильник,плавильный,плавильня,плавильщик,плавильщица,плавить,плавиться,плавка,плавки,плавкий,плавкость,плавление,плавленый,плавневый,плавни,плавник,плавниковый,…(+60)		3	780	large,many_alternations,many_prefixes,many_suffixes,in_corpus		UNREVIEWED			REVIEW	218
кан|кон¹	кан|кон¹	78	беззаконие,беззаконник,беззаконница,беззаконничать,беззаконность,беззаконный,бесконечность,бесконечный,вконец,доканчивать,доканчиваться,доканывать,доканываться,доконать,доконаться,докончить,досконально,доскональность,доскональный,заканчивать,заканчиваться,закон,законник,законница,законность,законный,законченность,законченный,закончить,закончиться,искони,исконность,исконный,испокон,кон,конец,конечно,конечность,конечный,коник,коновый,концевой,концовка,кончать,кончаться,конченный,конченый,кончик,кончина,кончить,кончиться,наконец,наконечник,наконечный,нескончаемый,оканчивать,оканчиваться,оконечность,окончание,окончательный,окончиться,подзаконный,покончить,приканчивать,приканчиваться,прикончить,прикончиться,скончание,скончаться,спокон,узаконение,узаконенный,узаконивать,узакониваться,узаконить,узакониться,узаконять,узаконяться		190	27405	large,many_prefixes,many_suffixes,corpus_hot		UNREVIEWED			REVIEW	218
мог|мож|моч²|мощ¹	мог|мож|моч²|мощ¹	61	беспомощность,беспомощный,вмоготу,возможность,возможный,возмочь,вспомогательный,вспоможение,вспомоществование,вспомоществовать,вымогание,вымогатель,вымогательница,вымогательский,вымогательство,вымогать,вымогаться,домогательство,домогаться,занемочь,изнемогать,изнеможение,изнеможенный,изнемочь,могутный,могучесть,могучий,могущественность,могущественный,могущество,могущий,можно,моченька,мочь,мощи,мощность,мощный,мощь,невмоготу,невмочь,недомогание,недомогать,незаможник,незаможница,незаможный,немочь,перемогать,перемогаться,перемочь,перемочься,подмога,помогать,помочи,помочь,помощник,помощница,превозмогать,превозмочь,разнемогаться,разнемочься,смочь		274	28420	large,many_alternations,many_prefixes,many_suffixes,corpus_hot		UNREVIEWED			REVIEW	216
зв|зов|зыв	зв|зов|зыв	74	взывание,взывать,воззвание,воззвать,вызвать,вызваться,вызов,вызывать,вызываться,вызывающий,дозваться,допризывник,допризывный,зазвать,зазыв,зазывала,зазывание,зазывать,зазываться,зазывной,звание,званый,звательный,звать,зваться,зов,зовущий,название,названый,названьице,назвать,назваться,назывательный,называть,называться,обзывать,обзываться,обозвать,отзовистский,отзыв,отзывать,отзываться,отзывной,отзывчивость,отозвание,отозвать,отозваться,подзывать,подзываться,подозвать,позвать,позыв,позывать,призвание,призванный,призвать,призваться,призыв,призывать,призывник,призывной,призывный,прозвание,прозвать,прозваться,прозвище,прозывать,прозываться,сзывать,сзываться,созвать,созыв,созывать,созываться		178	41452	large,many_prefixes,many_suffixes,corpus_hot		UNREVIEWED			REVIEW	214
круг|круж¹	круг|круж¹	83	вкруг,вкруговую,вокруг,вскружить,вскружиться,выкруглить,докружить,закругление,закругленность,закругленный,закруглить,закруглиться,закруглять,закругляться,закружить,закружиться,круг,кругленький,круглеть,круглить,круглиться,кругловатый,круглота,круглый,кругляк,круглячок,кругляш,круговой,кругом,кружало,кружевница,кружевной,кружево,кружевце,кружевцо,кружение,кружить,кружиться,кружковец,кружковка,кружковой,кружковщина,кружный,кружок,кружочек,накругло,накружиться,округ,округа,округление,округленность,округленный,округлеть,округлить,округлиться,округлость,округлый,округлять,округляться,окружать,окружаться,окружающий,окруженец,окружение,окруженный,окружить,окружной,окружность,окружный,подкруглить,покруглеть,покружить,покружиться,прокружить,прокружиться,раскружаливание,раскружаливать,раскружалить,раскружиться,скругленный,…(+3)		69	5985	large,many_prefixes,many_suffixes,corpus_hot		UNREVIEWED			REVIEW	212
лам|лом	лам|лом	148	взламывание,взламывать,взламываться,взлом,взломать,взломаться,взломщик,вламываться,вломиться,выламывание,выламывать,выламываться,вылом,выломать,выломаться,выломить,выломиться,выломка,доламывать,доламываться,доломать,доломаться,доломить,заламывать,заламываться,залом,заломать,заломить,изламывать,изламываться,излом,изломанность,изломанный,изломать,изломаться,изломить,ламывать,лом,ломака,ломаный,ломанье,ломать,ломаться,ломик,ломить,ломиться,ломка,ломкий,ломкость,ломовик,ломовой,ломота,ломотный,ломоток,ломоточек,ломоть,ломтик,ломщик,надламывать,надламываться,надлом,надломать,надломить,надломиться,надломленность,надломленный,наламывать,наламываться,наломать,наломаться,напролом,обламывать,обламываться,облом,обломать,обломаться,обломить,обломиться,обломок,обломочный,…(+68)		3	561	large,many_prefixes,many_suffixes,in_corpus		UNREVIEWED			REVIEW	211
шв|шев|ши|шов	шв|шев|ши|шов	134	бесшовный,вшивание,вшивать,вшиваться,вшивка,вшивок,вшивочный,вшить,вшиться,вышивальный,вышивальщик,вышивальщица,вышивание,вышивать,вышиваться,вышивка,вышивной,вышивочный,вышитый,вышить,дошивать,дошиваться,дошить,зашивание,зашивать,зашиваться,зашивка,зашивочный,зашить,зашиться,надшивать,надшиваться,надшивка,надшить,нашивать,нашиваться,нашивка,нашивной,нашить,нашиться,обшивальщик,обшивальщица,обшивать,обшиваться,обшивка,обшивной,обшивочный,обшивщик,обшивщица,обшить,обшиться,отшивать,отшиваться,отшить,ошва,перешивать,перешиваться,перешивка,перешивной,перешивочный,перешить,подошва,подошвенный,подшивальщик,подшивать,подшиваться,подшивка,подшивной,подшить,пошевни,пошив,пошивка,пошивочный,пошивщик,пошивщица,пошить,пришивание,пришивать,пришиваться,пришивка,…(+54)		2	644	large,many_alternations,many_prefixes,many_suffixes,in_corpus		UNREVIEWED			REVIEW	211
черв	черв	24	зачервиветь,исчервиветь,очервиветь,черва,червец,черви,червиветь,червивить,червивиться,червивость,червивый,червить,червление,червленый,червовый,червонка,червонный,червы,червь,червяк,червяковый,червяной,червячный,червячок		6	82	medium_size,old_reject,partial_split,many_game_ids,many_suffixes,in_corpus	sense:hearts:4,sense:crimson:2	SPLIT	WORM: червь, червяк; HEARTS: червовый, червы; CRIMSON: червленый	Червь не открывает карточную масть и червлёный цвет.	ALREADY_SPLIT	210
гар|гор²	гар|гор²	142	безугарный,вгорячах,возгораемость,возгораемый,возгорание,возгорать,возгораться,возгореться,выгарки,выгорание,выгорать,выгореть,гаревой,гарный,гарь,горе,горевание,гореваньице,горевать,горелка,горелки,горелый,горение,горестный,горесть,гореть,горечавка,горечавковый,горечь,горклый,горкнуть,горн,горнило,горновой,горчак,горчинка,горчить,горчица,горчичник,горчичница,горчичный,горький,горьковатый,горькуха,горючее,горючесть,горючий,горюшко,горячечный,горячий,горячительный,горячить,горячиться,горячка,горячность,догорание,догорать,догореть,загар,загорание,загорать,загораться,загоревать,загорелый,загореть,загореться,загорячиться,изгарь,изгорать,изгореть,нагар,нагарный,нагорать,нагореваться,нагореть,обгорать,обгорелый,обгореть,огарок,огарочный,…(+62)		7	1436	large,many_prefixes,many_suffixes,in_corpus		UNREVIEWED			REVIEW	209
руб	руб	141	вруб,врубать,врубаться,врубить,врубиться,врубка,врубовка,врубовый,выруб,вырубание,вырубать,вырубаться,вырубить,вырубка,вырубной,вырубок,вырубщик,дорубать,дорубить,дорубка,заруб,зарубать,зарубежник,зарубежный,зарубина,зарубить,зарубиться,зарубка,зарубцевать,зарубцеваться,зарубцованный,зарубцовывать,зарубцовываться,зарубщик,изрубать,изрубить,надрубать,надрубить,надрубка,нарубать,нарубаться,нарубить,нарубка,обруб,обрубать,обрубаться,обрубить,обрубиться,обрубка,обрубной,обрубок,обрубочный,обрубщик,отруб,отрубать,отрубаться,отруби,отрубить,отрубной,отрубный,отрубщик,перерубать,перерубаться,перерубить,перерубка,перерубщик,повырубить,подрубать,подрубаться,подрубить,подрубка,подрубщик,порубать,порубежный,порубить,порубиться,порубка,порубливать,порубщик,прирубать,…(+61)		6	1554	large,many_prefixes,many_suffixes,in_corpus		UNREVIEWED			REVIEW	207
дл|дол²	дл|дол²	44	вдоль,длина,длинненький,длинноватый,длиннота,длиннущий,длинный,длиннющий,длительность,длительный,длить,длиться,дол,долевой,долина,долинный,долой,долу,дольний,доподлинный,подлинник,подлинность,подлинный,подол,подолье,подолянин,продлевать,продление,продленный,продлить,продлиться,продольник,продольный,раздолье,раздольный,удлинение,удлиненность,удлиненный,удлинитель,удлинительный,удлинить,удлиниться,удлинять,удлиняться		48	4040	large,old_reject,many_prefixes,many_suffixes,corpus_hot		SAFE_ONE_FAMILY		Длина и длиться — одна семья.	REVIEW	207
мысел|мысл|мышл	мысел|мысл|мышл	93	бессмысленность,бессмысленный,бессмыслие,бессмыслица,вымысел,вымыслить,вымышленный,вымышлять,вымышляться,домысел,замысел,замыслить,замыслиться,замысловатость,замысловатый,замышлять,измыслить,измышление,измышленный,измышлять,измышляться,мысленный,мыслете,мыслимый,мыслитель,мыслительный,мыслить,мыслишка,мысль,мышление,недомыслие,несмысленочек,несмышленый,несмышленыш,обессмысленный,обессмысливать,обессмысливаться,обессмыслить,обессмыслиться,осмысление,осмысленность,осмысленный,осмысливание,осмысливать,осмысливаться,осмыслить,осмыслять,осмысляться,переосмысление,переосмысливать,переосмыслить,помысел,помыслить,помышление,помышлять,поразмыслить,поразмышлять,предумышленность,предумышленный,примыслить,примышление,примышлять,примышляться,промысел,промысл,промыслить,промысловик,промысловый,промышленник,промышленность,промышленный,промышлять,промышляться,размыслить,размыслиться,размышление,размышлять,розмысл,смысл,смыслить,…(+13)		53	10863	large,many_prefixes,many_suffixes,corpus_hot		UNREVIEWED			REVIEW	206
пуск|пуст¹|пущ²	пуск|пуст¹|пущ²	121	взапуски,впуск,впускание,впускать,впускаться,впускной,впустить,выпуск,выпускание,выпускать,выпускаться,выпускник,выпускница,выпускной,выпустить,выпуститься,допуск,допускать,допускаться,допустимость,допустить,допущение,запуск,запускание,запускать,запускаться,запускной,запустить,запуститься,запущенность,запущенный,испускать,испускаться,испустить,навыпуск,напуск,напускать,напускаться,напускной,напустить,напуститься,недовыпуск,недопустимый,опускание,опускать,опускаться,опускной,опустить,опуститься,опущение,отпуск,отпускать,отпускаться,отпускник,отпускница,отпускной,отпустить,отпущение,отпущенник,отпущенница,перепускать,перепускаться,перепускной,перепустить,подпуск,подпускать,подпускаться,подпускной,подпустить,попуск,попуститель,попустительница,попустительский,попустительство,попустительствовать,попустить,попущение,предпусковой,припуск,припускать,…(+41)		24	3714	large,many_prefixes,many_suffixes,corpus_hot		UNREVIEWED			REVIEW	205
плот²|площ²	плот²|площ²	23	бесплотный,воплотить,воплотиться,воплощать,воплощаться,воплощение,воплощенный,вплотную,вплоть,перевоплотить,перевоплотиться,перевоплощаемость,перевоплощать,перевоплощаться,перевоплощение,переуплотнить,плотнеть,плотнить,плотность,плотный,плотский,плоть,поплотнеть		57	1247	medium_size,old_reject,partial_split,corpus_hot	sense:dense:8	SPLIT	FLESH: плоть, плотский, воплотить; DENSE: плотный, плотность, вплоть	Плоть и плотность — разные современные семьи.	ALREADY_SPLIT	205
важ⁴|вез|вож³|воз	важ⁴|вез|вож³|воз	126	важивать,ввезти,ввоз,ввозить,ввозиться,ввозка,ввозный,везение,везти,везтись,везучий,взвезти,воз,возить,возиться,возишко,возка,возница,возничий,возня,возовой,возок,возчик,вывезти,вывоз,вывозить,вывозиться,вывозка,довезти,довозить,довозиться,завезти,завоз,завозить,завозиться,завозка,завозный,завозня,завозчик,занаваживать,занавозить,извозиться,извозничать,извозничество,извозный,извозчицкий,навезти,навоз,навозить,навизиться,навозиться,навозник,навозница,навозный,обвезти,обвоз,обвозить,обвозиться,обвозчик,отвезти,отвоз,отвозить,отвозиться,отвозка,отвозчик,отвозчица,перевезти,перевоз,перевозить,перевозиться,перевозка,перевозничать,перевозный,перевозочный,перевозчик,перевозчица,перевозчицкий,повезти,повозить,повозиться,…(+46)		3	41669	large,many_alternations,many_prefixes,many_suffixes,in_corpus		UNREVIEWED			REVIEW	204
г|гб|ги|гиб	г|гб|ги|гиб	119	вгиб,вгибание,вгибать,вгибаться,вогнутость,вогнутый,вогнуть,вогнуться,вперегиб,выгиб,выгибание,выгибать,выгибаться,выгнутость,выгнутый,выгнуть,выгнуться,гибель,гибельность,гибельный,гибка,гибкий,гибкость,гиблый,гибнуть,гибочный,гинуть,гнутый,гнуть,гнутье,гнуться,загиб,загибание,загибать,загибаться,загибка,загибочный,загибщик,загнутый,загнуть,загнуться,изгиб,изгибание,изгибать,изгибаться,изгибина,изгибистый,изогнутость,изогнутый,изогнуть,изогнуться,нагиб,нагибание,нагибать,нагибаться,нагибной,нагнуть,нагнуться,надогнуть,обогнуть,обогнуться,огибать,огибаться,отгиб,отгибать,отгибаться,отогнуть,отогнуться,перегиб,перегибать,перегибаться,перегибнуть,перегибщик,перегнуть,перегнуться,погиб,погибать,погибель,погибельный,погибнуть,…(+39)		10	2104	large,many_alternations,many_prefixes,many_suffixes,in_corpus		UNREVIEWED			REVIEW	204
круп	круп	24	крупа,крупеник,крупинка,крупитчатый,крупица,крупка,крупнеть,крупный,крупчатка,крупчатник,крупчатый,крупяной,покрупнеть,разукрупнение,разукрупнить,разукрупниться,разукрупнять,разукрупняться,укрупнение,укрупненный,укрупнить,укрупниться,укрупнять,укрупняться		40	1680	medium_size,old_reject,partial_split,many_suffixes,corpus_hot	sense:size:14	UNREVIEWED	sense:size:14		ALREADY_SPLIT	204
сва¹|сво(j)	сва¹|сво(j)	63	высватать,высватывать,высватываться,засватать,осваивание,осваивать,осваиваться,освоение,освоить,освоиться,пересватать,подсваха,посватать,посвататься,предсвадебный,присваивание,присваивать,присваиваться,присватать,присвататься,присватывать,присватываться,присвоение,присвоить,присвоять,просватать,просватывать,свадебка,свадебный,свадебщик,свадьба,сват,сватанье,сватать,свататься,сватовство,сваток,сватушка,сватьюшка,сватья,сваха,свахонька,свой,свойский,свойственник,свойственница,свойственность,свойственный,свойство,свояк,свояченица,сосватать,сосватывать,усваивание,усваивать,усваиваться,усвоение,усвоить,усвоиться,усвояемость,усвояемый,усвоять,усвояться		115	9775	large,many_prefixes,many_suffixes,corpus_hot		UNREVIEWED			REVIEW	203
числ	числ	62	бесчисленность,бесчисленный,вычисление,вычислитель,вычислительный,вычислить,вычислиться,вычисляемость,вычислять,вычисляться,зачисление,зачислить,зачислиться,зачислять,зачисляться,исчисление,исчисленный,исчислить,исчислять,исчисляться,начисление,начислить,начислять,начисляться,неисчислимость,неисчислимый,отчисление,отчислить,отчислиться,отчислять,отчисляться,перечисление,перечислительный,перечислить,перечислиться,перечислять,перечисляться,причисление,причислить,причислять,причисляться,расчисление,расчисленный,расчислить,расчислять,расчисляться,сопричислить,сопричислять,сопричисляться,счисление,счислить,счислять,счисляться,численник,численность,численный,числитель,числительное,числить,числиться,число,числовой		173	20910	large,many_prefixes,many_suffixes,corpus_hot		UNREVIEWED			REVIEW	202
говар|говор	говар|говор	117	безоговорочность,безотговорочный,выговаривание,выговаривать,выговариваться,выговор,выговорить,выговориться,говаривать,говор,говорение,говорильный,говорильня,говорить,говориться,говорливость,говорливый,говорок,говорун,говорунья,говорушка,говорящий,договаривать,договариваться,договор,договоренность,договорить,договориться,договорник,договорный,заговаривание,заговаривать,заговариваться,заговор,заговорить,заговориться,заговорный,заговорщик,заговорщица,заговорщицкий,заговорщический,заговорщичество,наговаривать,наговариваться,наговор,наговорить,наговориться,наговорный,наговорщик,наговорщица,обговорить,оговаривать,оговариваться,оговор,оговорить,оговориться,оговорка,оговорочный,оговорщик,отговаривать,отговариваться,отговорить,отговориться,отговорка,отговорщик,переговаривать,переговариваться,переговорить,переговорный,переговорщик,переговоры,поговаривать,поговорить,поговорка,поговорочный,подговаривать,подговариваться,подговор,подговорить,подговориться,…(+37)		24	5520	large,many_prefixes,many_suffixes,corpus_hot		UNREVIEWED			REVIEW	201
един	един	61	воедино,воссоединение,воссоединительный,воссоединить,воссоединиться,воссоединять,воссоединяться,единение,единица,единичка,единичность,единичный,единожлы,единственный,единство,единый,наедине,объединение,объединенный,объединительный,объединить,объединиться,объединять,объединяться,отъединить,отъединиться,отъединять,отъединяться,подсоединение,подсоединить,поединок,присоединение,присоединительный,присоединить,присоединиться,присоединять,присоединяться,разъединение,разъединитель,разъединительный,разъединить,разъединиться,разъединять,разъединяться,соединение,соединенный,соединимость,соединимый,соединитель,соединительный,соединить,соединиться,соединять,соединяться,уединение,уединенность,уединенный,уединить,уединиться,уединять,уединяться		81	9839	large,many_prefixes,many_suffixes,corpus_hot		UNREVIEWED			REVIEW	201
люб	люб	60	влюбе,влюбить,влюбиться,влюбленность,влюбленный,влюблять,влюбляться,влюбчивость,влюбчивый,возлюбить,возлюбленный,залюбоваться,излюбленный,любезник,любезничать,любезность,любезный,любимец,любимица,любимчик,любимый,любитель,любительница,любительский,любительство,любительщина,любить,любо,любование,любоваться,любовник,любовница,любовный,любовь,любой,любушка,любый,любящий,налюбоваться,невзлюбить,недолюбливать,облюбовать,облюбовывать,облюбовываться,отлюбить,полюбезничать,полюбить,полюбиться,полюбоваться,полюбовник,полюбовница,полюбовный,разлюбезничаться,разлюбезный,разлюбить,разлюблять,разлюбляться,слюбезничать,слюбиться,слюбляться		103	8643	large,many_prefixes,many_suffixes,corpus_hot		UNREVIEWED			REVIEW	200
клюк¹|ключ¹|клюш	клюк¹|ключ¹|клюш	65	включатель,включать,включаться,включение,включительно,включить,включиться,выключатель,выключать,выключаться,выключение,выключить,выключка,заключать,заключаться,заключение,заключенный,заключительный,заключить,исключать,исключаться,исключение,исключенный,исключительно,исключительность,исключительный,исключить,клюка,ключ,ключарь,ключевой,ключица,ключичный,ключник,ключница,ключной,клюшка,надключичный,отключать,отключаться,отключение,отключить,отключиться,перезаключать,перезаключаться,перезаключение,перезаключить,переключатель,переключать,переключаться,переключение,переключить,переключиться,подключать,подключаться,подключение,подключить,приключать,приключаться,приключение,приключенческий,приключенчество,приключить,приключиться,уключина		73	5133	large,many_prefixes,many_suffixes,corpus_hot		UNREVIEWED			REVIEW	198
ч¹|чин²	ч¹|чин²	58	безначалие,безначальный,вначале,зачатие,зачатковый,зачаток,зачаточность,зачаточный,зачать,зачаться,зачин,зачинатель,зачинательница,зачинать,зачинаться,зачинить,зачинщик,зачинщица,изначала,изначальный,начало,начальник,начальница,начальнический,начальничий,начальный,начальственность,начальственный,начальство,начальствование,начальствовать,начальствующий,начатие,начатки,начатое,начать,начаться,начин,начинание,начинатель,начинательница,начинательный,начинать,начинаться,начинающий,подначальный,подначивать,подначить,поначалу,поначальствовать,початок,початый,почать,почин,починать,починковый,починок,учать		150	13147	large,many_prefixes,many_suffixes,corpus_hot		UNREVIEWED			REVIEW	198
саб|соб	саб|соб	56	обосабливать,обосабливаться,обособить,обособиться,обособление,обособленность,обособленный,обособлять,обособляться,особа,особенно,особенность,особенный,особица,особливый,особняк,особняком,особнячок,особый,особь,подсобить,подсоблять,подсобник,подсобница,подсобный,подсобщик,пособие,пособить,пособлять,пособник,пособница,пособничество,поспособствовать,приспосабливать,приспосабливаться,приспособить,приспособиться,приспособленец,приспособление,приспособленность,приспособленческий,приспособленчество,приспособляемость,приспособлять,приспособляться,собственник,собственница,собственнический,собственно,собственность,собственный,способ,способность,способный,способствовать,усобица		145	11891	large,many_prefixes,many_suffixes,corpus_hot		UNREVIEWED			REVIEW	196
мерз|мораж|морож|мороз|мраз	мерз|мораж|морож|мороз|мраз	111	безморозный,вмерзать,вмерзнуть,вморозить,вымерзание,вымерзать,вымерзнуть,вымораживание,вымораживать,вымораживаться,выморозить,выморозиться,выморозка,доморозный,замерзание,замерзать,замерзлый,замерзнуть,замораживание,замораживать,замораживаться,замороженный,заморозить,заморозиться,заморозки,измерзнуть,изморозь,мерзавец,мерзавка,мерзкий,мерзлость,мерзлота,мерзлотный,мерзлый,мерзляк,мерзлятина,мерзлячка,мерзнуть,мерзостный,мерзость,мороженица,мороженое,мороженщик,мороженщица,мороженый,мороз,морозец,морозилка,морозильный,морозить,морозиться,морозный,мраз,мразный,мразь,намерзать,намерзнуть,намерзнуться,обмерзать,обмерзлый,обмерзнуть,обмораживание,обмораживать,обмораживаться,обморожение,обморозить,обморозиться,омерзение,омерзеть,омерзительность,омерзительный,отмерзать,отмерзнуть,отмораживание,отмораживать,отмораживаться,отморожение,отморозить,перемерзать,перемерзнуть,…(+31)		7	1200	large,many_alternations,many_prefixes,many_suffixes,in_corpus		UNREVIEWED			REVIEW	193
дв	дв	53	вдвое,вдвоем,вдвойне,вздваивание,вздваивать,вздваиваться,вздвоить,вздвоиться,два,дважды,двое,двоение,двоечка,двоечник,двоечница,двоешка,двоиться,двоица,двоичный,двойка,двойник,двойной,двойняшка,двойственность,двойственный,двойчатка,двоякий,двояшка,задвоиться,надвое,передваивать,передвоить,раздваивать,раздваиваться,раздвоение,раздвоенность,раздвоенный,раздвоить,раздвоиться,сдваивать,сдваиваться,сдвоенность,сдвоенный,сдвоить,сдвоиться,сдвойка,удваивать,удваиваться,удвоение,удвоенный,удвоитель,удвоить,удвоиться		118	12636	large,many_prefixes,many_suffixes,corpus_hot		UNREVIEWED			REVIEW	193
вод²|вож²	вод²|вож²	51	безводность,безводный,безводье,вода,воденеть,водица,водичка,водка,водник,водность,водный,водочный,водянеть,водяника,водянистость,водянистый,водяница,водянка,водяной,водяночный,заводнить,заводнять,заводняться,заводь,наводнение,наводненность,наводнить,наводниться,наводняемость,наводнять,наводняться,надводный,обводнение,обводнительный,обводнить,обводниться,обводнять,обводняться,обезводеть,обезводить,обезводиться,обезвоживание,обезвоживать,обезвоживаться,паводковый,паводок,подводник,подводница,подводничать,подводный,разводье		119	15296	large,many_prefixes,many_suffixes,corpus_hot		UNREVIEWED			REVIEW	191
сил¹	сил¹	51	бессилеть,бессилие,бессильный,засилье,изнасилование,изнасиловать,насилие,насилование,насиловать,насилу,насильник,насильничать,насильнический,насильно,насильственный,обессиленный,обессилеть,обессиливание,обессиливать,обессиливаться,обессилить,осиливать,осиливаться,осилить,пересиливать,пересиливаться,пересилить,посильный,сила,силач,силачка,силенка,силиться,силища,силком,силовик,силовой,силом,силушка,сильнеть,сильный,снасильничать,усиление,усиленный,усиливать,усиливаться,усилие,усилитель,усилительный,усилить,усилиться		81	8320	large,many_prefixes,many_suffixes,corpus_hot		UNREVIEWED			REVIEW	191
яв	яв	51	въяве,въявь,выявление,заявитель,заявительница,заявить,заявиться,заявка,заявление,заявлять,заявляться,заявочный,заявщик,заявщица,изъявительное,изъявление,наяву,объявить,объявиться,объявление,объявленный,объявлять,объявляться,отъявленный,появление,появляться,предъявитель,предъявительница,предъявительский,предъявить,предъявление,предъявлять,предъявляться,проявитель,проявить,проявиться,проявка,проявление,проявлять,проявляться,проявочный,яввитьсся,явка,явление,явленный,являться,явнный,явочный,явственность,явственный,явствовать		235	27686	large,many_prefixes,many_suffixes,corpus_hot		UNREVIEWED			REVIEW	191
мес¹|мех²|меш¹	мес¹|мех²|меш¹	110	беспримесный,вмесить,вмеситься,вмешательство,вмешать,вмешаться,вмешивание,вмешивать,вмешиваться,вперемешку,вымесить,вымеситься,вымешать,вымешаться,вымешивание,вымешивать,вымешиваться,домесить,домешать,домешивать,домешиваться,замес,замесить,замеситься,замешательство,замешать,замешаться,замешивать,замешиваться,месиво,месилка,месильный,месильщик,месильщица,месить,меситься,мешалка,мешальщик,мешальщица,мешанина,мешанка,мешаный,мешать,мешаться,мешеный,намесить,намеситься,намешать,намешивать,намешиваться,отмесить,отмеситься,перемесить,перемешать,перемешаться,перемешивать,перемешиваться,подмесить,подмеска,подмесь,подмешать,подмешивание,подмешивать,подмешиваться,помесить,помесный,помесь,помеха,помешанный,помешательство,помешать,помешаться,помешивать,примесить,примесок,примесь,примешать,примешивать,примешиваться,промесить,…(+30)		19	3108	large,many_prefixes,many_suffixes,in_corpus		UNREVIEWED			REVIEW	189
талк|толк¹|толок|толоч¹|толч	талк|толк¹|толок|толоч¹|толч	109	вталкивание,вталкивать,вталкиваться,втолкать,втолкаться,втолкнуть,втолкнуться,втолочь,выталкивание,выталкиватель,выталкивать,выталкиваться,вытолкать,вытолкаться,вытолкнуть,заталкивать,заталкиваться,затолкать,затолкаться,затолкнуть,затолочь,истолочь,истолочься,наталкивать,наталкиваться,натолкать,натолкаться,натолкнуть,натолкнуться,натолочь,отталкивание,отталкивать,отталкиваться,отталкивающий,оттолкнуть,оттолкнуться,переталкивать,переталкиваться,перетолкать,перетолкнуть,перетолочь,подталкивание,подталкиватель,подталкивать,подталкиваться,подтолкнуть,подтолочь,потолкать,потолкаться,потолочь,потолочься,приталкивать,приталкиваться,притолкать,притолкнуть,проталкивать,проталкиваться,протолкать,протолкаться,протолкнуть,протолкнуться,протолочь,расталкивать,расталкиваться,растолкать,растолкнуть,растолочь,растолченный,сталкивать,сталкиваться,столкать,столкновение,столкнуть,столкнуться,столочь,столочься,сутолока,сутолочиться,сутолочный,сутолочь,…(+29)		5	688	large,many_alternations,many_prefixes,many_suffixes,in_corpus		UNREVIEWED			REVIEW	189
ган|гн|гон	ган|гн|гон	127	вгонка,вдогон,вдогонку,вогнать,возгнать,возгонка,возгонный,возгоняться,вперегонки,вперегонку,выгнать,выгонка,выгонять,выгоняться,гнать,гнаться,гон,гонение,гонец,гонитель,гонительница,гонка,гонкий,гоночный,гончая,гонщик,гоньба,гонянье,гонять,гоняться,догнать,догонялки,загнанность,загнанный,загнать,загон,загонка,загонный,загонщик,загонять,загоняться,изгнание,изгнанник,изгнанница,изгнаннический,изгнанничество,изгнать,наганивать,нагнать,нагон,нагоняй,нагонять,нагоняться,наперегонки,обгон,обгонщик,обгонять,обгоняться,обогнать,отгон,отгонка,отогнать,перегнать,перегон,перегонка,перегонный,перегоночный,перегонщик,перегонять,перегоняться,повыгонять,погнать,погнаться,погонка,погонный,погонщик,погоныч,погоныш,погонь,погоня,…(+47)		1	371	large,many_prefixes,many_suffixes,in_corpus		UNREVIEWED			REVIEW	188
жа¹|жим|жм|жом	жа¹|жим|жм|жом	102	вжатие,вжать,вжаться,вжимать,вжиматься,выжать,выжаться,выжимала,выжимание,выжимать,выжиматься,выжимка,дожать,дожимать,дожиматься,жатый,жать,жаться,жменя,жмот,жмыхи,жмыховый,жом,зажатие,зажать,зажаться,зажим,зажимание,зажимать,зажиматься,зажимистый,зажимка,зажимный,зажимщик,зажимщица,нажатие,нажать,нажим,нажимать,нажиматься,нажимистость,нажимистый,нажимный,обжать,обжим,обжимать,обжимка,обжимный,обжимок,обжимочный,ожимок,отжать,отжим,отжимать,отжиматься,отжимка,отжимный,отжимщик,отжимщица,пережать,поджать,поджимать,поджиматься,поднажать,пожатие,пожать,пожаться,пожимание,пожимать,пожиматься,прижать,прижаться,прижим,прижимать,прижиматься,прижимистоеть,прижимистый,прижимка,прижимный,принажать,…(+22)		11	3362	large,many_alternations,many_prefixes,many_suffixes,in_corpus		UNREVIEWED			REVIEW	188
вар¹	вар¹	125	вар,варево,варенец,варение,вареник,вареный,варенье,вареньице,варивать,варильщик,варить,вариться,варка,варкий,варница,варничный,варочный,варщик,взвар,взварец,вываривание,вываривать,вывариваться,выварить,вывариться,выварка,выварки,выварной,выварочный,доваривать,довариваться,доварить,довариться,заваривание,заваривать,завариваться,заварить,завариться,заварка,заварной,заварочный,заваруха,заварушка,заварщик,заварщица,навар,наваривание,наваривать,навариваться,наваристый,наварить,наварка,наварной,наварный,наварщик,несварение,обваривать,обвариваться,обварить,обвариться,обварной,отвар,отваривать,отвариваться,отварить,отвариться,отварка,отварной,перевар,переваривание,переваривать,перевариваться,переваримость,переваримый,переварить,перевариться,переварка,повар,поваренный,поваренок,…(+45)		1	191	large,many_prefixes,many_suffixes,in_corpus		UNREVIEWED			REVIEW	186
ворон¹	ворон¹	21	ворон,ворона,воронение,вороненок,вороненочек,вороненый,вороненький,воронец,вороний,воронильщик,воронить,ворониться,ворониха,воронко,воронов,вороновые,вороной,воронь,воронье,проворонивать,проворонить		0	0	medium_size,old_reject,partial_split,many_game_ids,many_suffixes	sense:bluing:6,sense:overlook:2	SPLIT	BIRD: ворон, ворона; BLUING: воронение, воронить; OVERLOOK: проворонить	Птица, воронение стали и проворонить разделены.	ALREADY_SPLIT	186
ки¹|кид	ки¹|кид	123	вкидать,вкидывание,вкидывать,вкидываться,вкинуть,вкинуться,внакидку,вскидка,вскидывание,вскидывать,вскидываться,вскинуть,вскинуться,выкидать,выкидка,выкидывание,выкидывать,выкидываться,выкинуть,выкинуться,выпрокидывать,выпрокидываться,выпрокинуть,выпрокинуться,докидать,докидывать,докидываться,докинуть,закидать,закидаться,закидка,закидывание,закидывать,закидываться,закинуть,закинуться,запрокидывать,запрокидываться,запрокинуть,запрокинуться,кидание,кидать,кидаться,кидка,кинуть,кинуться,навскидку,накидать,накидка,накидной,накидывать,накидываться,накинуть,накинуться,обкидать,обкидывать,обкидываться,обкинуть,окидывать,окидываться,окинуть,окинуться,опрокидной,опрокидыватель,опрокидывать,опрокидываться,опрокинуть,опрокинуться,откидать,откидывать,откидываться,откинуть,откинуться,перекидать,перекидка,перекидной,перекидывать,перекидываться,перекинуть,перекинуться,…(+43)		2	367	large,many_prefixes,many_suffixes,in_corpus		UNREVIEWED			REVIEW	185
сек|сеч	сек|сеч	108	высекание,высекать,высекаться,высечка,высечь,высечься,засека,засекать,засекаться,засечка,засечный,засечь,засечься,иссекать,иссекаться,иссечение,иссечь,надсекать,надсекаться,надсечка,надсечь,насека,насекальщик,насекальщица,насекать,насекаться,насекомое,насечь,насечка,обсекать,обсекаться,обсечение,обсеченный,обсечь,обсечься,осекать,осекаться,осечка,осечься,отсек,отсекание,отсекать,отсекаться,отсечение,отсечка,отсечный,отсечь,пасека,пасечник,пасечный,пересекаемость,пересекать,пересекаться,пересечение,пересеченность,пересеченный,пересечь,пересечься,подсека,подсекание,подсекать,подсекаться,подсечка,подсечный,подсечь,посечь,посечься,пресекать,пресекаться,пресечение,пресечь,пресечься,просек,просека,просекать,просекаться,просечка,просечь,просечься,рассекатель,…(+28)		17	3111	large,many_prefixes,many_suffixes,in_corpus		UNREVIEWED			REVIEW	185
мног|множ	мног|множ	46	многий,много,многовато,многое,многонько,множественность,множественный,множество,множимое,множимый,множитель,множительный,множить,множиться,намного,немножечко,немножко,перемножать,перемножение,перемножить,помногу,помножать,помножаться,помножение,понемногу,понемножку,премножество,преумножать,преумножение,приумножать,приумножаться,приумножение,приумножить,приумножиться,размножать,размножаться,размножение,размножить,размножиться,сомножитель,умножать,умножаться,умножение,умножитель,умножить,умножиться		79	5530	large,many_prefixes,many_suffixes,corpus_hot		UNREVIEWED			REVIEW	185
жал¹	жал¹	44	безжалостность,безжалостный,жалейка,жалеть,жалкий,жалковато,жалоба,жалобный,жалобщик,жалобщица,жалование,жалованный,жалованье,жалованьишко,жаловать,жаловаться,жалостливость,жалостливый,жалостный,жалость,жаль,жальник,нажаловаться,обжалование,обжаловать,обжаловаться,пожалеть,пожалиться,пожалование,пожалованный,пожаловать,пожаловаться,пожалуй,пожалуйста,пожалуйте,разжалобить,разжалобиться,разжалование,разжалованный,разжаловать,сжалиться,сжалобиться,сожаление,сожалеть		1	65	large,old_reject,partial_split,many_suffixes,in_corpus	sense:barrow:1	SPLIT	PITY: жаль, жалеть; BARROW: жальник	Жаль и жалеть остаются. Жальник — отдельный курган.	ALREADY_SPLIT	185
праш|прос¹|прош	праш|прос¹|прош	104	вопрос,вопросец,вопросик,вопросительный,вопросить,вопросник,вопросный,вопрошание,вопрошатель,вопрошательница,вопрошать,вопрошаться,вопрошающий,выпрашивание,выпрашивать,выпрашиваться,выпросить,выпроситься,выспрашивание,выспрашивать,выспрашиваться,выспросить,выспроситься,допрашиваемый,допрашивать,допрашиваться,допрос,допросить,допроситься,допросный,допросчик,запрашивание,запрашивать,запрашиваться,запрос,запросец,запросить,запроситься,запросный,запросчик,испрашивание,испрашивать,испрашиваться,испросить,напрашивать,напрашиваться,напросить,напроситься,опрашивать,опрашиваться,опрос,опросить,опросный,опросчик,отпрашивать,отпрашиваться,отпросить,отпроситься,передопрашивать,передопрашиваться,передопрос,передопросить,перепросить,перепроситься,переспрашивать,переспрашиваться,переспрос,переспросить,повыспросить,попросить,попроситься,попрошайка,попрошайничанье,попрошайничать,попрошайничество,порасспросить,поспрашивать,поспросить,поспрошать,прашивать,…(+24)		20	2320	large,many_prefixes,many_suffixes,corpus_hot		UNREVIEWED			REVIEW	184
част¹|чащ¹	част¹|чащ¹	59	безучастие,безучастность,безучастный,бессчастный,несчастный,осчастливить,осчастливливать,осчастливливаться,отчасти,посчастливеть,посчастливиться,причастие,причастить,причаститься,причастник,причастница,причастность,причастный,причащать,причащаться,причащение,сопричастность,сопричастный,соучаствовать,соучастие,соучастник,соучастница,соучастный,счастливец,счастливица,счастливить,счастливиться,счастливчик,счастливый,счастье,счастьице,участвовать,участвующие,участие,участковый,участливость,участливый,участник,участница,участок,участочек,участь,частица,частичка,частичность,частичный,частник,частница,частнический,частное,частность,частный,часть,частью		264	23260	large,many_suffixes,corpus_hot		UNREVIEWED			REVIEW	184
се	се	113	всеять,высев,высевание,высевать,высеваться,высевки,высевной,высеивание,высеивать,высеиваться,высеять,высеяться,досевать,досеваться,досеивать,досеиваться,досеять,засев,засевание,засевать,засеваться,засевщик,засеивать,засеиваться,засеять,насевать,насеваться,насеивать,насеиваться,насеять,насеяться,недосев,обсев,обсевать,обсеваться,обсевок,обсеять,обсеяться,осевки,отсев,отсевать,отсеваться,отсевки,отсевной,отсеивание,отсеивать,отсеиваться,отсеять,отсеяться,пересев,пересевать,пересеваться,пересеивать,пересеиваться,пересеять,подсев,подсевать,подсеваться,подсевка,подсевной,подсеивать,подсеять,посев,посевной,посевщик,посеять,предпосевной,присевать,присеять,просевать,просеваться,просевной,просеивание,просеивать,просеиваться,просеять,просеяться,рассев,рассевальщик,рассевальщица,…(+33)		10	1964	large,many_prefixes,many_suffixes,in_corpus		UNREVIEWED			REVIEW	183
карм|корм¹	карм|корм¹	98	бескормица,вскармливание,вскармливать,вскармливаться,вскормить,вскормиться,вскормленник,вскормленница,выкармливание,выкармливать,выкармливаться,выкорм,выкормить,выкормиться,выкормка,выкормок,выкормыш,докармливать,докормить,закармливание,закармливать,закармливаться,закормить,искармливать,искармливаться,искормить,корм,кормач,кормежка,кормежный,кормилец,кормилица,кормильщик,кормильщица,кормитель,кормить,кормиться,кормление,кормленщик,кормленый,кормовой,кормушка,накармливать,накормить,недокорм,обкармливать,обкармливаться,обкормить,обкормиться,окармливать,окармливаться,окормить,откармливание,откармливать,откармливаться,откорм,откормить,откормиться,откормленный,откормный,откормочник,откормочный,откормыш,перекармливание,перекармливать,перекорм,перекормить,подкармливать,подкармливаться,подкорм,подкормить,подкормиться,подкормка,подкормочный,покармливать,покормить,покормиться,прикармливание,прикармливать,прикармливаться,…(+18)		25	2875	large,many_prefixes,many_suffixes,corpus_hot		UNREVIEWED			REVIEW	183
жг|жеч|жж|жиг|жог	жг|жеч|жж|жиг|жог	105	возжечь,возжечься,возжжение,возжигание,возжигатель,возжигать,возжигаться,выжечь,выжженный,выжиг,выжига,выжигание,выжигать,выжигаться,дожечь,дожигать,дожигаться,жгучесть,жгучий,жечь,жечься,жжение,жженка,жженый,жигалка,жигануть,зажечь,зажечься,зажжение,зажигалка,зажигание,зажигательница,зажигательность,зажигательный,зажигать,зажигаться,изжечь,изжога,нажечь,нажечься,нажигать,нажигаться,недожог,обжечь,обжечься,обжиг,обжигала,обжигальный,обжигальщик,обжигальщица,обжигание,обжигательный,обжигать,обжигаться,обжиговый,ожечь,ожечься,ожигать,ожог,отжечь,отжиг,отжигательный,отжигать,отжигаться,отжог,пережечь,пережечься,пережиг,пережигать,пережигаться,пережог,поджечь,поджигатель,поджигательница,поджигательский,поджигательство,поджигать,поджог,пожечь,пожог,…(+25)		2	311	large,many_alternations,many_prefixes,many_suffixes,in_corpus		UNREVIEWED			REVIEW	182
игор|игр|ыгр	игор|игр|ыгр	99	беспроигрышный,взыграть,взыграться,выиграть,выигрывание,выигрывать,выигрываться,выигрыш,выигрышный,доиграть,доиграться,доигрывание,доигрывать,доигрываться,заиграть,заиграться,заигрывание,заигрывать,заигрываться,игорка,игорный,игра,игралише,игралищный,игральный,игрануть,играный,играть,играться,играючи,играющий,игрец,игрецкий,игривость,игривый,игристость,игристый,игришка,игрища,игрище,игровой,игрок,игрун,игрунка,игрунковый,игрунок,игрунья,игрушечка,игрушечник,игрушечница,игрушечный,игрушка,игрывать,наигранный,наиграть,наиграться,наигрывать,наигрываться,наигрыш,обыграть,обыгрывать,обыгрываться,обыгрыш,отыграть,отыграться,отыгрывать,отыгрываться,отыгрыш,переиграть,переигровка,переигрывание,переигрывать,подыграть,подыграться,подыгрывать,подыгрываться,поиграть,поигрывать,проиграть,проиграться,…(+19)		22	4268	large,many_prefixes,many_suffixes,corpus_hot		UNREVIEWED			REVIEW	181
пряг|пряж²|пряч	пряг|пряж²|пряч	80	впрягание,впрягать,впрягаться,впряжка,впрячь,впрячься,выпрягание,выпрягать,выпрягаться,выпряжка,выпрячь,выпрячься,запрягать,запрягаться,запряжка,запряжной,запрячь,запрячься,напрягать,напрягаться,напряжение,напряженность,напряженный,напрячь,напрячься,отпрягать,отпрягаться,отпряжка,отпряжной,отпрячь,отпрячься,перенапрягать,перенапрягаться,перенапряжение,перенапрячь,перенапрячься,перепрягать,перепрягаться,перепряжка,перепрячь,перепрячься,подпрягать,подпрягаться,подпряжка,подпрячь,припрягать,припрягаться,припряжка,припряжной,припряжь,припрячь,припрячься,проспрягать,пряжечный,пряжка,распрягать,распрягаться,распряженный,распряжка,распрячь,распрячься,сопрягать,сопрягаться,сопряжение,сопряженный,сопрячь,спрягаемый,спрягать,спрягаться,спряжение,спряжка,спряжной,спрячь,спрячься,супряга,супряжник,упряжечный,упряжка,упряжной,упряжь		40	4520	large,many_prefixes,many_suffixes,corpus_hot		UNREVIEWED			REVIEW	180
вер¹	вер¹	96	безверие,безверный,вверить,ввериться,вверять,вверяться,вера,веритель,верительный,верить,вериться,вернехонько,верность,верный,верование,веровать,верующий,выверить,выверка,выверщик,выверщица,выверять,выверяться,доверенность,доверенный,доверие,доверитель,доверительница,доверительность,доверительный,доверить,довериться,доверчивость,доверчивый,доверять,доверяться,заверение,заверитель,заверительница,заверить,заверка,заверять,заверяться,извериться,изувер,изуверка,изуверский,изуверство,изуверствовать,наверно,наверное,наверняка,неверие,передоверие,передоверить,передоверять,передоверяться,перепроверка,поверенная,поверенный,поверить,поверка,поверочный,поверщик,поверье,поверяльщик,поверять,поверяться,проверенный,проверить,проверка,проверочный,проверщик,проверщица,проверять,проверяться,разуверение,разуверить,разувериться,разуверять,…(+16)		23	3440	large,many_prefixes,many_suffixes,corpus_hot		UNREVIEWED			REVIEW	179
иск|ищ|ыск|ыщ	иск|ищ|ыск|ыщ	96	взыск,взыскание,взыскательность,взыскательный,взыскать,взыскаться,взыскивание,взыскивать,взыскиваться,взыскующий,выискать,выискаться,выискивание,выискивать,выискиваться,довзыскать,довзыскивать,довзыскиваться,доискаться,доискиваться,заискивание,заискивать,заискивающий,изыскание,изысканность,изысканный,изыскатель,изыскательный,изыскательский,изыскать,изыскивать,изыскиваться,иск,искание,искатель,искательница,искательность,искательный,искательский,искательство,искать,искаться,искомый,ищейка,ищущий,обыск,обыскать,обыскаться,обыскивать,обыскиваться,обыскной,отыскать,отыскаться,отыскивать,отыскиваться,переискать,переискивать,подыскать,подыскивать,подыскиваться,поиск,поискать,поисковый,прииск,приискание,приискатель,приискать,приискаться,приискивать,приискиваться,приисковый,проискать,происки,разыскание,разыскать,разыскаться,разыскивать,разыскиваться,розыск,розыскной,…(+16)		7	1134	large,many_alternations,many_prefixes,many_suffixes,in_corpus		UNREVIEWED			REVIEW	178
гран	гран	53	безграничность,безграничный,безгранность,безгранный,выгранивать,выграниваться,выгранить,гранение,граненый,гранильник,гранильный,гранильня,гранильщик,гранильщица,гранить,граниться,граница,граничить,граничный,гранка,грань,заграница,заграничный,награнить,огранивать,ограниваться,огранить,ограничение,ограниченность,ограниченный,ограничивать,ограничиваться,ограничитель,ограничительный,ограничить,ограничиться,огранка,отграничение,отграничивать,отграничиваться,отграничить,отграничиться,погранить,пограничник,пограничный,приграничный,разграничение,разграниченность,разграничивать,разграничиваться,разграничительный,разграничить,разграничиться		63	5148	large,many_prefixes,many_suffixes,corpus_hot		UNREVIEWED			REVIEW	176
мач²|мок¹|моч¹	мач²|мок¹|моч¹	130	взмачивание,взмачивать,взмачиваться,взмокать,взмокнуть,взмочить,взмочиться,вымачивание,вымачивать,вымачиваться,вымокание,вымокать,вымокнуть,вымочить,вымочиться,вымочка,домокнуть,замачивание,замачивать,замачиваться,замокание,замокать,замокнуть,замочить,замочиться,замочка,измачивать,измокать,измокнуть,измочаленный,измочаливать,измочаливаться,измочалить,измочалиться,измочиться,мокнуть,мокренек,мокрехонек,мокрец,мокрица,мокричник,мокричные,мокрота,мокротина,мокротный,мокрый,мокрядь,моча,мочага,мочажина,мочалистый,мочалить,мочалка,мочало,мочальный,мочевина,мочевой,мочение,моченый,мочило,мочильный,мочиться,намачивание,намачивать,намачиваться,намокать,намокнуть,намочить,намочиться,непромокаемый,обмокать,обмокнуть,обмочить,обмочиться,омачивать,омочить,омочиться,отмачивать,отмачиваться,отмокать,…(+50)		0	764	large,many_prefixes,many_suffixes		UNREVIEWED			REVIEW	175
кап²|коп¹	кап²|коп¹	109	вкапывание,вкапывать,вкапываться,вкопать,вкопаться,вскапывание,вскапывать,вскапываться,вскопать,вскопаться,выкапывание,выкапывать,выкапываться,выкопать,выкопаться,докапывать,докапываться,докопать,докопаться,закапывание,закапывать,закапываться,закопать,закопаться,закопошиться,закопытница,искапывать,искапываться,ископаемый,ископать,копание,копануть,копанцы,копаный,копатель,копать,копаться,копач,копи,копка,копнуть,копоткий,копотливость,копотливый,копотный,копотня,копотун,копотунья,копошить,копошиться,копун,копунья,копуша,копытень,копытный,копыто,копытце,копытчатый,накапывать,накопать,накопаться,обкапывать,обкапываться,обкопать,окапывание,окапывать,окапываться,окоп,окопать,окопаться,окопка,окопник,окопный,откапывать,откапываться,откопать,откопаться,откопка,перекапывать,перекопать,…(+29)		6	1382	large,many_prefixes,many_suffixes,in_corpus		UNREVIEWED			REVIEW	175
слуг|служ	слуг|служ	75	выслуга,выслуживание,выслуживать,выслуживаться,выслужить,выслужиться,дослуживать,дослуживаться,дослужить,дослужиться,заслуга,заслуженный,заслуживать,заслуживаться,заслужить,заслужиться,наслужиться,обслуживание,обслуживать,обслуживаться,обслуживающий,обслужить,обслужиться,отслуживать,отслуживаться,отслужить,отслужиться,подслуживаться,подслужиться,послужить,послужной,прислуга,прислуживание,прислуживать,прислуживаться,прислужить,прислужиться,прислужливый,прислужник,прислужница,прислужничать,прислужнический,прислужничество,прослуживать,прослужить,слуга,служака,служанка,служащий,служба,службист,службишка,служебник,служебный,служение,служивать,служивый,служилый,служитель,служительница,служительский,служить,служиться,служка,сослуживец,сослуживица,сослужить,услуга,услужающий,услужение,услуживать,услужить,услужливость,услужливый,услужник		40	5226	large,many_prefixes,many_suffixes,corpus_hot		UNREVIEWED			REVIEW	175
выс|выш	выс|выш	49	ввысь,возвыситься,возвышать,возвышаться,возвышение,возвышенность,возвышенный,выситься,высокий,высоконький,высокость,высокохонький,высокошенький,высота,высотка,высотность,высотный,высочайший,высоченный,высочество,высший,высь,вышина,вышка,вышний,завысить,завышать,завышаться,завышение,завышенный,повысить,повыситься,повышать,повышаться,повышение,повышенный,подвысить,подвысь,подвышать,превозвысить,превозвышать,превозвышаться,превозвышение,превысить,превышать,превышаться,превышение,свысока,свыше		80	12202	large,many_suffixes,corpus_hot		UNREVIEWED			REVIEW	174
чист|чищ	чист|чищ	88	вчистую,вычистить,вычистка,вычищалка,вычищать,вычищаться,вычищение,дочиста,дочищать,дочищаться,зачистить,зачистка,зачищать,зачищаться,начистить,начиститься,начисто,начистоту,начистую,начищать,начищаться,нечистоты,нечисть,обчистить,обчиститься,обчищать,обчищаться,отчистить,отчиститься,отчистка,отчищать,отчищаться,очиститель,очистительный,очистить,очиститься,очистка,очистки,очистный,очищать,очищаться,очищение,очиочищенный,перечистить,перечистка,перечищать,перечищаться,подчистить,подчиститься,подчистка,подчистую,подчищать,подчищаться,почиститься,прочистить,прочистка,прочищать,прочищаться,прочищение,расчистить,расчиститься,расчистка,расчищать,расчищаться,расчищенный,росчисть,счистить,счиститься,счистка,счищалка,счищальщик,счищать,счищаться,чистенький,чистец,чистик,чистилище,чистильный,чистильщик,чистильщица,…(+8)		25	4158	large,many_prefixes,many_suffixes,corpus_hot		UNREVIEWED			REVIEW	173
мк|мок²|моч³|мык|мыч²	мк|мок²|моч³|мык|мыч²	60	замкнутость,замкнутый,замкнуть,замкнуться,замковый,замок,замочек,замочник,замочный,замыкание,замыкать,замыкаться,мочечный,мочка,мочковатый,мочковый,мыканье,мыкать,мыкаться,намыкаться,отмыкать,отмыкаться,отмычка,отмычный,отомкнуть,отомкнуться,перемычка,подперемычный,помыкать,помыкаться,пресмыкательство,пресмыкаться,пресмыкающееся,пресмыкающийся,примкнуть,примыкание,примыкать,размыкание,размыкатель,размыкать,размыкаться,размыкивать,размыкиваться,размычка,разомкнуть,разомкнуться,смыкать,смыкаться,смычечный,смычка,смычный,смычок,сомкнутость,сомкнутый,сомкнуть,сомкнуться,умыкание,умыкать,умычка,умычный		38	6270	large,many_alternations,many_prefixes,many_suffixes,corpus_hot		UNREVIEWED			REVIEW	173
чес¹|чес|чеш	чес¹|чес|чеш	111	вычесать,вычесаться,выческа,вычесывание,вычесывать,вычесываться,дочесать,дочесаться,дочесывать,дочесываться,зачес,зачесать,зачесаться,заческа,зачесывание,зачесывать,зачесываться,начес,начесать,начесаться,начесный,начесывание,начесывать,начесываться,обчесать,обчесаться,обческа,обчесывать,обчесываться,отчесать,отчесаться,отчесывать,отчесываться,очес,очесать,очески,очесочный,очесывать,очесываться,пачеси,перечес,перечесать,перечесаться,переческа,перечесывать,перечесываться,подчесать,подчесывать,почесать,почесаться,почесуха,почесывание,почесывать,почесываться,причесанный,причесать,причесаться,прическа,причесывание,причесывать,причесываться,прочес,прочесать,проческа,прочесывание,прочесывать,прочесываться,расчесанный,расчесать,расчесаться,расческа,расчесывание,расчесывать,расчесываться,счес,счесать,счесаться,сческа,счесыванье,счесывать,…(+31)		1	254	large,many_prefixes,many_suffixes,in_corpus		UNREVIEWED			REVIEW	172
мал¹	мал¹	47	вмале,малейший,малек,маленечко,маленький,маленько,малец,малешенький,мало,маловат,маловато,малость,малый,малым,малыш,малышка,малышок,мальковый,мальчик,мальчиковый,мальчишеский,мальчишество,мальчишечий,мальчишечка,мальчишка,мальчишник,мальчонка,мальчонок,мальчуган,мальчугашка,малюсенький,малютка,малюточка,малявка,нимало,помаленьку,помалеть,помалу,смалу,сызмала,сызмальства,умаление,умалительный,умалить,умалиться,умалять,умаляться		110	5997	large,many_suffixes,corpus_hot		UNREVIEWED			REVIEW	172
вис	вис	35	виселица,виселичный,висельник,висеть,виснуть,височек,висюлька,зависать,зависеть,зависимость,зависимый,нависать,навислый,нависнуть,независимость,обвисать,обвислый,обвиснуть,отвисать,отвисеться,отвислый,отвиснуть,перевиснуть,повисать,повисеть,повиснуть,подвисочный,провис,провисание,провисать,провисеть,провиснуть,свисать,свислый,свиснуть		77	4851	medium_size,many_prefixes,many_suffixes,corpus_hot		UNREVIEWED			REVIEW	172
чин¹	чин¹	90	беспричинность,беспричинный,бесчиние,бесчинный,бесчинство,бесчинствовать,вчиняться,вычинивать,досочинить,дочинивать,дочинить,насочинить,насочинять,насочиняться,начинивать,начинить,начинка,начиночный,начинять,начиняться,обчинивать,обчиниваться,обчинить,обчиниться,очинивать,очиниваться,очинить,очиниться,очинка,очинять,очиняться,пересочинить,пересочинять,пересочиняться,перечинивать,перечиниваться,перечинить,перечинка,подчинение,подчиненность,подчиненный,подчинительный,подчинить,подчиниться,подчинять,подчиняться,починить,починиться,починка,починочный,починщик,починяться,причина,причинение,причинить,причинность,причинный,причинять,причиняться,прочинивать,соподчинение,соподчиненный,соподчинительный,соподчинить,соподчинять,соподчиняться,сочинение,сочиненный,сочинитель,сочинительница,сочинительный,сочинительский,сочинительство,сочинить,сочинять,сочиняться,учинить,учиниться,учинять,учиняться,…(+10)		21	3967	large,many_prefixes,many_suffixes,corpus_hot		UNREVIEWED			REVIEW	171
пар¹	пар¹	89	выпаривание,выпаривательный,выпаривать,выпариваться,выпарить,выпариться,выпарка,выпарной,выпарщик,выпарщица,допаривать,допариваться,допарить,допариться,запаривание,запаривать,запариваться,запарить,запариться,запарка,запарник,запарной,испарение,испарина,испаритель,испарительный,испарить,испариться,испаряемость,испарять,испаряться,напаренный,напарить,напариться,опара,опарник,опарыш,отпаривать,отпариваться,отпарить,отпариться,пар,парение,пареный,парилка,парильный,парильня,парильщик,паритель,парить,париться,паркий,парник,парниковый,парничок,парной,парование,паровать,паровик,паровичок,паровой,перепаривать,перепариваться,перепарить,перепариться,подпар,попарить,попариться,припаривать,припарить,припарка,припарочный,пропаривать,пропариваться,пропарить,пропариться,пропарка,пропарочный,распар,распаренный,…(+9)		22	4734	large,many_prefixes,many_suffixes,corpus_hot		UNREVIEWED			REVIEW	171
нз|низ²|нож¹|ноз	нз|низ²|нож¹|ноз	89	вонзать,вонзаться,вонзить,вонзиться,вынизать,вынизывание,вынизывать,вынизываться,донизать,донизывать,донизываться,заноза,занозистость,занозистый,занозить,занозища,занозка,занозливый,изнизать,изнизывать,изнизываться,нанизать,нанизка,нанизывание,нанизывать,нанизываться,нанизь,низание,низать,низаться,низка,нож,ножевище,ножевой,ноженки,ножик,ножичек,ножище,ножницы,ножничный,ножны,ножовка,ножовочный,ножовщик,ножовщина,ножовый,обнизать,обнизок,обнизывать,обнизываться,обнизь,отнизать,отнизывать,отнизываться,перенизать,перенизка,перенизывать,поднизать,поднизывать,поднизываться,поднизь,понизать,поножовщик,поножовщина,принизать,принизка,принизывать,принизываться,пронзать,пронзаться,пронзительность,пронзительный,пронзить,пронзиться,пронизать,пронизка,пронизывать,пронизываться,пронизывающий,пронизь,…(+9)		6	1160	large,many_alternations,many_prefixes,many_suffixes,in_corpus		UNREVIEWED			REVIEW	170
пут²	пут²	45	беспутица,беспутник,беспутница,беспутничать,беспутный,беспутство,беспутствовать,беспутье,напутственный,напутствие,напутствовать,перепутье,попутный,попутчик,попутчица,путевик,путевка,путевой,путевый,путеец,путейский,путем,путина,путинный,путник,путница,путный,путь,распутица,распутник,распутница,распутничать,распутность,распутный,распутство,распутствовать,распутье,сопутник,сопутница,сопутный,сопутствовать,сопутствующий,спутник,спутница,спутничество		97	4104	large,many_suffixes,corpus_hot		UNREVIEWED			REVIEW	170
брас|брос|брош	брас|брос|брош	98	бросание,бросательный,бросать,бросаться,бросить,броситься,броский,броском,бросовый,бросок,вбрасывать,вбрасываться,вбросать,вбросить,вброситься,взбрасывание,взбрасывать,взбрасываться,взбросить,вразброс,вразброску,выбрасывание,выбрасыватель,выбрасывать,выбрасываться,выброс,выбросать,выбросить,выброситься,выброска,добрасывать,добрасываться,добросить,забрасывание,забрасывать,забрасываться,заброс,забросать,забросить,заброска,заброшенность,заброшенный,набрасывать,набрасываться,набросать,набросить,наброситься,набросок,отбрасывать,отбрасываться,отброс,отбросать,отбросаться,отбросить,отброска,перебрасывать,перебрасываться,перебросать,перебросить,переброситься,переброска,побрасывать,побросать,подбрасывать,подбрасываться,подбросить,подброска,понабросать,прибрасывать,прибросать,прибросить,пробрасывать,пробрасываться,пробросать,пробросаться,пробросить,проброситься,разбрасыватель,разбрасывать,разбрасываться,…(+18)		11	1310	large,many_prefixes,many_suffixes,in_corpus		UNREVIEWED			REVIEW	169
бег|беж	бег|беж	97	бег,бега,беганье,бегать,беглец,беглость,беглый,беглянка,беговой,бегом,беготня,бегство,бегун,бегунки,бегунок,бегунья,бегучий,бежать,беженец,беженка,беженский,беженство,вбегать,вбежать,взбегание,взбегать,взбежать,вперебежку,выбег,выбегание,выбегать,выбегаться,выбежать,добегать,добегаться,добежать,забег,забегаловка,забегание,забегать,забегаться,забежать,избегать,избегаться,избегнуть,избежание,избежать,набег,набегать,набегаться,набеговый,набежать,неизбежность,неизбежный,обегать,обежать,отбегать,отбежать,перебег,перебегать,перебежать,перебежка,перебежчик,перебежчица,побег,побегать,побегушки,побежалость,побежалый,побежать,побежка,подбег,подбегать,подбежать,прибегать,прибегнуть,прибежать,прибежище,пробег,пробегать,…(+17)		12	5654	large,many_prefixes,many_suffixes,in_corpus		UNREVIEWED			REVIEW	169
век¹|веч¹	век¹|веч¹	29	ввек,век,вековать,вековой,вековуха,вековуша,вечность,вечный,вовек,вовеки,довеку,извека,извечность,извечный,изувеченный,изувечивать,изувечиваться,изувечить,изувечиться,навек,навеки,навечно,отвековать,предвечный,свековать,увечить,увечиться,увечный,увечье		84	3624	medium_size,many_prefixes,many_suffixes,corpus_hot		UNREVIEWED			REVIEW	169
тряс|трях	тряс|трях	106	встряска,встряхивание,встряхивать,встряхиваться,встряхнуть,вытрясать,вытрясаться,вытряска,вытрясти,вытрястись,вытряхать,вытряхаться,вытряхивание,вытряхивать,вытряхиваться,вытряхнуть,вытряхнуться,затрясти,затрястись,натрясти,натрястись,отрясать,отрясаться,отрясти,отряхать,отряхаться,отряхивать,отряхиваться,отряхнуть,отряхнуться,оттрясать,оттрясти,оттрястись,оттряхивать,оттряхнуть,перетрясать,перетряска,перетрясти,перетрястись,перетрясывать,перетряхать,перетряхивать,перетряхиваться,перетряхнуть,порастрясти,потрясать,потрясаться,потрясающий,потрясение,потрясти,потрястись,потряхивать,протрясать,протрясти,протрястись,протряхивать,протряхнуть,растрясальщик,растрясальщица,растрясать,растрясенный,растряска,растрясти,растрястись,растрясывать,растряхать,растряхивать,растряхнуть,сотрясать,сотрясаться,сотрясение,сотрясти,сотрястись,стрясать,стрясти,стрястись,стряхать,стряхаться,стряхивать,стряхиваться,…(+26)		2	232	large,many_prefixes,many_suffixes,in_corpus		UNREVIEWED			REVIEW	168
вел¹	вел¹	42	велий,великан,великанский,великанша,великий,великоватый,великонек,величавость,величавый,величайший,величальный,величание,величать,величаться,величественность,величественный,величество,величие,величина,вельми,возвеличение,возвеличивание,возвеличивать,возвеличиваться,возвеличить,возвеличиться,невеличка,повеличать,преувеличение,преувеличенность,преувеличенный,преувеличивать,преувеличиваться,преувеличить,увеличение,увеличенный,увеличивать,увеличиваться,увеличитель,увеличительный,увеличить,увеличиться		95	6463	large,many_suffixes,corpus_hot		UNREVIEWED			REVIEW	167
и¹|ид|й|йд|ыд	и¹|ид|й|йд|ыд	37	взойти,войти,выйти,дойти,зайти,зайтись,идти,идущий,изойти,наитие,найденыш,найти,найтись,непревзойденный,обойти,обойтись,отойти,перейти,подойти,пойти,превзойти,предыдущий,прейти,прийти,прийтись,произойти,пройденное,пройдоха,пройдошничать,пройдошный,пройти,пройтись,разойтись,соитие,сойти,сойтись,уйти		70	7786	medium_size,many_alternations,many_prefixes,corpus_hot		UNREVIEWED			REVIEW	167
креп	креп	89	вкреплять,вкрепляться,закрепа,закрепитель,закрепительный,закрепить,закрепиться,закрепка,закрепление,закреплять,закрепляться,закрепостить,закрепоститься,закрепочный,закрепощать,закрепощаться,закрепощение,закрепшик,закрепщица,крепеж,крепежный,крепильщик,крепитель,крепительный,крепить,крепиться,крепкий,крепление,крепленый,крепнуть,крепостник,крепостница,крепостнический,крепостничество,крепостной,крепостца,крепость,крепчать,крепыш,крепь,накрепко,окрепнуть,открепительный,открепить,открепиться,открепление,откреплять,открепляться,перекрепить,перекреплять,перекрепляться,подкрепить,подкрепиться,подкрепление,подкреплять,подкрепляться,прикрепительный,прикрепить,прикрепиться,прикрепление,прикреплять,прикрепляться,раскрепить,раскрепиться,раскрепление,раскреплять,раскрепляться,раскреповка,раскрепостить,раскрепоститься,раскрепощать,раскрепощаться,раскрепощение,скреп,скрепа,скрепить,скрепиться,скрепка,скрепление,скреплять,…(+9)		17	1887	large,many_prefixes,many_suffixes,in_corpus		UNREVIEWED			REVIEW	166
вид|вист	вид|вист	75	ввиду,взвидеть,видальщина,видать,видаться,видение,видеть,видеться,виднеться,видный,видывать,возненавидеть,завидеть,завидки,завидливый,завиднеться,завидный,завидовать,завидущий,завистливость,завистливый,завистник,завистница,завистничать,завистный,зависть,засвидетельствование,засвидетельствовать,засвидетельствоваться,навидаться,невидаль,невиданно,невиданный,невидимка,ненавидеть,ненавистник,ненавистница,ненавистнический,ненавистничество,ненавистный,ненависть,непредвиденный,освидетельствование,освидетельствовать,освидетельствоваться,перевидать,переосвидетельствование,переосвидетельствовать,переосвидетельствоваться,повидать,повидаться,повиднеть,позавидовать,предвидение,предвидеть,предвидеться,привидение,привидеться,провидение,провидеть,провидец,провидица,свидание,свиданьице,свидетель,свидетельница,свидетельский,свидетельство,свидетельствовать,свидетельствоваться,свидеться,увидать,увидаться,увидеть,увидеться		31	4860	large,many_prefixes,many_suffixes,corpus_hot		UNREVIEWED			REVIEW	166
сыр	сыр	24	отсыревать,отсырелый,отсыреть,сыр,сырейщик,сыреть,сырец,сырковый,сырник,сырный,сырня,сыроватость,сыроватый,сыровец,сырой,сырок,сырость,сырца,сырцовый,сырь,сырье,сырьевой,сырьевщик,сырятина		2	76	medium_size,old_reject,partial_split,many_suffixes,in_corpus	sense:cheese:8	SPLIT	CHEESE: сыр, сырок, сырник; DAMP: сырой, сырость, сыреть	Сырник не открывает сырость. Поверхность «сыр» всё ещё открывает сырой: это краткая форма прилагательного.	ALREADY_SPLIT	166
трав	трав	104	втравить,втравиться,втравливание,втравливать,втравлять,втравляться,вытравить,вытравиться,вытравка,вытравление,вытравлять,вытравляться,вытравной,вытравщик,вытравщица,затравенеть,затравенить,затравить,затравка,затравленный,затравливание,затравливать,затравливаться,затравочный,затравщик,натравить,натравка,натравливание,натравливать,натравливаться,натравлять,натравляться,натравщик,отрава,отравитель,отравительница,отравительный,отравить,отравиться,отравление,отравлять,отравляться,отравный,перетравить,подтравить,подтравка,подтравливать,потрава,потравить,потравный,потравщик,притрава,притравить,протрава,протравитель,протравить,протравка,протравление,протравливание,протравливать,протравливаться,протравлять,протравляться,протравной,протравочный,протравщик,растравить,растравиться,растравление,растравливать,растравливаться,растравлять,растравляться,растравщик,стравить,стравливать,стравливаться,стравлять,стравляться,трава,…(+24)		1	118	large,many_prefixes,many_suffixes,in_corpus		UNREVIEWED			REVIEW	165
ник|ниц|нич|нк|ноч¹	ник|ниц|нич|нк|ноч¹	32	вникать,вникнуть,возникать,возникновение,возникнуть,изнанка,изнаночный,навзничь,наизнанку,никлый,никнуть,поникать,поникнуть,поникший,приникать,приникнуть,проникание,проникать,проникаться,проникновение,проникновенность,проникновенный,проникнутый,проникнуть,проникнуться,проницаемость,проницаемый,проницательность,проницательный,проницать,сникать,сникнуть		58	3819	medium_size,many_alternations,many_prefixes,many_suffixes,corpus_hot		UNREVIEWED			REVIEW	165
ду	ду	101	вдувальный,вдувание,вдуватель,вдувательный,вдувать,вдуваться,вдувной,вдунуть,вдунуться,вдуть,вздувание,вздувать,вздуваться,вздутие,вздутость,вздутый,вздуть,вздуться,выдувальщик,выдувальщица,выдувание,выдувать,выдуваться,выдувка,выдувной,выдувщик,выдуть,выдуться,дуло,дульный,дульце,дуновение,дунуть,дутый,дуть,дутье,дутьевой,дуться,задувание,задувать,задуваться,задувка,задуть,надувала,надувальщик,надувание,надувательный,надувательский,надувательство,надувать,надуваться,надувка,надувной,надульник,надульный,надутость,надутый,надуть,обдув,обдувала,обдуватель,обдувать,обдуваться,обдуть,одутловатость,одутловатый,одутлость,одутлый,отдуваться,отдуть,передуть,поддувало,поддувальный,поддувать,поддуть,поднадуть,подуть,придувной,продуваемость,продувание,…(+21)		2	452	large,many_prefixes,many_suffixes,in_corpus		UNREVIEWED			REVIEW	163
цеп	цеп	90	вцепиться,вцепляться,зацеп,зацепа,зацепиться,зацепка,зацепление,зацеплять,зацепляться,зацепной,зацепочка,зацепщик,нацепить,нацепиться,нацепка,нацеплять,нацепляться,нацепщик,отцепить,отцепиться,отцепка,отцеплять,отцепляться,отцепной,отцепщик,оцепенелость,оцепенелый,оцепенение,оцепенеть,оцепить,оцепиться,оцепление,оцеплять,оцепляться,перецепить,подцепить,подцепка,подцеплять,подцепляться,подцепной,подцепщик,прицеп,прицепить,прицепиться,прицепка,прицеплять,прицепляться,прицепной,прицепочный,прицепщик,прицепщица,расцепить,расцепиться,расцепка,расцепление,расцепленный,расцеплять,расцепляться,сцеп,сцепить,сцепиться,сцепка,сцепление,сцеплять,сцепляться,сцепной,сцепщик,уцепить,уцепиться,уцеплять,уцепляться,цеп,цепенелый,цепенение,цепенеть,цепенка,цепень,цепка,цепкий,цепкость,…(+10)		13	1391	large,many_prefixes,many_suffixes,in_corpus		UNREVIEWED			REVIEW	163
глас|глаш|голос	глас|глаш|голос	81	безгласность,безгласный,безголосица,безголосный,безголосый,возглас,возгласить,возгласиться,возглашать,возглашаться,возглашение,глас,гласить,гласная,гласность,гласный,глашатай,голос,голосенок,голосина,голосистость,голосистый,голосить,голосишко,голосище,голоснуть,голосование,голосовать,голосоваться,голосовой,голосок,заголосить,огласить,огласиться,огласка,оглашать,оглашаться,оглашение,оглашенный,отголосок,перегласовка,поголосить,подголосок,пригласительный,пригласить,приглашать,приглашаться,приглашение,приглашенный,провозгласить,провозглашать,провозглашение,проголосить,проголосовать,разгласитель,разгласительница,разгласить,разглашать,разглашаться,разглашение,согласие,согласительный,согласить,согласиться,согласная,согласно,согласность,согласный,согласование,согласованность,согласовать,согласоваться,согласовывать,согласовываться,соглашатель,соглашательница,соглашательский,соглашательство,соглашать,соглашаться,…(+1)		22	2662	large,many_prefixes,many_suffixes,corpus_hot		UNREVIEWED			REVIEW	163
кус¹|куш¹	кус¹|куш¹	78	вприкуску,выкус,выкусать,выкусить,выкусывать,выкусываться,закусать,закусаться,закусить,закусывание,закусывать,искусать,искусаться,искусывать,искусываться,искушать,искушаться,искушение,искушенный,кус,кусание,кусаный,кусать,кусаться,кусачки,кусище,кусковой,куснуть,кусок,кусочек,надкус,надкусать,надкусить,надкусывать,надкусываться,накусать,накусаться,накусывать,обкусанный,обкусать,обкусывать,обкусываться,откус,откусать,откусить,откуситься,откусывать,откусываться,перекусать,перекусаться,перекусить,перекусывать,перекусываться,подкусить,подкуска,подкусывать,подкусываться,покусать,покусывать,прикус,прикусить,прикуска,прикусывать,прокус,прокусать,прокусить,прокусывать,прокусываться,раскусать,раскусить,раскусывать,раскусываться,скусить,скусывать,скусываться,укус,укусить,укушенный		0	164	large,partial_split,many_prefixes,many_suffixes	sense:taste:5	UNREVIEWED	sense:taste:5		ALREADY_SPLIT	163
хват	хват	93	вперехват,вприхватку,выхватить,выхватывание,выхватывать,выхватываться,захват,захватанный,захватать,захватить,захватнический,захватный,захватчик,захватчица,захватывание,захватывать,захватываться,захватывающий,наперехват,нарасхват,нахватать,нахвататься,нахватывать,нахватываться,недохват,недохватка,неохватный,обхват,обхватить,обхватывать,обхватываться,отхватить,отхватывать,отхватываться,охват,охватить,охватка,охватный,охватывать,охватываться,перехват,перехватать,перехватить,перехватывать,перехватываться,подхват,подхватить,подхватывание,подхватывать,похватать,прихватить,прихватывать,прихватываться,прохватить,прохватывать,прохватываться,расхват,расхватать,расхватить,расхватывать,расхватываться,схват,схватить,схватиться,схватка,схватывать,схватываться,ухват,ухватистый,ухватить,ухватиться,ухватка,ухватливость,ухватливый,ухватный,ухватывать,ухватываться,хват,хватануть,хватательный,…(+13)		9	920	large,many_prefixes,many_suffixes,in_corpus		UNREVIEWED			REVIEW	162
реш	реш	37	вырешить,вырешиться,неразрешимость,отрешать,отрешаться,отрешение,отрешенность,отрешенный,отрешить,отрешиться,перерешать,перерешить,порешить,предрешать,предрешаться,предрешение,предрешенный,предрешить,разрешать,разрешаться,разрешение,разрешимый,разрешительный,разрешить,разрешиться,решать,решаться,решающий,решебник,решение,решенный,решимость,решитель,решительность,решительный,решить,решиться		82	6724	medium_size,many_prefixes,corpus_hot		UNREVIEWED			REVIEW	162
кле(j)	кле(j)	100	вклеивание,вклеивать,вклеиваться,вклеить,вклеиться,вклейка,выклеивание,выклеивать,выклеиваться,выклеить,выклеиться,доклеивать,доклеиваться,доклеить,заклеивание,заклеивать,заклеиваться,заклеить,заклеиться,заклейка,клеевой,клеенка,клееночный,клеенчатый,клееный,клеильный,клеильня,клеильщик,клеильщица,клеить,клеиться,клей,клейка,клейкий,клейковина,клейкость,клейщик,клейщица,клеянка,надклеивать,надклеиваться,надклеить,надклейка,наклеивать,наклеиваться,наклеить,наклеиться,наклейка,наклейщик,наклейщица,обклеивать,обклеиваться,обклеить,оклеивать,оклеиваться,оклеить,оклейка,оклейщик,отклеивать,отклеиваться,отклеить,отклеиться,отклейка,переклеивать,переклеиваться,переклеить,переклейка,подклеивать,подклеиваться,подклеить,подклейка,поклеить,приклеивать,приклеиваться,приклеить,приклеиться,приклейка,проклеенный,проклеивать,проклеиваться,…(+20)		1	113	large,many_prefixes,many_suffixes,in_corpus		UNREVIEWED			REVIEW	161
соп³|сып¹	соп³|сып¹	98	врассыпку,врассыпную,вроссыпь,всыпание,всыпать,всыпаться,всыпка,высыпание,высыпать,высыпаться,высыпка,высыпной,досыпать,досыпаться,засыпание,засыпать,засыпаться,засыпка,засыпной,засыпщик,засыпщица,насыпальщик,насыпальщица,насыпать,насыпаться,насыпка,насыпной,насыпщик,насыпщица,насыпь,обсыпать,обсыпаться,обсыпка,обсыпной,осыпаемость,осыпание,осыпать,осыпаться,осыпь,отсыпать,отсыпаться,отсыпной,пересыпание,пересыпать,пересыпаться,пересыпка,пересыпной,пересыпь,подсыпать,подсыпаться,подсыпка,посыпать,посыпаться,посыпка,посыпной,присыпание,присыпать,присыпаться,присыпка,присыпной,просыпать,просыпаться,просыпной,рассыпанный,рассыпать,рассыпаться,рассыпка,рассыпной,рассыпчатость,рассыпчатый,рассыпщик,рассыпщица,россыпный,россыпь,сопка,сопочный,ссыпальщик,ссыпание,ссыпать,ссыпаться,…(+18)		3	2196	large,many_prefixes,many_suffixes,in_corpus		UNREVIEWED			REVIEW	161
слух|слуш|слых|слыш	слух|слуш|слых|слыш	83	вслух,вслушаться,вслушивание,вслушиваться,выслушать,выслушивание,выслушивать,выслушиваться,дослушать,дослушаться,дослушивать,дослушиваться,заслушание,заслушать,заслушаться,заслушивание,заслушивать,заслушиваться,заслышать,заслышаться,наслушаться,наслышаться,наслышка,недослышать,недослышка,неслух,ослушание,ослушаться,ослушиваться,ослушник,ослушница,ослышаться,ослышка,переслушать,переслушивать,подслушать,подслушивание,подслушивать,подслушиваться,понаслышке,послушание,послушать,послушаться,послушливый,послушник,послушница,послушный,послышать,послышаться,прислушаться,прислушиваться,прослушание,прослушать,прослушивание,прослушивать,прослушиваться,прослышать,расслушать,расслышать,слух,слухать,слухач,слуховой,слушание,слушатель,слушательница,слушать,слушаться,слушивать,слушок,слыхать,слыхивать,слыхом,слышанное,слышать,слышаться,слышимое,слышимость,слышный,слышь,…(+3)		3	270	large,many_alternations,many_prefixes,many_suffixes,in_corpus		UNREVIEWED			REVIEW	161
мет²|меч¹	мет²|меч¹	67	бессметный,выметить,дометить,замета,заметить,заметка,заметливый,заметный,замечание,замечательный,замечать,замечаться,заприметить,метить,метиться,метка,меткий,меткость,меточный,метчик,меченый,наметить,наметиться,намечать,намечаться,несметный,отметина,отметить,отметиться,отметка,отметочный,отметчик,отмечать,отмечаться,переметить,перемечать,перемечаться,перемечивать,подметить,подмечать,подмечаться,помета,пометить,пометка,помечать,помечаться,примета,приметить,приметливость,приметливый,приметный,примечание,примечательность,примечательный,примечать,разметить,разметка,разметочный,разметчик,разметчица,размечать,размечаться,смета,сметливость,сметливый,сметный,сметчик		34	7830	large,many_prefixes,many_suffixes,corpus_hot		UNREVIEWED			REVIEW	161
пол⁵	пол⁵	36	бесполый,вполовину,исполовник,исполовничать,исполовничество,исполу,испольничать,испольничество,испольный,испольщик,испольщина,испольщица,наполовину,напополам,пол,пола,полка,половина,половинка,половинный,половинчатость,половинчатый,половинщик,половник,половничать,половничество,половой,полоток,полоть,полтевой,полть,полушечный,полушка,пополам,спольщик,спольщина		301	16790	medium_size,many_suffixes,corpus_hot		UNREVIEWED			REVIEW	161
кал²|кол¹	кал²|кол¹	115	вкалывать,вкалываться,вколоть,вколоться,выкалывание,выкалывать,выкалываться,выколоть,выколоться,докалывать,доколоть,закалывание,закалывать,закалываться,закол,заколка,заколоть,заколоться,искалывать,искалываться,исколотый,исколоть,исколоться,кол,колка,колкий,колкость,колок,колонуть,колотый,колоть,колотье,колоться,колун,колышек,кольнуть,колючесть,колючий,колючка,колющий,надкалывать,надкалываться,надкол,надколоть,накалывать,накалываться,наколка,наколоть,наколоться,наколыш,обкалывать,обкалываться,обколка,обколоть,околевать,околеть,осколок,осколочный,откалывать,откалываться,откол,отколка,отколоть,отколоться,перекалывать,перекалываться,переколеть,переколоть,переколоться,подкалывать,подкалываться,подколка,подколоть,покалывание,покалывать,поколеть,поколоть,прикалывать,прикалываться,прикол,…(+35)		0	102	large,many_prefixes,many_suffixes		UNREVIEWED			REVIEW	160
куп¹	куп¹	98	выкуп,выкупать,выкупаться,выкупить,выкупиться,выкупной,выкупщик,выкупщица,докупать,докупаться,докупить,закуп,закупать,закупаться,закупить,закупка,закупной,закупочный,закупщик,закупщица,искупать,искупаться,искупитель,искупительный,искупить,искупиться,искупление,купец,купецкий,купеческий,купечество,купечествовать,купить,купля,купцовский,купчая,купчий,купчик,купчина,купчиха,накупать,накупаться,накупить,неподкупный,окупаемость,окупать,окупаться,окупить,окупиться,откуп,откупать,откупаться,откупить,откупиться,откупной,откупщик,перекупать,перекупаться,перекупить,перекупка,перекупной,перекупшик,перекупщица,подкуп,подкупать,подкупаться,подкупающий,подкупить,подкупной,подкупщик,покупатель,покупательница,покупательный,покупательский,покупать,покупаться,покупка,покупной,покупщик,покупщица,…(+18)		2	1050	large,many_prefixes,many_suffixes,in_corpus		UNREVIEWED			REVIEW	160
дав¹	дав¹	72	вдавить,вдавиться,вдавленный,вдавливание,вдавливать,вдавливаться,выдавить,выдавиться,выдавливание,выдавливать,выдавливаться,давануть,давило,давильник,давильный,давильня,давильщик,давить,давиться,давка,давление,давленина,давленый,давнуть,давок,давящий,задавить,задавиться,задавленность,задавленный,задавливать,задавливаться,надавить,надавливать,надавливаться,отдавить,отдавливать,отдавливаться,передавить,передавливать,подавить,подавиться,подавление,подавленность,подавленный,подавливать,подавлять,подавляющий,придавить,придавленность,придавленный,придавливать,придавливаться,продавить,продавиться,продавленный,продавливать,продавливаться,раздавить,раздавливать,раздавливаться,сдавить,сдавленный,сдавливать,сдавливаться,удав,удавить,удавиться,удавка,удавление,удавленник,удавовые		28	2997	large,many_prefixes,many_suffixes,corpus_hot		UNREVIEWED			REVIEW	160
страг|строг¹|строж|струг¹|струж¹	страг|строг¹|строж|струг¹|струж¹	97	выстрагивание,выстрагивать,выстрагиваться,выстрогать,выстругать,застрагивать,застрагиваться,застрогать,заструг,застругать,исстрогать,исстругать,настрагивать,настрагиваться,настрогать,настрогаться,настругать,настругаться,настругивать,настругиваться,обстрагивать,обстрагиваться,обстроганный,обстрогать,обструганный,обстругать,обстругивать,обстругиваться,обстружка,острагивать,острагиваться,острогать,остругать,остругивать,остругиваться,отстрагивать,отстрагиваться,отстрогать,отстругать,отстругивать,отстругиваться,перестрагивать,перестрагиваться,перестрогать,перестругать,подстрагивать,подстрагиваться,подстрогать,подстругать,подстругивать,подстругиваться,подстружка,построгать,постругать,пристрагивать,пристрагиваться,пристрогать,пристругать,пристругивать,пристругиваться,прострагивать,прострагиваться,прострогать,простругать,простругивать,простругиваться,сострагивать,сострагиваться,сострогать,сострогаться,сострогнуть,состругать,состругаться,состругивать,состругиваться,состругнуть,соструживать,соструживаться,состружить,строгаль,…(+17)		1	218	large,many_alternations,many_prefixes,in_corpus		UNREVIEWED			REVIEW	158
стар	стар	73	встарь,застарелость,застарелый,застареть,исстари,перестарка,перестарок,подстарок,подстарший,постарелый,постарение,постареть,престарелость,престарелый,престарый,состареться,состарить,состариться,старейшина,старейшинство,старение,старенький,стареть,старехонький,старец,старик,старикан,старикашка,стариковатый,стариковский,старина,старинка,старинный,старинушка,старинщик,старить,стариться,старица,старичина,старичишка,старичище,старичок,старичье,старка,староватый,староста,старостат,старостиха,старость,старуха,старушенция,старушечий,старушка,старушонка,старческий,старчество,старшенький,старший,старшина,старшинский,старшинство,старшинствовать,старшой,старый,старь,старье,старьевщик,старьевщица,сысстари,устаревать,устарелость,устарелый,устареть		25	3200	large,many_prefixes,many_suffixes,corpus_hot		UNREVIEWED			REVIEW	158
тепел|тепл	тепел|тепл	41	затепливать,затепливаться,затеплить,затеплиться,затепло,отепление,отеплитель,отеплительный,отеплить,отеплять,отепляться,оттепель,потепление,потеплеть,ростепель,тепленький,теплеть,теплехонький,теплецо,теплешенький,теплить,теплиться,теплица,тепличка,тепличница,тепличный,тепло,тепловой,теплота,теплушка,теплый,теплынь,тепляк,утепление,утепленный,утеплитель,утеплительный,утеплить,утеплиться,утеплять,утепляться		72	2808	large,many_suffixes,corpus_hot		UNREVIEWED			REVIEW	158
маз	маз	112	вмазать,вмазаться,вмазка,вмазывание,вмазывать,вмазываться,вымазать,вымазаться,вымазка,вымазывание,вымазывать,вымазываться,замазать,замазаться,замазка,замазочный,замазуля,замазывание,замазывать,замазываться,измазать,измазаться,измазывать,измазываться,мазальщик,мазальщица,мазанка,мазанковый,мазануть,мазаный,мазать,мазаться,мазевый,мазила,мазилка,мазка,мазкий,мазница,мазнуть,мазня,мазок,мазчик,мазь,мазюкать,намазать,намазаться,намазчик,намазчица,намазывать,намазываться,намазюкать,обмазать,обмазаться,обмазка,обмазочный,обмазчик,обмазывание,обмазывать,обмазываться,отмазать,отмазывать,отмазываться,перемазать,перемазаться,перемазка,перемазывать,перемазываться,подмазать,подмазаться,подмазка,подмазчик,подмазывать,подмазываться,помазание,помазанник,помазать,помазаться,помазок,помазывать,помазываться,…(+32)		0	0	large,many_prefixes,many_suffixes		UNREVIEWED			REVIEW	157
зем	зем	61	безземелье,безземельный,заземление,заземлить,заземлиться,заземлять,заземляться,земелька,земельный,земец,землистость,землистый,землица,землишка,землища,земля,земляк,земляника,земляничина,земляничка,земляничник,земляничный,землянка,земляной,земляночный,земляческий,землячество,землячка,землячок,земно,земной,земский,земство,земщина,надземный,назем,наземный,наземь,обезземеление,обезземеливание,обезземеливать,обезземелить,оземь,подзем,подземелье,подземка,подземный,позем,поземельный,поземица,поземка,поземный,приземистость,приземистый,приземление,приземлить,приземлиться,приземлять,приземляться,приземной,суземок		36	3456	large,many_prefixes,many_suffixes,corpus_hot		UNREVIEWED			REVIEW	157
снов	снов	32	безосновательность,безосновательный,засновать,обоснование,обоснованность,обоснованный,обосновать,обосноваться,обосновывать,обосновываться,основа,основание,основатель,основательница,основательность,основательный,основать,основаться,основной,основный,основывать,основываться,подоснова,сновалка,сновальный,сновальня,сновальщик,сновальщица,снование,сновать,сноваться,сновка		195	12610	medium_size,many_suffixes,corpus_hot		UNREVIEWED			REVIEW	157
хлад|хлажд|холаж|холо|холод|холож	хлад|хлажд|холаж|холо|холод|холож	70	выхолаживание,выхолаживать,выхолаживаться,выхолодить,выхолодиться,захолодать,захолодеть,захолонуть,исхолодаться,нахолаживать,нахолаживаться,нахолодить,охладевать,охладелый,охладеть,охладитель,охладительный,охладить,охладиться,охлаждать,охлаждаться,охлаждение,охлажденный,охолодеть,переохладить,переохладиться,переохлаждать,переохлаждаться,переохлаждение,перехолодить,похолодание,похолодать,похолодеть,похолоднеть,прохлада,прохладец,прохладительный,прохладить,прохладиться,прохладность,прохладный,прохладца,прохлаждать,прохлаждаться,расхолаживание,расхолаживать,расхолаживаться,расхолодить,расхоложенный,хлад,хладный,холод,холодать,холодеть,холодец,холодильник,холодильный,холодильщик,холодина,холодить,холодище,холодненько,холоднеть,холодно,холодноватый,холодность,холодный,холодовый,холодок,холоженый		11	1177	large,many_alternations,many_prefixes,many_suffixes,in_corpus		UNREVIEWED			REVIEW	156
ниж|низ¹	ниж|низ¹	62	вниз,внизу,донизу,занижать,занижаться,занижение,заниженный,занизить,изнизу,исподнизу,книзу,нанизу,нижний,низ,низенький,низехонько,низина,низинный,низкий,низкость,низменность,низменный,низовка,низовой,низовский,низовье,низок,низом,низость,низший,понижать,понижаться,понижение,пониженный,понизительный,понизить,понизиться,понизовщина,понизовый,понизовье,понизу,принижать,принижаться,принижение,приниженность,приниженный,принизить,снижать,снижаться,снижение,снизить,снизиться,снизу,унижать,унижаться,унижение,униженность,униженный,унизительность,унизительный,унизить,унизиться		34	3462	large,many_prefixes,many_suffixes,corpus_hot		UNREVIEWED			REVIEW	156
сас|сос	сас|сос	91	взасос,всасываемость,всасывание,всасывательный,всасывать,всасываться,всосать,всосаться,высасывание,высасыватель,высасывать,высасываться,высосать,высосаться,досасывать,досасываться,дососать,засасывание,засасывать,засасываться,засос,засосать,иссосать,насасывать,насасываться,насос,насосать,насосаться,насосик,насосный,насосчик,обсасывать,обсасываться,обсосанный,обсосать,обсосаться,отсасывание,отсасывать,отсасываться,отсос,отсосать,отсосный,пересасывать,пересосать,подсасывать,подсасываться,подсос,подсосать,подсосаться,подсосный,подсосок,посасывать,пососать,присасывать,присасываться,присос,присосать,присосаться,присоска,присосный,присосок,присосочный,просасывать,просасываться,просос,прососать,прососаться,рассасывание,рассасывать,рассасываться,рассосать,рассосаться,сосальце,сосальщик,сосание,сосательный,сосать,соска,сосковый,сосок,…(+11)		4	520	large,many_prefixes,many_suffixes,in_corpus		UNREVIEWED			REVIEW	155
стрел	стрел	87	выстрел,выстреливать,выстреливаться,выстрелить,выстрелиться,выстрелять,застреливать,застреливаться,застрелить,застрелиться,застрельщик,застрельщица,застрелять,исстреливать,исстрелять,настреливать,настрелять,настреляться,обстрел,обстреливать,обстреливаться,обстрелянный,обстрелять,обстреляться,отстрел,отстреливать,отстреливаться,отстрелить,отстрельщик,отстрелять,отстреляться,перестреливать,перестреливаться,перестрелка,перестрелять,подстреливать,подстреливаться,подстрелить,пострел,постреленок,постреливать,пострелять,пристрел,пристреливать,пристреливаться,пристрелить,пристрелка,пристрелочный,пристрельный,пристрелять,пристреляться,прострел,простреливать,простреливаться,прострелить,прострелять,расстрел,расстреливать,расстреливаться,расстреляние,расстрелянный,расстрелять,стрела,стрелец,стрелецкий,стреливать,стрелить,стрелка,стрелковый,стреловой,стрелок,стрелочек,стрелочка,стрелочник,стрелочница,стрелочный,стрельба,стрельбище,стрельбищный,стрельнуть,…(+7)		8	645	large,many_prefixes,many_suffixes,in_corpus		UNREVIEWED			REVIEW	155
тверд|тверж|твержд	тверд|тверж|твержд	45	вытвердить,вытвердиться,вытверживание,вытверживать,вытверживаться,затвердевание,затвердевать,затверделость,затверделый,затвердение,затвердеть,затвердить,затверженный,затверживание,затверживать,затверживаться,отвердевание,отвердевать,отверделость,отверделый,отвердение,отвердеть,подтвердительный,подтвердить,подтвердиться,подтверждать,подтверждаться,подтверждение,твердение,твердеть,твердить,твердиться,твердо,твердоватый,твердость,твердый,твердыня,твердь,утвердительность,утвердительный,утвердить,утвердиться,утверждать,утверждаться,утверждение		50	6751	large,many_prefixes,many_suffixes,corpus_hot		UNREVIEWED			REVIEW	155
тереб|треб	тереб|треб	61	востребование,востребовать,востребоваться,вытеребить,вытеребиться,вытребовать,затеребить,затребование,затребовать,истребитель,истребительный,истребительский,истребить,истребление,истреблять,истребляться,истребование,истребовать,натеребить,неистребимость,неистребимый,непотребный,непотребство,отребье,оттеребить,перетеребить,потреба,потребитель,потребительный,потребительский,потребить,потребление,потреблять,потребляться,потребляющий,потребность,потребный,потребовать,потребоваться,растеребить,стребовать,теребильный,теребильщик,теребильщица,теребить,теребиться,теребление,треба,требник,требование,требователь,требовательность,требовательный,требовать,требоваться,употребительность,употребительный,употребить,употребление,употреблять,употребляться		33	2607	large,many_prefixes,many_suffixes,corpus_hot		UNREVIEWED			REVIEW	154
груж|груз	груж|груз	87	выгружать,выгружаться,выгрузить,выгрузиться,выгрузка,выгрузной,выгрузчик,груженый,груз,грузило,грузить,грузиться,грузка,грузнеть,грузность,грузнуть,грузный,грузовик,грузовой,грузчик,грузчица,догружать,догружаться,догрузить,догрузиться,догрузка,загружать,загружаться,загруженность,загрузить,загрузиться,загрузка,загрузнуть,загрузочный,загрузчик,нагружать,нагружаться,нагрузить,нагрузиться,нагрузка,нагрузочный,нагрузчик,недогружать,недогруз,недогрузка,огрузнуть,отгружать,отгружаться,отгрузить,отгрузиться,отгрузка,перегружатель,перегружать,перегружаться,перегруженность,перегруз,перегрузить,перегрузиться,перегрузка,перегрузочный,погружать,погружаться,погружение,погрузить,погрузиться,погрузка,погрузнеть,погрузнуть,погрузочный,погрузчик,подгружать,подгрузить,прогрузить,прогрузиться,разгружать,разгружаться,разгрузить,разгрузиться,разгрузка,разгрузной,…(+7)		6	978	large,many_prefixes,many_suffixes,in_corpus		UNREVIEWED			REVIEW	153
п|пин|пон|пя	п|пин|пон|пя	72	беспрепятственность,беспрепятственный,вопнуть,воспрепятствовать,впяливание,впяливать,впяливаться,впялить,впялиться,выпяливание,выпяливать,выпяливаться,выпялить,выпялиться,запинание,запинаться,запинка,запнуться,запонка,запонь,засупонивать,засупониваться,засупонить,напнуться,напяливание,напяливать,напяливаться,напялить,напялиться,отпяливать,отпялить,перепонка,перепоночный,перепончатый,пересупонить,пинать,пинаться,пнуть,понева,поневница,попона,попонный,препинание,препона,препятствие,препятствовать,присупонивать,присупониваться,присупонить,пялить,пялиться,пялка,пяльцы,распинать,распинаться,распяливание,распяливать,распяливаться,распялить,распятие,распятый,распять,рассупонивать,рассупониваться,рассупонить,рассупониться,спяливать,спяливаться,спялить,супонить,супониться,супонь		6	420	large,many_alternations,many_prefixes,many_suffixes,in_corpus		UNREVIEWED			REVIEW	153
лин²	лин²	29	излиновать,излиноваться,линеечка,линеечный,линейка,линейность,линейный,линейчатый,линийка,линия,линовальный,линовальщик,линование,линовать,линоваться,линовка,линовщик,линовщица,налиновать,перелиновать,перелиновывать,перелиновываться,полиновать,пролиновать,разлинованный,разлиновать,разлиновка,разлиновывать,разлиновываться		64	3328	medium_size,many_prefixes,many_suffixes,corpus_hot		UNREVIEWED			REVIEW	153
пал²|пол⁴	пал²|пол⁴	28	выпалывание,выпалывать,выпалываться,выполоть,выполоться,допалывать,допалываться,дополоть,наполоть,отполоть,перепалывать,перепалываться,переполоть,полка,пололка,полольник,полольный,полольщик,полольщица,полоть,полоться,пополоть,пропалывать,пропалываться,прополка,прополоть,прополочный,сполоть		89	5024	medium_size,many_prefixes,corpus_hot		UNREVIEWED			REVIEW	153
сут|сущ	сут|сущ	28	насущность,насущный,осуществимость,осуществимый,осуществить,осуществиться,осуществление,осуществлять,осуществляться,отсутствие,отсутствовать,присутственный,присутствие,присутствовать,присутствующий,присущий,просуществовать,сосуществование,сосуществовать,суть,существенность,существенный,существительное,существо,существование,существовать,сущий,сущность		143	13420	medium_size,many_suffixes,corpus_hot		UNREVIEWED			REVIEW	153
толст|толщ	толст|толщ	28	потолстеть,растолстеть,толстенный,толстенький,толстеть,толстить,толстоватый,толстота,толстотный,толстун,толстунья,толстуха,толстушка,толстущий,толстый,толстяк,толстянковые,толстячка,толща,толщина,толщинка,толщь,утолстить,утолститься,утолщать,утолщаться,утолщение,утолщенный		88	7216	medium_size,many_suffixes,corpus_hot		UNREVIEWED			REVIEW	153
таск|тасч|тащ	таск|тасч|тащ	106	встаскивание,встаскивать,встаскиваться,встащить,встащиться,втаскать,втаскивание,втаскивать,втаскиваться,втащить,втащиться,вытаскать,вытаскивание,вытаскивать,вытаскиваться,вытащить,вытащиться,дотаскать,дотаскаться,дотаскивать,дотаскиваться,дотащить,дотащиться,затасканность,затасканный,затаскать,затаскаться,затаскивание,затаскивать,затаскиваться,затащить,затащиться,истасканный,истаскать,истаскаться,истаскивать,истаскиваться,натаска,натаскать,натаскаться,натаскивание,натаскивать,натаскиваться,натасчик,натащить,оттаскать,оттаскаться,оттаскивать,оттаскиваться,оттащить,оттащиться,перетаскать,перетаскивать,перетаскиваться,перетащить,перетащиться,подтаскать,подтаскивать,подтаскиваться,подтащить,подтащиться,понатаскать,потасканный,потаскать,потаскаться,потаскивать,потаскуха,потаскушка,потащить,потащиться,притаскивать,притаскиваться,притащить,притащиться,протаскать,протаскаться,протаскивать,протаскиваться,протащить,протащиться,…(+26)		0	0	large,many_prefixes,many_suffixes		UNREVIEWED			REVIEW	151
форм	форм	59	бесформенность,бесформенный,обесформить,отформовать,отформоваться,отформовывать,отформовываться,оформитель,оформительница,оформительский,оформительство,оформить,оформиться,оформление,оформлять,оформляться,переформирование,переформировать,переформироваться,переформировка,переформировывать,переформировываться,переформовать,переформовка,проформа,расформирование,расформированный,расформировать,расформировка,расформировывать,сформирование,сформировать,сформироваться,сформировывать,сформировываться,сформовать,сформоваться,сформовка,сформовывать,сформовываться,форма,форменка,форменный,формирование,формированный,формировать,формироваться,формировка,формировочный,формировщик,формовальный,формование,формовать,формоваться,формовка,формовой,формовочный,формовщик,формовщица		47	8000	large,many_suffixes,corpus_hot		UNREVIEWED			REVIEW	151
врем	врем	26	безвременность,безвременный,безвременье,вовремя,временами,временить,временник,временной,временность,временный,временщик,времечко,время,времянка,осовременивать,осовремениваться,осовременить,осовремениться,повременить,повременный,повременщик,повременщица,современник,современница,современность,современный		261	12096	medium_size,many_suffixes,corpus_hot		UNREVIEWED			REVIEW	151
пол²	пол²	26	всполье,заполевать,заполье,запольный,ополячивать,ополячиваться,ополячить,ополячиться,поле,полевать,полевица,полевка,полевой,поленика,поленица,полька,польский,полюшко,поляк,поляна,поляне,полянка,полячка,предполье,сполье,спольный		164	9867	medium_size,many_suffixes,corpus_hot		UNREVIEWED			REVIEW	151
мат²|мот	мат²|мот	105	взмотнуть,вматывать,вматываться,вмотать,вмотаться,выматывание,выматывать,выматываться,вымотать,вымотаться,доматывать,доматываться,домотать,домотаться,заматывание,заматывать,заматываться,замотать,замотаться,изматывание,изматывать,изматываться,измотать,измотаться,мот,моталка,мотальный,мотальня,мотальщик,мотальщица,мотание,мотаный,мотать,мотаться,мотка,мотнуть,мотнуться,мотня,мотовило,мотовильщик,мотовильщица,мотовка,мотовской,мотовство,моток,моточный,мотушка,намотать,намотаться,намотка,намоточный,намотчик,намотчица,обматывать,обматываться,обмотать,обмотаться,обмотка,обмоточный,обмотчик,обмотчица,отматывать,отматываться,отмотать,отмотаться,отмотка,перематывальшик,перематывальщица,перематывание,перематывать,перематываться,перемотать,перемотка,перемоточный,подматывать,подматываться,подмотать,подмотка,поматывать,помотать,…(+25)		0	0	large,many_prefixes,many_suffixes		UNREVIEWED			REVIEW	150
ясн	ясн	48	выяснение,выясняться,изъяснение,изъяснительный,изъяснять,изъясняться,невыясненность,неизъяснимый,необъяснимо,необъяснимость,объяснение,объяснимый,объяснительный,объяснить,объясниться,объяснять,объясняться,пояснение,пояснитель,пояснительный,поясняться,прояснение,прояснеть,прояснивать,проясниваться,прояснить,проясниться,прояснять,проясняться,разъяснение,разъясниваться,разъяснительный,разъяснить,разъясниться,разъяснять,разъясняться,уяснение,уяснить,уясниться,уяснять,уясняться,яснеть,яснехонький,ясниться,ясность,яснота,яснотка,ясный		42	4888	large,many_prefixes,many_suffixes,corpus_hot		UNREVIEWED			REVIEW	150
дум	дум	82	бездумный,бездумье,вдуматься,вдумчивость,вдумчивый,вдумываться,вздумать,вздуматься,выдумать,выдуматься,выдумка,выдумщик,выдумщица,выдумывание,выдумывать,выдумываться,додумать,додуматься,додумывать,додумываться,дума,думать,думаться,думец,думка,думный,думский,думушка,задуманный,задумать,задуматься,задумчивость,задумчивый,задумывать,задумываться,навыдумывать,надуманность,надуманный,надумать,надуматься,надумывать,недуманно,обдуманность,обдуманный,обдумать,обдумывание,обдумывать,обдумываться,одуматься,одумываться,отдумать,отдумывать,передумать,передумывать,передумываться,подумать,подуматься,подумывать,пораздумать,пораздуматься,придуманный,придумать,придумщик,придумщица,придумывать,придумываться,призадуматься,призадумываться,продуманность,продуманный,продумать,продумывать,продумываться,раздумать,раздуматься,раздумчивый,раздумывание,раздумывать,раздумываться,раздумье,…(+2)		7	978	large,many_prefixes,many_suffixes,in_corpus		UNREVIEWED			REVIEW	149
пе|по³	пе|по³	85	воспевание,воспеватель,воспевать,воспеваться,воспеть,воспеться,вспетушиться,выпевать,выпеть,допевать,допеваться,допеть,допеться,запев,запевала,запевальщик,запевать,запевка,запетушиться,запетый,запеть,напев,напевать,напеваться,напевность,напевный,напеть,напеться,нараспев,отпевание,отпевать,отпеваться,отпетый,отпеть,певать,певец,певица,певичка,певун,певунья,певучесть,певучий,певческий,певчий,пение,перепев,перепевать,перепеваться,перепеть,песельник,песенка,песенник,песенница,песенный,песнь,песня,петух,петуший,петушиный,петушиться,петушок,петый,петь,петься,пеун,подпевала,подпевать,подпеть,попевать,попетушиться,попеть,поющий,припев,припевать,пропеть,распев,распевать,распеваться,распетушиться,распеть,…(+5)		3	1759	large,many_prefixes,many_suffixes,in_corpus		UNREVIEWED			REVIEW	148
кис¹	кис¹	70	выкисание,выкисать,выкиснуть,докисать,докиснуть,закисание,закисать,закисленность,закиснуть,закись,кисель,кисельный,кисленький,кислеца,кислинка,кислить,кислица,кисличник,кисличные,кислованный,кисловатость,кисловатый,кисловать,кисловка,кисловщик,кисловщица,кислота,кислотность,кислотный,кислотца,кислый,кисляй,кислятина,киснуть,накисать,накиснуть,недокись,окисать,окисел,окисление,окислитель,окислительный,окислить,окислиться,окислять,окисляться,окись,перекисать,перекислить,перекислять,перекиснуть,перекись,подкисление,прокисать,прокислый,прокиснуть,прокисший,раскисать,раскисление,раскислитель,раскислить,раскислять,раскиснуть,скисать,скисаться,скислый,скиснуть,скиснуться,укисать,укиснуть		18	1617	large,many_prefixes,many_suffixes,in_corpus		UNREVIEWED			REVIEW	148
вес⁴|вс	вес⁴|вс	22	весь,весьма,вовсе,вовсю,все,всегда,всегдашний,всюду,всякий,всяко,всячески,всяческий,всячина,всячинка,завсегда,завсегдатай,завсегдашний,навсегда,насовсем,отовсюду,повсюду,совсем		123	4111	medium_size,many_suffixes,corpus_hot		UNREVIEWED			REVIEW	147
сал²|сол¹	сал²|сол¹	83	бессолевой,высолить,высолиться,досаливать,досаливаться,досол,досолить,досолка,засаливание,засаливать,засаливаться,засол,засоление,засоленность,засоленный,засолить,засолиться,засолка,засолочный,засольный,засольщик,засольщица,насаливать,насаливаться,насолить,недосол,обсолить,пересаливать,пересаливаться,пересол,пересолить,подсаливать,подсаливаться,подсол,подсолить,подсолка,посаливать,посол,посолить,присаливать,присаливаться,присолить,просаливать,просаливаться,просол,просолить,просолиться,рассол,рассольник,рассольный,солевой,соление,соленость,соленый,соленье,солильный,солильня,солильщик,солить,солиться,солка,солкий,солонец,солонина,солонинный,солоница,солонка,солоно,солоноватость,солоноватый,солонцеватый,солонцовый,солончак,солончаковый,соль,сольца,солянка,соляной,усаливать,усаливаться,…(+3)		3	367	large,many_prefixes,many_suffixes,in_corpus		UNREVIEWED			REVIEW	146
бав	бав	76	вдобавок,добавить,добавка,добавление,добавлять,добавляться,добавок,добавочный,забава,забавить,забавлять,забавляться,забавник,забавница,забавность,забавный,избавитель,избавительница,избавительный,избавить,избавиться,избавление,избавлять,избавляться,набавить,набавиться,набавка,набавлять,набавляться,набавочный,надбавить,надбавка,надбавлять,надбавляться,надбавочный,отбавить,отбавка,отбавлять,отбавляться,подбавить,подбавиться,подбавка,подбавлять,подбавляться,позабавить,позабавиться,посбавить,поубавить,прибавить,прибавиться,прибавка,прибавление,прибавлять,прибавочный,пробавляться,разбавитель,разбавить,разбавиться,разбавка,разбавление,разбавленный,разбавлять,разбавляться,сбавить,сбавиться,сбавка,сбавлять,сбавляться,сбавочник,сбавочный,убавить,убавиться,убавка,убавление,убавлять,убавляться		10	920	large,many_prefixes,many_suffixes,in_corpus		UNREVIEWED			REVIEW	146
во(j)²	во(j)²	36	воевать,военизация,военизировать,военизироваться,военный,военщина,воин,воинский,воинственность,воинственный,воинство,воинствующий,воитель,воительница,война,войско,войсковой,вояка,довоеваться,довоенный,завоевание,завоеватель,завоевательница,завоевательный,завоевать,завоевывать,завоевываться,навоеваться,отвоевать,отвоеваться,отвоевывать,отвоевываться,повоевать,предвоенный,провоевать,развоеваться		50	3520	medium_size,many_prefixes,many_suffixes,corpus_hot		UNREVIEWED			REVIEW	146
сл¹|сол²|сыл	сл¹|сол²|сыл	79	воссылать,воссылаться,выслать,высылать,высылаться,высылка,дослать,досылать,досылаться,досылка,засылание,засылать,засылаться,засылка,наслать,насылать,насылаться,отослать,отсылать,отсылаться,отсылка,отсылочный,переслать,пересылать,пересылаться,пересылка,пересылочный,пересыльный,подослать,подсыл,подсылать,подсылаться,посланец,послание,посланник,посланница,посланнический,посланный,послать,посол,посольский,посольство,посыл,посылать,посылаться,посылка,посылочный,посыльный,предпослать,предпосылать,предпосылаться,предпосылка,прислать,присыл,присылать,присылаться,присылка,разослать,рассылать,рассылаться,рассылка,рассылочный,рассыльный,слать,слаться,сосланный,сослать,сослаться,спосылать,ссылать,ссылаться,ссылка,ссылочный,ссыльная,ссыльный,услать,усылать,усылаться,усылка		6	1396	large,many_prefixes,many_suffixes,in_corpus		UNREVIEWED			REVIEW	145
част²|чащ²	част²|чащ²	27	зачастить,зачастую,почасту,участить,участиться,учащательный,учащать,учащаться,учащение,учащенный,частенько,частехонько,частик,частиковый,частить,частость,частота,частотность,частотный,частуха,частушечник,частушечница,частушечный,частушка,частый,чаща,чащоба		73	4344	medium_size,many_suffixes,corpus_hot		UNREVIEWED			REVIEW	145
класс	класс	20	бесклассовый,деклассированный,деклассироваться,доклассовый,класс,классик,классика,классификатор,классификационный,классификация,классифицировать,классицизм,классицистический,классический,классность,классный,классовость,классовый,надклассовый,подкласс		82	5084	medium_size,many_suffixes,corpus_hot		UNREVIEWED			REVIEW	145
волн¹	волн¹	20	взволнованно,взволнованность,взволнованный,взволновать,взволноваться,волна,волнение,волнистость,волнистый,волновать,волноваться,волновой,волнующий,заволноваться,изволноваться,переволновать,переволноваться,поволноваться,разволновать,разволноваться		82	3526	medium_size,many_prefixes,corpus_hot		UNREVIEWED			REVIEW	145
пил	пил	83	выпиливание,выпиливать,выпиливаться,выпилить,выпилиться,выпилка,выпиловка,выпиловочный,допиливать,допиливаться,допилить,запиливать,запиливаться,запилить,запиловка,надпил,надпиливать,надпиливаться,надпилить,надпилка,напиливать,напиливаться,напилить,напилок,напилочный,напильник,опиливать,опиливаться,опилить,опилки,опиловка,опиловочный,опиловщик,опилочный,отпиливать,отпиливаться,отпилить,отпилка,перепиливать,перепиливаться,перепилить,пила,пиление,пиленый,пиликать,пилильщик,пилить,пилиться,пилка,пиловочник,пильный,пильня,пильчатый,пильщик,подпиливать,подпиливаться,подпилить,подпилка,подпилковый,подпилок,подпилочный,попилить,пропил,пропиливать,пропиливаться,пропиликать,пропилить,пропилка,распил,распиливать,распиливаться,распилить,распилиться,распилка,распиловка,распиловочный,распиловщик,распилочный,спиливать,спиливаться,…(+3)		1	181	large,many_prefixes,many_suffixes,in_corpus		UNREVIEWED			REVIEW	144
черт¹|черч	черт¹|черч	70	вчертить,вчертиться,вчерчивание,вчерчивать,вчерчиваться,вычертить,вычертиться,вычерчивание,вычерчивать,вычерчиваться,дочертить,дочерчивать,дочерчиваться,зачертить,зачертиться,зачерчивание,зачерчивать,зачерчиваться,исчертить,исчертиться,исчерчивать,исчерчиваться,начертание,начертательный,начертать,начертить,начерчивать,начерчиваться,отчертить,отчерчивать,отчерчиваться,очертание,очертить,очерченный,очерчивать,очерчиваться,перечертить,перечерчивание,перечерчивать,перечерчиваться,подчертить,подчерчивать,подчерчиваться,почертить,предначертание,предначертать,причертить,причерчивать,причерчиваться,прочертить,прочерчивать,прочерчиваться,расчертить,расчерчивать,расчерчиваться,счертить,счерчивать,счерчиваться,черта,чертеж,чертежик,чертежник,чертежница,чертежный,чертилка,чертить,чертиться,черточка,черчение,черченный		14	1596	large,many_prefixes,many_suffixes,in_corpus		UNREVIEWED			REVIEW	144
клан|клон	клан|клон	65	кланяться,клонить,клониться,наклон,наклонение,наклонить,наклониться,наклонность,наклонный,наклонять,наклоняться,неуклонность,неуклонный,откланиваться,откланяться,отклонение,отклонить,отклониться,отклонять,отклоняться,поклон,поклонение,поклониться,поклонник,поклонница,поклонный,поклоняться,преклонение,преклонить,преклониться,преклонность,преклонный,преклонять,преклоняться,приклонить,приклониться,приклонять,приклоняться,просклонять,раскланиваться,раскланяться,склон,склонение,склонить,склониться,склонность,склонный,склоняемость,склоняемый,склонять,склоняться,уклон,уклонение,уклонизм,уклонист,уклонистка,уклонистский,уклонить,уклониться,уклонный,уклончивость,уклончивый,уклонщик,уклонять,уклоняться		19	1748	large,many_prefixes,many_suffixes,in_corpus		UNREVIEWED			REVIEW	144
бол²	бол²	19	боле,более,большак,большевизация,большевизировать,большевизироваться,большевизм,большевик,большевистский,большевичка,большенький,большинство,большой,большуха,большущий,набольший,обольшевичивать,обольшевичить,обольшевичиться		202	10636	medium_size,many_suffixes,corpus_hot		UNREVIEWED			REVIEW	144
втор	втор	19	втора,вторить,вторичный,вторник,вторничный,второе,второй,неповторимость,неповторимый,неповторяемый,повтор,повторение,повторительный,повторить,повториться,повторный,повторяемость,повторять,повторяться		140	2618	medium_size,many_suffixes,corpus_hot		UNREVIEWED			REVIEW	144
тап²|топ³	тап²|топ³	80	вытапливать,вытопить,вытопиться,вытопки,дотапливать,дотопить,затапливание,затапливать,затапливаться,затопить,затопиться,затопка,затоплять,затопляться,истопить,истопиться,истопник,истопница,натапливать,натапливаться,натопить,натопиться,обтапливать,обтапливаться,обтопить,отапливать,отапливаться,отопительный,отопить,отопиться,отопленец,отопление,отопленческий,отопляемый,отоплять,отопляться,оттопить,оттопиться,перетапливать,перетапливаться,перетопить,перетопиться,перетопка,подтапливать,подтапливаться,подтопить,подтопка,подтопок,потапливать,протапливание,протапливать,протапливаться,протопить,протопиться,растапливание,растапливать,растапливаться,растопить,растопиться,растопка,растопленный,растоплять,растопляться,растопочный,стапливать,стапливаться,стопить,стопиться,тапливать,топильщик,топильщица,топить,топиться,топка,топление,топленый,топливник,топливный,топливо,топочный		3	309	large,many_prefixes,many_suffixes,in_corpus		UNREVIEWED			REVIEW	143
готав|готов	готав|готов	73	готовальня,готовенький,готовить,готовиться,готовка,готовность,готовый,заготавливание,заготавливать,заготавливаться,заготовитель,заготовительница,заготовительный,заготовить,заготовка,заготовление,заготовлять,заготовляться,заготовочный,заготовщик,заготовщица,изготавливание,изготавливать,изготавливаться,изготовитель,изготовиться,изготовка,изготовление,изготовляться,изготовщик,наготавливать,наготавливаться,наготове,наготовить,наготовиться,наизготовку,переподготавливать,переподготавливаться,переподготовить,переподготовиться,переподготовка,переподготовлять,переподготовляться,подготавливать,подготавливаться,подготовительный,подготовить,подготовиться,подготовка,подготовленность,подготовлять,подготовляться,предуготовить,предуготовлять,предуготовляться,приготавливать,приготавливаться,приготовительный,приготовить,приготовиться,приготовишка,приготовление,приготовлять,приготовляться,приуготовительный,приуготовить,приуготовлять,приуготовляться,сготовить,уготавливать,уготовать,уготовить,уготовлять		10	810	large,many_prefixes,many_suffixes,in_corpus		UNREVIEWED			REVIEW	143
бред|брес|брод|брож	бред|брес|брод|брож	65	бред,бредень,бредина,бредить,бредиться,бредни,бредовой,брести,брод,бродильный,бродильня,бродить,бродяга,бродяжество,бродяжий,бродяжить,бродяжка,бродяжничать,бродяжнический,бродяжничество,бродяжный,бродячий,брожение,вброд,взбредать,взбрести,вразброд,выбредать,выбрести,выбродить,добредать,добрести,забредать,забредить,забрести,забродить,избродить,избродяжничаться,набредать,набрести,набродиться,отбрести,отбродить,перебрести,перебродить,побрести,побродить,побродяга,подбрести,прибредать,прибрести,пробредить,пробрести,пробродить,разбредаться,разбрестись,разброд,сбредать,сбредаться,сбредить,сбрести,сбрестись,сброд,сбродить,сбродный		3	330	large,many_alternations,many_prefixes,many_suffixes,in_corpus		UNREVIEWED			REVIEW	143
скак|скач|скок|скоч	скак|скач|скок|скоч	82	вприскочку,вскакать,вскакивание,вскакивать,вскачь,вскок,выскакать,выскакивание,выскакивать,выскакнуть,выскочить,выскочка,доскакать,доскакивать,доскочить,заскакать,заскакивать,заскок,заскочить,наскакать,наскакаться,наскакивать,наскок,наскоком,наскочить,обскакать,обскакивать,обскакиваться,обскочить,отскакать,отскакивать,отскакнуть,отскок,отскочить,перескакать,перескакивать,перескакнуть,перескочить,повскакать,повскакивать,подскакать,подскакивать,подскакнуть,подскок,подскочить,поскакать,поскок,привскакивать,привскочить,прискакать,прискакивать,прискакнуть,прискочить,проскакать,проскакивать,проскакнуть,проскочить,расскакаться,скак,скакалка,скакальный,скакание,скакануть,скакательный,скакать,скакнуть,скаковой,скакун,скакунок,скакунчик,скакунья,скакуха,скачка,скачок,скок,соскакивать,соскакнуть,соскок,соскочить,ускакать,…(+2)		0	5	large,many_alternations,many_prefixes,many_suffixes		UNREVIEWED			REVIEW	142
гля|гляд	гля|гляд	74	безоглядный,беспроглядный,вглядеться,вглядывание,вглядываться,взгляд,взглядывать,взглянуть,взглянуться,вприглядку,выглядеть,выглядывание,выглядывать,выглянуть,глядеть,глядеться,глядь,глянуть,доглядеть,доглядывать,загляденье,заглядеться,заглядывание,заглядывать,заглядываться,заглянуть,наглядеться,наглядность,наглядный,неоглядность,неоглядный,неприглядность,неприглядный,непроглядный,обглядеть,обглядеться,обглядывать,обглядываться,оглядеть,оглядеться,оглядка,оглядывать,оглядываться,оглянуть,оглянуться,переглядеть,переглядывание,переглядывать,переглядываться,переглянуться,поглядение,поглядеть,поглядеться,поглядывать,подглядеть,подглядывать,понаглядеться,приглядеть,приглядеться,приглядка,приглядывать,приглядываться,приглянуть,приглянуться,проглядеть,проглядывать,проглядываться,проглянуть,разглядеть,разглядывать,разглядываться,соглядатай,соглядатайствовать,углядеть		8	606	large,many_prefixes,many_suffixes,in_corpus		UNREVIEWED			REVIEW	142
ум	ум	73	безуметь,безумец,безумие,безумный,безумство,безумствовать,вразумительность,вразумительный,вразумить,вразумиться,вразумление,вразумлять,вразумляться,заумник,заумничать,заумный,заумь,изумительный,изумить,изумиться,изумление,изумленный,изумлять,изумляться,изумничаться,надоумить,надоумливать,наобум,недоразумение,недоумевать,недоумение,недоуменный,недоумие,недоумок,неразумие,обезумевший,обезуметь,образумить,образумиться,подразумевать,подразумеваться,поумнеть,поумничать,поумствовать,разум,разумение,разуметь,разуметься,разумник,разумница,разумность,разумный,суметь,ум,умелец,умелый,умение,уметь,умишко,умише,умненький,умнеть,умник,умница,умничанье,умничать,умный,умственный,умствование,умствовать,уразумевать,уразумение,уразуметь		9	1104	large,many_prefixes,many_suffixes,in_corpus		UNREVIEWED			REVIEW	142
прям	прям	44	впрямить,впрямую,впрямь,выпрямитель,выпрямительный,выпрямить,выпрямиться,выпрямление,выпрямлять,выпрямляться,заупрямиться,испрямить,испрямиться,испрямлять,испрямляться,напрямик,напрямки,переупрямить,поупрямиться,прямехонький,прямизна,прямиком,прямило,прямить,прямленый,прямо,прямой,прямота,распрямить,распрямиться,распрямление,распрямлять,распрямляться,спрямительный,спрямить,спрямление,спрямлять,спрямляться,упрямец,упрямиться,упрямица,упрямство,упрямствовать,упрямый		38	1958	large,many_prefixes,many_suffixes,corpus_hot		UNREVIEWED			REVIEW	142
перв	перв	17	впервинку,впервой,впервые,наперво,первач,первейший,первенец,первенство,первенствовать,первенствующий,первенький,первеющий,первинка,первичность,первичный,первый,сперва		122	5124	medium_size,many_suffixes,corpus_hot		UNREVIEWED			REVIEW	142
нов	нов	39	внове,вновь,возобновить,возобновиться,возобновление,возобновлять,возобновляться,заново,наново,новеть,новехонький,новешенький,новизна,новина,новинка,новшество,новый,обнова,обновитель,обновительный,обновить,обновиться,обновка,обновленец,обновление,обновленный,обновленческий,обновленчество,обновлять,обновляться,подновиться,подновление,подновлять,подновляться,поновить,поновлять,поновляться,снова,сызнова		42	2646	medium_size,many_prefixes,many_suffixes,corpus_hot		UNREVIEWED			REVIEW	141
пит|пич¹|пищ²	пит|пич¹|пищ²	61	воспитание,воспитанник,воспитанница,воспитанность,воспитанный,воспитатель,воспитательница,воспитательный,воспитательский,воспитательство,воспитать,воспитаться,воспитывать,воспитываться,впитать,впитаться,впитывание,впитывать,впитываться,запичкать,напитать,напитаться,напитывание,напитывать,напитываться,напичкать,напичкаться,перевоспитание,перевоспитать,перевоспитаться,перевоспитывать,перевоспитываться,питание,питатель,питательность,питательный,питать,питаться,питомец,питомица,питомниковый,питомнический,пичкать,пичкаться,пища,пищевик,пищевой,пропитание,пропитать,пропитаться,пропитка,пропиточный,пропитывание,пропитывать,пропитываться,упитать,упитанность,упитанный,упитывать,упитываться,упичкать		19	1864	large,many_prefixes,many_suffixes,in_corpus		UNREVIEWED			REVIEW	140
гад²|гаж	гад²|гаж	24	гад,гаденыш,гаденький,гадина,гадить,гадкий,гадливость,гадливый,гадостный,гадость,гадюка,гадючий,загадить,загаживать,загаживаться,изгадить,изгадиться,изгаживать,изгаживаться,нагадить,перегадить,перегаживать,подгадить,подгаживать		1	27	medium_size,old_reject,many_prefixes,many_suffixes,in_corpus		SAFE_ONE_FAMILY		Гад и гадость в современном языке одна оценочная семья.	REVIEW	140
ков|ку¹	ков|ку¹	94	вковать,вковаться,вковывание,вковывать,вковываться,выковать,выковаться,выковывание,выковывать,выковываться,доковать,доковывать,доковываться,закованный,заковать,заковка,заковывание,заковывать,заковываться,коваль,кованый,ковать,коваться,ковка,ковкий,ковочный,ковы,кузнец,кузнецкий,кузнечик,кузнечный,кузница,кузничный,кузня,надковать,надковывать,надковываться,наковальня,наковать,наковка,наковывать,наковываться,окованный,оковать,оковка,оковы,оковывать,оковываться,отковать,отковаться,отковка,отковывать,отковываться,перековать,перековка,перековывать,перековываться,подкова,подкованность,подковать,подковаться,подковка,подковывать,подковываться,поковать,поковка,поковочный,прикованный,приковать,приковывать,приковываться,проковать,проковка,проковочный,проковывать,проковываться,расковать,расковаться,расковка,расковочный,…(+14)		0	0	large,many_prefixes,many_suffixes		UNREVIEWED			REVIEW	139
колач|колот|колоч	колач|колот|колоч	75	вколачивание,вколачивать,вколачиваться,вколотить,вколотиться,вколотной,вколоченный,выколачивание,выколачивать,выколачиваться,выколотить,выколотиться,выколотка,доколачивать,доколачиваться,доколотить,заколачивание,заколачивать,заколачиваться,заколотить,заколотиться,исколачивать,исколотить,исколотиться,колотило,колотить,колотиться,колотовка,колотушка,колотьба,колоченый,наколачивать,наколачиваться,наколотить,наколотиться,обколачивать,обколачиваться,обколотить,обколотиться,околачивать,околачиваться,околотиться,околотка,околоток,околоточный,отколачивать,отколотить,переколачивать,переколачиваться,переколотить,переколотиться,подколачивать,подколачиваться,подколотить,поколачивать,поколотить,поколотиться,приколачивать,приколачиваться,проколачивать,проколачиваться,проколотить,расколачивать,расколачиваться,расколотить,расколотиться,сколачивание,сколачивать,сколачиваться,сколотить,сколотиться,сколотчик,уколачивать,уколачиваться,уколотить		4	170	large,many_prefixes,many_suffixes,in_corpus		UNREVIEWED			REVIEW	139
жар	жар	74	выжаривание,выжаривать,выжариваться,выжарить,выжариться,выжарки,дожаривание,дожаривать,дожариваться,дожарить,дожариться,жар,жара,жарево,жареный,жаренье,жарить,жариться,жарища,жаркий,жаркое,жаровня,жаровой,жарок,жарынь,зажаривать,зажариваться,зажарить,зажариться,изжарить,изжариться,нажаривать,нажариваться,нажарить,нажариться,обжаривать,обжариваться,обжарить,обжариться,обжарка,обжарщица,отжаривать,отжарить,пережаривать,пережариваться,пережарить,пережариться,поджаривание,поджаривать,поджариваться,поджаристость,поджаристый,поджарить,поджариться,поджарка,поджарый,пожар,пожарить,пожариться,пожарище,пожарник,пожарный,прижарить,прожаривать,прожариваться,прожарить,прожариться,прожарка,сжарить,сжариться,ужаривать,ужариваться,ужарить,ужариться		5	357	large,many_prefixes,many_suffixes,in_corpus		UNREVIEWED			REVIEW	139
цел²	цел²	49	бесцельность,бесцельный,зацеловать,зацеловаться,исцеление,исцелитель,исцелить,исцелиться,исцелять,исцеляться,нацело,нацеловаться,перецеловать,перецеловаться,поцеловать,поцеловаться,поцелуй,поцелуйный,расцеловать,расцеловаться,расцеловывать,расцеловываться,уцелеть,целебность,целебный,целизна,целик,целиком,целина,целинник,целинный,целитель,целительность,целительный,целить,целкач,целковенький,целковик,целковый,целовальник,целовальный,целование,целовать,целоваться,целостность,целостный,целость,целый,цельный		30	2148	large,many_prefixes,many_suffixes,corpus_hot		UNREVIEWED			REVIEW	139
кол²	кол²	49	заколесить,закольцевать,исколесить,колеистый,колесико,колесить,колесник,колесница,колесничный,колесный,колесо,колесование,колесовать,колесоваться,колесчатый,колечко,колея,кольцевание,кольцеватый,кольцевать,кольцеваться,кольцевой,кольцо,кольчатый,кольчуга,кольчужный,коляска,колясочка,колясочник,колясочный,околесина,околесить,околесица,околесная,околица,околичность,околичный,около,околыш,окольничество,окольничий,окольный,окольцевать,окольцовывание,окольцовывать,окольцовываться,подколесный,поколесить,проколесить		45	2610	large,many_suffixes,corpus_hot		UNREVIEWED			REVIEW	139
пах²|паш²	пах²|паш²	77	вспахать,вспахаться,вспахивание,вспахивать,вспахиваться,вспашка,выпахать,выпахаться,выпахивание,выпахивать,выпахиваться,выпашка,допахать,допахивать,допахиваться,допашка,запахать,запахивание,запахивать,запахиваться,запахнуть,запашка,запашник,запашный,испахать,испахаться,испахивать,испахиваться,напахать,напахаться,напахивать,опахать,опахивать,опахиваться,опашка,отпахать,отпахаться,пахание,паханый,пахарь,пахать,пахота,пахотный,пашенка,пашенный,пашня,перепахать,перепахивание,перепахивать,перепахиваться,перепашка,подпахать,подпахивать,подпахиваться,подпахотный,подпашной,попахать,припахать,припахивать,припашка,пропахать,пропахивание,пропахивать,пропахиваться,пропашка,пропашник,пропашной,распахать,распахивать,распахиваться,распашка,распашник,распашной,роспашь,спахать,спахивать,спахиваться		1	197	large,many_prefixes,many_suffixes,in_corpus		UNREVIEWED			REVIEW	138
страст²|страх|страш|стращ	страст²|страх|страш|стращ	59	бесстрашие,бесстрашный,застрахованный,застраховать,застраховаться,застраховывать,застраховываться,застращать,застращивание,застращивать,застращиваться,настращать,неустрашимость,неустрашимый,острастка,перестраховать,перестраховаться,перестраховка,перестраховочный,перестраховщик,перестраховщица,перестраховывать,перестраховываться,подстраховка,постращать,пристрастить,пристращать,пристращаться,пристращивать,пристращиваться,страсть,страх,страховальщик,страхование,страхователь,страховать,страховаться,страховик,страховитый,страховка,страховой,страховочный,страховщик,страшенный,страшила,страшилище,страшить,страшиться,страшноватый,страшный,стращание,стращать,устрашать,устрашаться,устрашение,устрашенный,устрашительный,устрашить,устрашиться		4	451	large,many_alternations,many_prefixes,many_suffixes,in_corpus		UNREVIEWED			REVIEW	138
луч⁴	луч⁴	28	дополучать,дополучаться,дополучение,дополучить,дополучка,залучать,залучаться,залучить,заполучить,получатель,получательница,получательский,получать,получаться,получение,получить,получиться,получка,прилучить,случай,случайность,случайный,случаться,случиться,улучать,улучаться,улучить,улучиться		174	12184	medium_size,corpus_hot		UNREVIEWED			REVIEW	138
тап¹|топ¹	тап¹|топ¹	92	втаптывание,втаптывать,втаптываться,втоптать,втоптаться,вытаптывание,вытаптывать,вытаптываться,вытоптать,вытоптаться,затаптывание,затаптывать,затаптываться,затопать,затопотать,затоптать,истаптывать,истаптываться,истоптанный,истоптать,истоптаться,натаптывать,натаптываться,натопать,натопаться,натоптать,натоптаться,обтаптывать,обтаптываться,обтоптать,отаптывать,отаптываться,отопок,отоптать,оттаптывать,оттаптываться,оттопать,оттоптать,перетаптывать,перетоптать,подтаптывать,подтоптать,потаптывать,потопать,потоптать,потоптаться,потопывать,притаптывать,притаптываться,притопнуть,притоптать,притоптаться,притопывать,протаптывать,протаптываться,протопать,протоптать,протоптаться,растаптывать,растоптанный,растоптать,растоптаться,стаптывание,стаптывать,стаптываться,стоптанный,стоптать,стоптаться,тапки,тапочки,таптывать,топанье,топ,топануть,топать,топнуть,топот,топотать,топотня,топтание,…(+12)		0	228	large,many_prefixes,many_suffixes		UNREVIEWED			REVIEW	137
стег¹|стег|стеж¹|стяж²	стег¹|стег|стеж¹|стяж²	76	выстегать,выстегивать,выстегиваться,выстегнуться,достегать,застегать,застегивание,застегивать,застегиваться,застегнуть,застегнуться,застежка,исстегать,исстегаться,исстегивать,настегать,настегивать,настегиваться,отстегать,отстегивать,отстегиваться,отстегнуть,отстегнуться,отстежка,отстежной,перестегать,перестегивать,перестегиваться,перестегнуть,перестежка,подстегать,подстегивать,подстегиваться,подстегнуть,подстежка,подстежной,постегать,постегивать,пристегать,пристегивать,пристегиваться,пристегнуть,пристежка,пристежной,пристяжка,пристяжной,пристяжь,простегать,простегивать,простегиваться,простежка,расстегай,расстегайчик,расстегивать,расстегиваться,расстегнутый,расстегнуть,расстегнуться,расстежка,расстежной,состегать,состегивать,состегиваться,состегнуть,стегальный,стегальщик,стегальщица,стегание,стеганка,стегануть,стеганый,стегать,стегаться,стегнуть,стежка,стежок		0	0	large,many_alternations,many_prefixes,many_suffixes		UNREVIEWED			REVIEW	136
мах¹|маш	мах¹|маш	74	взмах,взмахивание,взмахивать,взмахиваться,взмахнуть,вразмах,вразмашку,вымахать,вымахаться,вымахивать,вымахиваться,вымахнуть,замах,замахать,замахивание,замахиваться,замахнуть,замахнуться,замашка,мах,махала,махальный,махальщик,махание,махануть,махать,махаться,махивать,махнуть,маховик,маховиковый,маховичок,маховой,наотмашь,обмахать,обмахивать,обмахиваться,обмахнуть,обмахнуться,отмахать,отмахаться,отмахивать,отмахиваться,отмахнуть,отмахнуться,отмашка,перемахивать,перемахнуть,перемахнуться,подмахивать,подмахиваться,подмахнуть,помахать,помахаться,помахивать,помахиваться,промах,промахать,промахиваться,промахнуться,промашка,размах,размахаться,размахивать,размахиваться,размахнуть,размахнуться,размашистость,размашистый,размашка,смахать,смахивать,смахиваться,смахнуть		2	390	large,many_prefixes,many_suffixes,in_corpus		UNREVIEWED			REVIEW	136
оборач|оборот|обрат|обращ	оборач|оборот|обрат|обращ	26	безоборотный,наоборот,оборачиваемость,оборачивать,оборачиваться,оборот,оборотень,оборотистость,оборотистый,оборотить,оборотиться,оборотливость,оборотливый,оборотность,оборотный,обрат,обратимость,обратимый,обратить,обратиться,обратный,обращаемость,обращать,обращаться,обращение,обращенный		50	2756	medium_size,many_alternations,many_suffixes,corpus_hot		UNREVIEWED			REVIEW	136
печат	печат	70	впечатление,впечатлительность,впечатлительный,впечатляемость,впечатлять,допечатать,допечатка,допечатывание,допечатывать,допечатываться,запечатать,запечататься,запечатлевать,запечатлеваться,запечатлеть,запечатлеться,запечатывание,запечатывать,запечатываться,напечатать,напечататься,напечатлеть,опечатание,опечатать,опечататься,опечатка,опечатывание,опечатывать,опечатываться,отпечатать,отпечататься,отпечатлевать,отпечатлеваться,отпечатлеть,отпечатлеться,отпечаток,отпечатывать,отпечатываться,перепечатать,перепечатка,перепечатывать,перепечатываться,печатание,печатать,печататься,печатка,печатник,печатный,печатня,печаточный,печать,подпечатать,подпечатывать,подпечатываться,припечатать,припечатка,припечатывать,припечатываться,пропечатать,пропечатывать,пропечатываться,распечатать,распечататься,распечатывать,распечатываться,спечатать,упечатать,упечататься,упечатывать,упечатываться		20	2100	large,many_prefixes,corpus_hot		UNREVIEWED			REVIEW	135
кур¹	кур¹	89	вкуриться,воскурение,воскуривать,воскуриваться,воскурить,воскуриться,воскурять,воскуряться,выкуривание,выкуривать,выкуриваться,выкурить,выкуриться,выкурка,докуривание,докуривать,докуриваться,докурить,докуриться,закуривать,закуриваться,закурить,закуриться,закурка,искуривать,искуриваться,искурить,искуриться,курево,курение,куривать,курилка,курильница,курильня,курильщик,курильщица,куритель,курительная,курительный,курить,куриться,курка,курной,курнуть,курящий,накуренный,накуривать,накуриваться,накурить,накуриться,обкуренный,обкуривать,обкуриваться,обкурить,обкуриться,окуривание,окуривать,окуриваться,окурить,окуриться,окурок,перекур,перекуривать,перекуриваться,перекурить,перекуриться,перекурка,подкуривать,подкуриваться,подкурить,подкурка,подкурщик,поднакурить,покуривать,покурить,прикуриватель,прикуривать,прикурить,прокуренный,прокуривать,…(+9)		0	1	large,many_prefixes,many_suffixes		UNREVIEWED			REVIEW	134
вастр|востр|остр|ощр	вастр|востр|остр|ощр	55	востренький,вострец,востро,воструха,вострушка,вострый,заострение,заостренность,заостренный,заострить,заостриться,заострять,заостряться,изощрение,изощренность,изощренный,изощрить,изощриться,изощрять,изощряться,навастривать,навастриваться,навострить,навостриться,наострить,обострение,обостренность,обостренный,обострить,обостриться,обострять,обостряться,остренький,острец,острие,острильный,острить,острица,острог,острога,острожек,острожить,острожник,острожница,острожный,острота,острый,остряк,острячка,подострить,поострить,поощрение,поощрительный,поощрить,поощрять		4	764	large,many_alternations,many_prefixes,many_suffixes,in_corpus		UNREVIEWED			REVIEW	134
тем²|тем|тм|тьм	тем²|тем|тм|тьм	48	впотьмах,втемную,дотемна,затемнение,затемненный,затемнеть,затемнить,затемниться,затемно,затемнять,затемняться,затмевать,затмеваться,затмение,затмить,затмиться,перетемнить,потемки,потемнение,потемнеть,потемнить,притемнить,притемнять,стемнеть,темень,темненький,темненько,темнеть,темнеться,темнехонький,темнешенький,темнить,темниться,темница,темничный,темноватый,темнота,темный,темным,темь,тмиться,тьма,тьмущая,утемнение,утемнить,утемниться,утемнять,утемняться		11	725	large,many_alternations,many_prefixes,many_suffixes,in_corpus		UNREVIEWED			REVIEW	134
мин²|мя¹	мин²|мя¹	72	вминать,вминаться,вмятина,вмятость,вмять,вмяться,выминать,доминать,домять,заминать,заминаться,заминка,замять,замяться,измятый,измять,измяться,мяло,мяльня,мяльщик,мятый,мять,мятье,мяться,наминать,наминаться,наминка,намять,обмин,обминать,обминаться,обминка,обмять,обмяться,отминать,отмять,переминать,переминаться,перемять,перемяться,подминать,подминаться,подмять,помятый,помять,помяться,поразмять,поразмяться,приминать,приминаться,примять,примяться,приумять,приумяться,проминать,проминаться,промять,промяться,разминать,разминаться,разминка,размять,размяться,сминать,сминаться,смять,смяться,уминать,уминаться,умятый,умять,умяться		1	294	large,many_prefixes,many_suffixes,in_corpus		UNREVIEWED			REVIEW	133
лад¹|лаж	лад¹|лаж	67	вразлад,заладить,заладиться,изладить,изладиться,излаживать,лад,лада,ладить,ладиться,ладком,ладно,ладный,ладовый,ладушка,наладить,наладиться,наладка,наладочный,наладчик,наладчица,налаженный,налаживание,налаживать,налаживаться,нелады,обладить,облаживать,отладить,отладка,отлаживать,отлаживаться,переладить,перелаживать,переналадить,переналадка,переналаживать,переналаживаться,подладить,подладиться,подлаживать,подлаживаться,подналадка,поладить,приладить,приладка,прилаживать,прилаживаться,разлад,разладить,разладиться,разладица,разлаженность,разлаженный,разлаживать,разлаживаться,слад,сладить,сладиться,слаженность,слаженный,слаживать,слаживаться,уладить,уладиться,улаживать,улаживаться		6	612	large,many_prefixes,many_suffixes,in_corpus		UNREVIEWED			REVIEW	133
бед|бежд	бед|бежд	65	беда,бедненький,беднеть,бедность,беднота,бедный,бедняга,бедняжечка,бедняжка,бедняк,бедняцкий,беднячество,беднячка,бедовать,бедовый,бедственный,бедствие,бедствование,бедствовать,безбедный,набедствоваться,непобедимость,непобедимый,обеднелый,обеднение,обедненный,обеднеть,обеднить,обеднять,обедняться,переубедить,переубедиться,переубеждать,переубеждаться,победа,победит,победитель,победительница,победитовый,победить,победный,победствовать,побеждать,побежденный,предубеждать,предубеждаться,предубеждение,предубежденность,предубежденный,прибедниваться,прибедниться,прибедняться,разубедить,разубедиться,разубеждать,разубеждаться,убедительность,убедительный,убедить,убедиться,убеждать,убеждаться,убеждение,убежденность,убежденный		8	1487	large,many_prefixes,many_suffixes,in_corpus		UNREVIEWED			REVIEW	133
цен	цен	56	бесценность,бесценный,бесценок,наценивать,нацениваться,наценить,наценка,недооценивать,недооцениваться,недооценить,недооценка,неоцененный,неоценимость,неоценимый,обесценение,обесценивание,обесценивать,обесцениваться,обесценить,обесцениться,оценивать,оцениваться,оценить,оцениться,оценка,оценочный,оценщик,оценщица,переоценивать,переоцениваться,переоценить,переоценка,переценивать,переценить,прицениваться,прицениться,расценивать,расцениваться,расценить,расценка,расценочный,расценщик,уценивать,уцениваться,уценить,уцениться,уценка,цена,ценитель,ценительница,ценить,цениться,ценник,ценностный,ценность,ценный		17	1445	large,many_prefixes,many_suffixes,in_corpus		UNREVIEWED			REVIEW	133
крут|круч¹	крут|круч¹	87	вкрутить,вкрутиться,вкрутую,вкручивать,вкручиваться,выкрутасы,выкрутить,выкрутиться,выкрутка,выкручивание,выкручивать,выкручиваться,докрутить,докрутиться,докручивать,докручиваться,закрутасы,закрутить,закрутиться,закрутка,закручивание,закручивать,закручиваться,искрутить,искрутиться,крутенек,крутизна,крутило,крутильный,крутильня,крутильщица,крутить,крутиться,крутка,крутой,крутость,круча,кручение,крученка,крученый,накрутить,накрутиться,накручивать,накручиваться,обкрутить,обкрутиться,обкручивать,обкручиваться,окрутить,окрутиться,окручивать,окручиваться,открутить,открутиться,откручивать,откручиваться,перекрутить,перекрутиться,перекручивать,перекручиваться,подкрутить,подкручивать,подкручиваться,покрутить,покрутиться,прикрутить,прикручивать,прикручиваться,прокрутить,раскрутить,раскрутиться,раскрутка,раскрутчик,раскручивать,раскручиваться,скрутить,скрутиться,скручивание,скручивать,скручиваться,…(+7)		0	0	large,many_prefixes,many_suffixes		UNREVIEWED			REVIEW	132
лав²|лов	лав²|лов	71	вылавливание,вылавливать,вылавливаться,вылов,выловить,выловиться,долавливать,доловить,излавливать,изловить,изловчаться,изловчиться,лов,ловец,ловецкий,ловить,ловиться,ловкач,ловкачка,ловкий,ловкость,ловля,ловушка,ловчий,ловчила,ловчить,ловчиться,налавливать,наловить,наловиться,наловчиться,недолов,неуловимость,неуловимый,облава,облавный,облавщик,облов,обловщик,отлавливать,отлавливаться,отлов,отловить,перелавливать,перелавливаться,переловить,подлавливать,подлавливаться,половить,приловчиться,словить,словчить,словчиться,улавливание,улавливатель,улавливать,улавливаться,улов,уловимый,уловистость,уловистый,уловитель,уловить,уловка,уловление,уловлять,уловляться,уловный,уловочный,уловчиться,уловщик		1	82	large,many_prefixes,many_suffixes,in_corpus		UNREVIEWED			REVIEW	132
черн	черн	58	впрочернь,вчерне,вычернить,дочерна,зачернение,зачернеть,зачернеться,зачернить,зачернять,зачерняться,исчерна,исчернить,начернить,начерно,очернить,очерниться,очернять,очерняться,перечернить,перечернять,подчернить,подчерниться,почернелый,почернеть,почернить,чернавка,черневый,чернение,черненый,чернеть,чернеться,чернехонький,чернец,чернешенький,черника,чернила,чернильница,чернильный,чернить,черниться,черница,черничина,черничка,черничник,черничный,черноватый,черновик,черновичок,черновой,чернота,чернушка,черный,черным,черныш,чернь,чернявый,чернядь,черняк		14	802	large,many_prefixes,many_suffixes,in_corpus		UNREVIEWED			REVIEW	132
млад|молаж|молод|молож	млад|молаж|молод|молож	48	младенец,младенческий,младенчество,младой,младость,младший,молодайка,молодежный,молодежь,молоденький,молодеть,молодец,молодецкий,молодечество,молодика,молодило,молодить,молодиться,молодица,молодка,молодняк,молодой,молодость,молодуха,молодушка,молодцеватость,молодцеватый,молодчага,молодчик,молодчина,молодь,моложавость,моложавый,омолаживание,омолаживать,омолаживаться,омолодить,омолодиться,омоложать,омоложаться,омоложение,подмолаживать,подмолаживаться,подмолодить,подмолодиться,помолодеть,смлада,смолоду		24	1680	large,many_alternations,many_suffixes,corpus_hot		UNREVIEWED			REVIEW	132
сла|сло(j)	сла|сло(j)	45	наслаивание,наслаивать,наслаиваться,наслоение,наслоить,наслоиться,отслаивание,отслаивать,отслаиваться,отслоение,отслоить,отслоиться,отслойка,переслаивать,переслаиваться,переслоить,подслаивать,подслаиваться,подслоить,послойный,прослаивать,прослаиваться,прослоить,прослоиться,прослойка,расслаивание,расслаивать,расслаиваться,расслоение,расслоить,расслоиться,расслой,расслойка,слоевище,слоевой,слоек,слоение,слоеный,слоистость,слоистый,слоить,слоиться,слой,слойка,слойчатый		27	1428	large,many_prefixes,many_suffixes,corpus_hot		UNREVIEWED			REVIEW	132
слад|слажд|сласт|слащ|солаж|солод|солож|солощ	слад|слажд|сласт|слащ|солаж|солод|солож|солощ	71	всласть,высолодить,засластить,заслащивать,заслащиваться,насладить,насладиться,наслаждать,наслаждаться,наслаждение,насластить,наслащивать,наслащиваться,насолодить,осолаживание,осолаживать,осолаживаться,осолоделый,осолодеть,пересластить,переслащенный,переслащивать,переслащиваться,пересолодить,подсластить,подслащенный,подслащивать,подслащиваться,рассолодеть,сладенький,сладкий,сладковатый,сладостник,сладостный,сладость,сластена,сластить,сластиться,сластушка,сласть,слащавость,слащавый,слащеный,солод,солоделый,солодеть,солодильный,солодильня,солодильщик,солодить,солодиться,солодка,солодковый,солодовенный,солодовник,солодовня,солодовый,солодяной,соложение,соложеный,солощий,услада,усладительный,усладить,усладиться,услаждать,услаждаться,услаждение,усластить,услащать,услащаться		0	0	large,many_alternations,many_prefixes,many_suffixes		UNREVIEWED			REVIEW	131
хлоп	хлоп	70	бесхлопотный,выхлоп,выхлопатывать,выхлопатываться,выхлопотать,захлопать,захлопнуть,захлопнуться,захлопотать,захлопотаться,захлопывание,захлопывать,захлопываться,исхлопатывать,исхлопатываться,исхлопотать,исхлопотаться,нахлопать,нахлопаться,нахлопотаться,обхлопать,отхлопать,отхлопаться,отхлопывать,отхлопываться,охлопать,охлопок,охлопье,перехлопать,перехлопывать,похлопать,похлопотать,похлопывание,похлопывать,прихлопнуть,прихлопывать,прохлопать,прохлопотать,прохлопывать,расхлопотаться,схлопотать,ухлопать,ухлопывать,ухлопываться,хлопальщик,хлопальщица,хлопанье,хлопать,хлопаться,хлопковый,хлопнуть,хлопнуться,хлопок,хлопотать,хлопотливость,хлопотливый,хлопотность,хлопотный,хлопотня,хлопотун,хлопотунья,хлопоты,хлопунец,хлопуша,хлопушка,хлопчатка,хлопчатник,хлопчатниковый,хлопчатый,хлопья		1	79	large,many_prefixes,many_suffixes,in_corpus		UNREVIEWED			REVIEW	131
кол³	кол³	20	доколе,доколь,коли,количественный,количество,коль,насколько,несколько,ниотколе,ниотколь,нисколечко,нисколько,отколе,отколь,поколе,поколику,поскольку,сколечко,сколь,сколько		123	2448	medium_size,corpus_hot		UNREVIEWED			REVIEW	130
мин¹|мн|мя²	мин¹|мн|мя²	56	возомнить,воспоминание,воспоминать,воспоминаться,вспоминание,вспоминать,вспоминаться,вспомниться,вспомянуть,вспомянуться,запоминание,запоминать,запоминаться,запомнить,запомниться,мнение,мнительность,мнительный,мнить,мниться,напоминание,напоминать,напоминаться,напомнить,несомненный,опоминаться,опомниться,помин,поминальный,поминание,поминать,поминаться,поминки,поминовение,помнить,помниться,помянутый,помянуть,попомнить,припоминание,припоминать,припоминаться,припомнить,припомниться,сомневаться,сомнение,сомнительность,сомнительный,упоминание,упоминать,упоминаться,упоминовение,упомнить,упомянутый,упомянуть,усомниться		27	2409	large,many_prefixes,corpus_hot		UNREVIEWED			REVIEW	128
лаз|лез¹|лес²	лаз|лез¹|лес²	66	безвылазный,взлезать,взлезть,влезание,влезать,влезть,вылазка,вылазчик,вылезать,вылезти,вылезть,долезать,долезть,залезание,залезать,залезть,излазить,лаз,лазанье,лазать,лазеечка,лазейка,лазея,лазить,лазутчик,лазящий,лезть,лесенка,лестница,лестничка,лестничный,налазиться,налезать,налезть,невылазный,непролазный,облазить,облезать,облезлый,облезть,отлазить,отлезать,отлезть,перелаз,перелазить,перелезать,перелезть,подлаз,подлезать,подлезть,полазать,полазить,полезть,прилезать,прилезть,пролаз,пролаза,пролазнический,пролазничество,пролезать,пролезть,разлезаться,разлезться,слазить,слезать,слезть		1	247	large,many_prefixes,many_suffixes,in_corpus		UNREVIEWED			REVIEW	127
пух|пуш	пух|пуш	66	вспухание,вспухать,вспухлина,вспухлый,вспухнуть,выпушить,выпушка,запухнуть,запушить,запушиться,запушка,напухание,напухать,напухнуть,опухание,опухать,опухлость,опухлый,опухнуть,опухолевый,опухоль,опушать,опушаться,опушение,опушечный,опушить,опушиться,опушка,подпушать,подпушаться,подпушить,подпушка,подпушь,припухание,припухать,припухлость,припухлый,припухнуть,припухший,пух,пухленький,пухлость,пухлый,пухлявый,пухнуть,пуховик,пуховка,пуховый,пушение,пушеный,пушинка,пушистость,пушистый,пушить,пушиться,пушица,пушнина,пушной,пушок,распухание,распухать,распухлый,распухнуть,распухший,распушить,распушиться		1	107	large,many_prefixes,many_suffixes,in_corpus		UNREVIEWED			REVIEW	127
глад¹|глаж	глад¹|глаж	64	выгладить,выгладиться,выглаживание,выглаживать,выглаживаться,гладенький,гладилка,гладильный,гладильщик,гладильщица,гладить,гладиться,гладкий,гладкость,гладыш,гладь,глаженый,глаженье,догладить,доглаживать,доглаживаться,загладить,загладиться,заглаживать,заглаживаться,изгладить,изгладиться,изглаживать,изглаживаться,нагладить,наглаживать,наглаживаться,огладить,оглаживать,оглаживаться,отгладить,отгладиться,отглаживать,отглаживаться,перегладить,переглаживать,переглаживаться,погладить,поглаживать,подгладить,подглаживать,подглаживаться,пригладить,пригладиться,приглаживать,приглаживаться,прогладить,прогладиться,проглаживать,проглаживаться,разгладить,разгладиться,разглаживать,разглаживаться,сгладить,сгладиться,сглаживание,сглаживать,сглаживаться		3	168	large,many_prefixes,many_suffixes,in_corpus		UNREVIEWED			REVIEW	127
мащ²|мост|мощ²	мащ²|мост|мощ²	59	взмащивать,взмащиваться,взмостить,взмоститься,вымащивание,вымащивать,вымащиваться,вымостить,вымоститься,домащивать,домащиваться,домостить,замащивание,замащивать,замащиваться,замостить,замощение,замощенный,мост,мостик,мостильщик,мостить,моститься,мостки,мостовая,мостовик,мостовина,мостовой,мостовщик,мостовье,мосток,мощение,мощеный,намащивать,намост,намостить,перемащивать,перемащиваться,перемостить,перемостка,перемощение,подмащивать,подмащиваться,подмости,подмостить,подмоститься,подмостки,помост,предмостный,предмостье,примащивать,примащиваться,примостить,примоститься,промостить,умащивать,умащиваться,умостить,умоститься		8	749	large,many_prefixes,many_suffixes,in_corpus		UNREVIEWED			REVIEW	127
хоран|хорон|хран	хоран|хорон|хран	48	захоронение,захоронить,охрана,охранение,охранитель,охранительница,охранительный,охранить,охранка,охранник,охранный,охранять,охраняться,перезахоронение,перезахоронить,перехоронить,похоронить,похоронный,похороны,предохранение,предохранитель,предохранительный,предохранить,предохранять,предохраняться,сохранение,сохранить,сохраниться,сохранность,сохранный,сохранять,сохраняться,схоронить,схорониться,ухоранивать,ухораниваться,ухоронить,ухорониться,ухоронка,хоронить,хорониться,хранение,хранилище,хранитель,хранительница,хранительный,хранить,храниться		19	1102	large,many_prefixes,many_suffixes,in_corpus		UNREVIEWED			REVIEW	127
корач|корот|короч¹|крат|кращ	корач|корот|короч¹|крат|кращ	46	вкоротке,вкратце,коротанье,коротать,коротенький,короткий,коротковатый,короткость,коротыш,коротышка,крат,кратенький,краткий,краткость,кратность,кратный,накоротке,накоротко,окорачивать,окорачиваться,окоротить,подсократить,подсокращать,прекратить,прекратиться,прекращать,прекращаться,прекращение,скоротать,сократимость,сократимый,сократительность,сократительный,сократить,сократиться,сокращать,сокращаться,сокращение,сокращенный,укорачивание,укорачивать,укорачиваться,укоротить,укоротиться,укорочение,укороченный		21	1491	large,many_alternations,many_suffixes,corpus_hot		UNREVIEWED			REVIEW	127
лед²|лед|льд	лед²|лед|льд	41	доледниковый,заледенелый,заледенение,заледенеть,заледенить,лед,леденеть,леденец,леденечный,леденистый,леденить,леденцовый,леденчик,леденящий,ледник,ледниковый,ледовитый,ледовый,ледок,ледочек,ледышка,ледянка,ледяной,ледяшка,льдина,льдинка,льдистый,надледный,наледь,обледеневать,обледенелый,обледенение,обледенеть,обледенить,оледенелый,оледенение,оледенеть,оледенить,подледенеть,подледник,подледный		26	1768	large,many_prefixes,many_suffixes,corpus_hot		UNREVIEWED			REVIEW	127
ближ|близ	ближ|близ	26	ближний,близ,близехонько,близешенько,близиться,близкий,близнец,близнецовый,близость,вблизи,поблизости,приближать,приближаться,приближение,приближенно,приближенность,приближенный,приблизительность,приблизительный,приблизить,приблизиться,сближать,сближаться,сближение,сблизить,сблизиться		56	2912	medium_size,many_suffixes,corpus_hot		UNREVIEWED			REVIEW	127
лез²|льз	лез²|льз	17	бесполезность,бесполезный,воспользоваться,выпользовать,донельзя,использование,использовать,использоваться,нельзя,полезность,полезный,польза,пользование,пользователь,пользоваться,попользовать,попользоваться		94	4836	medium_size,corpus_hot		UNREVIEWED			REVIEW	127
тес	тес	81	втесаться,вытесать,вытесаться,вытеска,вытесывание,вытесывать,затес,затесать,затесаться,затеска,затесывать,истесать,истесывать,истесываться,надтесать,надтесывать,натесать,натеска,натесывать,натесываться,обтесать,обтесаться,обтеска,обтесывать,обтесываться,отесать,отесывать,отесываться,оттесать,оттеска,оттесывать,оттесываться,перетесать,перетесывать,перетесываться,подтесать,подтеска,подтесчик,подтесывать,подтесываться,потесать,притесать,притеска,притесывать,притесываться,протес,протесать,протеска,протесывать,протесываться,растесать,растесаться,растеска,растесывать,растесываться,стесать,стеска,стесовщик,стесывать,стесываться,тес,тесак,тесальщик,тесание,тесануть,тесаный,тесать,тесаться,тесачный,тесачок,тесина,теска,тесло,тесовый,утес,утесать,утесистость,утесистый,утеска,утесывать,…(+1)		0	0	large,many_prefixes,many_suffixes		UNREVIEWED			REVIEW	126
меж|межд	меж|межд	64	вперемежку,вымежевать,вымежеваться,вымежевывание,вымежевывать,вымежевываться,домежевать,замежевать,меж,межа,между,межевальный,межевание,межевать,межеваться,межевик,межевка,межевой,межевщик,меженный,межень,межник,межняк,намежевать,намежевывать,намежевываться,обмежевать,обмежевка,обмежевывать,обмежевываться,отмежевание,отмежевать,отмежеваться,отмежевка,отмежевывание,отмежевывать,отмежевываться,перемежаемость,перемежать,перемежаться,перемежающийся,перемежевать,перемежевка,перемежевывать,перемежевываться,перемежить,примежевать,промеж,промежду,промежность,размежевание,размежевать,размежеваться,размежевка,размежевывание,размежевывать,размежевываться,смежать,смежаться,смежить,смежиться,смежник,смежность,смежный		2	112	large,many_prefixes,many_suffixes,in_corpus		UNREVIEWED			REVIEW	126
крест|крещ	крест|крещ	60	выкрест,выкрестить,выкреститься,выкрестка,выкрещивать,выкрещиваться,закрестить,закреститься,крест,крестец,крестик,крестильный,крестинный,крестины,креститель,крестить,креститься,крестная,крестник,крестница,крестный,крестовик,крестовина,крестовка,крестовник,крестовой,крестовый,крестцовый,крестчатый,крещение,крещенский,крещеный,накрест,наперекрест,окрест,окрестить,окреститься,окрестность,окрестный,откреститься,открещиваться,перекрестить,перекреститься,перекрестный,перекресток,перекрещенец,перекрещение,перекрещивать,перекрещиваться,покрестить,покреститься,скрестить,скреститься,скрещать,скрещение,скрещенный,скрещиваемость,скрещивание,скрещивать,скрещиваться		6	489	large,many_prefixes,many_suffixes,in_corpus		UNREVIEWED			REVIEW	126
пут¹	пут¹	61	впутать,впутаться,впутывание,впутывать,впутываться,выпутать,выпутаться,выпутывание,выпутывать,выпутываться,запутанность,запутанный,запутать,запутаться,запутывание,запутывать,запутываться,напутать,напутывать,напутываться,опутать,опутаться,опутывать,опутываться,отпутать,отпутаться,отпутывать,отпутываться,перепутать,перепутаться,перепутывать,перепутываться,подпутать,подпутывать,попутать,попутаться,припутать,припутаться,припутывать,припутываться,путаник,путаница,путаный,путать,путаться,путлище,путло,путлять,путы,распутать,распутаться,распутывать,распутываться,спутанный,спутать,спутаться,спутывание,спутывать,спутываться,упутать,упутывать		19	1312	large,many_prefixes,in_corpus		UNREVIEWED			REVIEW	125
мут|муч³|мущ	мут|муч³|мущ	55	взмутить,взмутиться,взмучивать,взмучиваться,возмутитель,возмутительница,возмутительность,возмутительный,возмутить,возмутиться,возмущать,возмущаться,возмущение,замутить,замутиться,замутнеть,засмущаться,мутить,мутиться,мутнеть,мутник,мутность,мутный,мутовка,мутовчатый,намутить,невозмутимость,невозмутимый,омут,омутистый,омуточек,отмутить,отмутка,перемутить,перемутиться,помутить,помутиться,помутнение,помутнеть,помутнить,смута,смутитель,смутить,смутиться,смутность,смутный,смутьян,смутьянить,смутьянка,смутьянский,смутьянство,смущать,смущаться,смущение,смущенный		10	1562	large,many_prefixes,many_suffixes,in_corpus		UNREVIEWED			REVIEW	125
стерег|стереж|стереч|стораж|сторож|страж	стерег|стереж|стереч|стораж|сторож|страж	49	настораживать,настораживаться,настороже,настороженность,настороженный,насторожить,насторожиться,остерегать,остерегаться,остеречь,остеречься,осторожничать,осторожность,осторожный,подстерегать,подстерегаться,подстеречь,подстораживать,подсторожить,постеречь,посторожить,предостерегать,предостерегаться,предостережение,предостеречь,предосторожность,простеречь,просторожить,стеречь,стеречься,стораживать,сторож,сторожа,сторожевик,сторожевой,сторожить,сторожиться,сторожиха,сторожка,сторожкий,сторожкость,сторожок,страж,стража,стражник,стражничий,устеречь,устеречься,усторожить		1	90	large,many_alternations,many_prefixes,many_suffixes,in_corpus		UNREVIEWED			REVIEW	125
ден|дн¹	ден|дн¹	34	денек,денечек,денник,денница,денно,денной,денщик,денщицкий,день,деньской,дневалить,дневальный,дневальство,дневать,дневка,дневник,дневничок,дневной,днем,ободневать,ободнять,обыденка,обыденкой,обыденность,обыденный,обыденщина,отдневать,передневать,поденка,поденный,поденщик,поденщина,поденщица,поднесь		46	2902	medium_size,many_suffixes,corpus_hot		UNREVIEWED			REVIEW	125
колаш|колос|колош¹	колаш|колос|колош¹	15	выколашивание,выколашивать,выколоситься,заколоситься,колос,колосистость,колосистый,колоситься,колосковый,колосник,колосниковый,колосовой,колосовые,колосок,колошение		0	0	medium_size,old_reject,partial_split	sense:grate:2	SPLIT	GRAIN: колос, колоситься; GRATE: колосник	Колос растения не открывает колосник решётки.	ALREADY_SPLIT	125
пол¹	пол¹	15	подпол,подполье,подпольный,подпольщик,подпольщица,пол,полка,половик,половица,половичка,половичок,половой,полок,полочка,полочный		119	6934	medium_size,corpus_hot		UNREVIEWED			REVIEW	125
гре	гре	69	взгревать,взгреть,грелка,гренок,греть,греться,нагрев,нагревальщик,нагревание,нагреватель,нагревательный,нагревать,нагреваться,нагреть,нагреться,обогрев,обогревалка,обогревание,обогреватель,обогревать,обогреваться,обогреть,обогреться,огревать,огреваться,огреть,отогревать,отогреваться,отогреть,отогреться,перегрев,перегревание,перегреватель,перегревать,перегреваться,перегреть,перегреться,погреть,погреться,подогрев,подогревание,подогреватель,подогревательный,подогревать,подогреваться,подогреть,подогреться,пригрев,пригревать,пригреваться,пригреть,прогрев,прогревать,прогреваться,прогреть,прогреться,разогрев,разогревание,разогревать,разогреваться,разогреть,разогреться,согрев,согревание,согревательный,согревать,согреваться,согретьгресогреться,угреться		10	999	large,many_prefixes,in_corpus		UNREVIEWED			REVIEW	124
доб	доб	30	бесподобный,занадобиться,надобиться,надобно,надобность,надобный,наподобие,неудобь,подобать,подобающий,подобие,подобно,подобный,понадобиться,преподобие,преподобный,расподобление,расподобляться,сдоба,сдобить,сдобный,удобно,удобность,удобный,удобство,уподобить,уподобиться,уподобление,уподоблять,уподобляться		34	1643	medium_size,many_prefixes,many_suffixes,corpus_hot		UNREVIEWED			REVIEW	124
ветер|ветр	ветер|ветр	42	безветренность,безветренный,безветрие,ветер,ветерок,ветерочек,ветренеть,ветреник,ветреница,ветреничать,ветреность,ветреный,ветреть,ветрило,ветрище,ветровой,ветряк,ветрянка,ветряной,ветряный,выветренность,выветренный,выветривание,выветривать,выветриваться,выветрить,выветриться,заветренный,заветрие,наветренный,обветреть,обветривать,обветриваться,обветрить,обветриться,поветрие,подветренный,проветривание,проветривать,проветриваться,проветрить,проветриться		21	1638	large,many_prefixes,many_suffixes,corpus_hot		UNREVIEWED			REVIEW	123
зд|зид|зижд|зод	зд|зид|зижд|зод	31	воссоздавать,воссоздаваться,воссоздание,воссоздать,здание,зданьице,зиждитель,зиждительный,зиждиться,зодческий,зодчество,зодчий,назидание,назидательность,назидательный,пересоздавать,пересоздаваться,пересоздание,пересоздать,создавать,создаваться,создание,созданьице,создатель,создательница,создать,созидание,созидатель,созидательный,созидать,созидаться		47	3243	medium_size,many_alternations,corpus_hot		UNREVIEWED			REVIEW	123
грыж|грыз	грыж|грыз	61	вгрызаться,вгрызться,выгрызать,выгрызаться,выгрызть,грыжа,грыжевый,грыжник,грызение,грызло,грызня,грызовой,грызть,грызться,грызун,догрызать,догрызаться,догрызть,загрызать,загрызаться,загрызть,изгрызать,изгрызаться,изгрызть,нагрыжник,нагрызать,нагрызть,нагрызться,надгрызать,надгрызть,обгрызать,обгрызаться,обгрызть,огрызать,огрызаться,огрызнуться,огрызок,огрызть,отгрызать,отгрызаться,отгрызть,отгрызться,перегрызать,перегрызаться,перегрызть,перегрызться,погрызть,погрызться,подгрызть,прогрызать,прогрызаться,прогрызть,прогрызться,разгрызать,разгрызаться,разгрызть,сгрызать,сгрызаться,сгрызть,угрызение,угрызть		1	83	large,many_prefixes,many_suffixes,in_corpus		UNREVIEWED			REVIEW	122
пыт	пыт	37	безопытный,выпытать,выпытывание,выпытывать,выпытываться,допытаться,допытывать,допытываться,испытание,испытанный,испытатель,испытательный,испытать,испытуемый,испытующий,испытывать,испытываться,опыт,опытник,опытница,опытнический,опытничество,опытность,опытный,подопытный,попытать,попытаться,попытка,пытаный,пытать,пытаться,пытка,пытливость,пытливый,пыточный,распытать,распытывать		25	1675	medium_size,many_prefixes,many_suffixes,corpus_hot		UNREVIEWED			REVIEW	122
далж|долг²|долж²	далж|долг²|долж²	29	долг,долговой,должать,должен,долженствование,долженствовать,долженствующий,должишко,должник,должница,должно,должностной,должность,должный,должок,задолжать,задолжаться,задолженность,надолжать,одалживать,одолжать,одолжаться,одолжение,одолжить,одолжиться,передолжать,разодолжать,разодолжить,содолжник		33	1269	medium_size,many_prefixes,many_suffixes,corpus_hot		UNREVIEWED			REVIEW	122
каш³|кос²|кош³	каш³|кос²|кош³	59	вкосую,вкось,закосить,искоса,искосить,коса,косвенный,косенький,косинка,косить,коситься,косой,косок,косуля,косуха,косушка,косынка,косыночка,косяк,косячный,косячок,косящатый,наискосок,наискось,накосо,наперекоски,откос,откосник,откосный,откосок,перекашивать,перекашиваться,перекос,перекосить,перекоситься,перекошенность,перекошенный,подкашивать,подкашиваться,подкос,подкосина,покосить,покоситься,раскашивать,раскашиваться,раскос,раскосить,раскоситься,раскоска,раскосость,раскосый,раскошенный,скашивать,скашиваться,скос,скосить,скоситься,скосок,скошенный		1	116	large,many_prefixes,many_suffixes,in_corpus		UNREVIEWED			REVIEW	120
рис²	рис²	59	вырисовать,вырисовывать,вырисовываться,дорисовать,дорисовка,дорисовывание,дорисовывать,дорисовываться,зарисовать,зарисовка,зарисовывание,зарисовывать,зарисовываться,изрисовать,изрисовывать,нарисовать,обрисовать,обрисоваться,обрисовка,обрисовщик,обрисовывать,обрисовываться,перерисовать,перерисовка,перерисовывать,перерисовываться,подрисовать,подрисовка,подрисовывать,подрисовываться,порисовать,порисоваться,прорисовать,прорисоваться,прорисовка,прорисовывать,прорисовываться,разрисованный,разрисовать,разрисовка,разрисовщик,разрисовщица,разрисовывать,разрисовываться,рисовальный,рисовальщик,рисовальщица,рисование,рисованный,рисовать,рисоваться,рисовка,рисовщик,рисунок,рисунчатый,срисовать,срисовка,срисовывать,срисовываться		16	1072	large,many_prefixes,in_corpus		UNREVIEWED			REVIEW	120
твар|твор¹	твар|твор¹	53	вытворить,вытворять,вытворяться,затворить,натворить,подтворить,потворство,потворствовать,потворщик,потворщица,претворение,претворить,претвориться,претворять,претворяться,притвор,притвора,притворить,притворность,притворный,притворство,притворствовать,притворщик,притворщица,притворяла,притворять,раствор,растворение,растворимость,растворимый,растворитель,растворить,раствориться,растворный,растворщик,растворяемость,растворять,растворяться,сотворение,сотворить,сотворчество,тварь,тварюга,творение,твореный,творец,творило,творительный,творить,твориться,творческий,творчество,утварь		7	602	large,many_prefixes,many_suffixes,in_corpus		UNREVIEWED			REVIEW	120
стриг|стриж¹|стрич	стриг|стриж¹|стрич	74	выстригать,выстригаться,выстрижка,выстричь,выстричься,достригать,достричь,достричься,застригать,застричь,настриг,настригать,настригаться,настричь,обстричь,обстричься,остригать,остригаться,остричь,остричься,отстригать,отстричь,пастриги,перестригать,перестригаться,перестрижка,перестричь,перестричься,подстригать,подстригаться,подстрижка,подстричь,подстричься,постриг,постригать,постригаться,постриженец,пострижение,постриженик,постриженка,постричь,постричься,простригать,простригаться,простричь,расстрига,расстригать,расстригаться,расстрижение,расстриженный,расстричь,расстричься,состригать,состригаться,состричь,стригала,стригаль,стригальный,стригальня,стригальщик,стригальщица,стригнуть,стригольник,стригольничий,стригольнический,стригольничество,стригун,стригунок,стригунчик,стригущий,стриженый,стрижка,стричь,стричься		0	0	large,many_prefixes,many_suffixes		UNREVIEWED			REVIEW	119
чу	чу	51	бесчувственность,бесчувственный,бесчувствие,восчувствовать,вчувствование,вчувствоваться,зачуять,ничуть,очувствоваться,очухаться,перечувствовать,посочувствовать,почувствовать,почувствоваться,почуять,почуяться,предчувствие,предчувствовать,предчувствоваться,прочувственный,прочувствованный,прочувствовать,расчувствоваться,расчухать,расчухаться,сочувственность,сочувственный,сочувствие,сочувствовать,сочувствующий,учуивать,учуять,чувственность,чувственный,чувствие,чувствительность,чувствительный,чувство,чувствование,чувствовать,чувствоваться,чуткий,чуткость,чуток,чуточку,чуточный,чуть,чутье,чутьистый,чуять,чуяться		8	585	large,many_prefixes,many_suffixes,in_corpus		UNREVIEWED			REVIEW	119
перед|переж|пред|преж|прежд	перед|переж|пред|преж|прежд	39	вперед,впереди,впредь,допрежь,кпереди,наперед,напредки,опередить,опережать,опережаться,опережение,перед,передковый,передний,передник,передняя,передовая,передовик,передовица,передовой,передок,передом,предок,предупредительность,предупредительный,предупредить,предупреждать,предупреждаться,предупреждение,прежде,прежний,спереди,упередить,упережать,упережаться,упредить,упреждать,упреждаться,упреждение		20	1158	medium_size,many_alternations,many_suffixes,corpus_hot		UNREVIEWED			REVIEW	119
па(j)³|по(j)²	па(j)³|по(j)²	73	впаивание,впаивать,впаиваться,впайка,впаять,выпаивание,выпаивать,выпаиваться,выпаять,допаивать,допаять,запаивание,запаивать,запаиваться,запайка,запайщик,запайщица,запаянный,запаять,запаяться,напаивать,напаиваться,напайка,напаять,напаяться,отпаивать,отпаиваться,отпайка,отпаять,отпаяться,пайка,паяльник,паяльный,паяльщик,паяние,паяный,паять,перепаивать,перепаиваться,перепайка,перепаять,подпаивать,подпаиваться,подпайка,подпаять,припаивать,припаиваться,припай,припайка,припайный,припаять,припаяться,припой,пропаивать,пропаиваться,пропаять,распаивать,распаиваться,распайка,распаять,распаяться,спаивать,спаиваться,спай,спайка,спайность,спайный,спайщик,спаянность,спаянный,спаять,спаяться,упайка		0	36	large,many_prefixes,many_suffixes		UNREVIEWED			REVIEW	118
масл	масл	56	замасленный,замасливание,замасливать,замасливаться,замаслить,замаслиться,измасливать,измасливаться,измаслить,измаслиться,масленая,масленица,масленичный,масленка,масленок,масленщик,масленый,маслина,маслинный,маслиновый,маслить,маслиться,маслице,масличко,масличный,маслишко,масло,масляк,масляник,маслянистость,маслянистый,масляный,намасливать,намасливаться,намаслить,обмасливать,обмасливаться,обмаслить,обмаслиться,перемасливать,перемасливаться,перемаслить,перемаслиться,подмасливать,подмасливаться,подмаслить,помаслить,промасленный,промасливать,промасливаться,промаслить,промаслиться,умасливать,умасливаться,умаслить,умаслиться		2	138	large,many_prefixes,many_suffixes,in_corpus		UNREVIEWED			REVIEW	118
спе	спе	47	безуспешность,безуспешный,выспевание,выспевать,выспеть,доспевать,доспелый,доспеть,доспехи,заспешить,наспех,переспевать,переспелый,переспеть,подоспеть,поспевать,поспеть,поспешать,поспешение,поспешествовать,поспешить,поспешность,поспешный,преуспевать,преуспеть,преуспеяние,приспевать,приспеть,приспешник,приспешница,приспешничать,спелость,спелый,спеть,спех,спешить,спешка,спешность,спешный,споспешествовать,успеваемость,успевать,успевающий,успеть,успех,успешность,успешный		11	1614	large,many_prefixes,many_suffixes,in_corpus		UNREVIEWED			REVIEW	118
шир¹	шир¹	28	вширь,обширность,обширный,расширение,расширенный,расширитель,расширительный,расширить,расшириться,расширяемость,расширять,расширяться,уширительный,уширить,ушириться,уширять,уширяться,ширина,ширинка,шириночный,ширить,шириться,широкий,широконький,широта,широтный,широченный,ширь		45	2160	medium_size,many_suffixes,corpus_hot		UNREVIEWED			REVIEW	118
облак|облач|оболоч	облак|облач|оболоч	26	безоблачность,безоблачный,заоблачный,иззаоблачный,надоблачный,облако,облачать,облачаться,облачение,облачить,облачиться,облачко,облачность,облачный,оболочка,оболочковый,оболочник,оболочный,подоблачный,разоблачать,разоблачаться,разоблачение,разоблачитель,разоблачительный,разоблачить,разоблачиться		32	1024	medium_size,many_prefixes,many_suffixes,corpus_hot		UNREVIEWED			REVIEW	118
кал¹	кал¹	72	выкаливать,выкаливаться,выкалить,докаливать,докаливаться,докалить,докалиться,закал,закаленность,закаленный,закаливаемость,закаливание,закаливать,закаливаться,закалина,закалистый,закалить,закалиться,закалка,закалочный,закалять,закаляться,каление,каленый,калильный,калильня,калильщик,калильщица,калить,калиться,накал,накаленность,накаливание,накаливать,накаливаться,накалить,накалиться,накалка,накаляемость,накалять,накаляться,недокал,обкаливать,обкаливаться,обкалить,обкалка,окалина,окалсчный,перекал,перекаливать,перекаливаться,перекалить,перекалиться,перекалка,подкаливать,подкаливаться,подкалить,подкалка,покалить,прокаливание,прокаливать,прокаливаться,прокалить,прокалиться,прокалка,прокальщик,раскаленность,раскаленный,раскалить,раскалиться,раскалять,раскаляться		0	0	large,many_prefixes,many_suffixes		UNREVIEWED			REVIEW	117
пыл²	пыл²	44	доопыление,запыленность,запыленный,запылить,запылиться,напылить,обеспыливание,опыление,опыливание,опыливатель,опыливать,опыливаться,опылитель,опылить,опылиться,опылять,опыляться,отпыловка,отпыловщик,переопылять,перепылить,перепылиться,пропыленный,пропылить,пропылиться,пылевой,пылинка,пылить,пылиться,пылища,пыль,пыльник,пыльный,пыльца,пыльцевой,распыление,распыленность,распыленный,распыливание,распылитель,распылить,распылиться,распылять,распыляться		13	477	large,many_prefixes,many_suffixes,in_corpus		UNREVIEWED			REVIEW	117
пря¹|пряд¹|пряж¹|пряс	пря¹|пряд¹|пряж¹|пряс	39	впрядать,впрядаться,впрясть,впрясться,выпрядать,выпрядаться,выпрясть,выпрясться,допрясть,запрясть,напрядать,напрядаться,напрясть,отпрясть,перепрясть,предпрядение,предпряжа,припрясть,пропрясть,прядево,прядение,пряденый,прядильный,прядильня,прядильщик,прядильщица,прядка,прядь,пряжа,прялка,прясельник,пряслице,прясло,прясть,прясться,пряха,распрясть,спрясть,супрядки		3	159	medium_size,many_alternations,many_prefixes,many_suffixes,in_corpus		UNREVIEWED			REVIEW	117
кип¹	кип¹	55	вскипание,вскипать,вскипеть,вскипятить,вскипятиться,выкипание,выкипать,выкипеть,докипать,докипеть,закипать,закипеть,закипятиться,кипение,кипень,кипеть,кипучесть,кипучий,кипятилка,кипятильник,кипятильный,кипятильня,кипятить,кипятиться,кипяток,кипяточный,кипячение,кипяченый,накипать,накипеть,накипной,накипь,накипятить,накипятиться,откипать,откипеть,перекипать,перекипелый,перекипеть,перекипятить,подкипятить,покипеть,покипятить,покипятиться,прикипать,прикипеть,прокипать,прокипеть,прокипятить,раскипеться,раскипятиться,скипаться,скипеться,укипать,укипеть		1	74	large,many_prefixes,many_suffixes,in_corpus		UNREVIEWED			REVIEW	116
гад¹	гад¹	54	взгадать,выгадать,выгадывание,выгадывать,выгадываться,гадалка,гадальный,гадальщик,гадание,гадательный,гадать,догадаться,догадка,догадливость,догадливый,догадываться,загадать,загадка,загадочность,загадочный,загадчик,загадчица,загадывание,загадывать,загадываться,нагадать,наугад,невдогад,негаданно,негаданный,отгадать,отгадка,отгадчик,отгадчица,отгадывать,погадать,подгадать,подгадывать,предугадать,предугадывать,предугадываться,прогадать,прогадывать,разгадать,разгадка,разгадчик,разгадчица,разгадывать,угадать,угадчик,угадчица,угадывание,угадывать,угадываться		1	62	large,many_prefixes,many_suffixes,in_corpus		UNREVIEWED			REVIEW	115
злат|злащ|золач|золот|золоч	злат|злащ|золач|золот|золоч	44	вызолачивать,вызолачиваться,вызолотить,вызолотиться,зазолотиться,златить,златка,злато,златой,золотарник,золотарь,золотеть,золотильный,золотильщик,золотистость,золотистый,золотить,золотиться,золотко,золотник,золотниковый,золото,золотой,золотуха,золотушный,золотце,золотчик,золочение,золоченый,озолотить,озолотиться,перезолачивать,перезолотить,позлатить,позлащать,позлащенный,позолота,позолотить,позолотчик,позолоченный,раззолачивать,раззолачиваться,раззолотить,раззолоченный		11	520	large,many_alternations,many_suffixes,in_corpus		UNREVIEWED			REVIEW	115
труд|труж|тружд	труд|труж|тружд	43	затруднение,затрудненность,затрудненный,затруднительность,затруднительный,затруднить,затрудниться,затруднять,затрудняться,натрудить,натрудиться,натруженный,натруживать,натруживаться,оттрудиться,перетрудить,перетрудиться,перетруждать,потрудиться,сотрудник,сотрудница,сотрудничать,сотруднический,сотрудничество,труд,трудить,трудиться,трудненький,трудник,трудница,трудноватый,трудность,трудный,трудовик,трудовой,трудящийся,труженик,труженица,труженический,труженичество,утрудить,утруждать,утруждаться		12	768	large,many_prefixes,many_suffixes,in_corpus		UNREVIEWED			REVIEW	115
поражн|порожн|пражн|праздн	поражн|порожн|пражн|праздн	39	впорожне,выпоражнивать,выпоражниваться,выпорожнить,запраздновать,испражнение,испражниться,испражняться,опоражнивать,опоражниваться,опорожнить,опорожниться,опорожнять,опорожняться,отпраздновать,попраздновать,порожнем,порожний,порожняк,порожняковый,порожняком,празднество,праздник,праздничность,праздничный,празднование,праздновать,праздность,праздный,предпраздничный,спраздновать,упражнение,упражнять,упражняться,упразднение,упразднить,упраздниться,упразднять,упраздняться		1	48	medium_size,many_alternations,many_prefixes,many_suffixes,in_corpus		UNREVIEWED			REVIEW	115
брак	брак	26	брак,бракер,бракераж,бракованный,браковать,браковка,браковочный,браковщик,браковщица,выбраковать,выбраковка,выбраковывать,выбраковываться,забраковать,забраковывать,забраковываться,обраковать,обраковаться,отбраковать,отбраковка,отбраковывать,отбраковываться,перебраковать,разбраковать,разбраковка,разбраковщик		4	27	medium_size,partial_split,many_prefixes,in_corpus	sense:marriage:1	UNREVIEWED	sense:marriage:1		ALREADY_SPLIT	115
газ	газ	18	газ,газануть,газатор,газация,газирование,газированный,газировать,газироваться,газировка,газификатор,газификация,газифицированный,газифицировать,газифицироваться,газовать,газовик,газовщик,газовый		52	4888	medium_size,many_suffixes,corpus_hot		UNREVIEWED			REVIEW	115
треп	треп	69	бестрепетность,бестрепетный,вострепетать,вострепетаться,встрепанный,встрепать,встрепаться,встрепенуться,встрепка,встрепывать,встрепыхнуться,вытрепать,затрепанный,затрепать,затрепаться,затрепетать,затрепыхаться,истрепать,истрепаться,истрепанный,натрепать,натрепаться,обтрепать,обтрепаться,обтрепанный,отрепать,отрепки,отрепыш,отрепье,оттрепать,оттрепаться,перетрепать,подтрепать,подтрепаться,потрепанность,потрепанный,потрепать,потрепаться,притрепать,растрепа,растрепанный,растрепать,растрепаться,растрепка,треп,трепала,трепалка,трепало,трепальный,трепальня,трепальщик,трепальщица,трепание,трепаный,трепать,трепаться,трепач,трепачка,трепет,трепетание,трепетать,трепетаться,трепетный,трепец,трепка,трепло,трепотня,трепыхание,трепыхаться		0	0	large,many_prefixes,many_suffixes		UNREVIEWED			REVIEW	114
дур	дур	69	вздурить,вздуриться,дура,дурак,дураковатый,дуралей,дурацкий,дурачество,дурачина,дурачить,дурачиться,дурачище,дурачок,дурачье,дурашка,дурашливость,дурашливый,дурашный,дурень,дуреть,дуреха,дурий,дурить,дурища,дурненький,дурнеть,дурнехонек,дурника,дурнишник,дурной,дурнота,дурнушка,дурость,дурочка,дурында,дурь,задурачить,задурить,надурачиться,надурить,надуриться,недурно,недурственный,обдуривать,обдурить,обдурять,обдуряться,одурачение,одурачивание,одурачивать,одурачиваться,одурачить,одурелый,одурение,одуреть,одурь,одурять,подурачить,подурачиться,подуривать,подурить,подурнеть,придурковатость,придурковатый,придурь,раздурачиться,раздуриться,сдурить,сдуру		0	0	large,many_prefixes,many_suffixes		UNREVIEWED			REVIEW	114
тис|тиск|тисоч	тис|тиск|тисоч	69	втискать,втискаться,втискивание,втискивать,втискиваться,втиснуть,втиснуться,вытиснуть,вытиснуться,вытиснять,вытисняться,затискать,затискаться,затискивание,затискивать,затискиваться,затиснуть,затиснуться,натиск,натискать,натискаться,натискивать,натискиваться,обтискать,оттиск,оттискивать,оттискиваться,оттиснуть,оттиснуться,перетискать,перетискивать,перетискиваться,перетиснуть,потискать,притискивать,притискиваться,притиснуть,притиснуться,протискать,протискаться,протискивать,протискиваться,протиснуть,протиснуться,растискать,растискивать,растискиваться,растиснуть,стискать,стискивать,стискиваться,стиснуть,стиснуться,тискальный,тискальщик,тисканье,тискать,тискаться,тиски,тисковый,тиснение,тисненый,тиснить,тиснуть,тисочный,утискать,утискаться,утискивать,утискиваться		0	0	large,many_prefixes,many_suffixes		UNREVIEWED			REVIEW	114
скор¹	скор¹	19	вскоре,вскорости,наскоро,скоренько,скорехонько,скорешенько,скоро,скоростник,скоростной,скорость,скорый,ускорение,ускоренный,ускоритель,ускорительный,ускорить,ускориться,ускорять,ускоряться		50	2058	medium_size,many_suffixes,corpus_hot		UNREVIEWED			REVIEW	114
палз|полз|полоз	палз|полз|полоз	68	впалзывать,вползание,вползать,вползти,вспалзывать,всползать,всползти,выползание,выползать,выползень,выползок,выползти,допалзывать,доползать,доползти,запалзывание,запалзывать,заползание,заползать,заползти,исползать,наползать,наползаться,наползти,оползать,оползень,оползневый,оползти,отползать,отползти,перепалзывать,переползать,переползти,подползать,подползти,ползание,ползать,ползком,ползок,ползти,ползун,ползунок,ползунья,ползучесть,ползучий,ползучка,полоз,поползень,поползновение,поползти,припалзывать,приползать,приползти,проползать,проползти,распалзываться,расползаться,расползтись,расползшийся,спалзывание,спалзывать,сползание,сползать,сползаться,сползти,сползтись,уползать,уползти		0	0	large,many_prefixes,many_suffixes		UNREVIEWED			REVIEW	113
луп	луп	66	взлупить,взлупцевать,всколупнуть,всколупывать,выколупать,выколупнуть,выколупывать,выколупываться,вылупить,вылупиться,вылупливание,вылупливать,вылупливаться,вылуплять,вылупляться,залупать,залупаться,залупить,залупиться,залуплять,залупляться,излупить,исколупать,колупать,колупнуть,лупить,лупиться,лупленый,лупцевать,лупцеваться,лупцовка,наколупать,облупить,облупиться,облупленный,облупливать,облупливаться,отколупать,отколупнуть,отколупывать,отколупываться,отлупить,отлупиться,отлупцевать,перелупить,подколупнуть,подколупывать,подлупить,подлупливать,поколупать,полупить,полупиться,проколупать,проколупывать,проколупываться,расколупать,расколупывать,сколупать,сколупнуть,сколупывание,сколупывать,сколупываться,слупить,слупиться,слупливать,слупливаться		2	134	large,many_prefixes,in_corpus		UNREVIEWED			REVIEW	113
с|соп²|сп|сып²	с|соп²|сп|сып²	53	беспросыпный,выспаться,высыпаться,доспать,досыпать,заснуть,заспанный,заспать,заспаться,засыпание,засыпать,наспать,наспаться,недосып,недосыпание,недосыпать,неусыпность,неусыпный,отоспать,отоспаться,отсыпаться,переспать,поспать,проснуться,проспать,проспаться,просып,просыпать,просыпаться,разоспаться,снулый,соснуть,спаленка,спаленный,спальная,спальник,спальный,спальня,спанье,спать,спаться,спячка,спящий,уснуть,усопший,успение,успенский,усыпальница,усыпительный,усыпить,усыпление,усыплять,усыпляться		0	2185	large,many_alternations,many_prefixes,many_suffixes		UNREVIEWED			REVIEW	113
бог|бож	бог|бож	51	безбожие,безбожник,безбожница,безбожничать,безбожный,бог,богатей,богатейка,богатенький,богатеть,богатство,богатый,богач,богачество,богачка,богиня,божба,боженька,божеский,божественность,божественный,божество,божий,божиться,божница,божок,набожность,набожный,обогатитель,обогатительный,обогатить,обогатиться,обогащаемость,обогащать,обогащаться,обогащение,обожание,обожатель,обожательница,обожать,обожаться,обожествить,обожествиться,обожествление,обожествлять,обожествляться,побожиться,разбогатеть,убогенький,убогость,убожество		17	1241	large,many_suffixes,in_corpus		UNREVIEWED			REVIEW	113
пуст²|пущ¹	пуст²|пущ¹	49	впусте,впустую,запустелый,запустение,запустеть,опустелый,опустение,опустеть,опустошать,опустошаться,опустошение,опустошенный,опустошительность,опустошительный,опустошить,опустошиться,попусту,пустельга,пустенький,пустеть,пустоватость,пустоватый,пустовать,пустой,пустота,пустотный,пустошить,пустошка,пустошь,пустынник,пустынница,пустыннический,пустынность,пустынный,пустынь,пустыня,пустырник,пустырный,пустырь,пустышка,пустяк,пустяковина,пустяковинный,пустяковый,пустячный,пустячок,пуща,пущий,спуста		19	1165	large,many_suffixes,in_corpus		UNREVIEWED			REVIEW	113
четвер|четыр	четвер|четыр	40	вчетверо,вчетвером,начетверо,счетверить,учетверить,учетвериться,учетверять,учетверяться,четверг,четверговый,четвереньки,четверик,четвериковый,четверить,четвериться,четверичный,четверка,четверной,четверо,четверочник,четверочница,четверочный,четвертак,четвертаковый,четвертачок,четвертина,четвертинка,четвертинный,четвертичный,четвертка,четвертной,четвертование,четвертовать,четвертоваться,четверток,четвертушка,четвертый,четверть,четыре,четырежды		28	1730	large,many_suffixes,corpus_hot		UNREVIEWED			REVIEW	113
глат|глот|глощ	глат|глот|глощ	33	глотание,глотательный,глотать,глотаться,глотка,глотнуть,глоток,глоточек,глоточный,заглатывание,заглатывать,заглатываться,заглотать,заглоточный,наглотаться,надглоточный,отглатывать,отглатываться,отглотнуть,переглотать,поглатывать,поглотать,поглотитель,поглотительный,поглотить,поглотиться,поглощаемость,поглощать,поглощаться,поглощение,проглатывать,проглатываться,проглотить		35	1550	medium_size,many_prefixes,corpus_hot		UNREVIEWED			REVIEW	113
балт|болт¹	балт|болт¹	67	болтание,болтанка,болтаный,болтать,болтаться,болтливость,болтливый,болтнуть,болтнуться,болтовня,болтун,болтунишка,болтунья,болтушка,взбалтывание,взбалтывать,взбалтываться,взболтать,взболтаться,взболтнуть,выбалтывание,выбалтывать,выбалтываться,выболтать,выболтаться,выболтнуть,добалтываться,доболтаться,забалтывать,забалтываться,заболтать,заболтаться,изболтать,изболтаться,набалтывать,набалтываться,наболтать,наболтаться,обалтывать,обалтываться,оболтать,оболтус,перебалтывать,перебалтываться,переболтать,переболтка,побалтывать,поболтать,подбалтывать,подбалтываться,подболтать,подболтка,пробалтывать,пробалтываться,проболтать,проболтаться,разбалтывать,разбалтываться,разболтанность,разболтанный,разболтать,разболтаться,разболтка,сбалтывать,сбалтываться,сболтать,сболтнуть		0	0	large,many_prefixes,many_suffixes		UNREVIEWED			REVIEW	112
торг¹|торж¹	торг¹|торж¹	45	выторговать,выторговывать,выторговываться,доторговаться,заторговать,заторговаться,заторжествовать,наторговать,наторговаться,наторговывать,наторговываться,отторговать,переторжка,подторговывать,поторговать,поторговаться,поторговывать,приторговать,приторговаться,приторговывать,приторговываться,проторговать,проторговаться,расторговать,расторговаться,расторговываться,сторговать,сторговаться,сторговывать,сторговываться,торг,торгаш,торгашеский,торгашество,торги,торговать,торговаться,торговец,торговка,торговлишка,торговля,торговый,торжище,торжищный,торжок		7	315	large,many_prefixes,many_suffixes,in_corpus		UNREVIEWED			REVIEW	112
гул¹	гул¹	66	беспрогульный,выгул,выгуливать,выгуливаться,выгульный,выгулять,выгуляться,гулена,гуливать,гулливый,гульба,гульбище,гульнуть,гуляка,гулянка,гулянье,гулять,гулящий,догуливать,догулять,догуляться,загул,загуливать,загуливаться,загулять,загуляться,нагул,нагуливать,нагуливаться,нагульный,нагулять,нагуляться,отгул,отгуливать,отгуливаться,отгульный,отгулять,отгуляться,перегуливать,перегулять,погуливать,погулянки,погулять,подгуливать,подгулять,пригул,пригуливать,пригульный,пригулять,прогул,прогуливать,прогуливаться,прогулка,прогулочный,прогульный,прогульщик,прогульщица,прогулять,прогуляться,разгул,разгуливать,разгуливаться,разгулье,разгульный,разгулять,разгуляться		0	0	large,many_prefixes,many_suffixes		UNREVIEWED			REVIEW	111
каш¹|кос¹|кош¹	каш¹|кос¹|кош¹	66	вкашивание,вкашиваться,выкашивание,выкашивать,выкашиваться,выкос,выкосить,выкоситься,докашивать,докашиваться,докосить,закашивать,закашиваться,закосить,искосить,искоситься,коса,косарь,косец,косилка,косить,косовица,косовище,косьба,косье,кошение,кошеный,накашивать,накашиваться,накосить,накоситься,обкашивать,обкашиваться,обкосить,обкоситься,окашивать,окашиваться,окосить,окосье,откашивать,откосить,откоситься,перекашивать,перекашиваться,перекос,перекосить,подкашивать,подкос,подкосить,подкоситься,подкоска,подкошенный,покос,покосить,покосный,прокашивать,прокос,прокосить,скашивать,скашиваться,скос,скосарь,скосить,скошенный,укос,укосный		0	63	large,many_prefixes,many_suffixes		UNREVIEWED			REVIEW	111
пле|плев¹|плев|плю	пле|плев¹|плев|плю	51	выплевать,выплеваться,выплевывание,выплевывать,выплевываться,выплюнуть,выплюнуться,доплевывать,доплюнуть,заплеванный,заплевать,заплеваться,заплевывание,заплевывать,заплевываться,исплевать,наплевательский,наплевательство,наплевать,наплеваться,наплюнуть,оплевать,оплевывать,оплевываться,оплеуха,оплеушина,отплевать,отплеваться,отплевывать,отплевываться,отплюнуть,переплевать,переплевывать,переплевываться,переплюнуть,плевальница,плевальный,плевание,плевательница,плевать,плеваться,плевок,плевый,плюнуть,поплевать,поплевывать,расплеваться,расплевываться,сплевывать,сплевываться,сплюнуть		0	2	large,many_alternations,many_prefixes,many_suffixes		UNREVIEWED			REVIEW	111
глад²|глод|голод	глад²|глод|голод	50	впроголодь,выгладывать,выгладываться,выглодать,выглодаться,глад,гладный,глодание,глодать,голод,голодание,голодать,голодающий,голоднехонький,голоднешенький,голодноватый,голодный,голодовать,голодовка,голодуха,догладывать,доглодать,изгладывать,изгладываться,изглодать,изголодаться,наглодаться,наголодаться,обгладывать,обгладываться,обглодать,обглодок,огладывать,огладываться,оглодать,оглодок,оголодать,отгладывать,отглодать,переглодать,погладывать,поглодать,поголодать,подгладывать,подглодать,проголодать,проголодаться,сгладывать,сгладываться,сглодать		1	52	large,many_prefixes,many_suffixes,in_corpus		UNREVIEWED			REVIEW	111
свист|свищ	свист|свищ	50	высвистать,высвистаться,высвистывать,засвистать,засвистеть,насвистать,насвистаться,насвистывать,насвистываться,освистать,освистывать,освистываться,отсвистать,отсвистеть,пересвистать,пересвистеть,пересвистнуться,пересвистывать,пересвистываться,подсвист,подсвистнуть,подсвистывать,посвист,посвистать,посвистеть,посвистывание,посвистывать,присвист,присвистнуть,присвистывать,просвистать,просвистеть,просвистывать,рассвистеться,свист,свистать,свистелка,свистеть,свистнуть,свисток,свисточек,свистулька,свистун,свистунок,свистунья,свистуха,свистящий,свищ,свищеватый,свищевой		1	75	large,many_prefixes,many_suffixes,in_corpus		UNREVIEWED			REVIEW	111
ш|ше²|шед	ш|ше²|шед	43	беспошлинный,восшествие,дошлый,запрошлый,испошлить,испошлиться,нашествие,опошлеть,опошление,опошлить,опошлиться,опошлять,опошляться,отшельник,отшельница,отшельнический,отшельничество,отшествие,позапрошлый,пошлеть,пошлина,пошлинный,пошловатый,пошлость,пошлый,пошляк,пошлятина,пошлячка,предшественник,предшественница,предшествие,предшествовать,предшествующий,пришелец,пришествие,пришлый,происшествие,прошедший,прошлый,сошествие,сшествие,шествие,шествовать		8	1659	large,many_prefixes,many_suffixes,in_corpus		UNREVIEWED			REVIEW	111
зел	зел	40	впрозелень,вызеленить,вызелениться,зазеленеть,зазеленеться,зазеленить,зазелениться,зеленение,зелененький,зеленеть,зеленеться,зеленец,зеленить,зеленка,зеленной,зеленоватый,зеленушка,зеленчак,зеленщик,зеленщица,зеленый,зелень,зеленя,зелье,зельице,иззелена,иззеленить,иззелениться,назеленить,озеленение,озеленитель,озеленительный,озеленить,озелениться,озеленять,озеленяться,позеленеть,позеленить,празелень,прозелень		11	506	large,many_prefixes,many_suffixes,in_corpus		UNREVIEWED			REVIEW	111
сук³|суч³	сук³|суч³	65	всучать,всучаться,всучивание,всучивать,всучиваться,всучить,высучивать,высучиваться,высучить,высучиться,засучивание,засучивать,засучиваться,засучить,засучиться,насучивать,насучиваться,насучить,отсучивать,отсучиваться,отсучить,отсучиться,пересучивать,пересучиваться,пересучить,подсучивать,подсучиваться,подсучить,подсучиться,присучальщик,присучальщица,присучать,присучаться,присучивать,присучиваться,присучить,присучка,рассучивать,рассучиваться,рассучить,рассучиться,рассучка,ссучивальный,ссучивальщик,ссучивальщица,ссучивать,ссучиваться,ссучить,ссучиться,сукнецо,сукно,суконка,суконный,суконце,суконщик,сучение,сученый,сучивать,сучило,сучильный,сучильня,сучильщик,сучильщица,сучить,сучиться		0	0	large,many_prefixes,many_suffixes		UNREVIEWED			REVIEW	110
щип	щип	65	выщипать,выщипаться,выщипнуть,выщипывание,выщипывать,выщипываться,дощипать,защипать,защипнуть,защипывание,защипывать,защипываться,исщипать,нащипать,общипанный,общипать,общипаться,общипка,общипывать,общипываться,отщипать,отщипнуть,отщипывать,отщипываться,ощипанный,ощипать,ощипаться,ощипывать,ощипываться,перещипать,перещипывать,подщипать,подщипывать,подщипываться,пощипать,пощипывать,прищипка,прищипывать,расщипанный,расщипать,расщипщик,расщипывать,расщипываться,сощипать,сощипнуть,сощипывать,сощипываться,ущипнуть,ущипывать,ущипываться,щипальный,щипание,щипаный,щипать,щипаться,щипец,щипка,щипковый,щипком,щипнуть,щиповка,щипок,щипцовый,щипцы,щипчики		0	0	large,many_prefixes,many_suffixes		UNREVIEWED			REVIEW	110
магнит|магнич	магнит|магнич	16	магнит,магнитик,магнитить,магнитный,намагнитить,намагнититься,намагниченность,намагничивание,намагничивать,намагничиваться,размагнитить,размагнититься,размагниченный,размагничивание,размагничивать,размагничиваться		64	2688	medium_size,corpus_hot		UNREVIEWED			REVIEW	110
зуб	зуб	48	беззубка,беззубый,вызубривание,вызубривать,вызубриваться,вызубрить,зазубренный,зазубривание,зазубривать,зазубриваться,зазубрина,зазубрить,зуб,зубастость,зубастый,зубатка,зубатый,зубец,зубик,зубило,зубильный,зубной,зубовик,зубовный,зубовой,зубок,зубрение,зубрило,зубрильный,зубрить,зубриться,зубчатый,зубчатка,зубчик,зубянка,иззубренный,иззубривать,иззубриваться,иззубрить,иззубриться,назубок,обеззубеть,подзубривать,подзубриваться,подзубрить,позубрить,прозубривать,прозубрить		1	74	large,many_prefixes,many_suffixes,in_corpus		UNREVIEWED			REVIEW	109
лек|леч¹	лек|леч¹	48	вылечивание,вылечивать,вылечиваться,вылечить,вылечиться,долечивание,долечивать,долечиваться,долечить,долечиться,залечивать,залечиваться,залечить,залечиться,излечение,излечивать,излечиваться,излечимый,излечить,излечиться,лекарка,лекарский,лекарственный,лекарство,лекарша,лекарь,лечащий,лечебник,лечебница,лечебный,лечение,леченый,лечить,лечиться,перелечить,перелечиться,подлекарь,подлечивать,подлечиваться,подлечить,подлечиться,полечивать,полечиваться,полечить,полечиться,пролечивать,пролечить,пролечиться		1	473	large,many_prefixes,many_suffixes,in_corpus		UNREVIEWED			REVIEW	109
молач|молот|молоч¹	молач|молот|молоч¹	63	вымолачивание,вымолачивать,вымолачиваться,вымолот,вымолотить,вымолотиться,вымолотка,домолачивать,домолачиваться,домолотить,измолачивать,измолот,измолотить,молот,молотилка,молотило,молотильный,молотильня,молотильщик,молотить,молотковый,молотовище,молотовой,молоток,молоточек,молоточный,молочение,молоченый,намолачивание,намолачивать,намолачиваться,намолот,намолотить,намолотиться,недомолот,обмолачивать,обмолачиваться,обмолот,обмолотить,обмолотиться,обмолоток,обмолоточный,отмолачивать,отмолотить,перемолачивать,перемолачиваться,перемолот,перемолотить,помолотить,примолачивать,примолачиваться,промолачивать,промолотить,размолачивать,размолачиваться,размолотить,размолотиться,смолачивать,смолачиваться,смолотить,смолоченный,умолот,умолотный		0	11	large,many_prefixes,many_suffixes		UNREVIEWED			REVIEW	108
хот|хоч	хот|хоч	40	восхотеть,захотеть,захотеться,наохотиться,отохотить,отохотиться,отхотеть,охота,охотиться,охотка,охотик,охотица,охотничий,охотно,охочий,поохотиться,похотливость,похотливый,похотник,похотный,похоть,приохотить,приохотиться,приохочивать,приохочиваться,прихотливость,прихотливый,прихотничать,прихоть,разохотить,разохотиться,разохочивать,разохочиваться,расхотеть,расхотеться,хотение,хотеть,хотеться,хоть,хотя		8	405	large,many_prefixes,many_suffixes,in_corpus		UNREVIEWED			REVIEW	108
грем|гром	грем|гром	35	взгреметь,возгреметь,греметь,гремучий,гремушка,гром,громила,громитель,громить,громкий,громкость,громовой,громыханье,громыхать,громыхнуть,громыхнуться,загреметь,загромыхать,нагреметь,огромность,огромный,отгреметь,погреметь,погремок,погремушка,погром,погромить,погромный,погромщик,погромыхать,погромыхивать,прогреметь,прогромыхать,разгром,разгромить		13	793	medium_size,many_prefixes,many_suffixes,in_corpus		UNREVIEWED			REVIEW	108
зим	зим	25	вызимовать,дозимовать,зазимовать,зазимье,зима,зимний,зимовальный,зимовать,зимовище,зимовка,зимовье,зимой,зимушка,озимизация,озимизировать,озимизироваться,озимый,озимь,отзимовать,перезимовать,перезимовка,подзимний,позимовать,предзимье,прозимовать		23	510	medium_size,many_prefixes,many_suffixes,corpus_hot		UNREVIEWED			REVIEW	108
удар	удар	18	безударность,безударный,подударный,предударный,приударить,приударять,удар,ударение,ударенный,ударить,удариться,ударник,ударница,ударничество,ударный,ударяемый,ударять,ударяться		5	340	medium_size,old_reject,in_corpus		SAFE_ONE_FAMILY		Ударение оставлено при ударе.	REVIEW	108
дых|дыш	дых|дыш	51	бездыханный,вдыхание,вдыхательный,вдыхать,вдыхаться,вздыхание,вздыхатель,вздыхательница,вздыхать,вздыхаться,воздыхание,воздыхатель,воздыхательница,воздыхательный,воздыхать,выдыхание,выдыхательный,выдыхать,выдыхаться,дыхальце,дыхание,дыхательный,дыхнуть,дышать,дышаться,задыхание,задыхаться,задышать,издыхание,издыхать,надышать,надышаться,одышка,отдых,отдыхать,отдыхающий,отдышаться,отдышка,передыхать,передышка,повздыхать,подыхать,подышать,придыхание,придыхательный,продыхать,продышать,продышаться,раздышаться,роздых,сдыхать		11	594	large,many_prefixes,in_corpus		UNREVIEWED			REVIEW	107
малк|малч|молк|молч	малк|малч|молк|молч	47	безумолчный,замалчивание,замалчивать,замалчиваться,замолкать,замолкнуть,замолчать,молкнуть,молча,молчаливость,молчаливый,молчальник,молчальница,молчание,молчанка,молчать,молчком,молчок,молчун,молчунья,немолчный,несмолкаемый,неумолкаемость,неумолкаемый,неумолчность,неумолчный,отмалчиваться,отмолчаться,помалкивать,помалчивать,помолчать,примолкнуть,приумолкать,приумолкнуть,промолчать,смалчивать,смолкать,смолкнуть,смолчать,умалчивание,умалчивать,умалчиваться,умолк,умолкать,умолкнуть,умолчание,умолчать		0	0	large,many_alternations,many_prefixes,many_suffixes		UNREVIEWED			REVIEW	107
капч|копот|копт|копч	капч|копот|копт|копч	47	выкапчивать,выкапчиваться,выкоптить,выкоптиться,докапчивать,докапчиваться,докоптить,закоптелый,закоптеть,закоптить,закоптиться,закопченный,ископтить,ископтиться,коптеть,коптилка,коптильный,коптильня,коптильщик,коптильщица,коптитель,коптить,коптиться,копчение,копченка,копчености,копченый,копченье,копчушка,накапчивать,накапчиваться,накоптелый,накоптить,перекапчивать,перекоптить,перекоптиться,подкапчивать,подкапчиваться,подкоптить,покапчивать,прокапчивать,прокапчиваться,прокоптелый,прокоптеть,прокоптить,прокоптиться,прокопченный		0	0	large,many_alternations,many_prefixes,many_suffixes		UNREVIEWED			REVIEW	107
мяг|мяк	мяг|мяк	46	измякнуть,мяггкость,мягчительный,мягчить,мякенький,мякина,мякиш,мяклый,мякнуть,мяконький,намякать,намякнуть,обмякать,обмяклый,обмякнуть,отмякать,отмякнуть,перемякнуть,промякнуть,размягчать,размягчаться,размягчение,размягченность,размягченный,размягчительный,размягчить,размягчиться,размякать,размяклый,размякнуть,смягчать,смягчаться,смягчающий,смягчение,смягченный,смягчитель,смягчительный,смягчиться,смякать,смякнуть,умягчать,умягчаться,умягчение,умягчить,умягчиться,умякнуть		1	80	large,many_prefixes,many_suffixes,in_corpus		UNREVIEWED			REVIEW	107
жа²|жин|жн	жа²|жин|жн	41	выжать,выжинать,выжинаться,дожать,дожинать,дожинаться,дожинкки,дожиночный,жатва,жатвенный,жатка,жать,жнейка,жнец,жнея,жнивоо,жнивье,жница,зажин,зажинать,зажинки,нажать,нажин,нажинать,недожин,обжать,обжин,обжинать,ожинок,отжать,пережать,пожинать,пожнивный,пожня,прожать,сжатый,сжать,сжинать,сжинаться,ужин,ужинать		6	1579	large,many_prefixes,many_suffixes,in_corpus		UNREVIEWED			REVIEW	107
утр²	утр²	15	внутренне,внутренний,внутренность,внутренностный,внутри,внутрь,изнутри,кнутри,нутро,нутряной,утроба,утробистый,утробища,утробный,утробушка		47	1034	medium_size,many_suffixes,corpus_hot		UNREVIEWED			REVIEW	107
дуб	дуб	44	выдубить,выдубиться,дуб,дубасить,дубильный,дубильня,дубильщик,дубина,дубинка,дубинный,дубинушка,дубитель,дубить,дубиться,дубка,дубление,дубленка,дубленый,дубняк,дубнячок,дубоватость,дубоватый,дубовик,дубовый,дубок,дубочек,дубрава,дубравный,дубравушка,дуброва,дубровка,дубровник,дубье,задубелый,задубенеть,задубеть,надубить,отдубасить,падуб,падубовый,поддубень,поддубовик,продубить,продубленный		2	98	large,many_prefixes,many_suffixes,in_corpus		UNREVIEWED			REVIEW	106
луч¹	луч¹	24	излучатель,излучать,излучаться,излучение,излучить,излучиться,луч,лучевой,лучение,лучик,лучина,лучинка,лучинный,лучинушка,лучистость,лучистый,лучить,лучиться,облучать,облучаться,облучение,облучить,облучиться,переоблучение		37	1728	medium_size,many_suffixes,corpus_hot		UNREVIEWED			REVIEW	106
ваг|важ¹	ваг|важ¹	21	вага,важнецкий,важничанье,важничать,важность,важный,заважничать,изважничаться,отвага,отваживаться,отважиться,отважность,отважный,поважничать,разважничаться,уважаемый,уважать,уважение,уважительность,уважительный,уважить		40	1960	medium_size,many_prefixes,corpus_hot		UNREVIEWED			REVIEW	106
пал¹	пал¹	60	воспаление,воспаленный,воспалительный,воспалить,воспалиться,воспалять,воспаляться,выпаливать,выпаливаться,выпалить,запал,запаленный,запаливать,запаливаться,запалить,запальник,запальный,запальчивость,запальчивый,неопалимый,опала,опаливать,опаливаться,опалина,опалить,опалиться,опалка,опальный,опалять,опаляться,паление,паленый,палильный,палить,пальба,пальнуть,пальщик,палящий,перепаливать,перепалить,перепалка,подопальный,подпаливать,подпаливаться,подпалина,подпалистый,подпалить,попаливать,попалить,припаливать,припаливаться,припалить,пропалить,распаленный,распалить,распалиться,распалять,распаляться,спаленный,спалить		0	1602	large,many_prefixes,many_suffixes		UNREVIEWED			REVIEW	105
лиз	лиз	58	взлизина,взлизистый,вылизать,вылизаться,вылизывание,вылизывать,вылизываться,долизать,долизывать,долизываться,зализ,зализанный,зализать,зализывание,зализывать,зализываться,излизать,излизывать,лизание,лизануть,лизаный,лизать,лизаться,лизнуть,лизун,лизунья,нализаться,нализываться,облизанный,облизать,облизаться,облизнуть,облизнуться,облизывать,облизываться,отлизать,отлизывать,подлиза,подлизать,подлизаться,подлизывание,подлизывать,подлизываться,полизать,полизывать,прилизанный,прилизать,прилизаться,прилизывать,прилизываться,разлизать,разлизывать,разлизываться,слизать,слизнуть,слизывать,слизываться,улизнуть		2	166	large,many_prefixes,in_corpus		UNREVIEWED			REVIEW	105
то|тон²|топ²	то|тон²|топ²	41	допотопный,затон,затонный,затонуть,затонщик,затопить,затопиться,затопление,затопляемость,затоплять,затопляться,непотопляемость,перетопить,перетопиться,подтопление,потонуть,потоп,потопать,потопить,потопление,потоплять,потопляться,притон,притонный,тонуть,тоня,топить,топиться,топкий,топкость,топляк,топнуть,топь,утонуть,утопать,утопающий,утопить,утопиться,утопление,утопленник,утопленница		4	524	large,many_prefixes,many_suffixes,in_corpus		UNREVIEWED			REVIEW	105
леп¹	леп¹	59	влепить,влепиться,влеплять,влепляться,вылепить,вылепиться,вылепливать,вылеплять,вылепляться,долепить,долепиться,залепить,залеплять,залепляться,лепеха,лепешечка,лепешка,лепить,лепиться,лепка,лепнина,лепной,лепщик,налепить,налеплять,налепляться,облепить,облепиться,облепиха,облеплять,облепляться,отлепить,отлепиться,отлеплять,отлепляться,перелепить,перелеплять,перелепляться,подлепить,подлеплять,подлепляться,полепить,полепливать,прилепить,прилепиться,прилеплять,прилепляться,разлепить,разлепиться,разлеплять,разлепляться,слепить,слепиться,слеплять,слепляться,слепок,улепить,улеплять,улепляться		0	0	large,many_prefixes,many_suffixes		UNREVIEWED			REVIEW	104
влад|власт|волост	влад|власт|волост	45	безвластие,безвластный,владать,владелец,владелица,владельческий,владение,владетель,владетельница,владетельный,владеть,владыка,владычество,владычествовать,владычица,владычный,властвование,властвовать,властелин,властитель,властительница,властительный,властительский,властность,властный,власть,волостель,волостной,волость,завладевать,завладеть,овладевать,овладеваться,овладение,овладеть,повластвовать,подвластность,подвластный,совладать,совладелец,совладелица,совладение,совладетель,совладеть,совладычество		14	770	large,many_suffixes,in_corpus		UNREVIEWED			REVIEW	104
бал¹|бол¹	бал¹|бол¹	42	баливать,безболезненность,безболезненный,безбольный,болевой,болезненность,болезненный,болезный,болезнь,болельщик,болельщица,болеть,боль,больнехонький,больнешенький,больница,больничный,больно,больной,болячка,выболеть,заболеваемость,заболевание,заболевать,заболеть,изболеть,изболеться,наболеть,обезболивание,обезболивать,обезболиваться,обезболить,отбаливать,отболеть,переболеть,побаливать,поболеть,проболеть,разбаливаться,разболеться,соболезнование,соболезновать		2	144	large,many_prefixes,many_suffixes,in_corpus		UNREVIEWED			REVIEW	104
пят²|пяч	пят²|пяч	42	впятить,впятиться,впячивать,впячиваться,вспять,выпятить,выпятиться,выпяченный,выпячивание,выпячивать,выпячиваться,запятая,запятки,запяточный,надпяточный,напятить,напячивать,опять,отпятить,отпятиться,отпячивать,отпячиваться,подпятить,подпятник,подпяточник,подпячивать,попятить,попятиться,попятный,пропятить,пропятиться,пропячивать,пята,пятить,пятиться,пятка,пятник,пятниковый,пяточный,спятить,спячивать,спячиваться		2	170	large,many_prefixes,many_suffixes,in_corpus		UNREVIEWED			REVIEW	104
желт|желч	желт|желч	40	впрожелть,выжелтить,выжелтиться,желтенький,желтеть,желтеться,желтизна,желтинка,желтинник,желтить,желтиться,желтковый,желтоватый,желток,желточный,желтуха,желтушка,желтушник,желтушный,желтый,желть,желтяк,желтянка,желчение,желчность,желчный,желчь,зажелтелый,зажелтеть,зажелтеться,зажелтить,зажелтиться,изжелта,изжелтить,нажелтить,пережелтить,пожелтелый,пожелтеть,пожелтить,прожелть		4	212	large,many_prefixes,many_suffixes,in_corpus		UNREVIEWED			REVIEW	104
шиб	шиб	58	безошибочность,безошибочный,вшибать,вшибаться,вшибить,вышибала,вышибание,вышибать,вышибаться,вышибить,зашибать,зашибаться,зашибить,зашибиться,обшибать,обшибить,отшиб,отшибать,отшибаться,отшибить,ошибаться,ошибиться,ошибка,ошибочность,ошибочный,перешиб,перешибать,перешибаться,перешибить,подшибать,подшибаться,подшибить,пошиб,пришибать,пришибить,пришибленный,прошибать,прошибаться,прошибить,расшибать,расшибаться,расшибить,расшибиться,сшибать,сшибаться,сшибить,сшибиться,сшибка,сшибок,ушиб,ушибать,ушибаться,ушибить,ушибиться,шибануть,шибануться,шибать,шибкий		0	0	large,many_prefixes,many_suffixes		UNREVIEWED			REVIEW	103
двор	двор	40	водворение,водворитель,водворительница,водворить,водвориться,водворять,водворяться,выдворение,выдворить,выдвориться,выдворять,выдворяться,двор,дворец,дворецкий,дворик,дворишко,дворище,дворник,дворницкая,дворницкий,дворничиха,дворня,дворняга,дворняжка,дворовый,дворцовый,дворянин,дворянка,дворяночка,дворянский,дворянство,дворянчик,задворки,надворный,надворье,подворный,подворье,придворный,придворок		3	222	large,many_prefixes,many_suffixes,in_corpus		UNREVIEWED			REVIEW	103
трес|треск¹|трещ	трес|треск¹|трещ	38	втрескаться,затрещать,затрещина,истрескаться,надтреснутый,надтреснуть,натрескаться,натрещать,натрещаться,обтрескаться,перетрескаться,перетрескиваться,порастрескаться,потресканный,потрескаться,потрескивание,потрескивать,потрещать,протрещать,растрескаться,растрескивание,растрескиваться,стрескать,треск,трескание,трескать,трескаться,трескотня,трескучий,треснутый,треснуть,треснуться,трещалка,трещать,трещина,трещинка,трещотка,трещоточный		5	540	medium_size,many_prefixes,many_suffixes,in_corpus		UNREVIEWED			REVIEW	103
лебед|лебяж	лебед|лебяж	8	лебеда,лебеденок,лебединый,лебедка,лебедовые,лебедушка,лебедь,лебяжий		0	0	old_reject,partial_split	sense:orach:2	SPLIT	ORACH: лебеда; SWAN: лебедь, лебединый, лебедка	Лебеда — растение, лебедь — птица.	ALREADY_SPLIT	103
толк²|толоч²	толк²|толоч²	41	бестолковость,бестолковщина,бестолковый,бестолочный,бестолочь,втолковать,втолковаться,втолковывать,втолковываться,затолковаться,истолкование,истолкователь,истолковать,истолковывать,истолковываться,натолковаться,обтолковать,оттолковать,перетолки,перетолковать,перетолковывание,перетолковывать,перетолковываться,потолковать,протолковать,растолковать,растолковаться,растолковывать,растолковываться,столковаться,столковываться,толк,толки,толкование,толкователь,толковать,толковаться,толковитый,толковник,толковый,толком		1	67	large,many_prefixes,many_suffixes,in_corpus		UNREVIEWED			REVIEW	102
щеп	щеп	41	защепить,защеплять,нащепать,отщепать,отщепенец,отщепенка,отщепенческий,отщепенчество,отщепить,отщепиться,отщепление,отщеплять,отщепляться,подщепать,пощепать,прищеп,прищепить,прищепка,прищеплять,прищепляться,прищепок,расщеп,расщепать,расщепить,расщепиться,расщепление,расщепленный,расщеплять,расщепляться,щепа,щепальный,щепаный,щепать,щепаться,щепка,щепной,щепотка,щепотник,щепоть,щепочка,щепяной		1	45	large,many_prefixes,many_suffixes,in_corpus		UNREVIEWED			REVIEW	102
серд|серж|серч	серд|серж|серч	35	бессердечие,бессердечность,бессердечный,осердить,осердиться,осерчать,переусердствовать,подсердечный,посердить,посердиться,поусердствовать,предсердие,рассердить,рассердиться,рассерженный,рассерчать,сердечко,сердечник,сердечность,сердечный,сердечушко,сердитка,сердитость,сердитый,сердить,сердиться,сердце,сердцевина,сердцевинный,сердчишко,сердяга,серчать,усердие,усердный,усердствовать		7	385	medium_size,many_prefixes,many_suffixes,in_corpus		UNREVIEWED			REVIEW	102
гряз	гряз	34	грязевик,грязевой,грязевщик,грязи,грязища,грязненький,грязнеть,грязнить,грязниться,грязноватый,грязнуля,грязнуть,грязнуха,грязнушка,грязный,грязца,грязь,загрязнение,загрязненность,загрязненный,загрязнитель,загрязнить,загрязниться,загрязнуть,загрязнять,загрязняться,изгрязнить,изгрязниться,изгрязнять,изгрязняться,нагрязнить,перегрязнить,погрязать,погрязнуть		23	1702	medium_size,many_suffixes,corpus_hot		UNREVIEWED			REVIEW	102
дал	дал	32	вдалеке,вдали,вдаль,далекий,далеко,далеконько,далече,даль,дальнейший,дальний,дальность,издалека,издалече,издали,недалекость,неподалеку,одаль,отдаление,отдаленность,отдаленный,отдалить,отдалиться,отдалять,отдаляться,поодаль,удаление,удаленность,удаленный,удалить,удалиться,удалять,удаляться		25	4801	medium_size,many_suffixes,corpus_hot		UNREVIEWED			REVIEW	102
человек|человеч	человек|человеч	22	бесчеловечие,бесчеловечность,бесчеловечный,вочеловечение,вочеловеченный,вочеловечиться,очеловечение,очеловечивать,очеловечиваться,очеловечить,очеловечиться,человек,человечек,человеческий,человечественный,человечество,человечий,человечина,человечишка,человечище,человечность,человечный		35	1646	medium_size,many_suffixes,corpus_hot		UNREVIEWED			REVIEW	102
долг¹|долж¹	долг¹|долж¹	21	долгий,долговатый,долгонько,долгота,долготный,долгунец,долгуша,задолго,надолго,недолга,продолговатость,продолговатый,продолжатель,продолжательница,продолжать,продолжаться,продолжение,продолжительность,продолжительный,продолжить,продолжиться		36	1953	medium_size,many_suffixes,corpus_hot		UNREVIEWED			REVIEW	102
глуб	глуб	20	вглубь,глубина,глубинка,глубинный,глубокий,глубоконький,глубь,глубьевой,заглубить,заглубление,заглублять,заглубляться,углубитель,углубить,углубиться,углубление,углубленность,углубленный,углублять,углубляться		37	1728	medium_size,many_suffixes,corpus_hot		UNREVIEWED			REVIEW	102
озер	озер	7	заозерный,озерко,озерный,озеро,озерцо,приозерный,приозерье		88	1836	corpus_hot		UNREVIEWED			AUTO_SAFE	102
плоск|площ¹	плоск|площ¹	7	плоский,плоскостной,плоскость,площадка,площадной,площадочный,площадь		137	3014	corpus_hot		UNREVIEWED			AUTO_SAFE	102
гна|гни|гно(j)	гна|гни|гно(j)	56	выгнивание,выгнивать,выгнить,гниение,гнилец,гниловатый,гнилой,гнилостность,гнилостный,гнилушка,гниль,гнилье,гнильца,гноевище,гноение,гноить,гноиться,гноище,гной,гнойник,гнойничковый,гнойничок,гнойный,догнивать,загнаивать,загнаиваться,загнивание,загнивать,загнить,загноить,загноиться,изгнивать,нагнаиваться,нагнивать,нагноение,нагноить,нагноиться,отгнивать,перегнаивать,перегнивать,перегнить,перегноить,перегной,перегнойный,погноить,подгнаивать,подгнаиваться,подгнивать,подгноить,прогнивать,прогнить,прогноить,сгнаивать,сгнаиваться,сгнивать,сгноить		0	4	large,many_prefixes,many_suffixes		UNREVIEWED			REVIEW	101
ух¹|уш¹	ух¹|уш¹	40	безухий,внушаемость,внушать,внушаться,внушение,внушительность,внушительный,внушить,заушатель,заушательский,заушательство,заушать,заушение,заушина,заушить,заушница,заушный,наушник,наушница,наушничанье,наушничать,наушнический,наушничество,подушечка,подушка,проушина,ухо,ушан,ушанка,ушастый,ушат,ушатный,ушатый,ушкан,ушки,ушко,ушковый,ушник,ушница,ушной		1	57	large,many_prefixes,many_suffixes,in_corpus		UNREVIEWED			REVIEW	101
руж	руж	38	безоружный,вооружать,вооружаться,вооруженец,вооружение,вооруженность,вооруженный,вооружить,вооружиться,довооружать,довооружаться,довооружение,довооружить,довооружиться,обезоруживание,обезоруживать,обезоруживаться,обезоружить,обезоружиться,оружейник,оружейный,оружие,перевооружать,перевооружаться,перевооружение,перевооружить,перевооружиться,подружейный,разоружать,разоружаться,разоружение,разоружить,разоружиться,ружейник,ружейный,ружье,ружьецо,ружьишко		3	105	medium_size,many_prefixes,many_suffixes,in_corpus		UNREVIEWED			REVIEW	101
страд|страст¹	страд|страст¹	38	беспристрастие,беспристрастность,беспристрастный,бесстрастие,бесстрастный,выстрадать,выстрадаться,исстрадаться,настрадаться,отстрадать,перестрадеть,пострадать,пристрастие,пристрастить,пристраститься,пристрастность,пристрастный,сострадание,сострадательность,сострадательный,сострадать,страда,страдалец,страдалица,страдальный,страдальческий,страдальчество,страдание,страдательность,страдательный,страдать,страдник,страдный,страстишка,страстной,страстность,страстный,страсть		3	188	medium_size,many_prefixes,many_suffixes,in_corpus		UNREVIEWED			REVIEW	101
пчел	пчел	6	пчела,пчелиный,пчелка,пчельник,пчельный,пчеляк		135	1890	corpus_hot		UNREVIEWED			AUTO_SAFE	101
ве	ве	70	веялка,веяльщик,веяльщица,веяние,веяный,веятель,веять,веяться,взвевать,взвеваться,взвеять,взвеяться,вывевать,вывеваться,вывеивание,вывеивать,вывеиваться,вывеять,вывеяться,довеивать,довеиваться,довеять,завеять,извеять,навевать,навеваться,навеивать,навеиваться,навеять,обвевать,обвеваться,обвеивать,обвеять,обвеяться,овевать,овеваться,овеивать,овеиваться,овеять,овеяться,отвеивать,отвеиваться,отвеять,отвеяться,перевевать,перевеивать,перевеять,повевать,повеять,подвевать,подвеивать,подвеять,провевать,провеваться,провеивать,провеиваться,провеять,провеяться,развевание,развевать,развеваться,развеивать,развеиваться,развеять,развеяться,свевать,свеваться,свеивать,свеиваться,свеять		0	2130	large,many_prefixes		UNREVIEWED			REVIEW	100
прыг|прыж	прыг|прыж	55	вприпрыжку,впрыгивание,впрыгивать,впрыгнуть,вспрыгивание,вспрыгивать,вспрыгнуть,выпрыгивание,выпрыгивать,выпрыгнуть,допрыгать,допрыгаться,допрыгивать,допрыгиваться,допрыгнуть,запрыгать,запрыгаться,запрыгивать,запрыгнуть,напрыгаться,отпрыгать,отпрыгивать,отпрыгнуть,перепрыгивать,перепрыгнуть,подпрыг,подпрыгивание,подпрыгивать,подпрыгнуть,попрыгать,попрыгивать,попрыгун,попрыгунчик,попрыгунья,припрыгать,припрыгивать,припрыгнуть,припрыжка,прыг,прыгалка,прыганье,прыгать,прыгнуть,прыгун,прыгунчик,прыгунья,прыжковый,прыжок,распрыгаться,спрыгивать,спрыгнуть,упрыгать,упрыгаться,упрыгивать,упрыгнуть		0	0	large,many_prefixes,many_suffixes		UNREVIEWED			REVIEW	100
плат¹|плач¹	плат¹|плач¹	51	бесплатный,выплата,выплатить,выплатной,выплачивание,выплачивать,выплачиваться,доплата,доплатить,доплатной,доплачивать,доплачиваться,заплатить,неоплатность,неоплатный,оплата,оплатить,оплатный,оплачивать,оплачиваться,отплата,отплатить,отплачивать,отплачиваться,переплата,переплатить,переплачивать,переплачиваться,плата,платеж,платежный,плательщик,плательщица,платить,платиться,платность,платный,плаченый,плачивать,поплатиться,приплата,приплатить,приплачивать,приплачиваться,расплата,расплатиться,расплачиваться,уплата,уплатить,уплачивать,уплачиваться		4	332	large,many_prefixes,in_corpus		UNREVIEWED			REVIEW	100
лук³|луч³	лук³|луч³	26	безотлучный,неотлучный,неразлучники,неразлучность,неразлучный,отлучать,отлучаться,отлучение,отлучить,отлучиться,отлучка,разлука,разлучать,разлучаться,разлучение,разлучить,разлучиться,разлучник,разлучница,случать,случаться,случить,случиться,случка,случной,случник		29	2356	medium_size,many_suffixes,corpus_hot		UNREVIEWED			REVIEW	100
ма⁴|ман¹	ма⁴|ман¹	54	безобманный,взманивать,взманиваться,взманить,выманивание,выманивать,выманиваться,выманить,заманивание,заманивать,заманиваться,заманить,заманиха,заманчивость,заманчивый,мание,манить,манный,мановение,манок,манящий,обман,обманка,обманный,обмануть,обмануться,обманчивость,обманчивый,обманщик,обманщица,обманывать,обманываться,отманить,переманивать,переманиваться,переманить,подманивать,подманить,поманивать,поманить,приманивать,приманиваться,приманить,приманка,приманочный,приманчивость,приманчивый,сманивать,сманиваться,сманить,сманка,сманщик,уманивать,уманить		0	0	large,many_prefixes,many_suffixes		UNREVIEWED			REVIEW	99
да²|до(j)	да²|до(j)	54	выдаивание,выдаивать,выдаиваться,выдоить,выдоиться,выдойка,даивать,доение,доеный,доильник,доильный,доильщица,доить,доиться,дойка,дойник,дойница,дойный,дояр,доярка,издаивать,издаиваться,издоить,издоиться,надаивать,надаиваться,надоить,надой,отдаивать,отдаиваться,отдоить,отдоиться,передаивать,передаиваться,передоить,подоить,подойник,раздаивание,раздаивать,раздаиваться,раздоить,раздоиться,раздой,сдаивание,сдаивать,сдаиваться,сдоить,сдой,сдойный,удой,удойливость,удойливый,удойность,удойный		0	196	large,many_prefixes,many_suffixes		UNREVIEWED			REVIEW	99
верг|верж	верг|верж	43	ввергать,ввергаться,ввергнуть,ввергнуться,ввержение,изверг,извергать,извергаться,извергнуть,извергнуться,извержение,изверженность,опровергатель,опровергать,опровергаться,опровергнуть,опровергнуться,опровержение,опровержимый,отвергать,отвергаться,отвергнуть,отверженец,отверженный,повергать,повергаться,повергнуть,повергнуться,подвергать,подвергаться,подвергнуть,подвергнуться,подверженность,приверженец,приверженка,приверженность,приверженный,развергаться,свергать,свергаться,свергнуть,свергнуться,свержение		11	550	large,many_prefixes,in_corpus		UNREVIEWED			REVIEW	99
ващ|воск|вощ	ващ|воск|вощ	23	воск,восковка,восковниковые,восковой,вощанка,вощаной,вощение,вощеный,вощина,вощинный,вощить,вощиться,выващивать,выващиваться,наващивать,наващиваться,навощить,подващивать,подващиваться,подвощить,проващивать,проващиваться,провощить		16	496	medium_size,many_prefixes,many_suffixes,in_corpus		UNREVIEWED			REVIEW	99
сме¹	сме¹	53	высмеивание,высмеивать,высмеиваться,высмеять,высмеяться,досмеяться,засмеять,засмеяться,надсмеяться,насмехательство,насмехаться,насмешить,насмешка,насмешливость,насмешливый,насмешник,насмешница,насмешничать,насмеяться,осмеивать,осмеиваться,осмеяние,осмеять,пересмеивать,пересмеиваться,пересмешить,пересмешки,пересмешник,пересмешница,пересмеять,подсмеиваться,посмеиваться,посмешить,посмешище,посмеяние,посмеяться,просмеять,рассмешить,рассмеяться,смех,смехач,смехота,смешинка,смешить,смешливость,смешливый,смешной,смешок,смеяться,усмехаться,усмехнуться,усмешка,усмешливый		0	56	large,many_prefixes,many_suffixes		UNREVIEWED			REVIEW	98
дабр|добр	дабр|добр	37	добренький,добреть,добро,добром,доброта,добротность,добротный,добрый,добряк,добрячка,добрячок,задабривание,задабривать,задабриваться,задобрить,одобрение,одобрительность,одобрительный,одобрить,одобрять,одобряться,подобреть,подобру,раздабривать,раздабриваться,раздобреть,раздобрить,раздобриться,сдабривать,сдабриваться,сдобрить,удабривать,удобрение,удобритель,удобрить,удобрять,удобряться		1	71	medium_size,many_prefixes,many_suffixes,in_corpus		UNREVIEWED			REVIEW	98
бран	бран	28	безвозбранный,бранивать,браниваться,бранить,браниться,бранный,бранчливость,бранчливый,брань,возбранить,возбранять,возбраняться,выбранить,выбраниться,забранить,забраниться,избранить,невозбранный,перебраниваться,перебранить,перебраниться,перебранка,побранивать,побраниваться,побранить,побраниться,разбранить,разбраниться		0	89	medium_size,partial_split,many_prefixes	sense:abuse:1	UNREVIEWED	sense:abuse:1		ALREADY_SPLIT	98
мен²	мен²	26	менее,меньшевизм,меньшевик,меньшевиствующий,меньшевистский,меньшевичка,меньшенький,меньший,меньшинство,меньшой,преуменьшать,преуменьшаться,преуменьшение,преуменьшить,приуменьшать,приуменьшаться,приуменьшение,приуменьшить,уменьшаемое,уменьшать,уменьшаться,уменьшение,уменьшительность,уменьшительный,уменьшить,уменьшиться		27	1095	medium_size,many_suffixes,corpus_hot		UNREVIEWED			REVIEW	98
лев¹|льв	лев¹|льв	3	лев,львенок,львица		82	520	corpus_hot		UNREVIEWED			AUTO_SAFE	98
том¹	том¹	3	потомный,том,томик		126	959	corpus_hot		UNREVIEWED			AUTO_SAFE	98
клеп	клеп	67	вклепать,вклепаться,вклепка,вклепывать,вклепываться,всклепать,всклепывать,выклепать,выклепывать,выклепываться,заклепать,заклепка,заклепочный,заклепщик,заклепывание,заклепывать,заклепываться,клепало,клепальный,клепальщик,клепание,клепаный,клепань,клепать,клепка,клепочник,клепочный,наклепать,наклепка,наклепывать,наклепываться,отклепать,отклепаться,отклепка,отклепывать,отклепываться,переклепать,переклепка,переклепывать,подклепать,подклепка,подклепывать,подклепываться,поклеп,поклепщик,приклепать,приклепаться,приклепка,приклепщик,приклепывать,приклепываться,расклепать,расклепаться,расклепка,расклепывать,расклепываться,склеп,склепальщик,склепать,склепаться,склепка,склепный,склепок,склепочный,склепщик,склепывать,склепываться		0	0	large,many_prefixes		UNREVIEWED			REVIEW	97
ка²|кап¹	ка²|кап¹	44	вкапать,вкапнуть,докапать,закапать,закапаться,искапать,кануть,капать,капель,капелька,капельник,капельница,капельный,капля,капнуть,накапать,накапывать,обкапать,обкапаться,обкапывать,обкапываться,окапать,окапаться,окапывание,окапывать,окапываться,откапать,откапывать,откапываться,подкапать,подкапнуть,подкапывать,подкапываться,покапать,покапывать,прокапать,прокапывать,скапать,скапывать,скапываться,укапать,укапаться,укапывать,укапываться		8	1391	large,many_prefixes,in_corpus		UNREVIEWED			REVIEW	97
веред|вред|вреж|врежд	веред|вред|вреж|врежд	33	безвредность,безвредный,веред,вередить,вередник,вред,вредитель,вредительский,вредительство,вредительствовать,вредить,вредность,вредный,навредить,невредимость,невредимый,обезвредить,обезвредиться,обезвреживание,обезвреживать,обезвреживаться,повредить,повредиться,повреждать,повреждаться,повреждение,привередливость,привередливый,привередник,привередница,привередничать,привередничество,развередить		4	185	medium_size,many_alternations,many_suffixes,in_corpus		UNREVIEWED			REVIEW	97
им²|ым¹	им²|ым¹	31	безыменный,безымянка,безымянный,именинник,именинница,именинный,именины,именительный,именитость,именитый,именно,именной,именованный,именовать,именоваться,имечко,имя,наименование,наименовать,наименовывать,отыменный,переименование,переименовать,переименоваться,переименовывать,переименовываться,поименный,поименовать,соименник,соименница,соименный		21	1491	medium_size,many_suffixes,corpus_hot		UNREVIEWED			REVIEW	97
вотч|отец|отеч|отц|отч	вотч|отец|отеч|отц|отч	23	безотцовщина,вотчим,вотчина,вотчинный,отец,отецкий,отеческий,отечественный,отечество,отцов,отцовский,отческий,отчество,отчизна,отчий,отчим,отчина,праотец,праотцовский,соотечественник,соотечественница,соотечественный,соотчич		14	378	medium_size,many_alternations,many_suffixes,in_corpus		UNREVIEWED			REVIEW	97
пуг|пуж	пуг|пуж	50	вспугивание,вспугивать,вспугиваться,вспугнуть,выпугивать,выпугнуть,запуганность,запуганный,запугать,запугивание,запугивать,запугиваться,испуг,испуганный,испугать,испугаться,напуганный,напугать,напугаться,отпугивать,отпугиваться,отпугнуть,перепуг,перепуганный,перепугать,перепугаться,перепужать,перепужаться,попугать,попугивать,припугивать,припугнуть,пугало,пуганый,пугать,пугаться,пугач,пугливость,пугливый,пугнуть,пужать,пужаться,распуганный,распугать,распугивать,распугиваться,распугнуть,спугивать,спугиваться,спугнуть		1	96	large,many_prefixes,in_corpus		UNREVIEWED			REVIEW	96
тесн	тесн	48	втеснить,втесниться,втеснять,втесняться,вытеснение,вытеснитель,вытеснить,вытесниться,вытеснять,вытесняться,застесняться,затеснить,оттеснить,оттесниться,оттеснять,оттесняться,постесняться,потеснить,потесниться,притеснение,притеснитель,притеснительный,притеснить,притеснять,притесняться,протесниться,стеснение,стесненно,стесненность,стесненный,стеснительность,стеснительный,стеснить,стесниться,стеснять,стесняться,теснина,теснить,тесниться,тесноватый,теснота,тесный,утеснение,утеснительный,утеснить,утесниться,утеснять,утесняться		3	204	large,many_prefixes,in_corpus		UNREVIEWED			REVIEW	96
черк	черк	46	вычеркивание,вычеркивать,вычеркиваться,вычеркнуть,вычеркнуться,зачеркать,зачеркивание,зачеркивать,зачеркиваться,зачеркнуть,исчерканный,исчеркать,исчеркивать,начеркать,отчеркивать,отчеркиваться,отчеркнуть,отчеркнуться,очерк,очеркивать,очеркиваться,очеркист,очеркистка,очеркистский,очеркнуть,очерковый,перечеркать,перечеркивать,перечеркиваться,перечеркнуть,подчеркивание,подчеркивать,подчеркиваться,подчеркнутый,подчеркнуть,почерк,почеркать,прочерк,прочеркивать,прочеркиваться,прочеркнуть,расчеркиваться,расчеркнуть,росчерк,черкать,черкнуть		5	188	large,many_prefixes,in_corpus		UNREVIEWED			REVIEW	96
мг|ми|миг	мг|ми|миг	34	замигать,мгновение,мгновенный,мигалка,мигание,мигануть,мигательный,мигать,мигач,мигнуть,мигом,минование,миновать,миноваться,минувший,минуть,неминуемость,неминуемый,неминучий,перемигивание,перемигиваться,перемигнуться,подмигивание,подмигивать,подмигнуть,помигать,помимо,преминуть,промигать,разминуться,смигивать,смигиваться,смигнуть,смигнуться		2	110	medium_size,many_prefixes,many_suffixes,in_corpus		UNREVIEWED			REVIEW	96
сахар	сахар	34	засахаренный,засахаривание,засахаривать,засахариваться,засахарить,засахариться,насахаривать,насахариваться,насахарить,обессахаривание,обсахаривать,обсахариваться,обсахарить,обсахариться,пересахаривать,пересахарить,подсахаривать,подсахарить,посахарить,присахарить,сахар,сахарец,сахарин,сахаринка,сахариновый,сахаринщик,сахаристость,сахаристый,сахарить,сахариться,сахарник,сахарница,сахарный,сахароза		2	78	medium_size,many_prefixes,many_suffixes,in_corpus		UNREVIEWED			REVIEW	96
вес³	вес³	1	весь		89	984	corpus_hot		UNREVIEWED			AUTO_SAFE	96
смал|смол	смал|смол	50	высмаливать,высмаливаться,высмолить,досмаливать,досмолить,засмаливать,засмаливаться,засмолить,засмолиться,засмолка,насмаливать,насмаливаться,насмолить,осмаливать,осмаливаться,осмолить,пересмаливать,пересмаливаться,пересмолить,подсмаливать,подсмаливаться,подсмолить,просмаливать,просмаливаться,просмолить,просмолиться,просмолка,смола,смолевка,смолевой,смоление,смоленый,смолильный,смолильщик,смолистость,смолистый,смолить,смолиться,смолка,смоль,смолье,смольевой,смольник,смольный,смольщик,смоляк,смоляник,смолянистый,смолянка,смоляной		0	0	large,many_prefixes,many_suffixes		UNREVIEWED			REVIEW	95
черп	черп	49	вычерпать,вычерпаться,вычерпнуть,вычерпнуться,вычерпывание,вычерпывать,вычерпываться,дочерпать,дочерпывать,зачерпать,зачерпнуть,зачерпнуться,зачерпывание,зачерпывать,зачерпываться,исчерпанность,исчерпать,исчерпывать,исчерпываться,исчерпывающий,начерпать,начерпывать,неисчерпаемость,неисчерпаемый,отчерпать,отчерпнуть,отчерпнуться,отчерпывать,отчерпываться,перечерпнать,перечерпывать,перечерпываться,почерпать,почерпнуть,счерпать,счерпнуть,счерпывать,счерпываться,учерпнуть,учерпывать,учерпываться,черпак,черпалка,черпальный,черпальщик,черпание,черпать,черпаться,черпнуть		1	90	large,many_prefixes,in_corpus		UNREVIEWED			REVIEW	95
сов²|су	сов²|су	48	всовать,всовывание,всовывать,всовываться,всунуть,всунуться,высовывание,высовывать,высовываться,высунуть,высунуться,засов,засовать,засовывать,засовываться,засунуть,насовать,насовывать,насовываться,насунуть,осунуться,пересовать,пересунуть,подсовать,подсовывать,подсовываться,подсунуть,подсунуться,посовать,просовывать,просовываться,просунуть,просунуться,рассовать,рассовывать,рассовываться,сованый,совать,соваться,совкий,совковый,совкость,совок,совочек,ссовывать,ссунуть,сунуть,сунуться		2	114	large,many_prefixes,in_corpus		UNREVIEWED			REVIEW	95
мук¹|муч¹	мук¹|муч¹	47	вымучивание,вымучивать,вымучиваться,вымучить,домучивать,домучиваться,домучить,домучиться,замученный,замучивание,замучивать,замучиваться,замучить,замучиться,измученный,измучивать,измучиваться,измучить,измучиться,мука,мучение,мученик,мученица,мученический,мученичество,мученский,мученый,мучитель,мучительница,мучительный,мучить,мучиться,намучить,намучиться,отмучивание,отмучивать,отмучиваться,отмучить,отмучиться,перемучить,перемучиться,помучить,помучиться,промучить,промучиться,умучить,умучиться		3	550	large,many_prefixes,in_corpus		UNREVIEWED			REVIEW	95
член	член	28	бесчленный,вычленение,вычленить,вычленять,вычленяться,расчленение,расчлененность,расчлененный,расчленить,расчлениться,расчленять,расчленяться,сочлен,сочленение,сочлененный,сочленить,сочленовый,сочленять,сочленяться,член,членение,членик,членистый,членить,члениться,членный,членский,членство		22	494	medium_size,many_suffixes,corpus_hot		UNREVIEWED			REVIEW	95
ре¹|ри|ро(j)|рь	ре¹|ри|ро(j)|рь	28	взроиться,выроиться,зареять,зароиться,изринуть,отринуть,отроек,отроить,отроиться,реять,ринуться,роевник,роевня,роевой,роек,роение,роистый,роить,роиться,рой,ройба,ройник,ройница,ройный,рьяность,рьяный,сроить,сроиться		7	467	medium_size,many_alternations,many_suffixes,in_corpus		UNREVIEWED			REVIEW	95
нем	нем	21	занемелый,занеметь,неметчина,неметь,немец,немецкий,немка,немой,немота,немотствовать,немчура,онемевать,онемелость,онемелый,онемение,онеметь,онемечение,онемечивать,онемечиваться,онемечить,онемечиться		29	1881	medium_size,many_suffixes,corpus_hot		UNREVIEWED			REVIEW	95
хлест	хлест	64	внахлестку,выхлестать,выхлестаться,выхлестнуть,выхлестывать,захлестать,захлестаться,захлестка,захлестнуть,захлестнуться,захлестывание,захлестывать,захлестываться,исхлестать,исхлестаться,исхлестывать,исхлестываться,нахлестать,нахлестаться,нахлестка,нахлестнуть,нахлестывать,нахлестываться,отхлестать,отхлестаться,отхлестывать,отхлестываться,перехлестать,перехлестнуть,перехлестывать,перехлестываться,подхлестка,подхлестнуть,подхлестывать,подхлестываться,похлестать,похлестывать,прихлестка,прихлестнуть,прихлестывать,расхлестать,расхлестаться,расхлестнуть,расхлестывать,расхлестываться,схлестать,схлестнуть,схлестнуться,схлестывать,схлестываться,ухлестать,ухлестаться,ухлестнуть,ухлестывать,ухлестываться,хлестануть,хлестать,хлестаться,хлесткий,хлесткость,хлестнуть,хлестнуться,хлестывать,хлесть		0	0	large,many_prefixes		UNREVIEWED			REVIEW	94
страч|строк|строч	страч|строк|строч	49	выстрачивание,выстрачивать,выстрачиваться,выстрочить,выстрочиться,дострочить,застрачивание,застрачивать,застрачиваться,застрочить,исстрачивать,исстрочить,надстрочный,настрачивать,настрачиваться,настрочить,обстрачивать,обстрачиваться,обстрочить,отстрачивать,отстрочить,перестрачивать,перестрочить,подстрачивать,подстрачиваться,подстрочить,подстрочник,подстрочный,построчить,построчно,построчный,пристрачивать,пристрачиваться,пристрочить,пристрочка,прострачивать,прострачиваться,прострочить,страчивать,строка,строченый,строчечный,строчила,строчильщик,строчить,строчиться,строчка,строчной,строчок		0	0	large,many_prefixes,many_suffixes		UNREVIEWED			REVIEW	94
квас|кваш	квас|кваш	49	доквасить,докваситься,доквашивать,доквашиваться,заквасить,закваситься,закваска,заквасчик,заквашивание,заквашивать,заквашиваться,квас,квасить,кваситься,квасной,квасок,квасцевать,квасцеваться,квасцовый,квасцы,квашение,квашенина,квашенинный,квашеный,квашня,квашонка,наквасить,наквашивать,наквашиваться,переквасить,перекваситься,переквашивать,переквашиваться,подквасить,подкваска,подквашивать,подквашиваться,проквасить,прокваситься,прокваска,проквашивать,проквашиваться,расквасить,расквашивать,расквашиваться,сквасить,скваситься,сквашивать,сквашиваться		0	0	large,many_prefixes,many_suffixes		UNREVIEWED			REVIEW	94
ку²|куп²	ку²|куп²	33	выкупать,выкупаться,докупать,докупаться,искупать,искупаться,купава,купавка,купаленка,купальник,купальница,купальный,купальня,купальщик,купальщица,купание,купаный,купать,купаться,купель,накупать,накупаться,окунать,окунаться,окунуть,окунуться,перекупать,перекупаться,перекупывать,перекупываться,покупать,покупаться,раскупаться		1	710	medium_size,many_prefixes,many_suffixes,in_corpus		UNREVIEWED			REVIEW	94
верст²|верст	верст²|верст	48	вверстать,вверстка,вверстывать,верста,верстальщик,верстальщица,верстание,верстатка,верстать,верстаться,верстка,верстный,верстовой,заверстать,заверстывать,заверстываться,наверстать,наверстывание,наверстывать,наверстываться,переверстать,переверстка,переверстывать,переверстываться,поверстать,поверстаться,поверстный,подверстать,подверстка,подверстывать,подверстываться,разверстание,разверстать,разверстка,разверсточный,разверстывать,разверстываться,сверстанный,сверстать,сверстаться,сверстка,сверстник,сверстница,сверстничек,сверстнический,сверстничество,сверстывать,сверстываться		0	0	large,many_prefixes,many_suffixes		UNREVIEWED			REVIEW	93
прыс|прыск|прыщ	прыс|прыск|прыщ	48	впрыскивание,впрыскивать,впрыскиваться,впрыснуть,вспрыски,вспрыскивание,вспрыскивать,вспрыскиваться,вспрыснуть,выпрыскать,выпрыскивать,выпрыснуть,испрыскать,испрыскивать,напрыскать,напрыскивать,опрыскать,опрыскаться,опрыскивание,опрыскиватель,опрыскивать,опрыскиваться,опрыснуть,опрыщаветь,отпрыск,перепрыскать,перепрыскивать,перепрыснуть,попрыскать,попрыскаться,попрыскивать,прыскать,прыскаться,прыснуть,прыщ,прыщаветь,прыщавость,прыщавый,прыщеватость,прыщеватый,прыщик,распрыскать,распрыскиватель,распрыскивать,спрыски,спрыскивать,спрыскиваться,спрыснуть		0	0	large,many_prefixes,many_suffixes		UNREVIEWED			REVIEW	93
пока¹|поко(j)	пока¹|поко(j)	43	беспокоить,беспокоиться,беспокойный,беспокойствие,беспокойство,забеспокоиться,заупокойный,обеспокоенный,обеспокоивать,обеспокоиваться,обеспокоить,обеспокоиться,побеспокоить,побеспокоиться,покои,покоить,покоиться,покой,покойник,покойница,покойницкий,покойный,поуспокоиться,спокой,спокойный,спокойствие,упокоевать,упокоеваться,упокоение,упокоить,упокоиться,упокой,успокаивать,успокаиваться,успокаивающий,успокоение,успокоенность,успокоенный,успокоитель,успокоительность,успокоительный,успокоить,успокоиться		5	405	large,many_suffixes,in_corpus		UNREVIEWED			REVIEW	93
берег¹|береж¹|береч|брег|бреж²|бреч	берег¹|береж¹|береч|брег|бреж²|бреч	41	береженый,бережливость,бережливый,бережность,бережный,беречь,беречься,небрежение,небрежничать,небрежность,небрежный,небречь,оберег,оберегать,оберегаться,обережь,оберечь,оберечься,поберечь,поберечься,пренебрегать,пренебрегаться,пренебрежение,пренебреженный,пренебрежительность,пренебрежительный,пренебречь,приберегать,приберегаться,приберечь,сберегатель,сберегательный,сберегать,сберегаться,сбережение,сберечь,сберечься,уберегать,уберегаться,уберечь,уберечься		7	548	large,many_alternations,in_corpus		UNREVIEWED			REVIEW	93
рух|руш²	рух|руш²	41	нарушать,нарушаться,нарушение,нарушитель,нарушительница,нарушить,нарушиться,ненарушимый,нерушимость,нерушимый,обрушение,обрушенный,обрушивать,обрушиваться,обрушить,обрушиться,поруха,порушить,порушиться,проруха,разруха,разрушать,разрушаться,разрушение,разрушитель,разрушительность,разрушительный,разрушить,разрушиться,рухлый,рухлядный,рухлядь,рухляк,рухляковый,рухнуть,рухнуться,рушать,рушение,рушильный,рушить,рушиться		7	350	large,many_suffixes,in_corpus		UNREVIEWED			REVIEW	93
крив	крив	37	вкривь,закривить,закривление,закривлять,закривляться,искривить,искривиться,искривление,искривленность,искривленный,искривлять,искривляться,кривая,кривда,криветь,кривизна,кривить,кривиться,кривичи,кривляка,кривлянье,кривляться,кривой,кривулина,кривуля,кривун,накриво,окриветь,перекривить,перекривиться,перекривлять,перекривляться,покривить,покривиться,покривляться,скривить,скривиться		11	368	medium_size,many_suffixes,in_corpus		UNREVIEWED			REVIEW	93
лес¹|леш	лес¹|леш	36	безлесный,безлесье,залесье,лес,леса,лесина,лесистость,лесистый,лесишко,лесище,лесник,лесничать,лесничество,лесничий,лесной,лесовик,лесовщик,лесок,лесочек,лешак,лешачий,лешачиха,леший,обезлесение,обезлесеть,обезлесить,облесение,облесительный,облесить,перелеска,перелесок,перелесье,подлесок,подлесье,полесовщик,полесье		12	441	medium_size,many_suffixes,in_corpus		UNREVIEWED			REVIEW	93
буд¹|бужд	буд¹|бужд	34	беспробудный,будильник,будить,будиться,возбудимость,возбудитель,возбудительница,возбудительный,возбудить,возбудиться,возбуждаемость,возбуждать,возбуждаться,возбуждающий,возбуждение,возбужденность,возбужденный,добудиться,непробудный,перебудить,побудитель,побудительность,побудительный,побудить,побудка,побуждать,побуждаться,побуждение,пробудить,пробудиться,пробуждать,пробуждаться,пробуждение,разбудить		14	742	medium_size,many_prefixes,in_corpus		UNREVIEWED			REVIEW	93
блес|блеск|блест|блист	блес|блеск|блест|блист	30	блеск,блесна,блеснуть,блестеть,блестка,блесточка,блестящий,блистание,блистательность,блистательный,блистать,взблеск,взблескивание,взблескивать,взблеснуть,возблестеть,возблистать,заблестеть,заблистать,отблеск,отблескивать,отблестеть,отблистать,поблескивать,поблестеть,поблистать,проблеск,проблескивать,проблеснуть,проблистать		3	147	medium_size,many_alternations,many_prefixes,in_corpus		UNREVIEWED			REVIEW	93
жид²|жиж	жид²|жиж	24	жидель,жиденький,жидеть,жидкий,жидковатый,жидкостный,жидкость,жижа,жижица,ожижение,ожижитель,разжидитель,разжидить,разжидиться,разжижать,разжижаться,разжижение,разжиженный,разжижитель,сжидиться,сжижать,сжижаться,сжижение,сжиженный		24	984	medium_size,many_suffixes,corpus_hot		UNREVIEWED			REVIEW	93
пеш²|пих|пх	пеш²|пих|пх	62	впихать,впихаться,впихивание,впихивать,впихиваться,впихнуть,впихнуться,выпихать,выпихивание,выпихивать,выпихиваться,выпихнуть,выпихнуться,запихать,запихивание,запихивать,запихиваться,запихнуть,напихать,напихивать,напихиваться,напхать,отпихаться,отпихивать,отпихиваться,отпихнуть,отпихнуться,перепихать,перепихивать,перепихиваться,перепихнуть,пешневой,пешня,пихание,пихать,пихаться,пихнуть,подпихать,подпихивать,подпихиваться,подпихнуть,припихивать,припихнуть,пропихать,пропихаться,пропихивать,пропихиваться,пропихнуть,пропихнуться,пхать,пхнуть,распихать,распихивать,распихиваться,распихнуть,спихивать,спихиваться,спихнуть,упихать,упихивать,упихиваться,упихнуть		0	0	large,many_prefixes		UNREVIEWED			REVIEW	92
мер³|мерек|мереч|мерк|мерц|морач|морок|мороч|мрак|мрач	мер³|мерек|мереч|мерк|мерц|морач|морок|мороч|мрак|мрач	47	выморочность,выморочный,замерцать,заморочить,засмеркаться,мерекать,меркнуть,мерцание,мерцательный,мерцать,морока,морочить,мрак,мрачить,мрачнеть,мрачность,мрачный,обморачивать,обморачиваться,обморок,обморочение,обморочить,обморочный,омрачать,омрачаться,омрачить,омрачиться,померкнуть,померкший,померцать,поморочить,помрачать,помрачаться,помрачение,помрачить,помрачиться,помрачнеть,смеркаться,смеркнуться,сумеречник,сумеречница,сумеречный,сумерки,сумерничать,сумрак,сумрачность,сумрачный		0	0	large,many_alternations,many_suffixes		UNREVIEWED			REVIEW	92
пах¹|паш¹	пах¹|паш¹	29	запах,запахивание,запахивать,запахиваться,запаxхнуть,запахнуться,запашной,запашок,нараспашку,опахало,опахивать,опахиваться,опахнуть,опахнуться,опашень,отпахнуть,отпахнуться,пахнуть,пахучесть,пахучий,пахучка,попахивать,пропахнуть,распахивать,распахиваться,распахнуть,распахнуться,распашной,распашонка		3	228	medium_size,many_prefixes,many_suffixes,in_corpus		UNREVIEWED			REVIEW	92
тел¹	тел¹	13	бестелесность,бестелесный,нательник,нательный,телеса,телесность,телесный,телешом,тело,тельник,тельный,тельняшка,тельце		64	1799	corpus_hot		UNREVIEWED			REVIEW	92
студ|стуж	студ|стуж	46	выстудить,выстудиться,выстужать,выстужаться,выстуживание,выстуживать,застуденеть,застудить,застудиться,застуженный,застуживать,застуживаться,настудить,настужать,настуживать,настуживаться,остуда,остудить,остудиться,остужать,остужаться,перестудить,перестуживать,перестуживаться,постудить,простуда,простудить,простудиться,простудливый,простудность,простудный,простужать,простужаться,простуженный,простуживать,простуживаться,студенеть,студенистость,студенистый,студениться,студеный,студень,студить,студиться,стужа,стуженый		0	0	large,many_prefixes,many_suffixes		UNREVIEWED			REVIEW	91
свят|свяч|свящ	свят|свяч|свящ	35	освятить,освящать,освящаться,освящение,посвятительный,посвятить,посвятиться,посвящать,посвящаться,посвящение,посвященный,преосвященный,преосвященство,святейшество,святейший,святилище,святилищный,святитель,святительский,святить,святиться,святки,святой,святость,святочный,святоша,святошество,святцы,святыня,свяченый,священник,священнический,священный,священство,священствовать		11	440	medium_size,many_suffixes,in_corpus		UNREVIEWED			REVIEW	91
труб	труб	23	вострубить,затрубить,натрубить,натрубиться,оттрубить,патрубень,патрубок,потрубить,протрубить,раструб,раструбить,раструбный,труба,трубач,трубаческий,трубить,трубка,трубный,трубочка,трубочник,трубочный,трубчатка,трубчатый		8	216	medium_size,many_prefixes,many_suffixes,in_corpus		UNREVIEWED			REVIEW	91
блюд¹|блюс|блюст	блюд¹|блюс|блюст	18	блюсти,блюстись,блюститель,блюстительница,наблюдатель,наблюдательница,наблюдательность,наблюдательный,наблюдательский,наблюдать,наблюдаться,наблюдение,наблюсти,понаблюдать,соблюдать,соблюдаться,соблюдение,соблюсти		43	1506	medium_size,corpus_hot		UNREVIEWED			REVIEW	91
мор²	мор²	17	взморье,заморский,море,морской,морюшко,моряк,моряна,морянка,моряцкий,помор,поморка,поморский,поморщина,поморье,поморянин,приморский,приморье		29	977	medium_size,many_suffixes,corpus_hot		UNREVIEWED			REVIEW	91
облад|област	облад|област	13	возобладание,возобладать,обладание,обладатель,обладательница,обладать,областнический,областничество,областной,область,преобладание,преобладать,преобладающий		63	1449	corpus_hot		UNREVIEWED			REVIEW	91
зван|звен²|звон²	зван|звен²|звон²	45	вызванивание,вызванивать,вызваниваться,дозваниваться,дозвониться,зазвенеть,зазвонить,звенеть,звон,звонарня,звонарский,звонарь,звонец,звонить,звониться,звонкий,звонковый,звонница,звонок,звоночек,звончатый,названивать,назвонить,назвониться,обзванивать,обзваниваться,обзвонить,обзвониться,отзванивать,отзвенеть,перезванивать,перезваниваться,перезвон,перезвонить,перезвониться,перезвонщик,позвенеть,позвониться,прозвенеть,прозвонить,раззванивать,раззваниваться,раззвонить,раззвониться,созвониться		0	4	large,many_prefixes,many_suffixes		UNREVIEWED			REVIEW	90
скреб|скрес	скреб|скрес	45	выскребание,выскребать,выскребаться,выскребки,выскребывать,выскрести,доскребать,доскребаться,доскребывать,доскрести,доскрестись,заскрести,заскрестись,наскребать,наскребывать,наскрести,оскребок,оскребыш,оскрести,отскребать,отскребаться,отскрести,перескрести,подскребать,подскребыш,подскрести,поскребки,поскребыш,поскрести,поскрестись,проскребать,проскрести,проскрестись,скребануть,скребень,скребка,скребковый,скребло,скребница,скребок,скрести,скрестись,соскребать,соскребывать,соскрести		0	10	large,many_prefixes,many_suffixes		UNREVIEWED			REVIEW	90
гащ|гост|гощ	гащ|гост|гощ	28	гащивать,гостевать,гостевой,гостиная,гостинец,гостиница,гостиничный,гостинчик,гостиный,гостить,гость,гостьюшка,гостья,гостюшка,загащиваться,загоститься,нагоститься,отгостить,отгоститься,погост,погостить,погостный,прогостить,угостить,угоститься,угощать,угощаться,угощение		2	84	medium_size,many_prefixes,many_suffixes,in_corpus		UNREVIEWED			REVIEW	90
кра¹|кро(j)	кра¹|кро(j)	59	вкраивание,вкраивать,вкраиваться,вкроить,вкроиться,выкраивание,выкраивать,выкраиваться,выкроить,выкроиться,выкройка,докраивать,докраиваться,докроить,закраивать,закроечный,закроить,закрой,закройка,закройный,закройщик,закройщица,искроить,кроение,кроеный,кроильный,кроить,кроиться,крой,кройка,накраивать,накраиваться,накроить,откраивание,откраивать,откраиваться,откроить,перекраивать,перекроить,перекройка,подкраивать,подкраиваться,подкроить,покроить,покрой,прикраивать,прикраиваться,прикроить,прикройка,прокроить,раскраивать,раскраиваться,раскроить,раскрой,раскройка,раскройный,раскройщик,скраивать,скроить		0	1460	large,many_prefixes		UNREVIEWED			REVIEW	89
хвал	хвал	44	восхваление,восхвалить,восхвалять,восхваляться,выхваливание,выхваливать,выхваливаться,выхвалить,выхвалиться,выхвалять,выхваляться,захваливание,захваливать,захваливаться,захвалить,нахваливать,нахваливаться,нахвалить,нахвалиться,перехваливать,перехвалить,похвала,похваливать,похвалить,похвалиться,похвальба,похвальный,похваляться,расхваливать,расхваливаться,расхвалить,расхвалиться,хвала,хвалебный,хвалена,хваление,хваленка,хваленый,хваливать,хвалить,хвалиться,чехвал,чехвалиться,чехвальство		0	0	large,many_prefixes,many_suffixes		UNREVIEWED			REVIEW	89
сал¹	сал¹	44	засаленный,засаливание,засаливать,засаливаться,засалить,засалиться,иссаливать,иссаливаться,иссалить,иссалиться,насаливать,насаливаться,насалить,обсаливать,обсаливаться,обсалить,обсалиться,осалить,отсаливание,пересаливать,пересаливаться,пересалить,подсаливать,подсаливаться,подсалить,посалить,просаливать,просаливаться,просалить,просалиться,салить,салиться,салки,сало,салочка,сальник,сальниковый,сальность,сальный,сальце,усаливать,усаливаться,усалить,усалиться		0	39	large,many_prefixes,many_suffixes		UNREVIEWED			REVIEW	89
твор²	твор²	38	затвор,затворить,затвориться,затворка,затворник,затворница,затворнический,затворничество,затворный,затворять,затворяться,отворить,отвориться,отворять,отворяться,приотворить,приотвориться,приотворять,приотворяться,притвор,притворить,притвориться,притворять,притворяться,раствор,растворенный,растворить,раствориться,растворять,растворяться,створить,створиться,створка,створный,створочка,створчатый,створять,створяться		6	364	medium_size,many_suffixes,in_corpus		UNREVIEWED			REVIEW	89
пласт	пласт	37	напластать,напластование,напластовать,напластоваться,напластовывать,напластовываться,перепластать,перепластывать,перепластываться,пласт,пластать,пластаться,пластильщик,пластина,пластинка,пластинник,пластинниковый,пластинный,пластиночник,пластиночный,пластинчатый,пластить,пластовать,пластоваться,пластовка,пластовой,пластун,пластунский,распластанный,распластать,распластаться,распластовать,распластывать,распластываться,упластать,упластывать,упластываться		7	469	medium_size,many_suffixes,in_corpus		UNREVIEWED			REVIEW	89
дом	дом	36	бездомник,бездомница,бездомничать,бездомность,бездомный,бездомовник,бездомовница,бездомовый,дом,дома,домашний,домашность,домик,домина,домишко,домище,домовина,домовитость,домовитый,домовничать,домовой,домовый,домой,домок,домушник,надомник,надомница,одомашнение,одомашнивание,одомашнивать,одомашниваться,одомашнить,одомашниться,подомный,подомовничать,подомовый		8	422	medium_size,many_suffixes,in_corpus		UNREVIEWED			REVIEW	89
лист	лист	28	безлиственный,безлистный,безлистый,лист,листаж,листать,листаться,листва,лиственеть,лиственница,лиственничный,лиственный,листик,листовать,листовка,листовой,листовочный,листок,листочек,листочный,налистник,перелистать,перелистовать,перелистывать,перелистываться,полистать,полистный,прилистник		16	370	medium_size,many_suffixes,in_corpus		UNREVIEWED			REVIEW	89
жил	жил	26	жила,жилистость,жилистый,жилить,жилиться,жилища,жилка,жилковатый,жиловатый,жилочка,жилочный,жильный,жильчатый,зажиливать,зажиливаться,зажилить,отжиливать,отжиливаться,отжилить,отжилок,поджилки,прожилина,прожилка,ужиливать,ужиливаться,ужилить		3	1192	medium_size,many_prefixes,many_suffixes,in_corpus		UNREVIEWED			REVIEW	89
плес²|плеск	плес²|плеск	58	восплескать,вплескивание,вплескивать,вплескиваться,вплеснуть,всплеск,всплескивание,всплескивать,всплескиваться,всплеснуть,всплеснуться,выплеск,выплескать,выплескаться,выплескивание,выплескивать,выплескиваться,выплеснуть,выплеснуться,доплескивать,доплеснуть,заплескать,заплескаться,заплескивание,заплескивать,заплескиваться,заплеснуть,заплеснуться,наплескать,наплескаться,наплескивать,отплеск,отплескать,отплескивать,отплескиваться,отплеснуть,отплеснуться,переплескивать,переплеснуть,переплеснуться,плеск,плескание,плескать,плескаться,плеснуть,поплескать,поплескивать,приплеснуть,расплесканный,расплескать,расплескаться,расплескивать,расплескиваться,расплеснуть,росплеск,сплескивать,сплескиваться,сплеснуть		0	0	large,many_prefixes		UNREVIEWED			REVIEW	88
пар²|пор²	пар²|пор²	58	вспарывание,вспарывать,вспарываться,вспороть,вспороться,выпарывание,выпарывать,выпарываться,выпор,выпорка,выпорок,выпоротковый,выпороток,выпороть,выпороться,допарывать,допарываться,допороть,запарывать,запороть,испороть,надпарывать,надпарываться,надпороть,напарывать,напарываться,напороть,напороться,опорок,отпарывать,отпарываться,отпороть,отпороться,перепарывать,перепарываться,перепороть,подпарывать,подпарываться,подпороть,подпороться,попороть,порка,пороть,пороться,порочный,пропарывать,пропарываться,пропороть,распарывать,распарываться,распоротый,распороть,распороться,спарывать,спарываться,спорок,спороть,спороться		0	211	large,many_prefixes		UNREVIEWED			REVIEW	88
син	син	43	впросинь,высинивать,высиниваться,досиня,засинеть,засинеться,засинивание,засинивать,засиниваться,засинить,засиниться,иссиня,насинивать,насиниваться,насинить,пересинивать,пересиниваться,пересинить,пересиниться,подсиненный,подсинивать,подсиниваться,подсинить,подсинька,посинелый,посинеть,просинить,просинь,синева,синеватый,синение,синеный,синенький,синеть,синец,синица,синичка,синька,синюха,синюховые,синюшка,синявка,синяк		0	630	large,many_prefixes,many_suffixes		UNREVIEWED			REVIEW	88
корен|кореш|корн¹	корен|кореш|корн¹	37	вкоренение,вкоренить,вкорениться,вкоренять,вкореняться,закоренелость,закоренелый,закоренеть,искоренение,искоренить,искорениться,искоренять,искореняться,коренастость,коренастый,корениться,коренник,коренной,коренщица,корень,коренья,корешковый,корешок,корневище,корневищевый,корневищный,корневой,корневщик,корнистый,неискоренимость,неискоренимый,подкоренной,укоренение,укоренить,укорениться,укоренять,укореняться		6	252	medium_size,many_suffixes,in_corpus		UNREVIEWED			REVIEW	88
раз²|роз²	раз²|роз²	23	врознь,врозь,порозну,порознь,разве,разниться,разница,разностный,разность,разнствовать,разный,разрозненность,разрозненный,разрознивать,разрозниваться,разрознить,разрозниться,рознить,розниться,розница,розничный,розно,рознь		35	1564	medium_size,corpus_hot		UNREVIEWED			REVIEW	88
электр	электр	17	наэлектризованный,наэлектризовать,наэлектризоваться,наэлектризовывать,наэлектризовываться,электризация,электризовать,электризоваться,электрик,электрификатор,электрификация,электрифицированный,электрифицировать,электрифицироваться,электрический,электричество,электричка		41	6336	medium_size,corpus_hot		UNREVIEWED			REVIEW	88
трус³|трух²|труш	трус³|трух²|труш	42	враструску,вытрусить,вытруситься,вытруска,вытрушивать,затрусить,иструхляветь,иструхлявить,отрухляветь,перетруска,подтрусить,подтруска,потрусить,притрусить,протрусить,протруситься,раструсить,раструситься,раструска,раструшивать,раструшиваться,струситься,струшивать,струшиваться,трус,трусильщик,трусить,труситься,трусца,труха,трухлеть,трухлость,трухлый,трухляветь,трухлявить,трухлявость,трухлявый,трухлячок,трухнуть,трухтеть,утруситься,утруска		0	21	large,many_prefixes,many_suffixes		UNREVIEWED			REVIEW	87
кап³|коп²	кап³|коп²	34	копенка,копенный,копилка,копить,копиться,копленый,копна,копнение,копнильщик,копнить,копнища,накапливать,накапливаться,накопить,накопиться,накопление,накоплять,накопляться,поднакопить,прикапливать,прикапливаться,прикопить,принакопить,скапливать,скапливаться,скоп,скопить,скопиться,скопище,скопление,скоплять,скопляться,скопнить,скопом		8	3200	medium_size,many_suffixes,in_corpus		UNREVIEWED			REVIEW	87
дроб	дроб	32	враздробь,дробилка,дробило,дробильный,дробильщик,дробина,дробинка,дробитель,дробительный,дробить,дробиться,дробление,дробленый,дробница,дробность,дробный,дробовик,дробовой,дробь,дробянка,надробить,подробить,подробность,подробный,раздробимость,раздробительный,раздробить,раздробиться,раздробление,раздробленность,раздроблять,раздробляться		10	540	medium_size,many_suffixes,in_corpus		UNREVIEWED			REVIEW	87
черед|чред|чрежд	черед|чред|чрежд	29	зачередоваться,очередник,очередной,очередность,очередь,поочередный,учредилка,учредиловец,учредиловка,учредиловский,учредитель,учредительница,учредительный,учредительский,учредительство,учредить,учредиться,учреждать,учреждаться,учреждение,учрежденский,учрежденческий,учрежденьице,черед,череда,чередование,чередовать,чередоваться,чреда		13	494	medium_size,many_suffixes,in_corpus		UNREVIEWED			REVIEW	87
лег¹|льг	лег¹|льг	28	вольготность,вольготный,легенький,легкий,легковой,легкое,легкость,легонечко,легонький,легонько,легохонько,легочный,легчать,легчить,льгота,льготник,льготный,налегке,облегчать,облегчаться,облегчение,облегченный,облегчить,облегчиться,подлегочный,полегоньку,полегчать,слегка		14	356	medium_size,many_suffixes,in_corpus		UNREVIEWED			REVIEW	87
бур³	бур³	27	бур,бурение,бурильный,бурильщик,бурильщица,бурить,буриться,буровик,буровой,выбуривание,выбуривать,выбуриваться,выбурить,выбуриться,забуривать,забуриваться,забурить,набурить,обурить,отбурить,подбуриваться,пробурить,разбуривание,разбуривать,разбуриваться,разбурить,разбуровка		15	556	medium_size,many_prefixes,in_corpus		UNREVIEWED			REVIEW	87
блуд|блужд|блюд³	блуд|блужд|блюд³	26	блуд,блудить,блудливость,блудливый,блудни,блудник,блудница,блудный,блуждание,блуждать,блуждающий,заблудить,заблудиться,заблудший,заблудящий,заблуждаться,заблуждение,наблудить,поблуждать,приблудиться,приблудный,проблудить,проблуждать,сблудить,ублюдок,ублюдочный		1	39	medium_size,many_prefixes,many_suffixes,in_corpus		UNREVIEWED			REVIEW	87
млек|млеч|молок|молоч²	млек|млеч|молок|молоч²	17	безмолочный,млеко,млечник,млечный,молоканин,молоканка,молоканский,молоки,молоко,молочай,молочайные,молочишко,молочко,молочник,молочница,молочность,молочный		10	594	medium_size,many_alternations,many_suffixes,in_corpus		UNREVIEWED			REVIEW	87
тук¹|туч³	тук¹|туч³	56	выстукать,выстукивание,выстукивать,выстукиваться,достукаться,достучаться,застукать,застучать,застучаться,настукать,настукивать,обстукать,обстукивать,обстукиваться,обстучать,обстучаться,отстукать,отстукивать,отстучать,перестук,перестукать,перестукивание,перестукивать,перестукиваться,перестукнуться,постукать,постукаться,постукивание,постукивать,постучать,постучаться,пристукать,пристукивать,пристукнуть,простукать,простукивать,простукиваться,простучать,состукиваться,стук,стукалка,стукальце,стукальщик,стукануть,стукать,стукаться,стукнуть,стукнуться,стукотня,стучать,стучаться,тук,тукать,тукаться,тукнуть,тукнуться		0	0	large,many_prefixes		UNREVIEWED			REVIEW	86
мал²|мол²	мал²|мол²	41	взмаливаться,взмолиться,вымаливание,вымаливать,вымаливаться,вымолить,вымолиться,замаливание,замаливать,замаливаться,замолить,маливать,маливаться,молебен,молебствие,молебствовать,молельный,молельня,молельщик,молельщица,моление,моленная,молитва,молитвенник,молитвенный,молить,молиться,мольба,мольбище,намолиться,неумолимость,неумолимый,отмаливать,отмаливаться,отмолить,отмолиться,помолиться,умаливать,умолить,умолять,умоляющий		0	9	large,many_prefixes,many_suffixes		UNREVIEWED			REVIEW	86
слаб	слаб	34	неослабность,неослабный,ослабевание,ослабевать,ослабелый,ослабеть,ослабитель,ослабить,ослабление,ослабленный,ослаблять,ослабляться,ослабнуть,послабление,послаблять,прослабить,расслабевать,расслабеть,расслабить,расслабиться,расслабленность,расслабленный,расслаблять,расслабляться,расслабнуть,слабенький,слабеть,слабина,слабительный,слабить,слабнуть,слабоватый,слабость,слабый		7	651	medium_size,many_suffixes,in_corpus		UNREVIEWED			REVIEW	86
щелк|щелч	щелк|щелч	40	выщелкивать,защелка,защелкать,защелкивание,защелкивать,защелкиваться,защелкнуть,защелкнуться,нащелкать,общелкивать,общелкиваться,отщелкать,отщелкивать,отщелкиваться,отщелкнуть,перещелкать,перещелкивать,подщелкивать,подщелкнуть,пощелкать,пощелкивать,прищелкивание,прищелкивать,прищелкнуть,расщелкать,расщелкивать,расщелкиваться,расщелкнуть,щелк,щелканье,щелкануть,щелкать,щелкаться,щелкнуть,щелкнуться,щелкун,щелкунчик,щелкунья,щелкушка,щелчок		0	120	large,many_prefixes,many_suffixes		UNREVIEWED			REVIEW	85
гал|гол	гал|гол	39	голенастый,голенище,голень,голенький,голец,голизна,голик,голица,голичок,голый,голытьба,голыш,голышка,голышом,голь,голье,гольевой,гольем,гольтепа,голяк,догола,заголить,заголиться,заголять,заголяться,наголенный,наголо,нагольный,оголение,оголенный,оголеть,оголец,оголить,оголиться,оголять,оголяться,паголенок,прогалина,прогалинка		1	82	medium_size,many_suffixes,in_corpus		UNREVIEWED			REVIEW	85
рыб	рыб	28	безрыбье,зарыбить,зарыбление,зарыблять,обезрыбеть,обезрыбить,отрыбачить,рыба,рыбак,рыбалить,рыбалка,рыбарь,рыбацкий,рыбачий,рыбачить,рыбачка,рыбец,рыбешка,рыбий,рыбина,рыбинка,рыбица,рыбища,рыбка,рыбник,рыбница,рыбный,рыбчонка		12	696	medium_size,many_suffixes,in_corpus		UNREVIEWED			REVIEW	85
чест|чещ	чест|чещ	23	бесчестить,бесчеститься,бесчестность,бесчестный,бесчестье,нечестивец,нечестивица,нечестивый,нечестие,обесчестить,обесчеститься,обесчещивание,обесчещивать,обесчещиваться,почесть,чествование,чествовать,чествоваться,честить,честной,честность,честный,честь		17	715	medium_size,many_suffixes,in_corpus		UNREVIEWED			REVIEW	85
влаг|влаж|волаж|волг|волож	влаг|влаж|волаж|волг|волож	21	влага,влажнеть,влажность,влажный,волглый,волгнуть,воложка,отволаживать,отволаживаться,отволожить,увлажать,увлажаться,увлажить,увлажиться,увлажнение,увлажненность,увлажненный,увлажнить,увлажниться,увлажнять,увлажняться		4	184	medium_size,many_alternations,many_suffixes,in_corpus		UNREVIEWED			REVIEW	85
берег²|береж²|бреж¹	берег²|береж²|бреж¹	18	безбрежие,безбрежность,безбрежный,берег,береговой,береговушка,бережок,заберег,заберега,набережная,побережный,побережье,подбережник,подбережный,прибережный,прибережье,прибрежный,прибрежье		37	1414	medium_size,corpus_hot		UNREVIEWED			REVIEW	85
винт|винч	винт|винч	54	ввинчивание,ввинчивать,ввинчиваться,взвинченность,взвинченный,взвинчивание,взвинчивать,взвинчиваться,винтер,винтовальный,винтовальня,винтовать,винтоваться,винтовка,винтовочка,вывинчивание,вывинчивать,вывинчиваться,довинчивать,довинчиваться,завинтить,завинтиться,завинчивание,завинчивать,завинчиваться,извинчивать,извинчиваться,навинтить,навинтиться,навинчивать,навинчиваться,отвинтиться,отвинчивать,отвинчиваться,перевинтить,перевинчивать,перевинчиваться,повинчивать,подвинчивать,подвинчиваться,привинтить,привинтиться,привинчивать,привинчиваться,провинтить,провинчивать,развинтить,развинтиться,развинченность,развинченный,развинчивать,развинчиваться,свинчивать,свинчиваться		0	0	large,many_prefixes		UNREVIEWED			REVIEW	84
клев|клю|клюв	клев|клю|клюв	54	выклевать,выклеваться,выклевывание,выклевывать,выклевываться,выклюнуть,доклевать,доклевывать,доклевываться,заклевать,заклевывать,исклевать,исклевывать,исклевываться,клев,клеваный,клевать,клеваться,клевок,клюв,клюнуть,наклев,наклевать,наклевывать,наклевываться,наклюнуть,наклюнуться,обклевать,обклевывать,обклевываться,оклевать,оклевывать,отклевать,отклевывать,отклевываться,переклевать,переклевывать,переклевываться,подклевать,поклевать,поклевка,поклевывать,проклевать,проклевывать,проклевываться,проклюнуть,проклюнуться,расклевать,расклевывать,расклевываться,склевать,склевывать,склевываться,склюнуть		0	0	large,many_prefixes		UNREVIEWED			REVIEW	84
крик|крич	крик|крич	39	вскрик,вскрикивание,вскрикивать,вскрикнуть,вскричать,выкрик,выкрикивание,выкрикивать,выкрикнуть,выкричаться,докричаться,закричать,крик,крикливость,крикливый,крикнуть,крикса,крикун,крикунья,крикуха,крикуша,кричать,кричащий,кричмя,накричать,накричаться,окрик,окрикивать,окрикнуть,перекрикивать,перекричать,покрик,покрикивание,покрикивать,покричать,прикрикивать,прикрикнуть,прокричать,раскричаться		0	0	medium_size,many_prefixes,many_suffixes		UNREVIEWED			REVIEW	84
клик|клиц|клич	клик|клиц|клич	38	воскликнуть,восклицание,восклицательный,восклицать,вскликнуть,выклик,выкликание,выкликать,выкликаться,выкликивание,выкликивать,выкликиваться,выкликнуть,докликаться,клик,кликать,кликнуть,кликуша,кликушеский,кликушество,кликушествовать,кличка,накликать,накликивать,оклик,окликать,окликаться,окликнуть,отклик,откликаться,откликнуться,перекликать,перекликаться,перекликнуться,перекличка,покликать,скликать,скликивать		1	131	medium_size,many_prefixes,in_corpus		UNREVIEWED			REVIEW	84
мар¹	мар¹	38	вымарать,вымараться,вымарка,вымарывание,вымарывать,вымарываться,замаранный,замарать,замараться,замарашка,измаранный,измарать,измараться,измарывать,измарываться,мараный,маранье,марать,мараться,марашка,маркий,маркость,намарать,обмарать,обмараться,перемарать,перемараться,перемарывать,перемарываться,помарать,помараться,помарка,помарывать,примарка,смарать,смарка,смарывать,смарываться		1	44	medium_size,many_prefixes,in_corpus		UNREVIEWED			REVIEW	84
трат|трач	трат|трач	34	затрата,затратить,затратчик,затрачивание,затрачивать,затрачиваться,истратить,истратиться,истрачивать,истрачиваться,натратить,перетратить,перетратчик,перетрачивать,поистратить,поистратиться,потратить,потратиться,растрата,растратить,растратчик,растратчица,растрачивать,растрачиваться,трата,тратить,тратиться,траченый,трачивать,утрата,утратить,утратиться,утрачивать,утрачиваться		5	175	medium_size,many_prefixes,in_corpus		UNREVIEWED			REVIEW	84
пят¹	пят¹	29	впятеро,впятером,пятак,пятаковый,пятачковый,пятачок,пятерик,пятериковый,пятеричный,пятерка,пятерной,пятерня,пятеро,пятерочка,пятерочник,пятерочница,пятина,пятишница,пятница,пятничный,пяток,пяточный,пятый,пять,пятью,упятерить,упятериться,упятерять,упятеряться		10	570	medium_size,many_suffixes,in_corpus		UNREVIEWED			REVIEW	84
век²	век²	1	веко		68	702	corpus_hot		UNREVIEWED			AUTO_SAFE	84
брыз|брызг	брыз|брызг	38	брызгалка,брызгало,брызганье,брызгать,брызгаться,брызги,брызговик,брызгун,брызгунья,брызнуть,взбрызгивание,взбрызгивать,взбрызгиваться,взбрызнуть,взбрызнуться,выбрызгивать,выбрызнуть,забрызгать,забрызгаться,забрызгивать,забрызгиваться,набрызгать,обрызгать,обрызгаться,обрызгивать,обрызгиваться,обрызнуть,обрызнуться,побрызгать,побрызгаться,разбрызгать,разбрызгаться,разбрызгиватель,разбрызгивать,разбрызгиваться,разбрызнуть,сбрызгивать,сбрызнуть		0	0	medium_size,many_prefixes,many_suffixes		UNREVIEWED			REVIEW	83
далб|долб	далб|долб	38	вдалбливание,вдалбливать,вдалбливаться,вдолбить,вдолбиться,выдалбливание,выдалбливать,выдалбливаться,выдолбить,выдолбиться,долбануть,долбеж,долбежка,долбежник,долбежница,долбежный,долбить,долбиться,долбление,долбленка,долбленый,долбня,задалбливать,задалбливаться,задолбить,надалбливать,надалбливаться,надолба,надолбить,поддалбливать,поддалбливаться,подолбить,продалбливать,продалбливаться,продолбить,раздалбливать,раздалбливаться,раздолбить		0	0	medium_size,many_prefixes,many_suffixes		UNREVIEWED			REVIEW	83
руг	руг	38	выругать,выругаться,доругаться,заругать,заругаться,изругать,надругательство,надругаться,наругаться,обругать,обругаться,отругать,отругиваться,переругать,переругаться,переругиваться,поругание,поруганный,поругать,поругаться,поругивать,поругиваться,разругать,разругаться,руганый,ругань,ругатель,ругательница,ругательный,ругательский,ругательство,ругать,ругаться,ругмя,ругнуть,ругнуться,ругня,руготня		0	0	medium_size,many_prefixes,many_suffixes		UNREVIEWED			REVIEW	83
чуд¹	чуд¹	37	начудачить,начудесить,начудить,отчудить,почудачить,почудить,почудиться,причуда,причудиться,причудливость,причудливый,причудник,причудница,причудничать,чудак,чудаковатость,чудаковатый,чудаческий,чудачество,чудачествовать,чудачить,чудачка,чудеса,чудесить,чудесность,чудесный,чудила,чудить,чудиться,чудище,чудной,чудный,чудо,чудовище,чудовищность,чудовищный,чудом		1	63	medium_size,many_suffixes,in_corpus		UNREVIEWED			REVIEW	83
дол¹	дол¹	30	бездолье,бездольный,долевой,долька,дольник,дольчатый,дольщик,дольщица,долюшка,доля,издольник,издольщик,издольщина,неодолимость,неодолимый,обездоленный,обездоливать,обездоливаться,обездолить,обездолиться,одолевать,одолеваться,одоление,одолеть,преодолевание,преодолевать,преодолеваться,преодоление,преодолеть,преодолимый		8	376	medium_size,many_suffixes,in_corpus		UNREVIEWED			REVIEW	83
крыл	крыл	25	бескрыл,бескрылость,бескрылый,воскрылить,воскрылиться,воскрылять,воскрыляться,закрылок,крылан,крылатка,крылатый,крылач,крылечко,крыло,крылышко,крыльцо,надкрылечный,надкрылья,обескрыливать,обескрылить,окрылить,окрылиться,окрылять,окрыляться,предкрылок		13	626	medium_size,many_suffixes,in_corpus		UNREVIEWED			REVIEW	83
стиг|стиж|стич	стиг|стиж|стич	25	достигательное,достигать,достигаться,достигнуть,достижение,достижимость,достичь,застигать,застигаться,застигнуть,застичь,настигать,настигаться,настигнуть,настичь,недостигаемый,недостижимый,непостижный,постигать,постигаться,постигнуть,постижение,постижимый,постичь,пристигнуть		28	1232	medium_size,corpus_hot		UNREVIEWED			REVIEW	83
лг|лж|лож²|лыг|лыж²	лг|лж|лож²|лыг|лыж²	23	залгаться,изолгаться,лганье,лгать,лгун,лгунишка,лгунья,лжец,лживость,лживый,ложность,ложный,ложь,налгать,налгаться,облыжный,оболгать,отолгаться,прилгать,прилгнуть,прилыгать,разолгаться,солгать		0	0	medium_size,many_alternations,many_prefixes,many_suffixes		UNREVIEWED			REVIEW	83
рус²	рус²	17	обруселый,обрусение,обрусеть,обруситель,обрусительный,обрусить,русак,русачка,русачок,русеть,русизм,русин,русинка,русинский,русист,русистский,русский		21	743	medium_size,many_suffixes,corpus_hot		UNREVIEWED			REVIEW	83
угл¹|угол¹	угл¹|угол¹	9	наугольник,наугольный,угловатость,угловатый,угловой,угол,уголок,угольник,угольный		59	1771	corpus_hot		UNREVIEWED			REVIEW	83
лип|ль¹	лип|ль¹	37	влипать,влипнуть,липа,липина,липища,липка,липкий,липкость,липнуть,липовый,липонька,липучий,липучка,льнуть,налипать,налиплый,налипнуть,облипать,облипнуть,отлипать,отлипнуть,отлипчивый,подлипала,подлипать,подлипнуть,прилипала,прилипание,прилипать,прилипнуть,прилипчивость,прилипчивый,прильнуть,разлипаться,разлипнуться,слипать,слипаться,слипнуться		0	1	medium_size,many_prefixes,many_suffixes		UNREVIEWED			REVIEW	82
щуп	щуп	37	выщупать,выщупывание,выщупывать,выщупываться,нащупать,нащупывание,нащупывать,нащупываться,ощупать,ощупаться,ощупывать,ощупываться,ощупь,ощупью,перещупать,перещупывать,перещупываться,пощупать,пощупывать,прощупать,прощупаться,прощупывание,прощупывать,прощупываться,ущупать,ущупывать,ущупываться,щуп,щупальце,щупальцевый,щупаный,щупанье,щупать,щупик,щупка,щуплость,щуплый		0	0	medium_size,many_prefixes,many_suffixes		UNREVIEWED			REVIEW	82
тух|туш²|тх	тух|туш²|тх	37	затухание,затухать,затухнуть,затушить,затхлость,затхлый,перетушить,потухание,потухать,потухнуть,потухший,потушить,притухание,притухать,притухнуть,притушить,протухать,протухлость,протухлый,протухнуть,стухнуть,стушить,тухлинка,тухлость,тухлый,тухлятина,тухнуть,тушение,тушенка,тушеный,тушилка,тушить,тушиться,утушать,утушаться,утушить,утушиться		0	0	medium_size,many_prefixes,many_suffixes		UNREVIEWED			REVIEW	82
кар²|кор²	кар²|кор²	35	безукоризненность,безукоризненный,вперекор,кара,караемость,каратель,карательный,карать,караться,корить,наперекор,непокорливый,непокорство,перекоры,перекоряться,покарать,покорение,покоритель,покорительница,покорить,покориться,покорность,покорный,покорствовать,покорять,покоряться,укор,укоризна,укоризненность,укоризненный,укоритель,укорительный,укорить,укорять,укоряться		2	100	medium_size,many_suffixes,in_corpus		UNREVIEWED			REVIEW	82
час	час	18	подчас,подчасок,почасный,почасовик,почасовой,час,часик,часики,часовенка,часовенный,часовня,часовой,часовщик,часовщичий,часок,часом,часочек,часы		19	340	medium_size,many_suffixes,in_corpus		UNREVIEWED			REVIEW	82
баб	баб	32	баба,бабашка,бабенка,бабеночка,бабенька,бабенькин,бабий,бабин,бабиться,бабища,бабка,бабкин,бабник,бабничать,бабонька,бабочка,бабочник,бабочница,бабулин,бабуля,бабусин,бабуся,бабушка,бабушкин,бабье,обабиться,обабок,подобабок,прабабка,прабабушка,прапрабабка,прапрабабушка		4	210	medium_size,many_suffixes,in_corpus		UNREVIEWED			REVIEW	81
тих|тиш	тих|тиш	32	втихую,втиши,затихать,затихнуть,затишек,затишный,затишье,исподтишка,постихнуть,потихоньку,притихать,притихнуть,приутихать,приутихнуть,стихание,стихать,стихнуть,тихенький,тихий,тихнуть,тихоння,тихость,тихохонький,тишать,тишина,тишком,тишь,утихание,утихать,утихнуть,утишать,утишить		4	188	medium_size,many_suffixes,in_corpus		UNREVIEWED			REVIEW	81
брат	брат	24	брат,братан,братание,брататься,братва,брательник,братец,братик,братина,братишка,братия,братний,братнин,браток,братский,братство,братушка,братчик,братчина,побрататься,побратим,побратимство,собрат,собратство		12	420	medium_size,many_suffixes,in_corpus		UNREVIEWED			REVIEW	81
плак|плач²	плак|плач²	35	всплакнуть,всплакнуться,выплакать,выплакаться,выплакивать,выплакиваться,заплаканный,заплакать,заплачка,наплакать,наплакаться,оплакать,оплакивание,оплакивать,оплакиваться,плакальщик,плакальщица,плакать,плакаться,плакса,плаксивость,плаксивый,плакун,плакучий,плакуша,плач,плачевой,плачевность,плачевный,плачея,плачущий,поплакать,поплакаться,проплакать,расплакаться		0	28	medium_size,many_prefixes,many_suffixes		UNREVIEWED			REVIEW	80
туп	туп	35	затупить,затупиться,затуплять,иступить,иступиться,иступление,отупелый,отупение,отупеть,отуплять,перетупить,перетупиться,потупить,потупиться,потуплять,потупляться,притупить,притупиться,притупление,притупленность,притупленный,притуплять,притупляться,тупеть,тупец,тупик,тупиковый,тупить,тупиться,тупица,тупичок,туповатый,тупой,тупость,тупыш		0	0	medium_size,many_prefixes,many_suffixes		UNREVIEWED			REVIEW	80
шеп	шеп	35	зашепелявить,зашептать,зашептаться,нашептать,нашептаться,нашептывание,нашептывать,нашептываться,ошепеляветь,перешепнуться,перешептывание,перешептываться,подшептывать,пошептать,пришепетывание,пришепетывать,пришептывать,прошептать,шепелеватость,шепелеватый,шепелявить,шепелявость,шепелявый,шепнуть,шепот,шепотком,шепотный,шепотня,шепоток,шепотом,шептать,шептаться,шептун,шептунья,шептуха		0	0	medium_size,many_prefixes,many_suffixes		UNREVIEWED			REVIEW	80
ок|оч	ок|оч	34	безокий,безоконный,воочию,заочник,заочница,заочный,надоконный,наоконный,окнище,окно,око,оконница,оконничный,оконный,оконце,окончина,оконщик,окошечко,окошечный,окошко,очанка,очечник,очечный,очкарик,очкастый,очкатый,очки,очко,очкование,очковать,очковый,очный,подоконник,подоконье		1	39	medium_size,many_suffixes,in_corpus		UNREVIEWED			REVIEW	80
ковыр	ковыр	49	выковыривание,выковыривать,выковыриваться,выковырнуть,выковырнуться,выковырять,заковыристый,заковырка,заковырять,исковыривать,исковыриваться,исковырять,ковырнуть,ковырнуться,ковырок,ковырялка,ковыряние,ковырять,ковыряться,наковыривать,наковырять,наковыряться,обковырять,отковыривать,отковыриваться,отковырнуть,отковырять,отковыряться,перековырять,подковыривать,подковыриваться,подковырка,подковырнуть,подковырять,поковыривать,поковырять,проковыривать,проковыриваться,проковырнуть,проковырять,проковыряться,расковыривать,расковыриваться,расковырять,сковыривать,сковыриваться,сковырнуть,сковырнуться,сковырять		0	0	large,many_prefixes		UNREVIEWED			REVIEW	79
стекл|стекол	стекл|стекол	33	застекление,застекленный,застеклить,застеклять,застекляться,остекленеть,остекление,остеклить,остеклять,остекляться,расстеклование,стекленеть,стеклильщик,стеклить,стеклиться,стекло,стекловальный,стекловальщик,стекловатость,стекловатый,стекловать,стекловаться,стеклуемость,стеклышко,стеклянница,стеклянность,стеклянный,стекляшка,стеколышко,стекольный,стекольня,стекольце,стекольщик		1	853	medium_size,many_suffixes,in_corpus		UNREVIEWED			REVIEW	79
муж	муж	31	безмужний,возмужалость,возмужалый,возмужание,возмужать,дозамужний,замуж,замужем,замужество,замужний,муж,мужать,мужаться,муженек,мужественность,мужественный,мужество,мужик,мужиковатость,мужиковатый,мужицкий,мужичий,мужичка,мужичок,мужичонка,мужичье,мужлан,мужний,мужнин,мужской,мужчина		3	188	medium_size,many_suffixes,in_corpus		UNREVIEWED			REVIEW	79
серебр|сребр	серебр|сребр	30	бессребреник,бессребреница,высеребрить,высеребриться,засеребрить,засеребриться,осеребренный,осеребрить,подсеребрить,посеребренный,посеребрить,серебрение,серебреный,серебрецо,серебрильщик,серебристость,серебристый,серебрить,серебриться,серебро,серебряк,серебряник,серебрянка,серебряный,сребреник,сребристость,сребристый,сребрить,сребриться,сребро		4	164	medium_size,many_suffixes,in_corpus		UNREVIEWED			REVIEW	79
пук|пуч	пук|пуч	29	вспучиваемость,вспучивание,вспучивать,вспучиваться,вспучить,вспучиться,выпуклина,выпуклость,выпуклый,выпучивание,выпучивать,выпучиваться,выпучить,выпучиться,пук,пукать,пучение,пучина,пучинный,пучить,пучиться,пучковатый,пучковый,пучок,пучочек,пучочный,распученный,распучивать,распучить		5	150	medium_size,many_suffixes,in_corpus		UNREVIEWED			REVIEW	79
глаз	глаз	28	безглазый,глаз,глазастый,глазенки,глазеть,глазик,глазник,глазница,глазничный,глазной,глазок,глазоньки,глазочек,глазунья,глазчатый,заглазно,заглазный,наглазеться,наглазник,наглазный,надглазничный,надглазный,поглазеть,подглазничный,подглазный,подглазье,сглаз,сглазить		6	194	medium_size,many_suffixes,in_corpus		UNREVIEWED			REVIEW	79
жен	жен	25	жена,женатый,женин,женить,женитьба,жениться,жених,женихаться,жениховский,жениховство,женишок,женка,женский,женственность,женственный,женушка,женщина,оженить,ожениться,переженить,пережениться,поженить,пожениться,разженить,разжениться		9	420	medium_size,many_suffixes,in_corpus		UNREVIEWED			REVIEW	79
крахмал	крахмал	31	выкрахмаливать,выкрахмалить,крахмал,крахмаление,крахмаленый,крахмалистый,крахмалить,крахмалиться,крахмальный,крахмальщик,накрахмаленный,накрахмаливать,накрахмаливаться,накрахмалить,накрахмалиться,открахмаливать,открахмаливаться,открахмалиться,перекрахмаливать,перекрахмаливаться,перекрахмалить,подкрахмаливать,подкрахмаливаться,подкрахмалить,подкрахмалиться,покрахмалить,прокрахмаленный,прокрахмаливать,прокрахмаливаться,прокрахмалить,прокрахмалиться		2	68	medium_size,many_prefixes,in_corpus		UNREVIEWED			REVIEW	78
нуд|нуж|нужд	нуд|нуж|нужд	28	вынудить,вынуждать,вынуждаться,вынуждение,вынужденный,ненужность,нуда,нудить,нудность,нудный,нужда,нуждаемость,нуждаться,нужно,нужный,понудительный,понудить,понуждать,понуждение,принудиловка,принудительность,принудительный,принудить,принуждать,принуждаться,принуждение,принужденность,принужденный		20	1235	medium_size,corpus_hot		UNREVIEWED			REVIEW	78
полос¹	полос¹	23	бесполосный,исполосовать,исполосовывать,исполосовываться,наполосовать,отполосовать,полоса,полосатик,полосатый,полоска,полоснуть,полосовальный,полосование,полосовать,полосовой,полосонуть,полосонька,полосушка,располосованный,располосовать,располосовывать,чересполосица,чересполосный		10	270	medium_size,many_suffixes,in_corpus		UNREVIEWED			REVIEW	78
солн	солн	10	бессолнечный,подсолнечник,подсолнечный,подсолнух,подсолнуховый,солнечник,солнечность,солнечный,солнце,солнышко		53	1484	corpus_hot		UNREVIEWED			REVIEW	78
как|кач²	как|кач²	10	как,каков,каковой,каковский,какой,качественность,качественный,качество,никак,никакой		53	1643	corpus_hot		UNREVIEWED			REVIEW	78
цед|цеж	цед|цеж	47	вцедить,вцеживать,выцедить,выцедиться,выцеживание,выцеживать,выцеживаться,нацедить,нацедиться,нацеживать,нацеживаться,отцедить,отцедиться,отцеживать,отцеживаться,оцедить,оцеживать,оцеживаться,перецедить,перецеживать,перецеживаться,подцедить,подцеживать,подцеживаться,поцедить,поцеживать,процедить,процеживальщик,процеживать,процеживаться,сцедить,сцеживанье,сцеживать,сцеживаться,уцедить,уцедиться,уцеживать,уцеживаться,цедилка,цедильный,цедильщик,цедить,цедиться,цеж,цежение,цеженый,цеживать		0	0	large,many_prefixes		UNREVIEWED			REVIEW	77
дох|дош	дох|дош	32	вдох,вдохновение,вдохновенность,вдохновенный,вдохновитель,вдохновительница,вдохновительный,вдохновиться,вдохновленность,вдохновлять,вдохновляться,вдохнуть,вдохнуться,вздох,вздохнуть,выдох,выдохнуть,выдохнуться,дохлец,дохлый,дохляк,дохлятина,дохнуть,задохнуться,издохнуть,отдохновение,отдохнуть,передохнуть,подвздошный,подохнуть,продохнуть,сдохнуть		0	0	medium_size,many_prefixes,many_suffixes		UNREVIEWED			REVIEW	77
стыд|стыж	стыд|стыж	31	бесстыдник,бесстыдница,бесстыдничать,бесстыдность,бесстыдный,бесстыдство,бесстыдствовать,бесстыжий,застыдить,застыдиться,постыдить,постыдиться,постыдность,постыдный,пристыдить,пристыжать,стыд,стыдить,стыдиться,стыдливец,стыдливица,стыдливость,стыдливый,стыдно,стыдный,стыдоба,стыдобушка,устыдить,устыдиться,устыжать,устыжаться		1	35	medium_size,many_suffixes,in_corpus		UNREVIEWED			REVIEW	77
лих|лиш	лих|лиш	29	залихватский,излишек,излишество,излишествовать,излишне,излишний,излишность,лихач,лихаческий,лихачество,лихо,лихой,лихость,лишай,лишайник,лишайниковые,лишайница,лишайный,лишать,лишаться,лишек,лишенец,лишение,лишенка,лишенческий,лишить,лишиться,лишь,слишком		3	135	medium_size,many_suffixes,in_corpus		UNREVIEWED			REVIEW	77
рес|рет	рес|рет	27	изобрести,изобретатель,изобретательница,изобретательность,изобретательный,изобретательский,изобретательство,изобретать,изобретаться,изобретение,обрести,обрестись,обретать,обретаться,обретение,приобрести,приобретатель,приобретательский,приобретать,приобретаться,приобретение,приобретенный,ретивбе,ретивость,ретивый,сретение,сретенский		5	190	medium_size,many_suffixes,in_corpus		UNREVIEWED			REVIEW	77
дн²|дон	дн²|дон	17	бездна,бездонность,бездонный,днище,дно,донниковый,донный,донце,донышко,одонье,поддон,поддонник,поддонный,поддонок,подонок,подоночный,придонный		15	1016	medium_size,many_suffixes,in_corpus		UNREVIEWED			REVIEW	77
поласк|полос²|полоск	поласк|полос²|полоск	46	всполаскиванье,всполаскивать,всполаскиваться,всполоснуть,выполаскивание,выполаскивать,выполаскиваться,выполоскать,выполоскаться,выполоснуть,дополаскивать,дополоскать,дополоскаться,заполаскивать,заполаскиваться,заполоскать,заполоскаться,наполоскать,наполоскаться,ополаскивать,ополаскиваться,ополоскать,ополоски,ополоснуть,отполаскивать,отполаскиваться,отполоскать,переполаскивать,переполаскиваться,переполоскать,полоскание,полоскательница,полоскательный,полоскать,полоскаться,полоскун,пополоскать,прополаскивать,прополаскиваться,прополоскать,прополоскаться,располоскаться,споласкивать,споласкиваться,сполоснуть,сполоскать		0	0	large,many_prefixes		UNREVIEWED			REVIEW	76
вин¹	вин¹	29	безвинность,безвинный,вина,винительный,виниться,виноватость,виноватый,виновница,виновный,извинение,извинительный,извиняющий,извиняющийся,невинность,невинный,обвинение,обвинитель,обвинительный,обвинить,обвиняемый,обвинять,обвиняться,повиниться,повинный,повиноваться,повиновение,провиниться,провинность,совиновный		2	104	medium_size,many_suffixes,in_corpus		UNREVIEWED			REVIEW	76
плод|плож	плод|плож	28	бесплодие,бесплодность,бесплодный,наплодить,наплодиться,неплодие,обесплодеть,обесплодить,обеспложивание,обеспложивать,обеспложиваться,плод,плодить,плодиться,плодник,плодный,плодовитость,плодовитый,плодовый,плодуха,плодущий,приплод,приплодный,расплодить,расплодиться,распложать,распложаться,соплодие		3	228	medium_size,many_suffixes,in_corpus		UNREVIEWED			REVIEW	76
бок|боч²	бок|боч²	23	бок,боковина,боковой,боковушка,боком,бочком,бочок,вбок,избочениваться,избочениться,избочиться,набок,обок,обочина,побоку,побочный,подбоченивать,подбочениваться,подбоченить,подбочениться,подбочиться,прибочениться,сбоку		8	280	medium_size,many_prefixes,in_corpus		UNREVIEWED			REVIEW	76
ред|реж¹	ред|реж¹	23	изредка,изреженность,нередко,поредеть,проредить,прореживание,прореживать,прореживаться,разредить,разредиться,разрежать,разрежаться,разрежение,разреженность,разреженный,реденький,редеть,редизна,редина,редкий,редковатый,редкостный,редкость		8	380	medium_size,many_suffixes,in_corpus		UNREVIEWED			REVIEW	76
планет	планет	4	планета,планетарий,планетарный,планетный		57	1003	corpus_hot		UNREVIEWED			AUTO_SAFE	76
здорав|здоров|здрав	здорав|здоров|здрав	45	выздоравливание,выздоравливать,выздоравливающий,выздороветь,выздоровление,заздравный,занездоровиться,здороваться,здоровенный,здороветь,здоровехонький,здоровешенький,здоровила,здорово,здоровый,здоровье,здоровьице,здоровьишко,здоровяк,здоровячка,здравие,здравица,здравница,здравость,здравствовать,здравый,наздравствоваться,нездоровиться,оздоровительный,оздоровить,оздоровиться,оздоровление,оздоровлять,оздоровляться,перездороваться,поздороваться,поздороветь,поздоровиться,поздравитель,поздравительница,поздравительный,поздравить,поздравление,поздравлять,поздравляться		0	0	large,many_suffixes		UNREVIEWED			REVIEW	75
швыр	швыр	45	вышвыривание,вышвыривать,вышвыриваться,вышвырнуть,дошвыривать,дошвыриваться,дошвырнуть,дошвырять,зашвыривание,зашвыривать,зашвыриваться,зашвырнуть,зашвырять,зашвыряться,нашвырять,отшвыривать,отшвыриваться,отшвырнуть,отшвырнуться,отшвырять,отшвыряться,перешвыривать,перешвыриваться,перешвырнуть,перешвырять,подшвыривать,подшвыриваться,подшвырнуть,пошвыривать,пошвыриваться,пошвырять,пошвыряться,расшвыривать,расшвыриваться,расшвырять,ушвыривать,ушвырнуть,швырковый,швырнуть,швырнуться,швырок,швырялка,швыряние,швырять,швыряться		0	0	large,many_prefixes		UNREVIEWED			REVIEW	75
шут|шуч	шут|шуч	30	вышутить,вышучивание,вышучивать,вышучиваться,дошутиться,зашутиться,нашутиться,отшутиться,отшучиваться,перешучиваться,подшутить,подшучивать,пошутить,пошучивать,расшутиться,сшутить,шут,шутить,шутиха,шутка,шутливость,шутливый,шутник,шутница,шутовской,шутовство,шуточка,шуточный,шутя,шучивать		0	0	medium_size,many_prefixes,many_suffixes		UNREVIEWED			REVIEW	75
терп	терп	28	вытерпеть,дотерпеть,натерпеться,невтерпеж,нестерпимый,обтерпеться,перетерпеть,потерпевший,потерпеть,претерпевать,претерпеть,притерпеться,протерпеть,стерпеть,стерпеться,стерпливать,терпеж,терпеливость,терпеливый,терпение,терпеть,терпеться,терпимость,терпимый,терпкий,терпкость,терпнуть,утерпеть		2	156	medium_size,many_prefixes,in_corpus		UNREVIEWED			REVIEW	75
звук|звуч	звук|звуч	27	беззвучие,беззвучность,беззвучный,зазвучать,звук,звуковик,звуковой,звучание,звучать,звучащий,звучность,звучный,озвучение,озвучивать,озвучиваться,озвучить,отзвук,отзвучать,отзвучие,отзвучный,позвучать,призвук,прозвучать,созвучать,созвучие,созвучность,созвучный		3	153	medium_size,many_prefixes,in_corpus		UNREVIEWED			REVIEW	75
жд|жид¹	жд|жид¹	26	выждать,выжидание,выжидательность,выжидательный,выжидать,дождаться,дожидать,дожидаться,ждать,заждаться,нежданно,нежданный,неожиданность,неожиданный,обождать,ожидалка,ожидальня,ожидание,ожидать,переждать,пережидать,пережидаться,поджидать,подождать,пождать,прождать		4	112	medium_size,many_prefixes,in_corpus		UNREVIEWED			REVIEW	75
ба(j)¹	ба(j)¹	25	баиньки,бай,байка,басенка,басенник,басенный,баснь,басня,баю,баюканье,баюкать,баюшки,баять,забаюкать,обаяние,обаятельность,обаятельный,побасенка,побаска,побаюкать,прибаутка,прибауточник,убаюкать,убаюкивание,убаюкивать		5	141	medium_size,many_suffixes,in_corpus		UNREVIEWED			REVIEW	75
десят	десят	24	вдесятеро,вдесятером,десятерик,десятериковый,десятеричный,десятерной,десятеро,десятина,десятинный,десятичный,десятка,десятник,десяток,десяточек,десятский,десятый,десять,десятью,подесятинный,удесятеренный,удесятерить,удесятериться,удесятерять,удесятеряться		6	105	medium_size,many_suffixes,in_corpus		UNREVIEWED			REVIEW	75
пот	пот	24	вспотелый,вспотеть,выпот,выпотевание,выпотеть,запотевать,запотелый,запотеть,отпотевать,отпотеть,перепотеть,попотеть,пот,потение,потеть,потливость,потливый,потник,потниковый,потный,потовой,пропотелый,пропотеть,употеть		6	208	medium_size,many_prefixes,in_corpus		UNREVIEWED			REVIEW	75
цар	цар	23	воцарение,воцарить,воцариться,воцаряться,отцарствовать,поцарствовать,царев,царевич,царевна,царек,царизм,царистский,царить,царица,царский,царственность,царственный,царствие,царство,царствование,царствовать,царствующий,царь		7	100	medium_size,many_suffixes,in_corpus		UNREVIEWED			REVIEW	75
язык|языч	язык|языч	17	безъязыкий,безъязычный,надъязычный,подъязычный,праязык,праязыковой,праязычный,язык,языкастость,языкастый,языковой,языковый,языческий,язычество,язычница,язычный,язычок		28	616	medium_size,corpus_hot		UNREVIEWED			REVIEW	75
обык|обыч	обык|обыч	12	необычайность,необычайный,обыкать,обыкновение,обыкновенный,обыкнуть,обычай,обычливый,обычность,обычный,приобыкать,приобыкнуть		48	1008	corpus_hot		UNREVIEWED			REVIEW	75
скабл|скобел|скобл	скабл|скобел|скобл	44	выскабливание,выскабливать,выскабливаться,выскоблить,выскоблиться,доскабливать,доскоблить,доскоблиться,заскоблить,заскоблиться,наскабливать,наскоблить,оскабливать,оскабливаться,оскоблить,отскабливание,отскабливать,отскабливаться,отскоблить,отскоблиться,перескабливать,перескоблить,подскабливать,подскабливаться,подскоблить,поскабливать,поскоблить,проскоблить,скабливать,скобельный,скобельщик,скобель,скобление,скобленка,скобленочный,скобленый,скоблильщик,скоблить,скоблиться,скоблюшка,соскабливать,соскабливаться,соскоблить,соскоблиться		0	0	large,many_prefixes		UNREVIEWED			REVIEW	74
слюн	слюн	28	заслюнивать,заслюнить,заслюнявить,заслюнявиться,наслюнить,наслюнявить,обслюнить,обслюниться,обслюнявить,обслюнявиться,послюнить,слюна,слюни,слюнить,слюниться,слюнка,слюнки,слюнный,слюнтяй,слюнтяйский,слюнтяйство,слюнявить,слюнявиться,слюнявка,слюнявость,слюнявый,слюняй,слюняйство		1	30	medium_size,many_suffixes,in_corpus		UNREVIEWED			REVIEW	74
влас|волос	влас|волос	26	безволосый,власяница,власяничный,власяной,волос,волосастый,волосатеть,волосатик,волосатость,волосатый,волосач,волосенец,волосенки,волосик,волосики,волосинка,волосистость,волосистый,волосной,волосность,волосок,волосоньки,волосочек,волосянка,волосяной,обволосатеть		3	105	medium_size,many_suffixes,in_corpus		UNREVIEWED			REVIEW	74
густ|гущ	густ|гущ	26	вгустую,густеть,густить,густой,густота,гуща,гущина,загустелый,загустеть,загуститель,загустить,загуститься,нагусто,перегустить,погустеть,подгустить,подгущать,сгуститель,сгустить,сгуститься,сгусток,сгущаемость,сгущать,сгущаться,сгущение,сгущенность		3	120	medium_size,many_suffixes,in_corpus		UNREVIEWED			REVIEW	74
снег|снеж	снег|снеж	25	бесснежность,бесснежный,бесснежье,заснеженный,наснежить,оснеженный,оснежить,подснежник,подснежница,подснежный,снег,снегирь,снеговой,снегурка,снегурочка,снегурочный,снежина,снежинка,снежить,снежковый,снежник,снежница,снежный,снежок,снежура		4	124	medium_size,many_suffixes,in_corpus		UNREVIEWED			REVIEW	74
щит|щищ	щит|щищ	20	беззащитность,беззащитный,защита,защитительный,защитить,защититься,защитник,защитница,защитный,защищать,защищаться,подзащитная,подзащитный,щит,щитик,щитковый,щитовка,щитовник,щитовой,щиток		9	270	medium_size,many_suffixes,in_corpus		UNREVIEWED			REVIEW	74
бор²	бор²	20	борение,борец,бороться,борьба,непреоборимость,непреоборимый,оборона,оборонец,оборонительный,оборонить,оборониться,оборонный,оборонческий,оборончество,обороняемость,оборонять,обороняться,перебороть,побороть,побороться		9	502	medium_size,many_suffixes,in_corpus		UNREVIEWED			REVIEW	74
том²	том²	43	затомиться,истома,истомить,истомиться,истомленный,истомлять,истомляться,истомный,перетомить,переутомить,переутомиться,переутомление,переутомленный,переутомлять,переутомляться,притомить,притомиться,притомлять,притомляться,протомить,протомиться,растомить,томильный,томильщик,томительность,томительный,томить,томиться,томление,томленый,томлянка,томность,томный,утомительность,утомительный,утомить,утомиться,утомление,утомленность,утомленный,утомляемость,утомлять,утомляться		0	130	large,many_prefixes		UNREVIEWED			REVIEW	73
весел¹|весел	весел¹|весел	28	веселеть,веселехонький,веселешенький,веселить,веселиться,веселье,весельчак,веселящий,взвеселить,взвеселиться,взвеселять,взвеселяться,возвеселить,возвеселиться,возвеселять,возвеселяться,навеселе,навеселиться,повеселелый,повеселеть,повеселить,повеселиться,развеселить,развеселиться,увеселение,увеселитель,увеселительный,увеселять		0	4	medium_size,many_prefixes,many_suffixes		UNREVIEWED			REVIEW	73
вечер|вечор|вчер	вечер|вечор|вчер	27	ввечеру,вечер,вечереть,вечеринка,вечерка,вечерком,вечерний,вечерник,вечерница,вечерня,вечерок,вечером,вечерочек,вечерошний,вечеря,вечерять,вечор,вчера,вчерашний,завечереть,повечереть,повечерие,повечерять,позавчера,позавчерашний,свечереть,свечереться		1	34	medium_size,many_suffixes,in_corpus		UNREVIEWED			REVIEW	73
жир¹	жир¹	27	жир,жиреть,жирник,жирность,жирный,жирование,жировать,жировик,жировка,жировой,жирок,жиряк,жирянка,зажирелый,зажиреть,обезжиривание,обезжиривать,обезжиренный,обезжирить,обезжириться,ожирение,ожиреть,пожиреть,пожирнеть,разжирелость,разжирелый,разжиреть		1	100	medium_size,many_suffixes,in_corpus		UNREVIEWED			REVIEW	73
решет|решеч	решет|решеч	27	зарешеченный,изрешетить,изрешетиться,изрешечивать,изрешечиваться,обрешетина,обрешетить,обрешетиться,обрешетка,обрешечивать,обрешечиваться,подрешетина,подрешетить,подрешетник,подрешечивать,подрешечиваться,прорешетить,решетина,решетить,решетка,решетник,решетный,решето,решеточный,решетце,решетцо,решетчатый		1	39	medium_size,many_prefixes,in_corpus		UNREVIEWED			REVIEW	73
дерев²|древ¹	дерев²|древ¹	25	деревенеть,дерево,деревце,деревцо,деревянистость,деревянистый,деревянный,деревяшка,древесина,древесинник,древесинный,древесница,древесный,древко,древляне,древо,задеревенелый,задеревенеть,одеревенелость,одеревенелый,одеревенение,одеревенеть,одревеснение,одревеснеть,раздревеснение		3	99	medium_size,many_suffixes,in_corpus		UNREVIEWED			REVIEW	73
хоз	хоз	23	бесхозность,бесхозный,бесхозяйный,бесхозяйственность,бесхозяйственный,захозяйничать,захозяйничаться,нахозяйничать,похозяйничать,сохозяин,хозяин,хозяйка,хозяйничанье,хозяйничать,хозяйский,хозяйственник,хозяйственность,хозяйственный,хозяйство,хозяйствование,хозяйствовать,хозяйчик,хозяюшка		5	135	medium_size,many_suffixes,in_corpus		UNREVIEWED			REVIEW	73
дет|дит	дет|дит	19	бездетность,бездетный,детва,детвора,детеныш,дети,детина,детинушка,детишки,детище,детка,деточка,детский,детство,детушки,дитя,дитятко,издетства,сыздетства		9	374	medium_size,many_suffixes,in_corpus		UNREVIEWED			REVIEW	73
свобод|свобожд	свобод|свобожд	16	высвободить,высвободиться,высвобождать,высвобождаться,высвобождение,освободитель,освободительница,освободительный,освободить,освободиться,освобождать,освобождаться,освобождение,освобожденный,свобода,свободный		27	756	medium_size,corpus_hot		UNREVIEWED			REVIEW	73
вещ³	вещ³	14	вещевой,вещественность,вещественный,вещество,вещица,вещичка,вещность,вещный,вещь,овеществить,овеществиться,овеществление,овеществлять,овеществляться		44	1158	corpus_hot		UNREVIEWED			REVIEW	73
зл	зл	42	беззлобие,беззлобный,злеть,злить,злиться,зло,злоба,злобить,злобиться,злобность,злобный,злобствование,злобствовать,злой,злостность,злостный,злость,злыдень,злыдни,злюка,злючка,злющий,назло,незлобивость,незлобивый,незлобие,обозлить,обозлиться,озлить,озлиться,озлобить,озлобиться,озлобление,озлобленность,озлобленный,озлоблять,озлобляться,позлить,позлиться,позлобствовать,разозлить,разозлиться		0	0	large,many_suffixes		UNREVIEWED			REVIEW	72
крад|краж|крас²	крад|краж|крас²	42	вкрадчивость,вкрадчивый,вкрадываться,вкрасться,выкрадывание,выкрадывать,выкрадываться,выкрасть,выкрасться,закрадываться,закрасться,краденый,крадущийся,кража,красть,красться,накрадывать,накрадываться,накрасть,обкраденный,обкрадывание,обкрадывать,обкрадываться,обокрасть,перекрасть,подкрадываться,подкрасться,покража,покрасть,прокрадываться,прокрасться,раскрадывание,раскрадывать,раскрадываться,раскрасть,скрадывать,скрадываться,скрасть,скрасться,украденный,украдкой,украсть		0	0	large,many_prefixes		UNREVIEWED			REVIEW	72
нюх|нюш	нюх|нюш	42	внюхаться,внюхиваться,вынюхать,вынюхивать,донюхаться,занюхаться,занюхиваться,нанюхать,нанюхаться,нанюхивать,нанюхиваться,нюхальщик,нюхальщица,нюханье,нюхатель,нюхательница,нюхательный,нюхать,нюхнуть,обнюхать,обнюхаться,обнюхивание,обнюхивать,обнюхиваться,перенюхать,перенюхаться,перенюхивать,перенюхиваться,понюх,понюхать,понюшка,поразнюхать,принюхаться,принюхиваться,пронюхать,пронюхивать,пронюхиваться,разнюхать,разнюхивать,разнюхиваться,снюхаться,снюхиваться		0	0	large,many_prefixes		UNREVIEWED			REVIEW	72
кром	кром	27	закром,искромсать,кроме,кромешник,кромешный,кромка,кромочка,кромочный,кромсать,кромчатый,накромсать,окромсать,окромя,откромсать,перекромсать,покромка,покромочный,покромсать,раскромсать,скромненький,скромник,скромница,скромничать,скромность,скромный,укромность,укромный		0	0	medium_size,many_prefixes,many_suffixes		UNREVIEWED			REVIEW	72
сем³	сем³	25	бессемянка,бессемянный,высемениться,засеменить,обсеменение,обсемененный,обсеменить,обсемениться,обсеменять,обсеменяться,осеменение,осеменить,осеменять,осеменяться,посеменить,присеменить,семенистый,семенить,семенник,семенниковый,семенной,семечко,семечковый,семя,семянка		2	54	medium_size,many_suffixes,in_corpus		UNREVIEWED			REVIEW	72
вет²	вет²	25	ветвистость,ветвистый,ветвиться,ветвление,ветвь,ветвяной,ветка,ветла,ветловый,веточка,веточный,ответвитель,ответвительный,ответвить,ответвиться,ответвление,ответвленный,ответвлять,ответвляться,разветвить,разветвиться,разветвление,разветвленный,разветвлять,разветвляться		2	60	medium_size,many_suffixes,in_corpus		UNREVIEWED			REVIEW	72
ног|нож²	ног|нож²	23	безногий,нога,ноговица,ноготки,ноготок,ноготь,ногтевой,ногтистый,ногтяной,ноженька,ножища,ножка,ножной,ножонка,обезножеть,обезножить,обножка,подноготная,подножие,подножка,подножник,подножный,разножка		4	172	medium_size,many_suffixes,in_corpus		UNREVIEWED			REVIEW	72
коч²	коч²	23	докочеваться,кочевание,кочевать,кочеваться,кочевка,кочевник,кочевница,кочевнический,кочевный,кочевой,кочевье,откочевать,откочевка,откочевывать,перекочевать,перекочевка,перекочевывать,покочевать,прикочевать,прикочевывать,прокочевать,укочевать,укочевывать		4	88	medium_size,many_prefixes,in_corpus		UNREVIEWED			REVIEW	72
шест²	шест²	19	вшестеро,вшестером,ушестерить,ушестериться,ушестерять,ушестеряться,шестеренка,шестереночный,шестерик,шестериковый,шестеричный,шестерка,шестерной,шестерня,шестеро,шестерочный,шестой,шесть,шестью		8	224	medium_size,many_suffixes,in_corpus		UNREVIEWED			REVIEW	72
характер	характер	14	бесхарактерность,бесхарактерный,охарактеризовать,охарактеризоваться,характер,характерец,характеризовать,характеризоваться,характеристика,характеристический,характеристичность,характеристичный,характерность,характерный		43	1290	corpus_hot		UNREVIEWED			REVIEW	72
кащ|кост|кощ	кащ|кост|кощ	41	бескостный,бескосточковые,закостенелость,закостенелый,закостенеть,костевой,костенеть,костерь,костистость,костистый,костить,костища,костлявость,костлявый,костный,косточка,косточковые,кострец,кость,костяк,костяника,костяничный,костянка,костяной,костяшка,кощей,надкостница,надкостничный,надкостный,накостница,накостный,окостеневать,окостенелость,окостенелый,окостенение,окостенеть,подкостный,скащивать,скащиваться,скостить,скощение		0	3	large,many_suffixes		UNREVIEWED			REVIEW	71
царап	царап	41	выцарапать,выцарапаться,выцарапывать,выцарапываться,зацарапать,зацарапаться,исцарапать,исцарапаться,исцарапывать,нацарапать,нацарапывать,нацарапываться,обцарапать,оцарапать,оцарапаться,оцарапнуть,перецарапать,перецарапаться,перецарапывать,перецарапываться,поцарапанный,поцарапать,поцарапаться,процарапать,процарапывать,процарапываться,расцарапать,расцарапаться,расцарапывать,расцарапываться,сцарапать,сцарапнуть,сцарапывать,сцарапываться,царапанье,царапать,царапаться,царапина,царапинка,царапка,царапнуть		0	0	large,many_prefixes		UNREVIEWED			REVIEW	71
зубр	зубр	26	вызубривание,вызубривать,вызубриваться,вызубрить,зазубривание,зазубривать,зазубриваться,зазубрить,зубр,зубрежка,зубрение,зубрила,зубрилка,зубрильный,зубристика,зубрить,зубриться,зубровка,зубровый,отзубрить,подзубривать,подзубриваться,подзубрить,позубрить,прозубривать,прозубрить		0	26	medium_size,many_prefixes,many_suffixes		UNREVIEWED			REVIEW	71
вор¹	вор¹	25	вор,воришка,вороватый,воровать,вороваться,воровка,воровски,воровской,воровство,извороваться,наворовать,наворовывать,наворовываться,обворовать,обворовывать,обворовываться,поворовать,поворовывать,провороваться,проворовываться,разворовать,разворовывать,разворовываться,своровать,уворовать		1	41	medium_size,many_prefixes,in_corpus		UNREVIEWED			REVIEW	71
парх|порх|порш	парх|порх|порш	25	впархивать,впорхнуть,вспархивать,вспорхнуть,выпархивание,выпархивать,выпорхнуть,запархивать,запорхать,запорхнуть,перепархивать,перепорхнуть,порхание,порхать,порхнуть,порхунья,поршенек,поршень,поршневой,припорхнуть,пропорхнуть,спархивать,спорхнуть,упархивать,упорхнуть		1	24	medium_size,many_prefixes,in_corpus		UNREVIEWED			REVIEW	71
свеж	свеж	25	насвежевать,освежать,освежаться,освежевать,освежение,освежительный,освежить,освежиться,посвежеть,свежак,свежатина,свежевальщик,свежевать,свежеваться,свежевье,свеженина,свеженький,свежесть,свежеть,свежий,свежина,свежинка,свежинный,свежо,свежье		1	30	medium_size,many_suffixes,in_corpus		UNREVIEWED			REVIEW	71
плат²|полот	плат²|полот	24	заплата,заплатанный,заплатать,заплатка,заплаточка,заплаточный,плат,платанный,платать,плательный,платковый,платок,платочек,платочный,платье,платьевщица,платьице,платьишко,платяной,полотенечный,полотенце,полотнище,полотно,полотняный		2	88	medium_size,many_suffixes,in_corpus		UNREVIEWED			REVIEW	71
пруг|пруж¹	пруг|пруж¹	23	напруживать,напруживаться,напружить,напружиться,подпруга,пружина,пружинистость,пружинистый,пружинить,пружиниться,пружинка,пружинный,пружинщик,пружинщица,пружок,супруг,супруга,супружеский,супружество,супружний,супружница,упругий,упругость		3	252	medium_size,many_suffixes,in_corpus		UNREVIEWED			REVIEW	71
писк|пищ¹	писк|пищ¹	22	запищать,писк,пискленок,пискливость,пискля,писклявость,писклявый,пискляк,пискнуть,пискотня,пискулька,пискун,пискунья,пищалка,пищаль,пищальный,пищать,пищик,пищуха,пищуховые,попискивать,пропищать		4	173	medium_size,many_suffixes,in_corpus		UNREVIEWED			REVIEW	71
бр²	бр²	40	бреющий,бритва,бритвенница,бритвенный,бритый,брить,бритье,бриться,выбривать,выбриваться,выбрить,выбриться,добривать,добриваться,добрить,добриться,забривать,забриваться,забрить,обривать,обриваться,обритый,обрить,обриться,отбривать,отбриваться,отбрить,отбриться,побрить,побриться,подбривать,подбриваться,подбрить,подбриться,пробривать,пробрить,пробриться,сбривать,сбриваться,сбрить		0	8	large,many_prefixes		UNREVIEWED			REVIEW	70
мусл|мусол	мусл|мусол	40	замусленный,замусливать,замусливаться,замуслить,замуслиться,замусоленный,замусоливать,замусоливаться,замусолить,замусолиться,измусливать,измусливаться,измуслить,измуслиться,измусоливать,измусоливаться,измусолить,измусолиться,муслить,муслиться,мусоленый,мусолить,мусолиться,намусленный,намусливать,намуслить,намусолить,обмуслить,обмуслиться,обмусолить,обмусолиться,перемусливать,перемуслить,перемусоливать,перемусолить,помуслить,помусолить,размусоливать,размусоливаться,размусолить		0	0	large,many_prefixes		UNREVIEWED			REVIEW	70
сач¹|сок|соч	сач¹|сок|соч	25	всачиваться,всочиться,высочить,высочиться,засочиться,насочиться,пасока,пасочный,подсачивать,подсачиваться,подсока,подсочка,подсочный,просачивание,просачиваться,просочиться,сок,соковый,сочельник,соченый,сочень,сочиво,сочить,сочиться,сочный		0	1248	medium_size,many_prefixes,many_suffixes		UNREVIEWED			REVIEW	70
против	против	23	воспротивиться,напротив,насупротив,непротивленец,непротивление,непротивленческий,непротивленчество,опротиветь,против,противительный,противиться,противление,противник,противница,противный,сопротивленец,сопротивление,сопротивляемость,сопротивляться,супротив,супротивник,супротивничать,супротивный		2	50	medium_size,many_suffixes,in_corpus		UNREVIEWED			REVIEW	70
седм|седьм|сем¹	седм|седьм|сем¹	21	всемеро,всемером,седмица,седмичник,седмичный,седьмой,семерик,семериковый,семеричный,семерка,семерной,семеро,семик,семицкий,семишник,семь,семью,усемерить,усемериться,усемерять,усемеряться		4	122	medium_size,many_suffixes,in_corpus		UNREVIEWED			REVIEW	70
ноч²|нощ	ноч²|нощ	18	заночевать,заночевывать,ночевать,ночевка,ноченька,ночка,ночник,ночница,ночное,ночной,ночь,ночью,нощно,нощь,отночевать,переночевать,переночевывать,проночевать		7	155	medium_size,many_suffixes,in_corpus		UNREVIEWED			REVIEW	70
степен	степен	12	остепенить,остепениться,остепенять,остепеняться,постепенный,постепеновец,постепеновщина,степенничать,степенность,степенный,степенство,степень		43	1505	corpus_hot		UNREVIEWED			REVIEW	70
та(j)¹	та(j)¹	39	впотай,втайне,затаенность,затаенный,затаивание,затаивать,затаиваться,затаить,затаиться,потаенный,потаить,потаиться,потайной,притаиться,таинственность,таинственный,таинство,таить,таиться,тайком,тайна,тайник,тайниковый,тайничный,тайничок,тайность,тайный,татебный,тать,татьба,утаение,утаивание,утаивать,утаиваться,утаить,утаиться,утайка,утайщик,утайщица		0	161	medium_size,many_suffixes		UNREVIEWED			REVIEW	69
туг|туж	туг|туж	24	втугую,затужить,натуга,натуго,натуженный,натуживать,натуживаться,натужить,натужиться,натужливый,натужный,оттужить,поднатужиться,понатужиться,потуги,потужить,растужиться,сутуга,туговатый,тугой,тугонький,тугость,тужить,тужиться		0	0	medium_size,many_prefixes,many_suffixes		UNREVIEWED			REVIEW	69
дым¹	дым¹	23	бездымный,вздымать,вздыматься,дым,дымить,дымиться,дымка,дымный,дымовой,дымок,дымчатый,дымянка,задымить,задымиться,задымление,задымленный,надымить,подымить,подымиться,подымный,продымить,продымиться,продымленный		1	1634	medium_size,many_prefixes,in_corpus		UNREVIEWED			REVIEW	69
шаг|шаж	шаг|шаж	22	вышагать,вышагивать,дошагать,дошагнуть,зашагать,отшагать,отшагивать,отшагнуть,перешагивать,перешагиваться,перешагнуть,пошагать,пришагать,шаг,шагать,шагающий,шагистика,шагистый,шагнуть,шагом,шажком,шажок		2	210	medium_size,many_prefixes,in_corpus		UNREVIEWED			REVIEW	69
хлеб²|хлеб	хлеб²|хлеб	38	взахлеб,выхлебать,выхлебнуть,выхлебывать,выхлебываться,дохлебать,дохлебывать,захлебнуть,захлебнуться,захлебывание,захлебывать,захлебываться,нахлебаться,отхлебать,отхлебнуть,отхлебывать,похлебать,похлебка,похлебывать,прихлебатель,прихлебательский,прихлебательство,прихлебнуть,прихлебывать,расхлебать,расхлебывать,расхлебываться,схлебать,схлебнуть,схлебывать,схлебываться,ухлебнуть,ухлебывать,хлебать,хлебнуть,хлебово,хлебок,хлебывать		0	0	medium_size,many_prefixes		UNREVIEWED			REVIEW	68
вя|вяд	вя|вяд	38	вывяливать,вывяливаться,вывялить,вывялиться,вяление,вяленый,вялить,вялиться,вялость,вялый,вянуть,завядший,завяливать,завяливаться,завялить,завялиться,завянуть,навяливать,навяливаться,навялить,неувядаемый,неувядающий,обвяливать,обвяливаться,обвялить,обвялиться,перевялить,повялить,повянуть,провяливать,провяливаться,провялить,провялиться,увядание,увядать,увядший,увялый,увянуть		0	0	medium_size,many_prefixes		UNREVIEWED			REVIEW	68
мал³	мал³	38	вымалевать,вымалевывать,вымалевываться,замалевать,замалевывать,замалеевываться,измалевать,измалевывать,измалевываться,малевальный,малеванный,малеванье,малевать,малеваться,маляр,малярить,маляриха,малярничать,малярный,намалевать,намалеваться,намалевывать,намалевываться,отмалевать,отмалевывать,перемалевать,подмалевать,подмалевка,подмалевок,подмалевывать,подмалевываться,помалевать,помалевывать,размалеванный,размалевать,размалевка,размалевывать,размалевываться		0	0	medium_size,many_prefixes		UNREVIEWED			REVIEW	68
лест|лещ²|льст|льщ	лест|лещ²|льст|льщ	38	лестный,лесть,льстец,льстивость,льстивый,льстить,льститься,обольститель,обольстительница,обольстительность,обольстительный,обольстить,обольститься,обольщать,обольщаться,обольщение,подлещаться,подольститься,подольщаться,польстить,польститься,польщенный,прелестница,прелестный,прелесть,прельститель,прельстительный,прельстить,прельститься,прельщать,прельщаться,прельщение,улестить,улеститься,улещать,улещаться,улещивать,улещиваться		0	0	medium_size,many_alternations		UNREVIEWED			REVIEW	68
мил	мил	38	милачок,милаша,милашечка,милашка,милейший,миленький,милеть,милка,милование,милованье,миловать,миловаться,милостивец,милостивый,милостынька,милостыня,милость,милочка,милый,миляга,помилование,помилованный,помиловать,смилостивиться,умиление,умиленный,умилительность,умилительный,умилить,умилиться,умилостивить,умилостивиться,умилостивлять,умилостивляться,умильность,умильный,умилять,умиляться		0	0	medium_size,many_suffixes		UNREVIEWED			REVIEW	68
сыт¹|сыщ	сыт¹|сыщ	34	вдосыть,досыта,насытить,насытиться,насыщаемость,насыщать,насыщаться,насыщение,насыщенность,насыщенный,ненасытность,ненасытный,перенасытить,перенасытиться,перенасыщать,перенасыщаться,перенасыщение,перенасыщенность,перенасыщенный,пересытить,пресытить,пресытиться,пресыщать,пресыщаться,пресыщение,пресыщенность,пресыщенный,сытеть,сытехонький,сытешенький,сытность,сытный,сытость,сытый		4	162	medium_size,in_corpus		UNREVIEWED			REVIEW	68
тер²	тер²	25	затеривать,затериваться,затерянность,затерянный,затерять,затеряться,затеряха,перетерять,потеря,потерянный,потерять,потеряться,растеривать,растериваться,растеря,растерянность,растерянный,растерять,растеряться,растеряха,терять,теряться,утеря,утерять,утеряться		13	754	medium_size,in_corpus		UNREVIEWED			REVIEW	68
тон¹	тон¹	23	истончать,истончить,истончиться,потончать,тоненький,тонина,тонкий,тонковатый,тонкость,тончать,тончить,утонение,утонить,утониться,утончать,утончаться,утончение,утонченность,утонченный,утончить,утончиться,утонять,утоняться		15	1193	medium_size,in_corpus		UNREVIEWED			REVIEW	68
дик|дич	дик|дич	22	дикарка,дикарский,дикарство,дикарь,дикий,диковатый,диковина,диковинка,дикость,дикуша,дичать,дичина,дичковый,дичок,дичь,задичать,одичалость,одичалый,одичание,одичать,подичать,подичиться		1	44	medium_size,many_suffixes,in_corpus		UNREVIEWED			REVIEW	68
тел²|тел	тел²|тел	22	нетель,отел,отелиться,отелочный,подтелок,растеливаться,растелиться,стельность,стельная,теленок,телец,телиться,телица,телка,телок,телочка,телушка,телятина,телятки,телятник,телятница,телячий		1	483	medium_size,many_suffixes,in_corpus		UNREVIEWED			REVIEW	68
плек|плеч	плек|плеч	21	заплечики,заплечник,заплечный,заплечье,наплечник,наплечный,оплечь,оплечье,плечевой,плечики,плечико,плечистый,плечище,плечной,плечо,подоплека,подоплечный,подплечный,предплечевой,предплечье,сплеча		2	44	medium_size,many_suffixes,in_corpus		UNREVIEWED			REVIEW	68
прок|проч	прок|проч	20	впрок,впрочем,напрочь,попрочнеть,прок,прочий,прочить,прочнеть,прочностной,прочность,прочный,прочь,разупрочнение,упрочение,упрочивать,упрочиваться,упрочить,упрочиться,упрочнение,упрочнить		3	87	medium_size,many_suffixes,in_corpus		UNREVIEWED			REVIEW	68
школ	школ	20	вышколить,вышколиться,дошкольник,дошкольница,дошкольный,дошколята,ошколярить,пришкольный,школа,школка,школьник,школьница,школьничать,школьнический,школьничество,школьный,школяр,школярка,школярский,школярство		3	69	medium_size,many_suffixes,in_corpus		UNREVIEWED			REVIEW	68
дорог¹|дорож¹|драж²	дорог¹|дорож¹|драж²	19	вздорожание,вздорожать,дороговатый,дороговизна,дорогой,дорогонько,дорожать,дорожить,дорожиться,дражайший,задорого,подорожать,подорожиться,продорожиться,удорожание,удорожать,удорожаться,удорожить,удорожиться		4	96	medium_size,many_prefixes,in_corpus		UNREVIEWED			REVIEW	68
пазд|позд	пазд|позд	18	допоздна,запаздывание,запаздывать,запоздалость,запоздалый,запоздание,запоздать,запоздно,опаздывание,опаздывать,опоздание,опоздать,поздненько,поздний,поздно,поздноватый,припаздывать,припоздать		20	286	medium_size,corpus_hot		UNREVIEWED			REVIEW	68
черт²	черт²	16	зачертыхаться,очертеть,черт,чертенок,чертик,чертить,чертиха,чертов,чертовка,чертовски,чертовский,чертовщина,чертушка,чертыханье,чертыхаться,чертыхнуться		7	777	medium_size,many_suffixes,in_corpus		UNREVIEWED			REVIEW	68
гнезд	гнезд	15	безгнездный,безгнездый,вгнездиться,гнездарь,гнездиться,гнездо,гнездование,гнездовать,гнездоваться,гнездовище,гнездовка,гнездовой,гнездовье,гнездышко,угнездиться		8	200	medium_size,many_suffixes,in_corpus		UNREVIEWED			REVIEW	68
жв|жев	жв|жев	37	дожевать,дожевывать,дожевываться,жвачка,жвачный,жевание,жеванный,жевательный,жевать,жеваться,жевок,зажевать,изжеванный,изжевать,изжевывать,нажевать,нажеваться,нажевывать,отжевать,отжевывать,пережевать,пережевывание,пережевывать,пережевываться,пожевать,пожевывать,прожевать,прожеваться,прожевывать,прожевываться,разжевать,разжеваться,разжевывание,разжевывать,разжевываться,сжевать,сжеваться		0	0	medium_size,many_prefixes		UNREVIEWED			REVIEW	67
хит|хич|хищ	хит|хич|хищ	33	восхитительность,восхитительный,восхитить,восхититься,восхищать,восхищаться,восхищение,похититель,похитительница,похитить,похищать,похищаться,похищение,предвосхитить,предвосхищать,предвосхищаться,предвосхищение,расхититель,расхитить,расхищать,расхищаться,расхищение,ухитить,ухичивать,ухичиваться,хищение,хищник,хищница,хищничать,хищнический,хищничество,хищность,хищный		4	212	medium_size,in_corpus		UNREVIEWED			REVIEW	67
куч¹	куч¹	21	куча,кучевой,кучить,кучка,кучкизм,кучкист,кучковатый,кучность,кучный,окучивание,окучивать,окучиваться,окучить,окучка,окучник,скученность,скученный,скучивать,скучиваться,скучить,скучиться		1	37	medium_size,many_suffixes,in_corpus		UNREVIEWED			REVIEW	67
мыш	мыш	16	мышастый,мышатник,мышечный,мыший,мышиный,мышка,мышковать,мышонок,мышца,мышь,мышьяк,мышьяковый,мышьячный,подмышечный,подмышки,подмышник		6	180	medium_size,many_suffixes,in_corpus		UNREVIEWED			REVIEW	67
кров¹	кров¹	36	бескровный,искровавить,искровенить,искровениться,кроваветь,кровавить,кровавый,кровенеть,кровенить,кровинка,кровища,кровник,кровный,кровушка,кровь,кровянистость,кровянистый,кровяной,обескроветь,обескровить,обескровиться,обескровленный,обескровливание,обескровливать,обескровливаться,окровавить,окровавиться,окровавленный,окровавливать,окровавливаться,окровенеть,окровенить,окровениться,раскровенить,сукровица,сукровичный		0	292	medium_size,many_suffixes		UNREVIEWED			REVIEW	66
чекан	чекан	36	вычеканивать,вычеканиваться,вычеканить,начеканивать,начеканиваться,начеканить,отчеканивать,отчеканиваться,отчеканить,отчеканиться,перечеканивать,перечеканить,перечеканка,подчеканивать,подчеканить,подчеканка,прочеканивать,прочеканиваться,прочеканить,расчеканивать,расчеканиваться,расчеканить,расчеканка,расчеканщик,счеканивать,счеканиваться,счеканить,чекан,чеканенный,чеканить,чеканиться,чеканка,чеканность,чеканный,чеканочный,чеканщик		0	0	medium_size,many_prefixes		UNREVIEWED			REVIEW	66
чал¹	чал¹	36	зачаливание,зачаливать,зачаливаться,зачалить,отчал,отчаливать,отчаливаться,отчалить,отчалиться,подчаливать,подчаливаться,подчалить,подчалиться,подчалка,подчалок,причал,причаливать,причаливаться,причалить,причалок,причальный,расчаливать,расчаливаться,расчалить,расчалка,счал,счаливать,счаливаться,счалить,счалиться,счалка,счальщик,чал,чалить,чалка,чальщик		0	0	medium_size,many_prefixes		UNREVIEWED			REVIEW	66
команд	команд	31	команда,командир,командирование,командированный,командировать,командироваться,командировка,командировочный,командирский,командирша,командный,командование,командовать,командор,командорский,командующий,откомандирование,откомандировать,откомандировывать,откомандировываться,откомандовать,покомандовать,прикомандирование,прикомандировать,прикомандироваться,прикомандировывать,прикомандировываться,раскомандировать,раскомандировка,раскомандировочный,скомандовать		5	210	medium_size,in_corpus		UNREVIEWED			REVIEW	66
ласк|ласоч|ласт¹|лащ¹	ласк|ласоч|ласт¹|лащ¹	21	вылащивать,вылащиваться,заласкать,ласка,ласкательный,ласкать,ласкаться,ласковость,ласковый,ласочка,ластиться,обласкать,подластиться,поласкать,поласкаться,приласкать,приласкаться,приластиться,уластить,улащивать,улащиваться		0	0	medium_size,many_alternations,many_prefixes		UNREVIEWED			REVIEW	66
люд	люд	20	безлюдеть,безлюдный,безлюдье,люд,люди,людишки,людно,людность,людный,людской,нелюди,нелюдим,нелюдимка,нелюдимость,нелюдимый,обезлюдение,обезлюдеть,обезлюдить,полюднеть,полюдье		1	258	medium_size,many_suffixes,in_corpus		UNREVIEWED			REVIEW	66
пуз	пуз	20	пузан,пузанок,пузанчик,пузастость,пузастый,пузатенький,пузатик,пузатость,пузатый,пузач,пузо,пузырек,пузыристый,пузыриться,пузырник,пузырный,пузырчатка,пузырчатый,пузырь,пузырьковый		1	37	medium_size,many_suffixes,in_corpus		UNREVIEWED			REVIEW	66
шум	шум	17	бесшумность,бесшумный,зашуметь,нашуметь,отшуметь,пошуметь,прошуметь,расшуметься,шум,шуметь,шумиха,шумливость,шумливый,шумный,шумовик,шумовой,шумок		4	108	medium_size,many_prefixes,in_corpus		UNREVIEWED			REVIEW	66
крюк|крюч	крюк|крюч	17	крюк,крюковина,крюковой,крючить,крючиться,крючище,крючковатый,крючник,крючничать,крючок,крючочек,крючочник,скрюченный,скрючивать,скрючиваться,скрючить,скрючиться		4	92	medium_size,many_suffixes,in_corpus		UNREVIEWED			REVIEW	66
рек¹|реч¹	рек¹|реч¹	12	заречный,заречье,поречье,приречный,приречье,река,реченька,речка,речник,речной,речонка,речушка		39	741	corpus_hot		UNREVIEWED			REVIEW	66
пех|пеш¹	пех|пеш¹	19	опешить,пехота,пехотинец,пехотинский,пехотный,пехтура,пехтурой,пешечка,пешечком,пешечный,пеший,пешка,пешком,пешочком,спешенный,спешивать,спешиваться,спешить,спешиться		1	344	medium_size,many_suffixes,in_corpus		UNREVIEWED			REVIEW	65
сир	сир	19	осиротелый,осиротеть,осиротить,сирость,сирота,сиротеть,сиротина,сиротинка,сиротиночка,сиротинушка,сиротить,сиротка,сиротливость,сиротливый,сироточка,сиротский,сиротство,сиротствовать,сирый		1	23	medium_size,many_suffixes,in_corpus		UNREVIEWED			REVIEW	65
щет	щет	19	ощетиненный,ощетинивать,ощетиниваться,ощетинить,ощетиниться,щетина,щетинистый,щетинить,щетиниться,щетинка,щетинковые,щетинник,щетинный,щетинщик,щетинщица,щетка,щеточка,щеточник,щеточный		1	18	medium_size,many_suffixes,in_corpus		UNREVIEWED			REVIEW	65
пес¹	пес¹	19	пескарь,песок,песочек,песочина,песочник,песочница,песочный,песчаник,песчаниковый,песчанистый,песчанка,песчаный,песчинка,пропесочить,супесковый,супесный,супесок,супесчаный,супесь		1	39	medium_size,many_suffixes,in_corpus		UNREVIEWED			REVIEW	65
чуд²|чуж|чужд	чуд²|чуж|чужд	18	вчуже,неотчуждаемый,отчудить,отчуждаемость,отчуждать,отчуждаться,отчуждение,отчужденность,отчужденный,чужак,чужанин,чужачка,чужбина,чужбинный,чуждаться,чуждость,чуждый,чужой		2	51	medium_size,many_suffixes,in_corpus		UNREVIEWED			REVIEW	65
лб|лоб	лб|лоб	17	исподлобья,лбишко,лбище,лоб,лобан,лобанчик,лобастый,лобик,лобковый,лобный,лобовой,лобок,надлобковый,надлобный,надлобье,налобник,налобный		3	66	medium_size,many_suffixes,in_corpus		UNREVIEWED			REVIEW	65
столб	столб	16	застолбить,остолбенелый,остолбенение,остолбенеть,столб,столбенеть,столбец,столбик,столбиковый,столбняк,столбняковый,столбнячный,столбовой,столбцы,столбчак,столбчатый		4	96	medium_size,many_suffixes,in_corpus		UNREVIEWED			REVIEW	65
дожд	дожд	15	бездождье,дождевальный,дождевание,дождеватель,дождевик,дождевой,дождик,дождина,дождинка,дождичек,дождище,дождливость,дождливый,дождь,задождить		5	150	medium_size,many_suffixes,in_corpus		UNREVIEWED			REVIEW	65
сем²	сем²	12	бессемейный,подсемейство,посемейный,семейка,семейный,семейственность,семейственный,семейство,семеюшка,семья,семьянин,семьянинка		38	916	corpus_hot		UNREVIEWED			REVIEW	65
глох|глух|глуш	глох|глух|глуш	34	вглухую,глохнуть,глухаренок,глухариный,глухарь,глуховатость,глуховатый,глухой,глухота,глушитель,глушить,глушиться,глушняк,глушь,заглохлый,заглохнуть,заглохший,заглушать,заглушаться,заглушить,заглушиться,заглушка,наглухо,наглушить,оглохнуть,оглушать,оглушительный,оглушить,переглохнуть,переглушить,приглушать,приглушаться,приглушение,приглушить		0	0	medium_size,many_suffixes		UNREVIEWED			REVIEW	64
жир²|жор|жр¹	жир²|жор|жр¹	34	выжирать,выжрать,жор,жранье,жратва,жратвенный,жрать,зажор,зажора,зажраться,нажираться,нажор,нажраться,обжираться,обжора,обжорливость,обжорливый,обжорный,обжорство,обожрать,обожраться,пережрать,пожирание,пожирать,пожрать,прожирать,прожираться,прожора,прожорливость,прожорливый,прожорство,прожрать,прожраться,сожрать		0	0	medium_size,many_prefixes		UNREVIEWED			REVIEW	64
утюг|утюж	утюг|утюж	34	выутюжить,выутюжиться,заутюживание,заутюживать,заутюживаться,заутюжить,заутюжиться,отутюживать,отутюживаться,отутюжить,отутюжиться,переутюживать,переутюживаться,переутюжить,подутюживать,подутюживаться,подутюжить,поутюжить,разутюженный,разутюживать,разутюживаться,разутюжить,разутюжиться,утюг,утюжение,утюжильный,утюжильщик,утюжильщица,утюжить,утюжиться,утюжка,утюжник,утюжный,утюжок		0	0	medium_size,many_prefixes		UNREVIEWED			REVIEW	64
порт¹	порт¹	18	беспорточный,напортить,портки,портниха,портнишка,портновский,портной,портняжить,портняжка,портняжничать,портняжничество,портняжный,порточина,порточки,порточный,порты,портянка,портяночный		1	50	medium_size,many_suffixes,in_corpus		UNREVIEWED			REVIEW	64
восем|восьм|осьм	восем|восьм|осьм	18	ввосьмеро,ввосьмером,восемь,восемью,восьмерик,восьмериковый,восьмеричный,восьмерка,восьмеро,восьмой,восьмуха,восьмушечка,восьмушка,осьмина,осьмой,осьмуха,осьмушечка,осьмушка		1	22	medium_size,many_suffixes,in_corpus		UNREVIEWED			REVIEW	64
кур²	кур²	18	кур,кура,куренок,курий,куриный,курица,курицын,куричий,курка,курковый,курник,курок,курочка,курочный,курчонок,курятина,курятник,курячий		1	43	medium_size,many_suffixes,in_corpus		UNREVIEWED			REVIEW	64
тращ|трост|трощ	тращ|трост|трощ	18	стращивать,стростить,тростильный,тростильщик,тростина,тростинка,тростиночка,тростить,троститься,тростка,тростник,тростниковый,тросточка,трость,тростянка,тростяной,трощение,трощеный		1	27	medium_size,many_suffixes,in_corpus		UNREVIEWED			REVIEW	64
полк|полч	полк|полч	17	ополчать,ополчаться,ополченец,ополчение,ополченный,ополченский,ополчить,ополчиться,подполковник,подполковница,полк,полковник,полковница,полковнический,полковничий,полковой,полчище		2	1335	medium_size,many_suffixes,in_corpus		UNREVIEWED			REVIEW	64
уз¹	уз¹	16	обуза,приуз,соузник,соузница,узел,узелок,узилище,узлистость,узлистый,узловатость,узловатый,узловой,узник,узница,узничество,узы		3	57	medium_size,many_suffixes,in_corpus		UNREVIEWED			REVIEW	64
стрем²|стрем	стрем²|стрем	15	стрема,стремительность,стремительный,стремить,стремиться,стремление,стремнина,стремнинный,стремнистый,устремить,устремиться,устремление,устремленность,устремлять,устремляться		19	456	medium_size,in_corpus		UNREVIEWED			REVIEW	64
вн|вон²	вн|вон²	7	вне,внешне,внешний,внешность,вовне,вон,извне		42	615	corpus_hot		UNREVIEWED			AUTO_SAFE	64
мол³	мол³	3	молевой,молевщик,моль		6	24	partial_split,in_corpus	sense:moth:1	UNREVIEWED	sense:moth:1		ALREADY_SPLIT	64
пре	пре	33	взопреть,выпревание,выпревать,выпреть,запревание,запревать,напреть,опрелость,отопревать,отопреть,перепревать,перепрелый,перепреть,подопревать,подопрелый,подопреть,подпревать,попреть,прелина,прелость,прелый,прель,прение,преть,пропреть,разопревать,разопрелый,разопреть,сопревать,сопрелый,сопреть,упревать,упреть		0	55	medium_size,many_prefixes		UNREVIEWED			REVIEW	63
крап|кроп¹	крап|кроп¹	33	вкрапить,вкрапление,вкрапленник,вкрапленный,вкрапливание,вкрапливать,вкрапливаться,вкраплять,вкрапляться,закрапать,закрапывать,крап,крапать,крапина,крапинка,крапление,крапленый,крапчатый,кропило,кропильница,кропильце,кропить,кропиться,кропление,кропленый,накрапывать,окропить,окропиться,окроплять,окропляться,покрапать,покрапывать,покропить		0	0	medium_size,many_suffixes		UNREVIEWED			REVIEW	63
бадр|бодр	бадр|бодр	32	бодренький,бодрехонький,бодрешенький,бодрить,бодриться,бодрость,бодрствование,бодрствовать,бодрый,бодрячок,бодрящий,взбадривать,взбадриваться,взбодрить,взбодриться,ободрение,ободренный,ободрительный,ободрить,ободриться,ободрять,ободряться,пободрствовать,подбадривать,подбодрить,подбодриться,подбодрять,подбодряться,приободрить,приободриться,приободрять,приободряться		1	46	medium_size,in_corpus		UNREVIEWED			REVIEW	63
пораш|порох|порош|прах	пораш|порох|порош|прах	18	запорашивать,запорошить,напорошить,порох,пороховница,пороховой,пороша,порошинка,порошить,порошица,порошка,порошковый,порошок,порошочный,прах,припорошить,припорошка,распорошить		0	0	medium_size,many_alternations,many_suffixes		UNREVIEWED			REVIEW	63
болач|болот|болоч	болач|болот|болоч	17	болотина,болотистость,болотистый,болотище,болотник,болотница,болотный,болото,болотце,заболачиваемость,заболачивание,заболачивать,заболачиваться,заболотиться,заболоченность,заболоченный,приболотный		1	33	medium_size,many_suffixes,in_corpus		UNREVIEWED			REVIEW	63
утр¹	утр¹	16	заутра,заутренний,заутреня,наутро,обутреть,поутру,предутренний,утренний,утренник,утренничать,утреня,утречко,утречком,утрешний,утро,утром		2	63	medium_size,many_prefixes,in_corpus		UNREVIEWED			REVIEW	63
кот¹|кош²	кот¹|кош²	16	кот,котенок,котик,котиковый,котиться,котишка,котище,котовник,кошатина,кошатник,кошатница,кошачий,кошечий,кошечка,кошка,кошчонка		2	76	medium_size,many_suffixes,in_corpus		UNREVIEWED			REVIEW	63
кра(j)²	кра(j)²	15	бескрайний,бескрайный,закраек,закраина,краевой,краешек,край,крайне,крайний,крайность,краюха,краюшка,окраина,окраинный,украек		18	300	medium_size,in_corpus		UNREVIEWED			REVIEW	63
сер¹	сер¹	15	засереть,иссера,посереть,серенький,сереть,сереться,серизна,серка,сероватый,серость,серый,серь,серяк,серятина,серячок		3	120	medium_size,many_suffixes,in_corpus		UNREVIEWED			REVIEW	63
север	север	4	север,северный,северянин,северянка		44	924	corpus_hot		UNREVIEWED			AUTO_SAFE	63
кашел|кашл	кашел|кашл	32	выкашливание,выкашливать,выкашливаться,выкашлянуть,выкашлянуться,выкашлять,выкашляться,закашлять,закашляться,кашель,кашляние,кашлянуть,кашлять,откашливание,откашливать,откашливаться,откашлянуть,откашлянуться,откашлять,откашляться,подкашливать,подкашлянуть,покашливание,покашливать,покашлять,прокашливать,прокашливаться,прокашлянуть,прокашлять,прокашляться,раскашливаться,раскашляться		0	0	medium_size,many_prefixes		UNREVIEWED			REVIEW	62
сверл	сверл	32	высверливание,высверливать,высверливаться,высверлить,досверливать,досверливаться,досверлить,иссверливать,иссверливаться,иссверлить,насверливать,насверливаться,насверлить,просверливать,просверливаться,просверлить,рассверливать,рассверливаться,рассверлить,рассверлиться,сверление,сверленый,сверлило,сверлильный,сверлить,сверлиться,сверло,сверловка,сверловой,сверловочный,сверловщик,сверловщица		0	0	medium_size,many_prefixes		UNREVIEWED			REVIEW	62
худ|хуж	худ|хуж	32	захудалость,захудалый,исхудалость,исхудалый,исхудание,исхудать,похудание,похудать,похуделый,похудение,похудеть,прохудиться,ухудшать,ухудшаться,ухудшение,ухудшенный,ухудшить,ухудшиться,худать,худенький,худеть,худехонький,худо,худоба,худой,худость,худощавость,худощавый,худущий,худышка,худющий,хужеть		0	0	medium_size,many_suffixes		UNREVIEWED			REVIEW	62
торг²|торж²	торг²|торж²	31	восторг,восторгать,восторгаться,восторженность,восторженный,восторжествовать,вторгаться,вторгнуться,вторжение,исторгать,исторгаться,исторгнуть,исторгнуться,исторжение,отторгать,отторгаться,отторгнуть,отторгнуться,отторжение,расторгать,расторгаться,расторгнуть,расторгнуться,расторжение,расторжимость,торжественник,торжественность,торжественный,торжество,торжествовать,торжествующий		1	29	medium_size,in_corpus		UNREVIEWED			REVIEW	62
пояс	пояс	28	опоясать,опоясаться,опояска,опоясывать,опоясываться,перепоясать,перепоясаться,перепоясывать,перепоясываться,подпоясать,подпоясаться,подпояска,подпоясывать,подпоясываться,пояс,поясница,поясничный,поясной,поясность,поясок,препоясать,препоясаться,препоясывать,препоясываться,распоясать,распоясаться,распоясывать,распоясываться		4	228	medium_size,in_corpus		UNREVIEWED			REVIEW	62
вык|выч	вык|выч	25	навык,навыкать,навыкнуть,обвыкать,обвыкаться,обвыкнуть,обвыкнуться,отвыкать,отвыкнуть,отвычка,пообвыкнуть,поотвыкнуть,попривыкнуть,привыкать,привыкнуть,привычка,привычность,привычный,приобвыкнуть,свыкаться,свыкнуться,свычай,свычка,чрезвычайность,чрезвычайный		7	217	medium_size,in_corpus		UNREVIEWED			REVIEW	62
молв	молв	16	безмолвие,безмолвный,безмолвствовать,замолвить,молва,молвить,молвь,недомолвка,обмолвиться,обмолвка,перемолвить,перемолвиться,помолвка,помолвленный,промолвить,размолвка		1	20	medium_size,many_prefixes,in_corpus		UNREVIEWED			REVIEW	62
дешев	дешев	16	дешевенький,дешеветь,дешевизна,дешевить,дешевка,дешевый,задешево,передешевить,подешеветь,продешевить,продешевлять,удешевить,удешевиться,удешевление,удешевлять,удешевляться		1	21	medium_size,many_prefixes,in_corpus		UNREVIEWED			REVIEW	62
доч|дч|дщ	доч|дч|дщ	16	доченька,дочерин,дочерний,дочечка,дочка,дочкин,дочурка,дочурочка,дочушка,дочь,дщерь,падчерица,удочерение,удочерить,удочерять,удочеряться		1	16	medium_size,many_suffixes,in_corpus		UNREVIEWED			REVIEW	62
нос¹	нос¹	16	надпереносье,нос,носарь,носастый,носатый,носач,носик,носишко,носище,носовик,носовой,носок,носочный,носуха,переносица,переносье		1	1364	medium_size,many_suffixes,in_corpus		UNREVIEWED			REVIEW	62
бар	бар	15	барин,барич,барский,барственность,барственный,барство,барствовать,барчонок,барчук,барщина,барщинник,барщинный,барынька,барыня,барышня		2	64	medium_size,many_suffixes,in_corpus		UNREVIEWED			REVIEW	62
ше(j)¹	ше(j)¹	15	взашей,зашеек,зашеина,зашейный,нашейный,ошеек,ошейник,перешеек,перешеечный,подшеек,подшейный,шеища,шейка,шейный,шея		2	44	medium_size,many_prefixes,in_corpus		UNREVIEWED			REVIEW	62
румян	румян	31	зарумянивание,зарумянивать,зарумяниваться,зарумянить,зарумяниться,нарумянивать,нарумяниваться,нарумянить,нарумяниться,перерумянивать,перерумянить,подрумяненный,подрумянивать,подрумяниваться,подрумянить,подрумяниться,порумянить,порумяниться,разрумянивать,разрумяниваться,разрумянить,разрумяниться,румяна,румяненький,румянеть,румянец,румянить,румяниться,румянка,румяность,румяный		0	0	medium_size,many_prefixes		UNREVIEWED			REVIEW	61
вен	вен	30	венец,венечник,венечный,веник,веничник,венок,веночек,веночный,венчальный,венчание,венчать,венчаться,венчик,венчиковый,обвенчать,обвенчаться,перевенчать,перевенчаться,повенчать,повенчаться,развенчать,развенчивание,развенчивать,развенчиваться,увенчание,увенчанный,увенчать,увенчаться,увенчивать,увенчиваться		1	58	medium_size,in_corpus		UNREVIEWED			REVIEW	61
интерес|ынтерес	интерес|ынтерес	15	безынтересный,заинтересованность,заинтересованный,заинтересовать,заинтересоваться,заинтересовывать,заинтересовываться,интерес,интересант,интересантка,интересничать,интересный,интересовать,интересоваться,поинтересоваться		16	1275	medium_size,in_corpus		UNREVIEWED			REVIEW	61
скверн	скверн	15	осквернение,осквернитель,осквернить,оскверниться,осквернять,оскверняться,прескверный,скверна,сквернавец,сквернавка,скверненький,сквернеть,сквернить,скверность,скверный		1	20	medium_size,many_suffixes,in_corpus		UNREVIEWED			REVIEW	61
вир¹|вр	вир¹|вр	30	враки,враль,вранье,врать,враться,врун,врунишка,врунья,вруша,довраться,завиральный,завираться,завируха,завирушка,завраться,изовраться,наврать,перевирать,перевираться,переврать,поврать,подвирать,привирать,приврать,провираться,проврать,провраться,развираться,разовраться,соврать		0	0	medium_size,many_prefixes		UNREVIEWED			REVIEW	60
тверез|трезв	тверез|трезв	30	вытрезвитель,вытрезвительный,вытрезвить,вытрезвиться,вытрезвление,вытрезвлять,вытрезвляться,отрезветь,отрезвитель,отрезвительный,отрезвить,отрезвиться,отрезвление,отрезвлять,отрезвляться,отрезвляющий,протрезветь,протрезвить,протрезвиться,протрезвление,протрезвлять,протрезвляться,тверезый,трезвенник,трезвенница,трезвенность,трезвенный,трезветь,трезвость,трезвый		0	0	medium_size,many_suffixes		UNREVIEWED			REVIEW	60
план	план	23	бесплановость,бесплановый,запланировать,перепланировать,перепланировка,перепланировывать,перепланировываться,план,планирование,планировать,планироваться,планировка,планировочный,планировщик,плановать,плановик,плановость,плановый,распланировать,распланировка,распланировывать,распланировываться,спланировать		7	455	medium_size,in_corpus		UNREVIEWED			REVIEW	60
цел¹	цел¹	18	нацеленность,нацеливание,нацеливать,нацеливаться,нацелить,нацелиться,прицел,прицеливание,прицеливать,прицеливаться,прицелить,прицелиться,прицельный,целевой,целение,целить,целиться,цель		12	710	medium_size,in_corpus		UNREVIEWED			REVIEW	60
узд	узд	29	взнуздать,взнуздаться,взнуздывание,взнуздывать,взнуздываться,зануздать,зануздывать,зануздываться,недоуздок,необузданность,необузданный,обуздание,обуздать,обуздаться,обуздывание,обуздывать,обуздываться,подуздоватый,разнузданность,разнузданный,разнуздать,разнуздаться,разнуздывать,разнуздываться,узда,уздечка,уздечный,уздцы,уздяной		0	0	medium_size,many_prefixes		UNREVIEWED			REVIEW	59
пляс	пляс	29	выплясаться,выплясывание,выплясывать,выплясываться,доплясать,доплясаться,доплясывать,доплясываться,заплясать,наплясаться,отплясать,отплясаться,отплясывать,отплясываться,перепляс,переплясать,пляс,плясать,пляска,плясовой,плясун,плясунья,подплясывать,поплясать,приплясе,приплясывать,проплясать,расплясаться,сплясать		0	0	medium_size,many_prefixes		UNREVIEWED			REVIEW	59
яр¹	яр¹	17	взъяренный,взъяриться,заяривать,наяривать,разъяренность,разъяренный,разъярить,разъяриться,разъярять,разъяряться,яриться,яркий,яркость,яростный,ярость,ярый,ярь		12	576	medium_size,in_corpus		UNREVIEWED			REVIEW	59
пар⁴	пар⁴	14	напарник,напарница,пара,парность,парный,паровать,парочка,попарно,спаренный,спаривание,спаривать,спариваться,спарить,спариться		30	946	corpus_hot		UNREVIEWED			REVIEW	59
горб	горб	28	взгорбить,взгорбиться,горб,горбатенький,горбатеть,горбатить,горбатиться,горбатый,горбач,горбик,горбина,горбинка,горбить,горбиться,горбок,горбун,горбунок,горбунчик,горбунья,горбуша,горбушина,горбушка,горбыль,загорбок,нагорбиться,нагорбок,сгорбить,сгорбиться		0	0	medium_size,many_suffixes		UNREVIEWED			REVIEW	58
ворс|ворш	ворс|ворш	28	ворс,ворсильный,ворсильня,ворсильщик,ворсина,ворсинка,ворсинчатый,ворсистость,ворсистый,ворсит,ворсить,ворситься,ворсовальный,ворсовальня,ворсование,ворсовать,ворсоваться,ворсовка,ворсовой,ворсовщик,ворсовый,ворсянка,ворсянковый,ворсяной,воршение,наворсить,наворсовать,наворсоваться		0	0	medium_size,many_suffixes		UNREVIEWED			REVIEW	58
та²	та²	28	дотаивать,дотаять,затаять,истаивать,истаять,натаивать,натаять,обтаивать,обтаять,оттаивание,оттаивать,отталина,оттаять,подтаивать,подталина,подтаять,протаивать,проталина,проталинка,протаять,растаивать,растаять,стаивать,стаять,талый,таялка,таяние,таять		0	2301	medium_size,many_prefixes		UNREVIEWED			REVIEW	58
траг|тро|трог	траг|тро|трог	28	дотрагиваться,дотронуться,затрагивать,затрагиваться,затронуть,недотрога,перетрагивать,перетрогать,потрагивать,потрогать,притрагиваться,притронуться,растроганный,растрогать,растрогаться,страгивать,страгиваться,стронуть,стронуться,трогание,трогательность,трогательный,трогать,трогаться,тронутость,тронутый,тронуть,тронуться		0	2	medium_size,many_prefixes		UNREVIEWED			REVIEW	58
конопат|конопач	конопат|конопач	28	законопатить,законопачивать,законопачиваться,исконопатить,исконопачивать,конопатить,конопатиться,конопатка,конопатчик,конопачение,конопаченый,оконопатить,оконопачивать,оконопачиваться,отконопатить,отконопачивать,отконопачиваться,переконопатить,переконопачивать,переконопачиваться,поконопатить,проконопатить,проконопатиться,проконопачивать,проконопачиваться,расконопатить,расконопачивать,расконопачиваться		0	0	medium_size,many_prefixes		UNREVIEWED			REVIEW	58
брюх|брюш	брюх|брюш	17	брюхан,брюхастый,брюхатить,брюхатый,брюхач,брюхо,брюховина,брюшина,брюшинный,брюшко,брюшной,брюшняк,набрюшник,набрюшный,надбрюшный,подбрюшник,подбрюшный		11	253	medium_size,in_corpus		UNREVIEWED			REVIEW	58
зол	зол	27	вызол,вызолить,вызолиться,зола,золение,золеный,золильный,золистость,золистый,золить,золиться,золка,золушка,зольник,зольность,зольный,отзол,отзолить,отзолка,отзольный,перезол,перезолить,перезолиться,подзол,подзоливать,подзолистый,подзольный		0	0	medium_size,many_suffixes		UNREVIEWED			REVIEW	57
ма³	ма³	27	замаять,замаяться,измаять,измаяться,маета,маетный,маянье,маять,маяться,намаяться,отмаяться,перемаяться,помаять,помаяться,промаять,промаяться,размаивать,размаиваться,размаять,размаяться,смаивать,смаиваться,смаять,смаяться,умаиваться,умаять,умаяться		0	13	medium_size,many_prefixes		UNREVIEWED			REVIEW	57
пестр|пещр	пестр|пещр	27	запестреть,запестрить,испестрить,испестрять,испестряться,испещрить,испещрять,испещряться,напестрить,перепестрить,пестреть,пестреться,пестрина,пестрить,пестро,пестроватый,пестрота,пеструшка,пестрый,пестрядевый,пестрядина,пестрядинный,пестрядь,пестряк,пестрянка,распестрить,распестрять		0	0	medium_size,many_suffixes		UNREVIEWED			REVIEW	57
сап|соп¹	сап|соп¹	27	засопеть,осопливеть,посапывать,сап,сапатеть,сапатый,сапной,саповый,сапун,сопатка,сопатый,сопелка,сопель,сопельный,сопельщик,сопение,сопеть,сопливец,сопливица,сопливость,сопливый,сопло,сопловой,сопля,сопляк,сопун,сопунья		0	0	medium_size,many_suffixes		UNREVIEWED			REVIEW	57
наруж	наруж	10	кнаружи,наружность,наружный,наружу,обнаружение,обнаруживать,обнаруживаться,обнаружить,обнаружиться,снаружи		32	728	corpus_hot		UNREVIEWED			REVIEW	57
лущ	лущ	26	взлущить,вылущивание,вылущивать,вылущиваться,вылущить,вылущиться,лущевка,лущение,лущеный,лущило,лущильник,лущильный,лущить,лущиться,налущить,облущивать,облущиваться,облущить,облущиться,перелущивать,перелущиваться,перелущить,подлущивать,подлущить,полущивать,полущить		0	0	medium_size,many_prefixes		UNREVIEWED			REVIEW	56
ворк|ворч	ворк|ворч	26	воркованье,ворковать,воркотание,воркотать,воркотня,воркотун,воркотунья,воркун,воркунья,ворчание,ворчать,ворчливость,ворчливый,ворчун,ворчунья,заворковать,заворчать,изворчаться,наворчать,наворчаться,поворковать,поворчать,проворковать,проворчать,разворковаться,разворчаться		0	0	medium_size,many_prefixes		UNREVIEWED			REVIEW	56
голуб	голуб	26	голуба,голубенок,голубенький,голубеть,голубец,голубизна,голубика,голубиный,голубить,голубица,голубка,голубоватый,голубой,голубок,голубонька,голубочек,голубушка,голубчик,голубь,голубятина,голубятник,голубятня,заголубеть,поголубеть,приголубить,приголубливать		0	0	medium_size,many_suffixes		UNREVIEWED			REVIEW	56
прят	прят	26	запрятать,запрятаться,запрятывать,запрятываться,напрятать,опрятность,опрятный,перепрятать,перепрятаться,перепрятывать,перепрятываться,подпрятать,попрятать,попрятаться,припрятать,припрятывать,припрятываться,прятать,прятаться,прятки,спрятать,спрятаться,упрятать,упрятаться,упрятывать,упрятываться		0	360	medium_size,many_prefixes		UNREVIEWED			REVIEW	56
стрек²|стреч	стрек²|стреч	26	застрекотать,подстрекала,подстрекатель,подстрекательница,подстрекательский,подстрекательство,подстрекать,подстрекаться,подстрекнуть,пострекотать,прострекотать,стрекануть,стрекать,стрекач,стрекнуть,стрекоза,стрекозий,стрекозиный,стрекозить,стрекот,стрекотание,стрекотать,стрекотня,стрекотуха,стрекочущий,стречок		0	0	medium_size,many_suffixes		UNREVIEWED			REVIEW	56
шпил	шпил	26	зашпиливание,зашпиливать,зашпиливаться,зашпилить,зашпилиться,нашпиливать,нашпиливаться,нашпилить,отшпиливать,отшпиливаться,отшпилить,отшпилиться,перешпиливать,перешпиливаться,перешпилить,подшпиливать,подшпиливаться,подшпилить,пришпиливать,пришпиливаться,пришпилить,шпилевой,шпилечка,шпилечный,шпиль,шпилька		0	0	medium_size,many_prefixes		UNREVIEWED			REVIEW	56
кор¹	кор¹	26	кора,коревой,корец,корица,коричневатый,коричневый,коричный,корка,корковый,корочка,корыто,корытце,корытчатый,корь,корье,корьевой,корявость,корявый,коряга,коряжина,коряжистый,окорить,окорка,окорщик,окорять,подкорковый		0	5	medium_size,many_suffixes		UNREVIEWED			REVIEW	56
норав|норов|нрав	норав|норов|нрав	24	безнравственность,безнравственный,норов,норовить,норовистость,норовистый,нрав,нравиться,нравный,нравственность,нравственный,понравиться,приноравливать,приноравливаться,приноровить,приноровиться,приноровлять,приноровляться,разонравиться,сноровистость,сноровистый,сноровить,сноровка,сноровщик		2	48	medium_size,in_corpus		UNREVIEWED			REVIEW	56
зре	зре	24	вызревание,вызревать,вызреть,дозревание,дозревать,дозрелый,дозреть,зрелость,зрелый,зрельник,зрельня,зреть,назревание,назревать,назреть,перезревать,перезрелка,перезрелость,перезрелый,перезреть,созревание,созревать,созрелый,созреть		2	708	medium_size,in_corpus		UNREVIEWED			REVIEW	56
чар²	чар²	24	зачарованный,зачаровать,зачаровывать,зачаровываться,очарование,очарованный,очаровательность,очаровательный,очаровать,очароваться,очаровывать,очаровываться,разочарование,разочарованность,разочарованный,разочаровать,разочароваться,разочаровывать,разочаровываться,чаровать,чаровник,чаровница,чарующий,чары		2	68	medium_size,in_corpus		UNREVIEWED			REVIEW	56
экзамен	экзамен	17	отэкзаменовать,отэкзаменоваться,переэкзаменовать,переэкзаменоваться,переэкзаменовка,переэкзаменовывать,переэкзаменовываться,поэкзаменовать,поэкзаменоваться,проэкзаменовать,проэкзаменоваться,экзамен,экзаменатор,экзаменаторский,экзаменационный,экзаменовать,экзаменоваться		9	189	medium_size,in_corpus		UNREVIEWED			REVIEW	56
колеб	колеб	15	всколебать,всколебаться,заколебать,заколебаться,колебание,колебательный,колебать,колебаться,колеблющийся,неколебимость,неколебимый,непоколебимость,непоколебимый,поколебать,поколебаться		11	198	medium_size,in_corpus		UNREVIEWED			REVIEW	56
бал²	бал²	25	балованный,баловать,баловаться,баловень,баловливый,баловник,баловница,баловной,баловство,добаловаться,забаловать,забаловаться,избалованность,избалованный,избаловать,избаловаться,избаловывать,избаловываться,набаловать,набаловаться,побаловать,побаловаться,побаловывать,разбаловать,разбаловаться		0	0	medium_size,many_prefixes		UNREVIEWED			REVIEW	55
рог	рог	25	безрогий,ороговелость,ороговелый,ороговение,ороговеть,отрог,рог,рогалик,рогаль,рогастый,рогатель,рогатик,рогатина,рогатка,рогатый,рогач,роговеть,роговик,роговина,роговица,роговой,рогулина,рогулька,рогульник,рогуля		0	0	medium_size,many_suffixes		UNREVIEWED			REVIEW	55
слеп	слеп	25	вслепую,заслепить,заслеплять,ослепительность,ослепительный,ослепить,ослепление,ослеплять,ослепляться,ослепнуть,подслеповатость,подслеповатый,слепень,слепенький,слепец,слепить,слепнуть,слепняк,слеповатый,слепой,слепота,слепун,слепыш,сослепа,сослепу		0	0	medium_size,many_suffixes		UNREVIEWED			REVIEW	55
сты	сты	25	выстывать,выстыть,застывание,застывать,застылый,застыть,настывать,настынуть,настыть,опостылеть,остывать,остынуть,остыть,постылеть,постылый,постыть,пристывать,пристынуть,пристыть,простывать,простынуть,простыть,стылый,стынуть,стыть		0	0	medium_size,many_prefixes		UNREVIEWED			REVIEW	55
танец|танц	танец|танц	25	вытанцовывать,вытанцовываться,дотанцевать,дотанцовывать,дотанцовываться,затанцевать,затанцеваться,оттанцевать,оттанцовывать,перетанцевать,потанцевать,пританцовывать,протанцевать,протанцовывать,станцевать,танец,танцевальный,танцевание,танцевать,танцеваться,танцовщик,танцовщица,танцор,танцорка,танцулька		0	0	medium_size,many_prefixes		UNREVIEWED			REVIEW	55
штукатур	штукатур	25	выштукатуривать,выштукатуриваться,выштукатурить,заштукатуривать,заштукатуриваться,заштукатурить,отштукатурить,оштукатуривать,оштукатуриваться,оштукатурить,перештукатуривать,перештукатуриваться,перештукатурить,подштукатуривать,подштукатурить,подштукатуриться,поштукатурить,проштукатурить,штукатур,штукатуренный,штукатурить,штукатуриться,штукатурка,штукатурный,штукатуршик		0	0	medium_size,many_prefixes		UNREVIEWED			REVIEW	55
гнес|гнет|гнет¹	гнес|гнет|гнет¹	25	гнести,гнет,гнетущий,нагнести,нагнет,нагнетание,нагнетатель,нагнетательный,нагнетать,нагнетаться,пригнести,пригнетать,пригнетаться,пригнетенный,сгнести,сгнетать,сгнетка,сгнеток,угнести,угнетатель,угнетательскии,угнетать,угнетение,угнетенность,угнетенный		0	48	medium_size,many_suffixes		UNREVIEWED			REVIEW	55
тл¹	тл¹	25	дотлевать,дотлеть,истлевать,истление,истлеть,перетлевать,перетлеть,протлеть,растлевать,растлеваться,растление,растленный,растлитель,растлить,растлиться,сотлеть,тлен,тление,тленность,тленный,тлеть,тлеться,тлиться,тля,утлый		0	0	medium_size,many_prefixes		UNREVIEWED			REVIEW	55
штоп	штоп	25	заштопанный,заштопать,заштопывание,заштопывать,заштопываться,наштопать,наштопаться,отштопать,перештопать,перештопывать,перештопываться,подштопать,подштопывать,поштопать,проштопать,уштопать,уштопывать,уштопываться,штопальный,штопальщица,штопаный,штопанье,штопать,штопаться,штопка		0	0	medium_size,many_prefixes		UNREVIEWED			REVIEW	55
кас|кос⁴	кас|кос⁴	21	касание,касательная,касательно,касательный,касательство,касаться,коснуться,неукоснительность,неукоснительный,подкасательная,прикасание,прикасаться,прикосновение,прикосновенность,прикосновенный,прикоснуться,соприкасаться,соприкосновение,соприкосновенность,соприкосновенный,соприкоснуться		4	56	medium_size,in_corpus		UNREVIEWED			REVIEW	55
дорог²|дорож²	дорог²|дорож²	15	бездорожный,бездорожье,дорога,дорогой,дороженька,дорожка,дорожник,дорожница,дорожный,подорожная,подорожник,подорожниковый,подорожный,придорожник,придорожный		10	228	medium_size,in_corpus		UNREVIEWED			REVIEW	55
бес|беш	бес|беш	24	бес,бесенок,бесить,беситься,беснование,бесноватость,бесноватый,бесноваться,бесовка,бесовский,бесовщина,бешенство,бешенствовать,бешеный,взбесить,взбеситься,взбешенность,взбешенный,перебеситься,побесить,побеситься,побесноваться,разбеситься,сбеситься		0	0	medium_size,many_suffixes		UNREVIEWED			REVIEW	54
боран|борон	боран|борон	24	борона,боронильщик,боронильщица,боронить,борониться,боронка,бороновальщик,бороновальщица,боронование,бороновать,бороноваться,бороновой,бороньба,взборонить,взбороновать,выборонить,заборонить,забороновать,переборонить,перебороновать,поборонить,проборанивать,проборонить,пробороновать		0	0	medium_size,many_prefixes		UNREVIEWED			REVIEW	54
клок|клоч	клок|клоч	24	всклокоченный,всклокочивать,всклокочиваться,всклокочить,всклокочиться,всклочивать,всклочиваться,всклочить,всклочиться,всклочка,клок,клокастый,клочковатый,клочок,клочочек,склока,склоченный,склочить,склочник,склочница,склочничать,склочнический,склочничество,склочный		0	0	medium_size,many_suffixes		UNREVIEWED			REVIEW	54
крох|крош	крох|крош	24	выкрошить,выкрошиться,искрошить,искрошиться,кроха,крохотный,крошево,крошеный,крошечка,крошечный,крошильщик,крошильщица,крошить,крошиться,крошка,накрошить,накрошиться,окрошечный,окрошка,перекрошить,перекрошиться,покрошить,раскрошить,раскрошиться		0	0	medium_size,many_prefixes		UNREVIEWED			REVIEW	54
кук¹|куч²	кук¹|куч²	24	докука,докучать,докучливость,докучливый,докучный,заскучать,кукситься,наскучивать,наскучить,поскучать,прискучивать,прискучить,проскучать,скука,скукота,скукситься,скучать,скучающий,скучища,скучливость,скучливый,скучноватый,скучный,соскучиться		0	1	medium_size,many_prefixes		UNREVIEWED			REVIEW	54
ком	ком	24	искомкать,искомкаться,ком,комелек,комель,комканый,комкать,комкаться,комковатый,комлевый,комлистый,комоватый,комовой,комок,комолый,комочек,накомкать,перекомкать,покомкать,скомканный,скомкать,скомкаться,скомкивать,скомкиваться		0	49	medium_size,many_suffixes		UNREVIEWED			REVIEW	54
перец|переч²|перц|перч¹	перец|переч²|перц|перч¹	24	наперчивать,наперчиваться,наперчить,переперчивать,переперчиваться,переперчить,перец,перечник,перечница,перечный,перцовка,перцовочный,перцовый,перченый,перчик,перчинка,перчить,поперчить,приперчивать,приперчить,проперчивать,проперчиваться,проперчить,проперчиться		0	75	medium_size,many_alternations		UNREVIEWED			REVIEW	54
груб	груб	23	грубеть,грубить,грубиян,грубиянить,грубиянка,грубоватый,грубость,грубый,загрубелость,загрубелый,загрубеть,нагрубить,нагрубиянить,огрубевать,огрубелость,огрубелый,огрубение,огрубеть,огрубление,погрубелый,погрубеть,сгрубить,сгрубиянить		1	74	medium_size,in_corpus		UNREVIEWED			REVIEW	54
хораш|хорош	хораш|хорош	11	охорашивание,охорашивать,охорашиваться,похорошеть,прихорашивать,прихорашиваться,хорошенький,хорошенько,хорошеть,хороший,хорошо		28	330	corpus_hot		UNREVIEWED			REVIEW	54
истор	истор	8	историзм,историйка,историк,исторический,историчный,история,праисторический,праистория		31	620	corpus_hot		UNREVIEWED			AUTO_SAFE	54
яче(j)	яче(j)	6	ячеечный,ячеистый,ячеиться,ячейка,ячейковый,ячея		33	396	corpus_hot		UNREVIEWED			AUTO_SAFE	54
товар	товар	23	бестоварный,бестоварье,затоваренность,затоваривание,затоваривать,затовариваться,затоварить,затовариться,отоваривать,отовариваться,отоварить,отовариться,подтоварник,подтоварье,сотоварищ,сотоварищество,товар,товарищ,товарищеский,товарищество,товарка,товарность,товарный		0	0	medium_size,many_suffixes		UNREVIEWED			REVIEW	53
хвост	хвост	23	бесхвостый,надхвостье,нахвостник,отчихвостить,охвостье,прихвостень,прохвост,прохвостка,расчихвостить,хвостастый,хвостатый,хвостать,хвостаться,хвостец,хвостизм,хвостик,хвостист,хвостистка,хвостистский,хвостистый,хвостишко,хвостище,хвостовка		0	66	medium_size,many_suffixes		UNREVIEWED			REVIEW	53
чих|чох¹|чх	чих|чох¹|чх	23	вычихаться,вычихивать,вычихиваться,вычихнуть,вычихнуться,зачихать,начихать,начихаться,начхать,отчихаться,почихать,прочихаться,прочихнуть,расчихаться,чиханье,чихательный,чихать,чихнуть,чихота,чихотный,чох,чхать,чхнуть		0	0	medium_size,many_prefixes		UNREVIEWED			REVIEW	53
звер	звер	23	зверек,зверенок,звереныш,звереть,зверина,зверинец,звериный,зверовать,зверовой,зверовщик,зверок,зверский,зверство,зверствовать,зверушка,зверь,зверье,зверюга,зверюшка,озверелость,озверелый,озверение,озвереть		0	0	medium_size,many_suffixes		UNREVIEWED			REVIEW	53
слав²|слов²	слав²|слов²	23	славист,славистика,славистический,славистка,славистский,славянизация,славянизировать,славянизироваться,славянизм,славянин,славянка,славянский,славянство,славянщина,словак,словацкий,словачка,словенец,словенка,словенский,словинец,словинка,словинский		0	0	medium_size,many_suffixes		UNREVIEWED			REVIEW	53
сяг|сяж|сяз	сяг|сяж|сяз	19	бессяжковые,досягаемость,досягаемый,досягать,досягнуть,осязаемость,осязаемый,осязание,осязательность,осязательный,осязать,посягательство,посягать,посягнуть,присяга,присягать,присягнуть,присяжный,сяжок		4	168	medium_size,in_corpus		UNREVIEWED			REVIEW	53
багр¹	багр¹	22	багрение,багреть,багрец,багрецовый,багрить,багроветь,багровость,багровый,багрянеть,багрянец,багрянистый,багрянить,багряниться,багряница,багрянка,багряность,багряный,обагрить,обагриться,обагрять,обагряться,побагроветь		0	0	medium_size,many_suffixes		UNREVIEWED			REVIEW	52
бород	бород	22	безбородый,борода,бородавка,бородавочка,бородавочник,бородавочный,бородавчатка,бородавчатый,бородастый,бородатенький,бородатый,бородач,бороденка,бородишка,бородища,бородка,бородушка,подбородник,подбородный,подбородок,подбородочек,подбородочный		0	0	medium_size,many_suffixes		UNREVIEWED			REVIEW	52
уд|уж³	уд|уж³	22	выудить,выуживание,выуживать,выуживаться,наудить,наудиться,науживать,переудить,переуживать,поудить,уда,удила,удилище,удильный,удильщик,удильщица,удить,удиться,удочка,удочник,ужение,уживать		0	2	medium_size,many_suffixes		UNREVIEWED			REVIEW	52
дев	дев	22	дева,девица,девический,девичество,девичий,девичник,девичья,девка,девонька,девочка,девственник,девственница,девственность,девственный,девство,девушка,девчата,девчонка,девчоночка,девчурка,девчурочка,девчушка		0	116	medium_size,many_suffixes		UNREVIEWED			REVIEW	52
зев	зев	22	зазевать,зазеваться,зев,зева,зевака,зеванье,зевательный,зевать,зеваться,зевнуть,зевок,зевота,позевать,позевка,позевота,позевывание,позевывать,прозевать,прозевывать,разевать,разеваться,раззеваться		0	0	medium_size,many_suffixes		UNREVIEWED			REVIEW	52
шлеп	шлеп	22	зашлепать,нашлепать,нашлепка,обшлепать,обшлепаться,отшлепать,отшлепаться,отшлепывать,пошлепать,пришлепать,пришлепнуть,пришлепывать,пришлепываться,шлеп,шлепанье,шлепанцы,шлепать,шлепаться,шлепка,шлепнуть,шлепнуться,шлепок		0	0	medium_size,many_prefixes		UNREVIEWED			REVIEW	52
хал|хол²	хал|хол²	22	нахал,нахалка,нахальничать,нахальность,нахальный,нахальство,охальник,охальничать,охальный,подхалим,подхалимаж,подхалимистый,подхалимничать,подхалимский,подхалимство,подхалимствовать,подхалюза,подхалюзничать,холуй,холуйский,холуйство,холуйствовать		0	0	medium_size,many_suffixes		UNREVIEWED			REVIEW	52
рад¹	рад¹	19	безотрадность,безотрадный,безрадостность,безрадостный,возрадоваться,нарадоваться,обрадованный,обрадовать,обрадоваться,отрада,отрадный,порадовать,порадоваться,рад,радехонек,радовать,радоваться,радостный,радость		3	105	medium_size,in_corpus		UNREVIEWED			REVIEW	52
остров	остров	7	остров,островина,островитянин,островитянка,островной,островок,островской		30	930	corpus_hot		UNREVIEWED			AUTO_SAFE	52
ревн	ревн	21	взревновать,возревновать,заревновать,поревновать,посоревноваться,приревновать,ревнивец,ревнивица,ревнивость,ревнивый,ревнитель,ревнительница,ревновать,ревностность,ревностный,ревность,соревнование,соревнователь,соревновательный,соревновать,соревноваться		0	0	medium_size,many_prefixes		UNREVIEWED			REVIEW	51
вораж|ворож	вораж|ворож	21	ворожба,ворожей,ворожейка,ворожение,ворожея,ворожить,завораживать,завораживаться,заворожить,навораживать,наворожить,обвораживать,обворожительность,обворожительный,обворожить,обворожиться,поворожить,привораживать,привораживаться,приворожить,проворожить		0	0	medium_size,many_prefixes		UNREVIEWED			REVIEW	51
скальз|скольж|скольз	скальз|скольж|скольз	21	вскользнуть,вскользь,выскальзывание,выскальзывать,выскользать,выскользнуть,заскользить,поскальзываться,поскользнуться,проскальзывать,проскользнуть,скольжение,скользить,скользкий,скользнуть,соскальзывание,соскальзывать,соскользнуть,ускальзывать,ускользать,ускользнуть		0	0	medium_size,many_prefixes		UNREVIEWED			REVIEW	51
храп	храп	21	всхрап,всхрапнуть,всхрапывание,всхрапывать,захрапеть,нахрапистый,нахрапник,нахрапом,похрапеть,похрапывать,прохрапеть,храп,храпануть,храпение,храпеть,храпнуть,храповик,храповой,храпок,храпун,храпунья		0	0	medium_size,many_suffixes		UNREVIEWED			REVIEW	51
шарк	шарк	21	вышаркать,зашаркать,зашаркаться,зашаркивать,исшаркать,исшаркаться,нашаркать,обшарканный,обшаркать,обшаркаться,обшаркивать,обшаркиваться,пошаркать,пришаркивать,расшаркаться,расшаркивание,расшаркиваться,шарканье,шаркать,шаркнуть,шаркун		0	0	medium_size,many_prefixes		UNREVIEWED			REVIEW	51
шал²	шал²	21	дошалиться,зашалить,нашалить,нашалиться,ошалелый,ошалеть,пошаливать,пошалить,расшалиться,шалеть,шалить,шаловливость,шаловливый,шалость,шалун,шалунишка,шалунья,шалыган,шалыганить,шалый,шальной		0	0	medium_size,many_suffixes		UNREVIEWED			REVIEW	51
еж	еж	21	еж,ежевика,ежевичник,ежевичный,ежик,ежиком,ежистый,ежить,ежиться,ежиха,ежовый,ежом,ежонок,поеживаться,поежиться,съеженный,съеживание,съеживать,съеживаться,съежить,съежиться		0	0	medium_size,many_suffixes		UNREVIEWED			REVIEW	51
колд	колд	21	заколдованный,заколдовать,заколдовывать,заколдовываться,колдование,колдовать,колдовской,колдовство,колдун,колдунья,наколдовать,околдовать,околдоваться,околдовывать,околдовываться,отколдовать,отколдоваться,поколдовать,приколдовать,приколдовывать,расколдовать		0	0	medium_size,many_prefixes		UNREVIEWED			REVIEW	51
сар|сор	сар|сор	20	засаривать,засариваться,засорение,засоренность,засоренный,засоритель,засорить,засориться,засорять,засоряться,насаривать,насорить,насориться,рассорить,сор,соринка,сорить,сорность,сорный,сорняк		1	74	medium_size,in_corpus		UNREVIEWED			REVIEW	51
каж²|каз²	каж²|каз²	19	искажать,искажаться,искажение,искаженный,исказить,исказиться,напроказить,напроказничать,неказистость,неказистый,прокаженный,проказа,проказить,проказливость,проказливый,проказник,проказница,проказничать,скаженный		2	122	medium_size,in_corpus		UNREVIEWED			REVIEW	51
кож	кож	19	кожа,кожан,кожанка,кожаный,кожевенник,кожевенный,кожевник,кожевня,кожистый,кожица,кожник,кожный,кожура,кожух,кожушок,надкожица,накожник,накожный,подкожный		2	66	medium_size,in_corpus		UNREVIEWED			REVIEW	51
оруд|оруж	оруд|оруж	16	дооборудовать,дооборудоваться,оборудование,оборудовать,оборудоваться,орудие,орудийный,орудовать,переоборудование,переоборудовать,переоборудоваться,поорудийно,соорудить,сооружать,сооружаться,сооружение		5	90	medium_size,in_corpus		UNREVIEWED			REVIEW	51
фигур	фигур	14	фигура,фигуральность,фигуральный,фигурант,фигурантка,фигурация,фигурировать,фигурист,фигуристка,фигуристый,фигурка,фигурный,фигурчатый,фигурять		22	528	corpus_hot		UNREVIEWED			REVIEW	51
плюс|плюск|плющ²	плюс|плюск|плющ²	35	плюска,плюсна,плюсневой,плющение,плющеный,плющильник,плющильный,плющить,предплюсна,предплюсневой,приплюснутый,приплюснуть,приплющенный,приплющивать,приплющиваться,приплющить,приплющиться,расплюснутый,расплюснуть,расплюснуться,расплющенный,расплющивать,расплющиваться,расплющить,расплющиться,сплюскивать,сплюснутый,сплюснуть,сплюснуться,сплющенный,сплющивание,сплющивать,сплющиваться,сплющить,сплющиться		0	152	medium_size		UNREVIEWED			REVIEW	50
благ|блаж	благ|блаж	20	благо,благой,благостность,благостный,благостыня,благость,блаженненький,блаженный,блаженство,блаженствовать,блажить,блажной,блажь,заблажить,наблажить,поблаженствовать,поблажить,поблажка,ублажить,ублажиться		0	0	medium_size,many_suffixes		UNREVIEWED			REVIEW	50
драг|дрог¹|дрож¹	драг|дрог¹|дрож¹	20	вздрагивание,вздрагивать,вздрогнуть,дрогнуть,дрожание,дрожательный,дрожать,дрожмя,дрожь,задрожать,издрогнуть,передрогнуть,подрагивать,подрогнуть,подрожать,продрогнуть,продрожать,содрогание,содрогаться,содрогнуться		0	0	medium_size,many_prefixes		UNREVIEWED			REVIEW	50
зяб	зяб	20	вызябнуть,зазябнуть,зябкий,зябкость,зяблевый,зяблик,зяблый,зябнуть,зябнуться,зябь,иззябнуть,иззябший,назябнуть,назябнуться,озябнуть,перезябнуть,позябнуть,прозябание,прозябать,прозябнуть		0	0	medium_size,many_prefixes		UNREVIEWED			REVIEW	50
стряп	стряп	20	достряпать,настряпать,настряпаться,обстряпать,обстряпывать,обстряпываться,отстряпать,отстряпаться,постряпать,состряпать,стряпание,стряпать,стряпаться,стряпка,стряпня,стряпун,стряпуха,стряпческий,стряпчество,стряпчий		0	0	medium_size,many_prefixes		UNREVIEWED			REVIEW	50
коч¹	коч¹	20	закоченелый,закоченеть,кочан,кочанный,коченеть,кочень,кочерыга,кочерыжка,кочечный,кочешок,кочка,кочкарник,кочкарь,кочковатость,кочковатый,окоченевать,окоченелость,окоченелый,окоченеть,окочуриться		0	0	medium_size,many_suffixes		UNREVIEWED			REVIEW	50
лен¹	лен¹	20	залениться,излениваться,излениться,лениветь,ленивец,ленивица,ленивый,лениться,леность,лентяй,лентяйка,лентяйничать,ленца,лень,облениваться,обленить,облениться,полениться,разлениваться,разлениться		0	0	medium_size,many_suffixes		UNREVIEWED			REVIEW	50
мох|мош¹|мш	мох|мош¹|мш	20	замшелый,замшеть,мох,мохнатеть,мохнатить,мохнатый,мохнач,мохны,моховой,мошок,мшаник,мшанка,мшаный,мшистость,мшистый,мшить,мшиться,обомшелый,обомшеть,омшаник		0	0	medium_size,many_suffixes		UNREVIEWED			REVIEW	50
хмел	хмел	20	захмелеть,опохмелиться,опохмеляться,охмеление,охмелеть,охмелить,охмелять,охмеляться,похмелье,хмелевка,хмелевой,хмелек,хмелеть,хмелина,хмелить,хмель,хмельненек,хмельник,хмельной,хмельный		0	0	medium_size,many_suffixes		UNREVIEWED			REVIEW	50
лук¹|луч²	лук¹|луч²	20	излучина,излучистый,лук,лука,лукавец,лукавинка,лукавить,лукавица,лукавость,лукавство,лукавый,лукно,лукошечко,лукошечный,лукошко,лучковый,лучник,лучок,облучок,слукавить		0	0	medium_size,many_suffixes		UNREVIEWED			REVIEW	50
коз	коз	20	коза,козел,козелец,козелок,козий,козленок,козлик,козлиный,козлище,козловый,козлы,козляк,козлятина,козлятник,козонька,козочка,козуля,козюлька,козюля,козявка		0	0	medium_size,many_suffixes		UNREVIEWED			REVIEW	50
медл	медл	19	беззамедлительный,замедление,замедленность,замедленный,замедлитель,замедлить,замедлиться,замедлять,замедляться,медленность,медленный,медлительность,медлительный,медлить,незамедлительно,незамедлительный,помедлить,промедление,промедлить		1	23	medium_size,in_corpus		UNREVIEWED			REVIEW	50
ран¹	ран¹	18	израненный,изранить,израниться,переранить,подранивать,подраниваться,подранить,подранок,поранение,поранить,пораниться,проран,рана,раневой,ранение,раненый,ранить,ранка		2	97	medium_size,in_corpus		UNREVIEWED			REVIEW	50
кам	кам	17	закаменелый,закаменеть,каменеть,каменистость,каменистый,каменка,каменный,каменщик,камень,камешек,камушек,окаменелость,окаменелый,окаменение,окаменеть,подкаменный,подкаменщик		3	90	medium_size,in_corpus		UNREVIEWED			REVIEW	50
бур¹	бур¹	15	безбурный,буревой,бурление,бурливость,бурливый,бурлить,бурность,бурный,бурюшка,буря,взбурлить,забурлить,обуревать,отбурлить,побурлить		5	158	medium_size,in_corpus		UNREVIEWED			REVIEW	50
ядер|ядр	ядер|ядр	10	безъядерный,ядерник,ядерный,ядренеть,ядреный,ядрица,ядрище,ядро,ядровый,ядрышко		25	400	corpus_hot		UNREVIEWED			REVIEW	50
юг|юж	юг|юж	4	юг,южанин,южанка,южный		31	434	corpus_hot		UNREVIEWED			AUTO_SAFE	50
луб	луб	19	беспалубный,залубенеть,луб,лубовой,лубок,лубочный,лубянка,лубяной,надпалубный,опалубить,опалубка,опалубочный,опалубщик,палуба,палубить,палубник,палубный,распалубка,распалубщик		0	0	medium_size,many_suffixes		UNREVIEWED			REVIEW	49
брюзг|брюзж	брюзг|брюзж	19	брюзга,брюзгливец,брюзгливость,брюзгливый,брюзглость,брюзглый,брюзгнуть,брюзжание,брюзжать,забрюзжать,избрюзжаться,набрюзжать,обрюзглость,обрюзглый,обрюзгнуть,обрюзгший,побрюзжать,пробрюзжать,разбрюзжаться		0	0	medium_size,many_prefixes		UNREVIEWED			REVIEW	49
вораш|ворох|ворош	вораш|ворох|ворош	19	взворошить,ворох,ворохнуть,ворохнуться,ворошение,ворошить,ворошиться,ворошок,заворошить,заворошиться,заворошка,наворошить,переворашивать,переворашиваться,переворошить,поворошить,разворашивать,разворашиваться,разворошить		0	0	medium_size,many_prefixes		UNREVIEWED			REVIEW	49
но|ны	но|ны	19	взныть,заныть,заунывность,заунывный,изнывать,изныть,неунывающий,ноющий,нытик,ныть,нытье,поныть,приуныть,унывать,унывность,унывный,унылость,унылый,уныние		0	0	medium_size,many_prefixes		UNREVIEWED			REVIEW	49
вил	вил	19	вильнуть,виляние,виляться,завилять,извилина,извилистость,извилистый,отвиливать,отвильнуть,повиливать,развилина,развилистый,развилка,развилок,свиливать,свильнуть,увиливание,увиливать,увильнуть		0	0	medium_size,many_prefixes		UNREVIEWED			REVIEW	49
кос³	кос³	19	вскосматить,вскосмачивать,вскосмачиваться,коса,косач,косенка,косица,косичка,косища,косматить,косматиться,косматый,космач,космы,косонька,окосматеть,подкосок,раскосматить,раскосмаченный		0	10	medium_size,many_suffixes		UNREVIEWED			REVIEW	49
лащ²|лос²|лоск|лощ	лащ²|лос²|лоск|лощ	19	вылощенный,вылощить,вылощиться,залоснить,залосниться,лоск,лосниться,лощение,лощенка,лощеный,лощилка,лощило,лощильный,лощильня,лощина,лощинка,лощить,лощиться,налощить		0	0	medium_size,many_alternations		UNREVIEWED			REVIEW	49
смарк|сморк|смороч|сморч	смарк|сморк|смороч|сморч	19	высморкать,высморкаться,высморкнуть,засморкать,засморкаться,насмарку,насморк,насморочный,отсмаркиваться,отсморкаться,сморкание,сморкать,сморкаться,сморкач,сморкнуть,сморкнуться,сморкун,сморчковый,сморчок		0	0	medium_size,many_alternations		UNREVIEWED			REVIEW	49
лак²	лак²	19	залакировать,залакировывать,лак,лакированный,лакировать,лакироваться,лакировка,лакировочный,лакировщик,налакировать,налакировывать,отлакировать,отлакировывать,перелакировать,перелакировывать,перелакировываться,подлакировать,подлакировывать,полакировать		0	0	medium_size,many_prefixes		UNREVIEWED			REVIEW	49
рыс¹|рыск	рыс¹|рыск	19	зарысить,обрыскать,отрыскать,порыскать,прорысить,прорыскать,рысак,рысистость,рысистый,рысить,рыск,рыскание,рыскать,рыскливость,рыскливый,рыскун,рысца,рысь,рысью		0	0	medium_size,many_suffixes		UNREVIEWED			REVIEW	49
скрип	скрип	19	заскрипеть,поскрипеть,поскрипывать,проскрипеть,скрип,скрипач,скрипачка,скрипение,скрипеть,скрипица,скрипичный,скрипка,скрипнуть,скрипочный,скрипун,скрипунья,скрипучий,скрипучка,скрипчонка		0	0	medium_size,many_suffixes		UNREVIEWED			REVIEW	49
тощ¹	тощ¹	19	истощалый,истощать,истощаться,истощение,истощенность,истощенный,истощить,истощиться,натощак,неистощимость,неистощимый,отощалость,отощалый,отощать,тощанка,тощать,тощеватый,тощенький,тощий		0	0	medium_size,many_suffixes		UNREVIEWED			REVIEW	49
кулак|кулац|кулач	кулак|кулац|кулач	19	кулак,кулацкий,кулаческий,кулачество,кулачище,кулачка,кулачковый,кулачный,кулачок,кулачье,окулачить,окулачиться,подкулачник,подкулачница,раскулаченный,раскулачивание,раскулачивать,раскулачиваться,раскулачить		0	0	medium_size,many_suffixes		UNREVIEWED			REVIEW	49
рос¹|рош¹	рос¹|рош¹	19	ороситель,оросительный,оросить,ороситься,орошаемый,орошать,орошаться,орошение,роса,росинка,росистый,росить,росичка,росник,росница,росный,росянка,росяной,росяный		0	88	medium_size,many_suffixes		UNREVIEWED			REVIEW	49
ча(j)¹	ча(j)¹	19	отчаевничать,почаевать,прочайничать,чаевать,чаевник,чаевница,чаевничать,чаевой,чаевые,чаек,чаинка,чай,чайная,чайник,чайница,чайничанье,чайничать,чайничек,чайный		0	0	medium_size,many_suffixes		UNREVIEWED			REVIEW	49
див	див	17	див,дивиться,дивный,диво,дивоваться,надивить,надивиться,надивоваться,подивиться,удивительность,удивительный,удивить,удивиться,удивление,удивленный,удивлять,удивляться		2	94	medium_size,in_corpus		UNREVIEWED			REVIEW	49
уж²|уз²	уж²|уз²	17	обуживать,обуживаться,обузить,переуживать,сужение,суженный,суживать,суживаться,сузить,сузиться,узенький,узина,узить,узкий,узковатый,узкость,узость		2	407	medium_size,in_corpus		UNREVIEWED			REVIEW	49
струн	струн	16	бесструнный,приструнивать,приструниваться,приструнить,сострунивать,соструниваться,сострунить,струна,струнец,струнить,струниться,струнка,струнник,струнный,струнцевые,струнщик		3	48	medium_size,in_corpus		UNREVIEWED			REVIEW	49
памят	памят	15	беспамятность,беспамятный,беспамятство,запамятовать,незапамятный,обеспамятеть,опамятоваться,памятка,памятливость,памятливый,памятник,памятный,памятованье,памятовать,память		4	68	medium_size,in_corpus		UNREVIEWED			REVIEW	49
квартир	квартир	15	квартира,квартирант,квартирантка,квартирка,квартирник,квартирница,квартирный,квартировать,расквартирование,расквартировать,расквартироваться,расквартировывать,расквартировываться,соквартирант,соквартирантка		4	296	medium_size,in_corpus		UNREVIEWED			REVIEW	49
лев²	лев²	12	влево,левак,левацкий,левачество,леветь,левизна,левша,левый,налево,полевение,полеветь,слева		22	844	corpus_hot		UNREVIEWED			REVIEW	49
тол¹	тол¹	12	дотоле,настоль,настолько,оттоле,оттоль,постольку,столечко,столь,столько,толика,толикий,только		22	322	corpus_hot		UNREVIEWED			REVIEW	49
уст¹	уст¹	12	изустный,наизусть,предустьевый,приустьевой,соустье,уста,устность,устный,устье,устьевой,устьевый,устьице		7	1842	many_prefixes,in_corpus		UNREVIEWED			REVIEW	49
ин¹	ин¹	11	инакий,иначе,иногда,иной,инок,инокиня,иноческий,иночество,переиначивать,переиначиваться,переиначить		23	483	corpus_hot		UNREVIEWED			REVIEW	49
ныр	ныр	18	выныривать,вынырнуть,донырнуть,изнырять,нырнуть,нырок,ныряла,ныряние,нырять,подныривать,поднырка,поднырнуть,понырять,проныра,пронырливость,пронырливый,пронырнуть,пронырство		0	0	medium_size,many_prefixes		UNREVIEWED			REVIEW	48
гвожд|гвозд	гвожд|гвозд	18	гвоздарный,гвоздарня,гвоздарь,гвоздевка,гвоздевой,гвоздика,гводздильный,гводздильщик,гвоздить,гвоздинчик,гвозичный,гвоздяной,загвоздить,загвоздка,пригвождать,пригвождаться,пригвождение,пригвоздить		0	0	medium_size,many_suffixes		UNREVIEWED			REVIEW	48
ла(j)	ла(j)	18	залаять,излаять,лай,лайка,лайковый,лающий,лаять,лаяться,облаивать,облаять,отлаять,перелаять,перелаяться,полаивать,полаять,полаяться,пролаять,разлаяться		0	0	medium_size,many_prefixes		UNREVIEWED			REVIEW	48
хвар|хвор	хвар|хвор	18	захварывать,захворать,отхворать,перехворать,похварывать,похворать,прихварывать,прихворнуть,прохварывать,прохворать,расхварываться,расхвораться,хварывать,хворать,хвороба,хворость,хворый,хворь		0	0	medium_size,many_prefixes		UNREVIEWED			REVIEW	48
язв	язв	18	изъязвление,изъязвленный,изъязвлять,уязвимость,уязвимый,уязвить,уязвление,уязвленный,уязвлять,уязвляться,язва,язвенник,язвенный,язвина,язвинка,язвительность,язвительный,язвочка		0	0	medium_size,many_suffixes		UNREVIEWED			REVIEW	48
хаб	хаб	18	испохабить,испохабиться,похабить,похабник,похабница,похабничать,похабность,похабный,похабство,похабщина,разухабистость,разухабистый,спохабничать,ухаб,ухабец,ухабина,ухабистость,ухабистый		0	0	medium_size,many_suffixes		UNREVIEWED			REVIEW	48
кон²	кон²	18	коневой,конек,коник,конина,конка,конник,конница,конный,коночный,конский,конь,коньки,конюх,конюшенный,конюший,конюшня,коняга,подконюший		0	2079	medium_size,many_suffixes		UNREVIEWED			REVIEW	48
мак²	мак²	17	вымакать,макаль,макальный,макальщик,маканец,макание,маканый,макательный,макать,макнуть,обмакивать,обмакиваться,обмакнуть,обмакнуться,помакать,помакнуть,примакивать		1	15	medium_size,in_corpus		UNREVIEWED			REVIEW	48
плен¹|полон	плен¹|полон	17	заполонить,заполонять,заполоняться,плен,пленение,пленительность,пленительный,пленить,плениться,пленник,пленница,пленный,пленять,пленяться,полон,полонить,полонянка		1	161	medium_size,in_corpus		UNREVIEWED			REVIEW	48
грож|гроз	грож|гроз	15	безгрозный,гроза,грозить,грозиться,грозный,грозовой,нагрозить,погрозить,погрозиться,предгрозовой,предгрозье,пригрозить,угрожаемый,угрожать,угроза		3	111	medium_size,in_corpus		UNREVIEWED			REVIEW	48
прет|прещ	прет|прещ	15	беззапретный,воспретительный,воспретить,воспрещать,воспрещаться,воспрещение,запрет,запретительный,запретить,запретный,запрещать,запрещаться,запрещение,запрещенный,претить		3	55	medium_size,in_corpus		UNREVIEWED			REVIEW	48
порт²|порч	порт²|порч	15	испортить,испортиться,испорченность,испорченный,перепортить,перепортиться,попортить,попортиться,попорченный,портач,портачить,портить,портиться,порча,порченый		3	63	medium_size,in_corpus		UNREVIEWED			REVIEW	48
карт	карт	13	карта,картеж,картежник,картежница,картежничать,картежный,картина,картинка,картинность,картинный,картишка,карточка,карточный		20	460	corpus_hot		UNREVIEWED			REVIEW	48
казак|казат|казац|казач	казак|казат|казац|казач	9	казак,казатчина,казацкий,казачество,казачий,казачина,казачка,казачок,казачонок		9	189	many_alternations,in_corpus		UNREVIEWED			REVIEW	48
здес|здеш	здес|здеш	2	здесь,здешний		31	62	corpus_hot		UNREVIEWED			AUTO_SAFE	48
шлиф	шлиф	32	зашлифовать,зашлифовка,зашлифовывать,зашлифовываться,отшлифованный,отшлифовать,отшлифоваться,отшлифовка,отшлифовывать,отшлифовываться,ошлифовать,ошлифоваться,ошлифовывать,ошлифовываться,перешлифовать,перешлифовка,перешлифовывать,перешлифовываться,пришлифовать,пришлифовывать,пришлифовываться,шлиф,шлифовальный,шлифовальщик,шлифовальщица,шлифование,шлифованный,шлифовать,шлифоваться,шлифовка,шлифовщик,шлифовщица		0	0	medium_size		UNREVIEWED			REVIEW	47
перек|переч¹|прек|преч	перек|переч¹|прек|преч	17	безупречность,безупречный,бесперечь,вопреки,перечить,поперек,поперечина,поперечить,поперечник,поперечный,попрек,попрекать,попрекнуть,упрек,упрекать,упрекаться,упрекнуть		0	0	medium_size,many_alternations		UNREVIEWED			REVIEW	47
сн|сон	сн|сон	17	бессонница,бессонный,впросонках,впросонье,присниться,сниться,сон,сонливец,сонливица,сонливость,сонливый,сонник,сонный,сонь,соня,спросонок,спросонья		0	0	medium_size,many_suffixes		UNREVIEWED			REVIEW	47
мч	мч	17	вомчать,вомчаться,вымчать,вымчаться,домчать,домчаться,мчать,мчаться,помчать,помчаться,примчать,примчаться,промчать,промчаться,сомчать,умчать,умчаться		0	0	medium_size,many_prefixes		UNREVIEWED			REVIEW	47
мест²|мещ²|мст|мщ	мест²|мещ²|мст|мщ	17	выместить,выместиться,вымещать,вымещаться,вымещение,месть,мститель,мстительница,мстительность,мстительный,мстить,мщение,отместка,отмстить,отмщать,отмщение,отомстить		0	42	medium_size,many_alternations		UNREVIEWED			REVIEW	47
клуб¹	клуб¹	17	заклубить,заклубиться,клуб,клубенек,клубень,клубеньковый,клубить,клубиться,клубневой,клубника,клубничка,клубничник,клубничный,клубок,клубочек,клубочный,клубчатый		0	0	medium_size,many_suffixes		UNREVIEWED			REVIEW	47
пакост	пакост	17	запакостить,запакоститься,испакостить,испакоститься,напакостить,напакостничать,пакостить,пакостливый,пакостник,пакостница,пакостничать,пакостничество,пакостный,пакость,перепакостить,перепакоститься,подпакостить		0	0	medium_size,many_prefixes		UNREVIEWED			REVIEW	47
маст²	маст²	17	мастак,мастачить,мастер,мастерить,мастерица,мастеровой,мастеровщина,мастерская,мастерски,мастерский,мастерской,мастерство,подмастерье,помастерить,примастерить,смастачить,смастерить		0	0	medium_size,many_suffixes		UNREVIEWED			REVIEW	47
мозг¹|мозж	мозг¹|мозж	16	безмозглость,безмозглый,мозг,мозговать,мозговитый,мозговой,мозжечок,мозжить,обмозговать,обмозговаться,обмозговывать,обмозговываться,помозговать,размозженный,размозжить,размозжиться		1	14	medium_size,in_corpus		UNREVIEWED			REVIEW	47
грунт	грунт	15	грунт,грунтовальный,грунтование,грунтовать,грунтоваться,грунтовка,грунтовой,грунтовочный,загрунтовать,загрунтовывать,загрунтовываться,нагрунтовать,перегрунтовать,перегрунтовывать,перегрунтовываться		2	56	medium_size,in_corpus		UNREVIEWED			REVIEW	47
весен|весн|вешн	весен|весн|вешн	11	весенний,весна,весноватый,весной,весною,веснушечка,веснушка,веснушчатый,веснянка,вешний,вешняк		21	312	corpus_hot		UNREVIEWED			REVIEW	47
клет	клет	11	доклеточный,клетевой,клетка,клеточка,клеточный,клетушечка,клетушка,клетчатка,клетчатый,клеть,подклеть		21	336	corpus_hot		UNREVIEWED			REVIEW	47
август	август	2	август,августовский		30	180	corpus_hot		UNREVIEWED			AUTO_SAFE	47
снаст|снащ	снаст|снащ	31	оснастить,оснастка,оснастчик,оснащать,оснащение,оснащенность,оснащивать,оснащиваться,переоснастить,переоснащать,переоснащаться,переснастить,переснащать,переснащаться,переснащивать,переснащиваться,расснастить,расснастка,расснащивать,расснащиваться,снастить,снаститься,снасточка,снасть,уснастить,уснаститься,уснащать,уснащаться,уснащение,уснащивать,уснащиваться		0	0	medium_size		UNREVIEWED			REVIEW	46
пер²	пер²	16	бесперый,оперение,оперить,опериться,оперять,оперяться,перина,перинка,перинный,перистый,пернатый,пернач,перо,перовой,перышко,перьевой		0	0	medium_size,many_suffixes		UNREVIEWED			REVIEW	46
плам|полым	плам|полым	16	беспламенный,воспламенение,воспламенитель,воспламенить,воспламениться,воспламеняемость,воспламенять,воспламеняться,пламенеть,пламенистый,пламенник,пламенность,пламенный,пламень,пламя,полымя		0	0	medium_size,many_suffixes		UNREVIEWED			REVIEW	46
визг|визж	визг|визж	16	взвизгивание,взвизгивать,взвизгнуть,визгливый,визгнуть,визготня,визгун,визгунья,визжание,визжать,завизжать,навизжаться,повизгивать,повизжать,провизжать,развизжаться		0	0	medium_size,many_prefixes		UNREVIEWED			REVIEW	46
во(j)³|вы²	во(j)³|вы²	16	взвывать,взвыть,вой,воющий,выть,вытье,завывание,завывать,завыть,отвыть,повывать,повыть,подвывать,подвыть,провыть,развыться		0	213	medium_size,many_prefixes		UNREVIEWED			REVIEW	46
лин³	лин³	16	вылинялый,вылинять,линька,линючесть,линючий,линялый,линяние,линять,облинялый,облинять,отлинять,перелинять,подлинять,полинялый,полинять,слинять		0	8	medium_size,many_prefixes		UNREVIEWED			REVIEW	46
ряб	ряб	16	зарябить,порябеть,рябенький,рябеть,рябина,рябинка,рябинник,рябинный,рябиновый,рябиновка,рябить,рябой,рябуха,рябчик,рябчиковый,рябь		0	0	medium_size,many_suffixes		UNREVIEWED			REVIEW	46
подл	подл	16	исподличаться,наподличать,оподлеть,оподлить,оподлиться,подленький,подлеть,подлец,подличать,подловатый,подлость,подлый,подлюга,подлянка,подлятина,сподличать		0	80	medium_size,many_suffixes		UNREVIEWED			REVIEW	46
забот|забоч	забот|забоч	15	беззаботливый,беззаботность,беззаботный,забота,заботить,заботиться,заботливость,заботливый,озаботить,озаботиться,озабоченность,озабоченный,озабочивать,озабочиваться,позаботиться		1	30	medium_size,in_corpus		UNREVIEWED			REVIEW	46
торап|тороп¹	торап|тороп¹	15	второпях,заторопить,заторопиться,поторапливать,поторапливаться,поторопить,поторопиться,расторопность,расторопный,торопить,торопиться,торопкий,торопливость,торопливый,торопыга		1	16	medium_size,in_corpus		UNREVIEWED			REVIEW	46
лап	лап	15	залапать,лапа,лапать,лапенка,лапища,лапка,лаповый,лапочка,лапушка,лапчатый,облапить,облапливать,разлапистый,разлапушка,разлапый		1	34	medium_size,in_corpus		UNREVIEWED			REVIEW	46
государ	государ	7	государев,государственность,государственный,государство,государствовать,государыня,государь		24	264	corpus_hot		UNREVIEWED			AUTO_SAFE	46
очень	очень	1	очень		30	0	corpus_hot		UNREVIEWED			AUTO_SAFE	46
шар²	шар²	15	вышаривать,вышариваться,вышарить,зашарить,исшарить,нашарить,обшаривать,обшариваться,обшарить,обшариться,перешаривать,перешариваться,перешарить,пошарить,шарить		0	0	medium_size,many_prefixes		UNREVIEWED			REVIEW	45
зм	зм	15	змеевик,змеевичок,змеевка,змеевый,змеек,змееныш,змеиный,змеистый,змеиться,змей,змейка,змейковый,змейчатый,змея,змий		0	0	medium_size,many_suffixes		UNREVIEWED			REVIEW	45
скуд	скуд	15	оскудевать,оскуделый,оскудение,оскудеть,паскуда,паскудить,паскудник,паскудница,паскудничать,паскудный,паскудство,скудеть,скудноватый,скудность,скудный		0	0	medium_size,many_suffixes		UNREVIEWED			REVIEW	45
пес²|пес|пс	пес²|пес|пс	15	пес,песец,песий,песик,песцовый,псарный,псарня,псарский,псарь,псина,псиный,псица,псоветь,псовина,псовый		0	0	medium_size,many_suffixes		UNREVIEWED			REVIEW	45
мудр	мудр	29	замудрить,замудрствоваться,мудреность,мудреный,мудрец,мудрила,мудрить,мудрование,мудровать,мудрость,мудрствование,мудрствовать,мудрый,намудрить,намудрствовать,перемудрить,помудрить,помудрствовать,премудрость,премудрый,смудрить,смудровать,смудрствовать,умудренность,умудренный,умудрить,умудриться,умудрять,умудряться		0	0	medium_size		UNREVIEWED			REVIEW	44
пак|пач	пак|пач	29	запакованный,запаковать,запаковаться,запаковка,запаковывать,запаковываться,паковать,паковка,паковочный,пачечный,пачка,переупаковать,переупаковка,переупаковывать,переупаковываться,распаковать,распаковаться,распаковка,распаковывание,распаковывать,распаковываться,упаковать,упаковаться,упаковка,упаковочный,упаковщик,упаковщица,упаковывать,упаковываться		0	0	medium_size		UNREVIEWED			REVIEW	44
щел	щел	14	прощелыга,расщелина,ущелистость,ущелистый,ущелье,щелеватый,щелевой,щелина,щелинный,щелистый,щелка,щелочка,щель,щелястый		15	585	in_corpus		UNREVIEWED			REVIEW	44
тысч|тысяц|тысяч	тысч|тысяц|тысяч	7	тысчонка,тысяцкий,тысяча,тысячка,тысячник,тысячница,тысячный		22	330	corpus_hot		UNREVIEWED			AUTO_SAFE	44
тех|теш	тех|теш	28	безутешность,безутешный,натешить,натешиться,неутешность,неутешный,потеха,потешать,потешаться,потешить,потешиться,потешный,распотешить,теша,тешить,тешиться,тешка,утеха,утешать,утешаться,утешение,утешитель,утешительница,утешительность,утешительный,утешить,утешиться,утешный		0	0	medium_size		UNREVIEWED			REVIEW	43
гас|гаш	гас|гаш	28	гасильник,гасильный,гаситель,гасить,гаситься,гаснуть,гашение,гашеный,загасить,загаситься,загаснуть,негасимый,неугасаемый,неугасимый,перегасить,перегаснуть,погасание,погасать,погасить,погаснуть,погашать,погашаться,погашение,сгаснуть,угасание,угасать,угасить,угаснуть		0	0	medium_size		UNREVIEWED			REVIEW	43
купор	купор	28	закупоривание,закупоривать,закупориваться,закупорить,закупориться,закупорка,закупоршик,закупорщица,откупоривание,откупоривать,откупориваться,откупорить,откупориться,откупорка,раскупоривание,раскупоривать,раскупориваться,раскупорить,раскупориться,раскупорка,укупоривать,укупориваться,укупорить,укупориться,укупорка,укупорочный,укупорщик,укупорщица		0	0	medium_size		UNREVIEWED			REVIEW	43
быстр	быстр	13	быстренький,быстрехонький,быстрешенький,быстрина,быстрота,быстрый,быстряк,убыстрение,убыстренный,убыстрить,убыстриться,убыстрять,убыстряться		15	210	in_corpus		UNREVIEWED			REVIEW	43
встрет|встреч	встрет|встреч	10	встретить,встретиться,встреча,встречать,встречаться,встречник,встречный,навстречу,повстречать,повстречаться		18	459	in_corpus		UNREVIEWED			REVIEW	43
лет¹	лет¹	8	лета,летний,летник,лето,летом,летошний,перелетать,перелететь		20	1004	corpus_hot		UNREVIEWED			AUTO_SAFE	43
драж¹|драз	драж¹|драз	27	дразнилка,дразнить,дразниться,задразнивать,задразнить,передразнивание,передразнивать,передразнить,поддразнивать,поддразнить,подразнивать,подразнить,раздражать,раздражаться,раздражение,раздраженность,раздраженный,раздражимость,раздражимый,раздражитель,раздражительность,раздражительный,раздражить,раздражиться,раздразнивать,раздразниваться,раздразнить		0	0	medium_size		UNREVIEWED			REVIEW	42
кут¹	кут¹	27	закутать,закутаться,закутывать,закутываться,кутаный,кутать,кутаться,кутафья,накутать,накутаться,накутывать,накутываться,окутать,окутаться,окутывать,окутываться,перекутать,перекутывать,раскутать,раскутаться,раскутывать,раскутываться,укутать,укутаться,укутывание,укутывать,укутываться		0	0	medium_size		UNREVIEWED			REVIEW	42
шат	шат	27	зашатать,зашататься,нашататься,отшатнуть,отшатнуться,отшатываться,пошатать,пошатнуть,пошатнуться,пошатываться,расшатанность,расшатанный,расшатать,расшататься,расшатывать,расшатываться,шатание,шатать,шататься,шатия,шаткий,шаткость,шатнуть,шатнуться,шатун,шатунный,шатунья		0	0	medium_size		UNREVIEWED			REVIEW	42
зад	зад	12	взад,зад,задний,задник,задок,задом,кзади,назад,назади,позади,позадь,сзади		15	499	in_corpus		UNREVIEWED			REVIEW	42
рыхл	рыхл	26	взрыхление,взрыхлить,взрыхлять,взрыхляться,перерыхлить,перерыхлять,подрыхлить,подрыхлять,порыхлеть,разрыхление,разрыхленный,разрыхлеть,разрыхлитель,разрыхлительный,разрыхлить,разрыхлиться,разрыхлять,разрыхляться,рыхление,рыхлеть,рыхлитель,рыхлить,рыхлость,рыхлота,рыхлый,рыхляк		0	0	medium_size		UNREVIEWED			REVIEW	41
тас	тас	26	втасовать,втасовывать,втасовываться,натасовать,перетасовать,перетасовка,перетасовывать,перетасовываться,подтасовать,подтасовка,подтасовщик,подтасовывать,подтасовываться,потасовать,потасовка,потасовывать,растасовать,растасовка,растасовывать,растасовываться,стасовать,стасоваться,стасовываться,тасовать,тасоваться,тасовка		0	0	medium_size		UNREVIEWED			REVIEW	41
куп³	куп³	14	вкупе,купа,купно,присовокупить,присовокупление,присовокуплять,присовокупляться,совокупить,совокупиться,совокупление,совокуплять,совокупляться,совокупность,совокупный		12	204	in_corpus		UNREVIEWED			REVIEW	41
кукл|кукол²	кукл|кукол²	6	кукла,куколка,кукольник,кукольный,окукливаться,окуклиться		20	150	corpus_hot		UNREVIEWED			AUTO_SAFE	41
рам	рам	14	безрамный,обрамить,обрамление,обрамлять,обрамляться,подрамник,подрамок,рама,рамка,рамный,рамочка,рамочник,рамочный,рамщик		11	253	in_corpus		UNREVIEWED			REVIEW	40
стен²	стен²	12	застенок,настенный,подстенок,простенок,простеночный,стена,стенка,стенник,стенновка,стенной,стеновой,стеночка		13	416	in_corpus		UNREVIEWED			REVIEW	40
сот¹|ст	сот¹|ст	12	посотенно,сотенка,сотенный,сотка,сотник,сотничиха,сотня,сотняга,сотняжка,сотский,сотый,сто		13	767	in_corpus		UNREVIEWED			REVIEW	40
харк	харк	24	выхаркать,выхаркаться,выхаркивание,выхаркивать,выхаркнуть,захаркать,захаркаться,захаркивать,захаркиваться,нахаркать,отхаркать,отхаркаться,отхаркивание,отхаркивать,отхаркиваться,отхаркнуть,отхаркнуться,харканье,харкать,харкнуть,харкота,харкотина,харкун,харкунья		0	0	medium_size		UNREVIEWED			REVIEW	39
угл²|угол²	угл²|угол²	13	обуглеть,обугливание,обугливать,обугливаться,обуглить,обуглиться,подугливать,подугливаться,углевой,уголек,уголь,угольный,угольщик		11	413	in_corpus		UNREVIEWED			REVIEW	39
ос²	ос²	6	безосный,осевой,оселок,ось,подосина,подоска		18	234	in_corpus		UNREVIEWED			AUTO_SAFE	39
ес¹	ес¹	6	естественник,естественница,естественно,естественность,естественный,естество		18	126	in_corpus		UNREVIEWED			AUTO_SAFE	39
эт	эт	4	поэтому,разэтакий,этак,этакий		20	508	corpus_hot		UNREVIEWED			AUTO_SAFE	39
грех|греш	грех|греш	23	безгреховный,безгрешность,безгрешный,грех,греховный,грешить,грешник,грешница,грешный,грешок,нагрешить,непогрешимость,непогрешимый,огрех,погрешать,погрешение,погрешить,погрешность,прегрешение,прегрешить,согрешать,согрешение,согрешить		0	0	medium_size		UNREVIEWED			REVIEW	38
клин¹	клин¹	23	вклинение,вклинивание,вклинивать,вклиниваться,вклинить,вклиниться,выклинивание,выклиниваться,заклинивание,заклинивать,заклиниваться,заклинить,заклиниться,клин,клинковый,клиновой,клинок,клинчатый,клинышек,расклинивать,расклиниваться,расклинить,расклиниться		0	0	medium_size		UNREVIEWED			REVIEW	38
шнур	шнур	23	зашнурованный,зашнуровать,зашнуроваться,зашнуровывание,зашнуровывать,зашнуровываться,перешнуровать,перешнуровка,перешнуровывать,перешнуровываться,прошнуровать,расшнуровать,расшнуроваться,расшнуровывать,расшнуровываться,шнур,шнуровальный,шнурование,шнуровать,шнуроваться,шнуровка,шнуровой,шнурок		0	0	medium_size		UNREVIEWED			REVIEW	38
хребет|хребт	хребет|хребт	9	бесхребетность,бесхребетный,захребетник,захребетница,хребет,хребетный,хребтина,хребтинный,хребтовый		14	168	in_corpus		UNREVIEWED			REVIEW	38
пол³	пол³	4	полостной,полость,полый,полынья		19	1542	in_corpus		UNREVIEWED			AUTO_SAFE	38
хитр|хищр	хитр|хищр	22	бесхитростность,бесхитростный,исхитриться,исхитряться,перехитренный,перехитрить,похитрить,схитрить,ухитриться,ухитряться,ухищрение,ухищренность,ухищренный,ухищряться,хитренький,хитрец,хитреца,хитринка,хитрить,хитростный,хитрость,хитрый		0	0	medium_size		UNREVIEWED			REVIEW	37
корч²	корч²	22	выкорчевать,выкорчеваться,выкорчевка,выкорчевывание,выкорчевывать,выкорчевываться,корчевалка,корчевальный,корчевание,корчеватый,корчевать,корчеваться,корчевка,корчевщик,корчи,накорчевать,накорчевывать,накорчевываться,раскорчевать,раскорчевка,раскорчевывать,раскорчевываться		0	0	medium_size		UNREVIEWED			REVIEW	37
цап	цап	22	выцапать,зацапать,зацапывать,подцапать,подцапнуть,сцапать,сцапаться,сцапнуть,сцапывать,сцапываться,цапать,цапаться,цапина,цапка,цапкий,цапкование,цапковать,цапкать,цапля,цапнуть,цапун,цапунья		0	0	medium_size		UNREVIEWED			REVIEW	37
пудр	пудр	22	запудривание,запудривать,запудриваться,запудрить,запудриться,напудренный,напудривать,напудриваться,напудрить,напудриться,попудрить,попудриться,припудривать,припудриваться,припудрить,припудриться,пудра,пудрение,пудреница,пудреный,пудрить,пудриться		0	0	medium_size		UNREVIEWED			REVIEW	37
нег|неж	нег|неж	22	изнеженность,изнеженный,изнеживать,изнеживаться,изнежить,изнежиться,нега,неженка,нежить,нежиться,нежничать,нежность,нежный,понежить,понежиться,понежничать,разнеженный,разнеживать,разнеживаться,разнежить,разнежиться,разнежничаться		0	768	medium_size		UNREVIEWED			REVIEW	37
у¹	у¹	22	обувание,обувать,обуваться,обувка,обувной,обувщик,обувщица,обувь,обутки,обутый,обуть,обуться,переобувание,переобувать,переобуваться,переобуть,переобуться,разувать,разуваться,разутый,разуть,разуться		0	0	medium_size		UNREVIEWED			REVIEW	37
суд²	суд²	14	посуда,посудина,посудник,посудный,сосуд,сосудик,сосудистый,суденышко,судковый,судно,судовой,судовщик,судок,судочек		8	322	in_corpus		UNREVIEWED			REVIEW	37
корол	корол	8	королева,королевич,королевна,королевский,королевство,королек,король,корольковый		14	490	in_corpus		UNREVIEWED			AUTO_SAFE	37
мед²|мед	мед²|мед	6	мед,медвяный,медовик,медовый,медок,медуница		16	496	in_corpus		UNREVIEWED			AUTO_SAFE	37
желез²|желез	желез²|желез	4	железа,железистый,железка,железчатый		18	306	in_corpus		UNREVIEWED			AUTO_SAFE	37
пока²	пока²	1	пока		21	0	corpus_hot		UNREVIEWED			AUTO_SAFE	37
бук¹	бук¹	12	безбукварный,буква,буквальность,буквальный,букварик,букварник,букварный,букварь,буквенный,буквица,буки,буковка		9	144	in_corpus		UNREVIEWED			REVIEW	36
трутен|трутн	трутен|трутн	2	трутень,трутневой		19	95	in_corpus		UNREVIEWED			AUTO_SAFE	36
громад|громожд|громозд	громад|громожд|громозд	20	взгромождать,взгромоздить,взгромоздиться,громада,громадина,громадный,громоздить,громоздиться,громоздкий,громоздкость,загромождать,загромождаться,загромождение,загромоздить,нагромождать,нагромождаться,нагромождение,нагроможденность,нагромоздить,нагромоздиться		0	0	medium_size		UNREVIEWED			REVIEW	35
слон²	слон²	20	заслон,заслонить,заслониться,заслонка,заслоночный,заслонять,заслоняться,наслоняться,отслонить,отслониться,отслонять,отслоняться,прислонить,прислониться,прислонять,прислоняться,прослоняться,слонять,слоняться,суслон		0	0	medium_size		UNREVIEWED			REVIEW	35
спирт	спирт	20	заспиртовать,заспиртоваться,заспиртовывать,заспиртовываться,наспиртовать,наспиртоваться,наспиртовывать,наспиртовываться,проспиртованный,проспиртовать,проспиртоваться,проспиртовывать,проспиртовываться,спирт,спиртной,спиртование,спиртовать,спиртоваться,спиртовка,спиртовой		0	0	medium_size		UNREVIEWED			REVIEW	35
реб	реб	12	ребенок,ребеночек,ребятенок,ребятишки,ребятки,ребятушки,ребяческий,ребячество,ребячий,ребячиться,ребячливость,ребячливый		8	162	in_corpus		UNREVIEWED			REVIEW	35
сия	сия	11	воссиять,засиять,осиянный,осиять,посиять,просиять,сияние,сиятельный,сиятельство,сиять,сияющий		9	99	in_corpus		UNREVIEWED			REVIEW	35
кит	кит	4	кит,китеныш,китовина,китовый		16	28	in_corpus		UNREVIEWED			AUTO_SAFE	35
берем|брем	берем|брем	19	беременеть,беременная,беременность,беремя,бременить,бремя,забеременеть,обременение,обремененность,обременительность,обременительный,обременить,обремениться,обременять,обременяться,переобременение,переобременить,переобременять,переобременяться		0	0	medium_size		UNREVIEWED			REVIEW	34
пых|пыш	пых|пыш	19	впопыхах,вспыхивание,вспыхивать,вспыхнуть,вспышка,запыхаться,запыхтеть,отпыхтеться,попыхивать,попыхтеть,пропыхтеть,пыхать,пыхнуть,пыхтение,пыхтеть,пышечка,пышка,пышность,пышный		0	0	medium_size		UNREVIEWED			REVIEW	34
щур¹	щур¹	19	вприщур,вприщурку,защуривать,защурить,защуриться,пощуривать,пощурить,пощуриться,прищур,прищуривать,прищуриваться,прищурить,прищуриться,сощуривать,сощуриваться,сощурить,сощуриться,щурить,щуриться		0	0	medium_size		UNREVIEWED			REVIEW	34
тревог|тревож	тревог|тревож	19	встревоженный,встревоживать,встревоживаться,встревожить,встревожиться,затревожиться,перетревожить,перетревожиться,потревожить,потревожиться,растревоженный,растревоживать,растревоживаться,растревожить,растревожиться,тревога,тревожить,тревожиться,тревожный		0	0	medium_size		UNREVIEWED			REVIEW	34
торач|торок|тороч	торач|торок|тороч	19	вторачивание,вторачивать,вторачиваться,второчить,второчиться,оторачивать,оторачиваться,оторочить,оторочка,переторачивать,переторачиваться,переторочить,приторачивать,приторачиваться,приторочить,сторачивать,торока,торочить,торочиться		0	0	medium_size		UNREVIEWED			REVIEW	34
пелен	пелен	19	запеленать,запеленывать,запеленываться,пелена,пеленание,пеленать,пеленка,пеленочный,пеленчатый,перепеленать,перепеленывать,перепеленываться,распеленать,распеленаться,распеленывать,распеленываться,спеленать,упеленать,упеленывать		0	0	medium_size		UNREVIEWED			REVIEW	34
поган	поган	19	запоганивать,запоганить,испоганивать,испоганиваться,испоганить,испоганиться,напоганить,опоганивать,опоганиваться,опоганить,опоганиться,поганец,поганить,поганиться,поганка,поганство,поганый,поганыш,погань		0	0	medium_size		UNREVIEWED			REVIEW	34
рж¹	рж¹	19	заржаветь,заржавленный,нержавеющий,перержаветь,перержавленный,поржаветь,проржавелый,проржаветь,проржавить,проржавленный,ржа,ржаветь,ржавить,ржавление,ржавость,ржавчина,ржавчинник,ржавчинный,ржавый		0	0	medium_size		UNREVIEWED			REVIEW	34
сусл¹|сусол	сусл¹|сусол	19	засусленный,засусливать,засуслить,засуслиться,засусолить,засусолиться,насусливать,обсуслить,обсуслиться,обсусолить,обсусолиться,рассусоливать,суслить,суслиться,сусло,сусловый,сусляный,сусолить,сусолиться		0	0	medium_size		UNREVIEWED			REVIEW	34
тормаж|тормож|тормоз	тормаж|тормож|тормоз	19	затормаживание,затормаживать,затормаживаться,затормозить,затормозиться,подтормозить,притормаживать,притормозить,растормаживание,растормаживать,растормаживаться,расторможение,торможение,тормоз,тормозить,тормозиться,тормозник,тормозной,тормознуть		0	0	medium_size		UNREVIEWED			REVIEW	34
шевел	шевел	19	зашевелить,зашевелиться,пошевеливать,пошевеливаться,пошевелить,пошевелиться,пошевельнуть,пошевельнуться,расшевеленный,расшевеливать,расшевеливаться,расшевелить,расшевелиться,шевеление,шевеленый,шевелить,шевелиться,шевельнуть,шевельнуться		0	0	medium_size		UNREVIEWED			REVIEW	34
мак¹	мак¹	13	мак,маков,маковина,маковица,маковичный,маковка,маковник,маковочка,маковый,макуха,макушечный,макушка,макушный		6	66	in_corpus		UNREVIEWED			REVIEW	34
груд¹	груд¹	12	грудастый,грудина,грудинка,грудиночный,грудка,грудница,грудной,грудь,нагрудник,нагрудный,подгрудный,подгрудок		7	98	in_corpus		UNREVIEWED			REVIEW	34
плем	плем	11	племенник,племенной,племечко,племя,племянник,племянница,племянницын,племяш,соплеменник,соплеменница,соплеменный		8	128	in_corpus		UNREVIEWED			REVIEW	34
сит	сит	11	ситечко,ситник,ситниковый,ситничек,ситный,ситняг,сито,ситовина,ситовник,ситовый,ситце		8	408	in_corpus		UNREVIEWED			REVIEW	34
ран²	ран²	10	заранее,раненько,ранехонько,ранешенько,ранний,рановато,рань,раньше,спозаранку,спозаранок		9	119	in_corpus		UNREVIEWED			REVIEW	34
строг²	строг²	5	настрого,строгий,строго,строгонек,строгость		14	120	in_corpus		UNREVIEWED			AUTO_SAFE	34
бинт	бинт	18	бинт,бинтик,бинтование,бинтовать,бинтоваться,бинтовка,бинтовой,забинтовать,забинтоваться,забинтовывать,забинтовываться,перебинтовать,перебинтоваться,разбинтовать,разбинтоваться,разбинтовывание,разбинтовывать,разбинтовываться		0	0	medium_size		UNREVIEWED			REVIEW	33
мур²	мур²	18	вмуровать,вмуроваться,вмуровывать,вмуровываться,замуравить,замуравленный,замуровать,замуроваться,замуровывание,замуровывать,замуровываться,муровать,муроваться,обмуровать,обмуровка,обмуровщик,обмуровывать,обмуровываться		0	0	medium_size		UNREVIEWED			REVIEW	33
пен¹	пен¹	18	вспененный,вспенивать,вспениваться,вспенить,вспениться,запенить,запениться,напенить,пена,пенистость,пенистый,пенить,пениться,пенка,пенковый,пенник,пенный,пеночка		0	0	medium_size		UNREVIEWED			REVIEW	33
кувыр	кувыр	18	выкувыркивать,выкувыркиваться,выкувыркнуть,выкувыркнуться,кувырканье,кувыркать,кувыркаться,кувыркнуть,кувыркнуться,кувырком,кувырнуть,кувырнуться,кувырок,перекувыркивать,перекувыркиваться,перекувырнуть,перекувырнуться,покувыркаться		0	0	medium_size		UNREVIEWED			REVIEW	33
плут	плут	18	заплутаться,наплутаться,наплутовать,переплутовать,плут,плутать,плутишка,плутище,плутни,плутоватоеть,плутоватый,плутовать,плутовка,плутовской,плутовство,поплутовать,проплутать,сплутовать		0	0	medium_size		UNREVIEWED			REVIEW	33
сип	сип	18	засипеть,осиплость,осиплый,осипнуть,сипелка,сипенье,сипеть,сипловатость,сипловатый,сиплость,сиплый,сипнуть,сиповатость,сиповатый,сиповка,сипота,сипотца,сипуха		0	0	medium_size		UNREVIEWED			REVIEW	33
хрип	хрип	18	захрипеть,охриплость,охриплый,охрипнуть,похрипеть,прохрипеть,хрип,хрипение,хрипеть,хрипливость,хрипливый,хриплость,хриплый,хрипнуть,хрипота,хрипотца,хрипун,хрипунья		0	0	medium_size		UNREVIEWED			REVIEW	33
щем	щем	18	защемить,защемление,защемлять,отщемить,отщемлять,отщемляться,прищемить,прищемлять,прищемляться,расщемить,расщемлять,ущемить,ущемиться,ущемление,ущемленный,ущемлять,ущемляться,щемить		0	0	medium_size		UNREVIEWED			REVIEW	33
вад|важ³	вад|важ³	18	неповадный,отвадить,отвадиться,отваживать,отваживаться,повадиться,повадка,повадливость,повадливый,повадно,повадчик,привада,привадить,приваживать,приваживаться,спровадить,спроваживать,спроваживаться		0	734	medium_size		UNREVIEWED			REVIEW	33
жел	жел	14	возжелание,возжелать,желание,желанненький,желанный,желаньице,желательно,желательность,желательный,желать,желаться,желающий,пожелание,пожелать		4	52	in_corpus		UNREVIEWED			REVIEW	33
скал¹	скал¹	14	наскальный,оскал,оскаленный,оскаливать,оскаливаться,оскалить,оскалиться,скала,скалистость,скалистый,скалить,скалиться,скальный,скальщик		4	84	in_corpus		UNREVIEWED			REVIEW	33
грек|грец|греч	грек|грец|греч	12	грек,грецизм,грецкий,греча,гречанка,греческий,гречиха,гречишник,гречишный,гречка,гречневик,гречневый		6	210	in_corpus		UNREVIEWED			REVIEW	33
обит	обит	9	обитаемость,обитаемый,обиталище,обитание,обитатель,обитательница,обитать,обитель,обительский		9	146	in_corpus		UNREVIEWED			REVIEW	33
желез¹	желез¹	8	железина,железистый,железка,железко,железнение,железный,железняк,железо		10	348	in_corpus		UNREVIEWED			AUTO_SAFE	33
багор|багр²	багор|багр²	17	багор,багорик,багорный,багорок,багорщик,багреный,багренье,багрильщик,багрить,багрище,багровище,багровый,забагривать,забагрить,набагривать,набагрить,сбагрить		0	0	medium_size		UNREVIEWED			REVIEW	32
гнев	гнев	17	безгневный,гнев,гневаться,гневить,гневливость,гневливый,гневность,гневный,погневаться,погневить,прогневать,прогневаться,прогневить,разгневанность,разгневанный,разгневать,разгневаться		0	0	medium_size		UNREVIEWED			REVIEW	32
обид|обиж	обид|обиж	17	безобидность,безобидный,изобидеть,изобидеться,обида,обидеть,обидеться,обидный,обидчивость,обидчивый,обидчик,обидчица,обижать,обижаться,обиженный,разобидеть,разобидеться		0	0	medium_size		UNREVIEWED			REVIEW	32
шерст	шерст	17	бесшерстность,бесшерстный,бесшерстый,подшерсток,шерстина,шерстинка,шерстистость,шерстистый,шерстить,шерстишка,шерстка,шерстность,шерстный,шерсть,шерстяник,шерстянка,шерстяной		0	0	medium_size		UNREVIEWED			REVIEW	32
бунт	бунт	17	бунт,бунтарка,бунтарский,бунтарство,бунтарь,бунтовать,бунтоваться,бунтовской,бунтовщик,бунтовщица,бунтовщический,взбунтовать,взбунтоваться,забунтовать,набунтовать,набунтоваться,перебунтовать		0	0	medium_size		UNREVIEWED			REVIEW	32
тяп	тяп	17	втяпать,втяпаться,втяпываться,обтяпать,обтяпывать,обтяпываться,оттяпать,оттяпывать,оттяпываться,растяпа,растяпать,растяпывать,растяпываться,тяпать,тяпка,тяпнуть,тяпнуться		0	0	medium_size		UNREVIEWED			REVIEW	32
холащ|холост|холощ	холащ|холост|холощ	17	вхолостую,выхолащивание,выхолащивать,выхолащиваться,выхолостить,выхолоститься,выхолощенный,охолостить,холостежь,холостильщик,холостить,холоститься,холостой,холостяк,холостяцкий,холощение,холощеный		0	0	medium_size		UNREVIEWED			REVIEW	32
пачк	пачк	17	выпачкать,выпачкаться,запачкать,запачкаться,испачкать,испачкаться,напачкать,напачкаться,пачканый,пачканье,пачкать,пачкаться,пачкотня,пачкун,пачкунья,перепачкать,перепачкаться		0	0	medium_size		UNREVIEWED			REVIEW	32
щерб	щерб	17	выщербить,выщербиться,выщербленный,выщерблять,выщербляться,ущерб,ущербить,ущербиться,ущербленный,ущерблять,ущербляться,ущербный,щербатый,щербина,щербинка,щербить,щербиться		0	0	medium_size		UNREVIEWED			REVIEW	32
грох	грох	17	грохать,грохаться,грохнуть,грохнуться,грохот,грохотанье,грохотать,грохотить,грохоченье,загрохать,загрохотать,отгрохать,отгрохотать,погрохатывать,погрохотать,прогрохотать,угрохать		0	0	medium_size		UNREVIEWED			REVIEW	32
сором|срам	сором|срам	17	засрамить,осрамить,осрамиться,посрамить,посрамиться,посрамление,посрамлять,посрамляться,сором,соромный,срам,срамить,срамиться,срамник,срамница,срамной,срамота		0	1	medium_size		UNREVIEWED			REVIEW	32
туман	туман	17	затуманенный,затуманивать,затуманиваться,затуманить,затуманиться,отуманивать,отуманиваться,отуманить,отуманиться,притуманиваться,притуманиться,туман,туманистый,туманить,туманиться,туманность,туманный		0	0	medium_size		UNREVIEWED			REVIEW	32
ха(j)	ха(j)	17	захаивать,захаять,обхаивать,обхаять,охаивание,охаивать,охаиваться,охаять,охаяться,похаять,расхаивать,расхаиваться,расхаять,хайлить,хайло,хаятель,хаять		0	0	medium_size		UNREVIEWED			REVIEW	32
хваст	хваст	17	захвастаться,нахвастать,нахвастаться,похвастать,похвастаться,расхвастать,расхвастаться,хвастать,хвастаться,хвастливость,хвастливый,хвастнуть,хвастня,хвастовство,хвастун,хвастунишка,хвастунья		0	0	medium_size		UNREVIEWED			REVIEW	32
морщ	морщ	17	морщина,морщинистый,морщинить,морщиниться,морщинка,морщить,морщиться,наморщенный,наморщить,наморщиться,поморщить,поморщиться,сморщенный,сморщивать,сморщиваться,сморщить,сморщиться		0	0	medium_size		UNREVIEWED			REVIEW	32
котел|котл	котел|котл	12	котел,котелок,котельник,котельный,котельчик,котельщик,котлище,котлован,котлованный,котловина,котловинный,котловый		5	215	in_corpus		UNREVIEWED			REVIEW	32
ул¹	ул¹	11	закоулок,заулок,переулок,переулочный,проулок,проулочный,улица,уличка,уличный,уличонка,улочка		6	78	in_corpus		UNREVIEWED			REVIEW	32
стер|стир|стор	стер|стир|стор	11	простереть,простереться,простирать,простираться,простор,просторный,распростереть,распростереться,распростертый,распростирать,распростираться		6	1257	in_corpus		UNREVIEWED			REVIEW	32
церкв|церков	церкв|церков	8	церквенка,церквушка,церковка,церковник,церковница,церковность,церковный,церковь		9	99	in_corpus		UNREVIEWED			AUTO_SAFE	32
бор³	бор³	5	бор,боровик,боровичок,боровой,борок		12	239	in_corpus		UNREVIEWED			AUTO_SAFE	32
ма(j)¹	ма(j)¹	4	май,майка,майник,майский		13	182	in_corpus		UNREVIEWED			AUTO_SAFE	32
рул	рул	16	безрульный,выруливать,выруливаться,вырулить,подруливать,подрулить,прируливать,прируливаться,прирулить,рулевой,рулежка,рулежный,рулена,руление,рулить,руль		0	0	medium_size		UNREVIEWED			REVIEW	31
хлеб¹	хлеб¹	16	бесхлебица,бесхлебный,бесхлебье,нахлебник,нахлебница,нахлебничать,хлеб,хлебенный,хлебец,хлебина,хлебник,хлебница,хлебничать,хлебный,хлебушек,хлебушко		0	0	medium_size		UNREVIEWED			REVIEW	31
череп	череп	16	бесчерепной,подчерепной,череп,черепаха,черепаховый,черепаший,черепашина,черепашка,черепитчатый,черепица,черепичина,черепичный,черепковый,черепной,черепок,черепочный		0	0	medium_size		UNREVIEWED			REVIEW	31
борозд|бразд¹	борозд|бразд¹	16	борозда,бороздить,бороздиться,бороздка,бороздковый,бороздник,бороздной,бороздовой,бороздочка,бороздчатый,бразда,взбороздить,избороздить,избороздиться,перебороздить,пробороздить		0	0	medium_size		UNREVIEWED			REVIEW	31
ляп	ляп	16	вляпать,вляпаться,заляпать,заляпаться,ляпать,ляпнуть,ляпнуться,наляпать,обляпать,обляпывать,приляпать,приляпывать,приляпываться,разляпанный,разляпать,сляпать		0	0	medium_size		UNREVIEWED			REVIEW	31
глуп	глуп	16	глупенький,глупеть,глупец,глупить,глуповатый,глупость,глупый,глупыш,наглупить,оглупеть,оглупить,оглупление,оглуплять,поглупеть,сглупа,сглупить		0	0	medium_size		UNREVIEWED			REVIEW	31
ка¹	ка¹	16	закаиваться,закаяться,кающийся,каяться,неприкаянность,неприкаянный,нераскаянный,окаянный,окаянство,окаянствовать,покаяние,покаянный,покаяться,раскаиваться,раскаяние,раскаяться		0	0	medium_size		UNREVIEWED			REVIEW	31
пруд|пруж²	пруд|пруж²	16	запруда,запрудить,запружать,запружаться,запруживание,запруживать,запруживаться,напрудить,перепрудить,перепруживать,перепруживаться,пруд,прудить,прудиться,прудовик,прудовой		0	54	medium_size		UNREVIEWED			REVIEW	31
скандал	скандал	16	заскандалить,наскандалить,наскандалиться,оскандалить,оскандалиться,скандал,скандализировать,скандализовать,скандалист,скандалистка,скандалить,скандалиться,скандальничать,скандальность,скандальный,скандальчик		0	0	medium_size		UNREVIEWED			REVIEW	31
рыг|рыж²	рыг|рыж²	16	изрыгать,изрыгаться,изрыгнуть,отрыгать,отрыгивать,отрыгиваться,отрыгнуть,отрыгнуться,отрыжка,рыганье,рыгать,рыгнуть,рыгота,срыгивать,срыгиваться,срыгнуть		0	0	medium_size		UNREVIEWED			REVIEW	31
ча(j)²	ча(j)²	16	невзначай,нечаянность,нечаянный,отчаиваться,отчаяние,отчаянность,отчаянный,отчаяться,чаемость,чаемый,чай,чать,чаяние,чаятельно,чаятельный,чаять		0	0	medium_size		UNREVIEWED			REVIEW	31
скорб	скорб	16	оскорбитель,оскорбительница,оскорбительность,оскорбительный,оскорбить,оскорбиться,оскорбление,оскорбленный,оскорблять,оскорбляться,прискорбие,прискорбность,прискорбный,скорбеть,скорбный,скорбь		0	0	medium_size		UNREVIEWED			REVIEW	31
бесед	бесед	14	беседа,беседка,беседковые,беседовать,беседочка,беседочный,беседчик,забеседоваться,набеседоваться,отбеседовать,побеседовать,собеседник,собеседница,собеседование		2	26	in_corpus		UNREVIEWED			REVIEW	31
ист	ист	14	воистину,истец,истина,истинность,истинный,истица,истовый,истцовый,истый,неистовство,неистовствовать,неистовый,поистине,соистец		2	42	in_corpus		UNREVIEWED			REVIEW	31
кут²|куч³	кут²|куч³	14	закутить,закутиться,кутеж,кутила,кутить,кутнуть,покутить,покучивать,прокутить,прокутиться,прокучивать,прокучиваться,раскутиться,раскучиваться		2	35	in_corpus		UNREVIEWED			REVIEW	31
брус¹	брус¹	13	брус,брусковатый,брусковый,брусовать,брусовка,брусок,брусочек,брусочник,брусочный,брусчатка,брусчатник,брусчатый,убрус		3	102	in_corpus		UNREVIEWED			REVIEW	31
стеб	стеб	13	остебелиться,остебеляться,стебануть,стебать,стебелек,стебель,стебельковый,стебельный,стебельчатый,стеблевание,стеблевый,стеблистый,стебло		3	72	in_corpus		UNREVIEWED			REVIEW	31
сын	сын	13	пасынкование,пасынковать,пасынковый,пасынок,сын,сынишка,сынок,сыночек,усыновитель,усыновить,усыновление,усыновлять,усыновляться		3	45	in_corpus		UNREVIEWED			REVIEW	31
звезд	звезд	12	беззвездный,вызвездить,звезда,звездануть,звездануться,звездистый,звездный,звездочка,звездчатка,звездчатый,надзвездный,созвездие		4	48	in_corpus		UNREVIEWED			REVIEW	31
мин³	мин³	11	заминированный,заминировать,мина,минер,минерный,минированный,минировать,минный,разминирование,разминированный,разминировать		5	52	in_corpus		UNREVIEWED			REVIEW	31
княг|княж|княз	княг|княж|княз	11	княжение,княженика,княжеский,княжество,княжий,княжить,княжич,княжна,княжой,князек,князь		5	80	in_corpus		UNREVIEWED			REVIEW	31
машин	машин	11	машина,машинальность,машинальный,машинизация,машинизированный,машинизировать,машинизироваться,машинист,машинистка,машинка,машинный		5	80	in_corpus		UNREVIEWED			REVIEW	31
обяз	обяз	10	обязанность,обязанный,обязательность,обязательный,обязательственный,обязательство,обязать,обязаться,обязывать,обязываться		6	180	in_corpus		UNREVIEWED			REVIEW	31
губ²	губ²	9	губа,губан,губастый,губка,губной,губочка,губчатый,огубленный,пригубить		7	165	in_corpus		UNREVIEWED			REVIEW	31
тен	тен	15	бестеневой,затенение,затененный,затенить,затенять,затеняться,оттенить,оттенок,оттенять,оттеняться,теневой,тенистость,тенистый,тенить,тень		0	0	medium_size		UNREVIEWED			REVIEW	30
бод	бод	15	бодание,бодать,бодаться,бодливость,бодливый,боднуть,бодун,бодунья,забодать,избодать,перебодать,перебодаться,прободать,прободаться,прободение		0	0	medium_size		UNREVIEWED			REVIEW	30
бряк|бряц	бряк|бряц	15	бряканье,брякать,брякаться,брякнуть,брякнуться,бряцание,бряцательный,бряцать,забряцать,набрякнуть,отбрякать,побрякать,побрякивать,побрякушка,побряцать		0	0	medium_size		UNREVIEWED			REVIEW	30
бурав	бурав	15	бурав,буравить,буравиться,буравчатый,буравчик,выбуравить,выбуравливать,выбуравливаться,набуравить,пробуравить,пробуравливать,пробуравливаться,разбуравить,разбуравливать,разбуравливаться		0	0	medium_size		UNREVIEWED			REVIEW	30
бух¹	бух¹	15	бухнуть,взбухание,взбухать,взбухнуть,забухать,забухнуть,набухаемость,набухание,набухать,набухлость,набухлый,набухнуть,разбухание,разбухать,разбухнуть		0	0	medium_size		UNREVIEWED			REVIEW	30
верб²	верб²	15	вербование,вербовать,вербоваться,вербовка,вербовочный,вербовщик,вербовщица,завербованный,завербовать,завербоваться,завербовывать,завербовываться,навербовать,навербовывать,навербовываться		0	0	medium_size		UNREVIEWED			REVIEW	30
ветош|ветх|ветш	ветош|ветх|ветш	15	ветошка,ветошник,ветошница,ветошничество,ветошный,ветошь,ветхий,ветхость,ветшайший,ветшать,изветшалый,изветшать,обветшалость,обветшалый,обветшать		0	0	medium_size		UNREVIEWED			REVIEW	30
дрем	дрем	15	вздремнуть,вздремнуться,дрема,дремать,дрематься,дремота,дремотный,дремучий,задремать,задрематься,задремывать,недреманный,недремлющий,подремать,продремать		0	0	medium_size		UNREVIEWED			REVIEW	30
лохм	лохм	15	взлохматить,взлохматиться,взлохмаченный,взлохмачивать,взлохмачиваться,излохматить,излохматиться,лохматить,лохматиться,лохматый,лохмач,лохмотник,лохмотница,лохмотья,лохмы		0	0	medium_size		UNREVIEWED			REVIEW	30
колых	колых	15	всколыхать,всколыхаться,всколыхивать,всколыхиваться,всколыхнуть,всколыхнуться,заколыхать,заколыхаться,колыхание,колыхать,колыхаться,колыхнуть,колыхнуться,поколыхать,расколыхаться		0	0	medium_size		UNREVIEWED			REVIEW	30
трус¹|трух¹	трус¹|трух¹	15	вструхнуть,перетрусить,перетрухнуть,струсить,струхнуть,трус,трусик,трусить,трусиха,трусишка,трусливость,трусливый,трусоватый,трусость,трухнуть		0	42	medium_size		UNREVIEWED			REVIEW	30
луд|луж²	луд|луж²	15	вылудить,вылудиться,вылуживать,вылуживаться,луда,лудильный,лудильщик,лудить,лужение,луженый,отлудить,перелудить,перелуживать,полуда,полудить		0	0	medium_size		UNREVIEWED			REVIEW	30
щелач|щелок|щелоч	щелач|щелок|щелоч	15	выщелачивание,выщелачивать,выщелачиваться,выщелочить,выщелочиться,перещелочить,подщелачивать,подщелочить,щелок,щелочение,щелочить,щелочиться,щелочной,щелочность,щелочь		0	30	medium_size		UNREVIEWED			REVIEW	30
вьюк|вьюч	вьюк|вьюч	15	вьючение,завьючивать,завьючить,навьючивание,навьючивать,навьючиваться,навьючить,навьючиться,перевьючивать,перевьючиваться,перевьючить,развьючивать,развьючиваться,развьючить,развьючиться		0	0	medium_size		UNREVIEWED			REVIEW	30
лыс	лыс	15	залысина,лысена,лысенький,лысеть,лысина,лысун,лысуха,лысый,облыселый,облысение,облысеть,полысение,полысеть,пролысина,пролысь		0	0	medium_size		UNREVIEWED			REVIEW	30
ляг|ляж	ляг|ляж	15	залягаться,лягать,лягаться,лягнуть,лягушатник,лягушачий,лягушечий,лягушечник,лягушиный,лягушка,лягушник,лягушонок,ляжка,перелягать,улягнуть		0	0	medium_size		UNREVIEWED			REVIEW	30
тюк¹|тюч	тюк¹|тюч	15	затюковать,затюковывание,затюковывать,затюковываться,растюковать,растюковка,растюковывать,растюковываться,тюк,тюкованный,тюковать,тюковаться,тюковка,тюковый,тюковщик		0	0	medium_size		UNREVIEWED			REVIEW	30
хохат|хохот	хохат|хохот	15	захохотать,нахохотаться,обхохотаться,похохатывать,похохотать,расхохотаться,хохот,хохотать,хохотливый,хохотня,хохоток,хохотун,хохотунья,хохотуша,хохотушка		0	0	medium_size		UNREVIEWED			REVIEW	30
храм²|хром	храм²|хром	15	захромать,охрометь,похрамывать,похромать,прихрамывание,прихрамывать,храмывать,хромать,хроменький,хрометь,хромец,хромой,хромота,хромуша,хромушка		0	0	medium_size		UNREVIEWED			REVIEW	30
круш	круш	15	крушение,крушина,крушинный,крушить,крушиться,несокрушимость,несокрушимый,сокрушать,сокрушаться,сокрушение,сокрушенный,сокрушитель,сокрушительность,сокрушительный,сокрушить		0	0	medium_size		UNREVIEWED			REVIEW	30
мебел|мебл	мебел|мебл	15	мебелишка,мебель,мебельный,мебельщик,меблированный,меблировать,меблировка,меблировщик,обмеблировать,обмеблироваться,омеблировать,омеблироваться,омеблировка,омеблировывать,омеблировываться		0	0	medium_size		UNREVIEWED			REVIEW	30
хохл|хохол	хохл|хохол	15	нахохленный,нахохливать,нахохливаться,нахохлить,нахохлиться,хохлатить,хохлатка,хохлатый,хохлач,хохлик,хохлить,хохлиться,хохлушка,хохол,хохолок		0	0	medium_size		UNREVIEWED			REVIEW	30
транжир	транжир	15	перетранжирить,протранжиривать,протранжириваться,протранжирить,растранжиривание,растранжиривать,растранжириваться,растранжирить,растранжириться,транжир,транжира,транжирить,транжириться,транжирка,транжирство		0	0	medium_size		UNREVIEWED			REVIEW	30
зерн	зерн	14	зернина,зернинка,зернистость,зернистый,зернить,зерно,зерновик,зерновка,зерновой,зерновщик,зерновые,зернышко,зернь,череззерница		1	27	in_corpus		UNREVIEWED			REVIEW	30
союж|союз	союж|союз	13	бессоюзие,бессоюзный,обсоюженный,обсоюзить,союженный,союз,союзить,союзка,союзник,союзница,союзнический,союзничество,союзный		2	22	in_corpus		UNREVIEWED			REVIEW	30
мех¹|меш²	мех¹|меш²	13	мех,меховой,меховщик,меховщица,мешковатость,мешковатый,мешковина,мешок,мешочек,мешочник,мешочница,мешочничество,мешочный		2	22	in_corpus		UNREVIEWED			REVIEW	30
фабрик|фабрич	фабрик|фабрич	13	нафабриковать,прифабричный,фабрика,фабрикант,фабрикантский,фабрикантша,фабрикат,фабрикация,фабриковать,фабриковаться,фабричка,фабричный,фабричонка		2	26	in_corpus		UNREVIEWED			REVIEW	30
ил	ил	12	заиление,заиливание,заиливать,заилить,заилиться,ил,илистость,илистый,иловатый,иловый,ильница,ильный		3	55	in_corpus		UNREVIEWED			REVIEW	30
штук¹|штуч	штук¹|штуч	12	поштучно,штука,штукарить,штукарский,штукарство,штукарь,штукенция,штуковина,штучка,штучник,штучница,штучный		3	42	in_corpus		UNREVIEWED			REVIEW	30
ус	ус	9	безусый,подусник,ус,усастый,усатенький,усатый,усач,усик,усище		6	102	in_corpus		UNREVIEWED			REVIEW	30
жал²	жал²	9	жалить,жалиться,жало,жальце,изжаливать,изжалить,пережалить,пожалить,ужалить		6	97	in_corpus		UNREVIEWED			REVIEW	30
музык	музык	7	музыка,музыкальность,музыкальный,музыкант,музыкантка,музыкантский,музыкантша		8	88	in_corpus		UNREVIEWED			AUTO_SAFE	30
об	об	3	оба,обоюдность,обоюдный		12	84	in_corpus		UNREVIEWED			AUTO_SAFE	30
лун¹	лун¹	13	безлуние,безлунный,луна,лунатизм,лунатик,лунатический,лунатичка,лунник,лунный,надлунный,подлунный,прилунение,прилуниться		1	22	in_corpus		UNREVIEWED			REVIEW	29
слез	слез	13	бесслезный,заслезиться,прослезиться,слеза,слезинка,слезиться,слезка,слезливость,слезливый,слезник,слезница,слезный,слезонька		1	262	in_corpus		UNREVIEWED			REVIEW	29
жестк|жесток|жесточ	жестк|жесток|жесточ	13	жесткий,жесткость,жестковатость,жестковатый,жестокий,жестокость,ожесточать,ожесточаться,ожесточение,ожесточенность,ожесточенный,ожесточить,ожесточиться		1	34	in_corpus		UNREVIEWED			REVIEW	29
изб|ызб	изб|ызб	13	изба,избач,избаческий,избенка,избеночка,избишка,избища,избушечка,избушечный,избушка,избяной,подызбица,поизбный		1	12	in_corpus		UNREVIEWED			REVIEW	29
куст|кущ	куст|кущ	13	куст,кустарник,кустарниковый,кустарный,кустик,кустистость,кустистый,куститься,кустовка,кустовой,кусточек,кущение,раскуститься		1	16	in_corpus		UNREVIEWED			REVIEW	29
сме²	сме²	13	осмелеть,осмеливаться,осмелиться,посмелеть,посметь,смелеть,смелехонький,смелешенький,смело,смелость,смелый,смельчак,сметь		1	74	in_corpus		UNREVIEWED			REVIEW	29
ссор	ссор	13	перессоривать,перессориваться,перессорить,перессориться,поссорить,поссориться,рассорить,рассориться,ссора,ссорить,ссориться,ссорщик,ссорщица		1	63	in_corpus		UNREVIEWED			REVIEW	29
крес¹|креш	крес¹|креш	12	воскресать,воскресение,воскресенье,воскреситель,воскресительница,воскресить,воскресник,воскреснуть,воскресный,воскрешать,воскрешаться,воскрешение		2	34	in_corpus		UNREVIEWED			REVIEW	29
роз¹	роз¹	12	зарозоветь,порозоветь,роза,розан,розанчик,розарий,розетка,розоватый,розоветь,розовик,розовый,розочка		2	46	in_corpus		UNREVIEWED			REVIEW	29
колен	колен	12	коленка,коленный,колено,коленце,коленчатый,надколенник,надколенный,наколенник,наколенный,подколенный,поколение,поколенный		2	30	in_corpus		UNREVIEWED			REVIEW	29
ощут|ощущ	ощут|ощущ	12	ощутимость,ощутимый,ощутительность,ощутительный,ощутить,ощущать,ощущаться,ощущение,предощутить,предощущать,предощущаться,предощущение		2	34	in_corpus		UNREVIEWED			REVIEW	29
верз|верст¹	верз|верст¹	11	верзила,отверзать,отверстие,отверстый,разверзать,разверзаться,разверзнуть,разверзнуться,разверстый,сверзить,сверзиться		3	39	in_corpus		UNREVIEWED			REVIEW	29
пресн	пресн	10	опреснение,опреснитель,опреснительный,опреснить,опресниться,опреснок,опреснять,опресняться,пресность,пресный		4	48	in_corpus		UNREVIEWED			REVIEW	29
октябр	октябр	8	октябренок,октябрины,октябрист,октябристский,октябрь,октябрьский,пооктябрьский,предоктябрьский		6	48	in_corpus		UNREVIEWED			AUTO_SAFE	29
сестр	сестр	8	посестриться,сестра,сестренка,сестрин,сестринский,сестрица,сестрицын,сестричка		6	66	in_corpus		UNREVIEWED			AUTO_SAFE	29
сет²|сещ	сет²|сещ	8	посетитель,посетительница,посетительский,посетить,посещаемость,посещать,посещаться,посещение		6	72	in_corpus		UNREVIEWED			AUTO_SAFE	29
чел	чел	5	зачелок,очелье,челка,чело,челочка		9	50	in_corpus		UNREVIEWED			AUTO_SAFE	29
корм²	корм²	5	корма,кормило,кормовой,кормчий,кормщик		9	370	in_corpus		UNREVIEWED			AUTO_SAFE	29
т	т	5	потом,потомок,потомственный,потомство,потому		9	346	in_corpus		UNREVIEWED			AUTO_SAFE	29
порт³	порт³	4	порт,портовик,портовый,припортовый		10	77	in_corpus		UNREVIEWED			AUTO_SAFE	29
пор⁴	пор⁴	3	пора,пористость,пористый		11	109	in_corpus		UNREVIEWED			AUTO_SAFE	29
ул²	ул²	3	улей,улейный,ульишко		11	55	in_corpus		UNREVIEWED			AUTO_SAFE	29
бд|бж	бд|бж	12	бдение,бдеть,бдительность,бдительный,снабдить,снабдиться,снабжатель,снабжать,снабжаться,снабженец,снабжение,снабженческий		1	25	in_corpus		UNREVIEWED			REVIEW	28
плох|плош¹	плох|плош¹	12	врасплох,оплошать,оплошка,оплошность,оплошный,плохенький,плоховатый,плохой,плохонький,плошать,сплоховать,сплошать		1	32	in_corpus		UNREVIEWED			REVIEW	28
штрих	штрих	12	заштриховать,заштриховка,заштриховывание,заштриховывать,заштриховываться,штрих,штриховать,штриховаться,штриховка,штриховой,штриховщик,штриховщица		1	10	in_corpus		UNREVIEWED			REVIEW	28
свинец|свинц|свинч	свинец|свинц|свинч	12	освинцевать,освинцовывать,освинцовываться,свинец,свинцевание,свинцевать,свинцеваться,свинцовка,свинчак,свинчаковые,свинчатка,свинчатый		1	12	in_corpus		UNREVIEWED			REVIEW	28
яр²	яр²	12	переярок,поярковый,поярок,ярица,ярка,яровизатор,яровизация,яровизировать,яровизироваться,яровой,ярочка,ярь		1	119	in_corpus		UNREVIEWED			REVIEW	28
сер²	сер²	11	обессеривание,сера,серистость,серистый,серить,серка,серник,сернистый,серноватый,серный,серянка		2	72	in_corpus		UNREVIEWED			REVIEW	28
бык|быч	бык|быч	10	бык,быковатый,бычатина,бычачий,бычий,бычина,бычиный,бычиться,бычковый,бычок		3	40	in_corpus		UNREVIEWED			REVIEW	28
господ|госпож	господ|госпож	10	господарь,господень,господин,господский,господство,господствовать,господствующий,господчик,господь,госпожа		3	66	in_corpus		UNREVIEWED			REVIEW	28
проб	проб	10	испробовать,опробование,опробовать,перепробовать,попробовать,проба,пробист,пробный,пробовать,пробоваться		3	85	in_corpus		UNREVIEWED			REVIEW	28
рот¹|рт	рот¹|рт	9	артачиться,оброть,рот,ротишко,ротище,ротовой,роток,ртище,ртовый		4	32	in_corpus		UNREVIEWED			REVIEW	28
бур²	бур²	9	буренка,буренушка,буреть,бурка,буроватый,бурый,забуреть,избура,побуреть		4	170	in_corpus		UNREVIEWED			REVIEW	28
огн|огон	огн|огон	9	огневик,огневица,огневка,огневой,огненный,огнищанин,огнище,огонек,огонь		4	88	in_corpus		UNREVIEWED			REVIEW	28
шик²|шк	шик²|шк	7	зашикать,нишкнуть,обшикать,ошикать,шиканье,шикать,шикнуть		6	48	in_corpus		UNREVIEWED			AUTO_SAFE	28
пор¹	пор¹	4	впору,пора,порой,порою		9	76	in_corpus		UNREVIEWED			AUTO_SAFE	28
осен	осен	3	осенний,осень,осенью		10	30	in_corpus		UNREVIEWED			AUTO_SAFE	28
март	март	2	март,мартовский		11	88	in_corpus		UNREVIEWED			AUTO_SAFE	28
рев	рев	12	взреветь,зареветь,отреветь,пореветь,прореветь,разреветься,рев,рева,реветь,ревмя,ревун,ревунья		0	27	many_prefixes		UNREVIEWED			REVIEW	27
глагол	глагол	11	безглагольность,безглагольный,глагол,глаголица,глаголический,глаголь,глагольный,отглагольность,отглагольный,разглагольствование,разглагольствовать		1	17	in_corpus		UNREVIEWED			REVIEW	27
почв	почв	11	беспочвенность,беспочвенный,надпочвенный,подпочва,подпочвенный,почва,почвенник,почвеннический,почвенничество,почвенность,почвенный		1	11	in_corpus		UNREVIEWED			REVIEW	27
девят	девят	11	вдевятеро,вдевятером,девятерик,девятериковый,девятерной,девятеро,девятка,девятый,девять,девятью,удевятерить		1	14	in_corpus		UNREVIEWED			REVIEW	27
доктор	доктор	11	доктор,докторальность,докторальный,докторант,докторантка,докторантский,докторантура,докторат,докторица,докторский,докторша		1	9	in_corpus		UNREVIEWED			REVIEW	27
мусор	мусор	11	замусоривание,замусоривать,замусориваться,замусорить,замусориться,мусор,мусорить,мусорный,мусорщик,мусорщица,намусорить		1	10	in_corpus		UNREVIEWED			REVIEW	27
сурьм	сурьм	11	насурьмить,насурьмиться,подсурьмить,подсурьмиться,посурьмить,сурьма,сурьмило,сурьмить,сурьмиться,сурьмянистый,сурьмяный		1	26	in_corpus		UNREVIEWED			REVIEW	27
сан¹	сан¹	11	осанистость,осанистый,осанка,приосаниваться,приосаниться,сан,сановитость,сановитый,сановник,сановничество,сановный		1	15	in_corpus		UNREVIEWED			REVIEW	27
вар²|вор²	вар²|вор²	11	предварение,предварилка,предварительно,предварительность,предварительный,предварить,предварять,предваряться,проворный,проворство,спроворить		1	12	in_corpus		UNREVIEWED			REVIEW	27
весел²|весел|весл	весел²|весел|весл	10	веселенький,веселость,веселый,весельный,весельце,веслище,весло,подвесельник,подвесельный,развеселый		2	28	in_corpus		UNREVIEWED			REVIEW	27
тем¹	тем¹	10	втемяшивать,втемяшиваться,втемяшить,втемяшиться,надтемянный,подтемянный,теменной,темечко,темя,темяшить		2	27	in_corpus		UNREVIEWED			REVIEW	27
дав²	дав²	10	давешний,давненько,давний,давнишний,давно,давность,давным,издавна,подавно,сыздавна		2	38	in_corpus		UNREVIEWED			REVIEW	27
дед	дед	10	дед,дедина,дедка,дедов,дедовский,дедушка,прадед,прадедовский,прадедушка,прапрадед		2	26	in_corpus		UNREVIEWED			REVIEW	27
хоробр|храбр	хоробр|храбр	10	похрабреть,похрабриться,расхрабриться,хоробрый,храбреть,храбрец,храбрить,храбриться,храбрость,храбрый		2	26	in_corpus		UNREVIEWED			REVIEW	27
дыр	дыр	9	дыра,дырка,дырочка,дырчатый,дырявый,продырявить,продырявиться,продырявливать,продырявливаться		3	45	in_corpus		UNREVIEWED			REVIEW	27
книг|книж	книг|книж	9	книга,книжечка,книжица,книжища,книжка,книжник,книжность,книжный,книжонка		3	33	in_corpus		UNREVIEWED			REVIEW	27
ребер|ребр	ребер|ребр	9	надреберный,нареберный,подреберный,подреберье,реберный,ребристый,ребро,ребровый,ребрышко		3	57	in_corpus		UNREVIEWED			REVIEW	27
журнал	журнал	8	журнал,журнализм,журналист,журналистика,журналистка,журналистский,журнальный,журнальчик		4	36	in_corpus		UNREVIEWED			AUTO_SAFE	27
юн	юн	8	юнеть,юнец,юница,юность,юноша,юношеский,юношество,юный		4	68	in_corpus		UNREVIEWED			AUTO_SAFE	27
ч⁴	ч⁴	7	вничью,никчемный,ничевоки,ничегошеньки,ничей,ничейный,ничто		5	75	in_corpus		UNREVIEWED			AUTO_SAFE	27
ужас	ужас	7	ужас,ужасать,ужасаться,ужасающий,ужаснуть,ужаснуться,ужасный		5	115	in_corpus		UNREVIEWED			AUTO_SAFE	27
месяц|месяч	месяц|месяч	5	месяц,месячина,месячник,месячный,помесячный		7	168	in_corpus		UNREVIEWED			AUTO_SAFE	27
спин	спин	5	наспинник,спина,спинища,спинка,спинушка		7	158	in_corpus		UNREVIEWED			AUTO_SAFE	27
рак²|рач¹	рак²|рач¹	5	рак,раковый,рачий,рачишка,рачок		7	127	in_corpus		UNREVIEWED			AUTO_SAFE	27
буд²	буд²	4	будущий,будущность,незабудка,предбудущий		8	104	in_corpus		UNREVIEWED			AUTO_SAFE	27
декабр	декабр	4	декабрист,декабристский,декабрь,декабрьский		8	40	in_corpus		UNREVIEWED			AUTO_SAFE	27
карл	карл	4	карла,карлик,карликовый,карлица		8	60	in_corpus		UNREVIEWED			AUTO_SAFE	27
сот²	сот²	2	сотовый,соты		10	46	in_corpus		UNREVIEWED			AUTO_SAFE	27
груст	груст	11	взгрустнуть,взгрустнуться,грустить,грустный,грусть,загрустить,загруститься,нагруститься,отгрустить,погрустить,разгруститься		0	0	many_prefixes		UNREVIEWED			REVIEW	26
рон	рон	11	выронить,заронить,обронить,поронять,проронить,разронять,ронять,сронить,урон,уронить,уронный		0	0	many_prefixes		UNREVIEWED			REVIEW	26
ковыл¹	ковыл¹	11	доковылять,заковылять,ковыльнуть,ковыляние,ковылять,подковыливать,подковылять,поковылять,приковылять,проковылять,уковылять		0	0	many_prefixes		UNREVIEWED			REVIEW	26
парус	парус	10	беспарусный,парус,парусина,парусинный,парусиновый,парусить,парусник,парусность,парусный,парусок		1	19	in_corpus		UNREVIEWED			REVIEW	26
обезьян	обезьян	10	обезьяна,обезьяний,обезьянить,обезьянка,обезьянник,обезьянничанье,обезьянничать,обезьянство,обезьянщик,собезьянничать		1	9	in_corpus		UNREVIEWED			REVIEW	26
стара	стара	10	перестараться,постараться,расстараться,старание,старатель,старательность,старательный,старательский,старательство,стараться		1	11	in_corpus		UNREVIEWED			REVIEW	26
рак¹	рак¹	10	подракушечный,рака,раковина,раковинный,раковистый,ракуша,ракушечник,ракушечный,ракушка,ракушковый		1	71	in_corpus		UNREVIEWED			REVIEW	26
сет¹	сет¹	10	сетевой,сетка,сетной,сетный,сеточка,сеточник,сеточный,сетчатка,сетчатый,сеть		1	34	in_corpus		UNREVIEWED			REVIEW	26
матер|матор	матер|матор	9	заматерелый,заматереть,заматорелый,заматореть,матереть,материк,материковый,матерой,матерый		2	31	in_corpus		UNREVIEWED			REVIEW	26
куб¹	куб¹	9	куб,кубарем,кубарь,кубковый,кубовая,кубовой,кубок,кубышечка,кубышка		2	62	in_corpus		UNREVIEWED			REVIEW	26
плит	плит	9	плита,плитка,плитный,плитняк,плиточник,плиточница,плиточный,плитчатый,плитяной		2	20	in_corpus		UNREVIEWED			REVIEW	26
солдат	солдат	9	солдат,солдатик,солдатка,солдатня,солдатский,солдатство,солдатушки,солдатчина,солдатье		2	20	in_corpus		UNREVIEWED			REVIEW	26
трут	трут	9	трут,трутник,трутный,трутовик,трутовиковые,трутовица,трутовка,трутовые,трутяной		2	33	in_corpus		UNREVIEWED			REVIEW	26
нон|нын	нон|нын	7	доныне,нонешний,ныне,нынешний,нынче,отныне,поныне		4	32	in_corpus		UNREVIEWED			AUTO_SAFE	26
древ²	древ²	5	древле,древлий,древний,древность,издревле		6	54	in_corpus		UNREVIEWED			AUTO_SAFE	26
станци(j)	станци(j)	5	подстанция,пристанционный,станцийка,станционный,станция		6	30	in_corpus		UNREVIEWED			AUTO_SAFE	26
ре(j)²	ре(j)²	5	реечка,реечный,рей,рейка,рея		6	53	in_corpus		UNREVIEWED			AUTO_SAFE	26
шар¹	шар¹	5	шар,шарик,шариковый,шаровка,шаровой		6	84	in_corpus		UNREVIEWED			AUTO_SAFE	26
океан	океан	4	океан,океанарий,океанический,океанский		7	42	in_corpus		UNREVIEWED			AUTO_SAFE	26
ноябр	ноябр	2	ноябрь,ноябрьский		9	36	in_corpus		UNREVIEWED			AUTO_SAFE	26
сентябр	сентябр	2	сентябрь,сентябрьский		9	27	in_corpus		UNREVIEWED			AUTO_SAFE	26
буш	буш	10	бушевание,бушевать,взбушевать,взбушеваться,забушевать,набушевать,набушеваться,отбушевать,побушевать,разбушеваться		0	0	many_prefixes		UNREVIEWED			REVIEW	25
нян	нян	9	вынянчивать,нанянчиться,нянечка,нянченье,нянька,нянюшка,понянчиться,пронянчить,пронянчиться		1	22	in_corpus		UNREVIEWED			REVIEW	25
жужж	жужж	9	жужжалка,жужжальца,жужжание,жужжать,зажужжать,нажужжать,пожужжать,прожужжать,разжужжаться		1	6	in_corpus		UNREVIEWED			REVIEW	25
паук|паут|пауч	паук|паут|пауч	9	запаутиненный,паук,пауковый,паутина,паутинка,паутинный,паучий,паучник,паучок		1	15	in_corpus		UNREVIEWED			REVIEW	25
слон¹	слон¹	9	слон,слоненок,слоник,слонина,слониха,слоновник,слоновость,слоновый,слоновщик		1	9	in_corpus		UNREVIEWED			REVIEW	25
солом	солом	9	солома,соломенник,соломенный,соломина,соломинка,соломистый,соломит,соломитовый,соломка		1	10	in_corpus		UNREVIEWED			REVIEW	25
тул²	тул²	9	сутулина,сутулистый,сутулить,сутулиться,сутуловатость,сутуловатый,сутулость,сутулый,туловище		1	11	in_corpus		UNREVIEWED			REVIEW	25
звен¹|звон¹	звен¹|звон¹	8	беспозвоночный,звено,звеновик,звеновой,звеньевая,звеньевой,позвонковый,позвоночник		2	32	in_corpus		UNREVIEWED			AUTO_SAFE	25
сезон	сезон	8	бессезонье,посезонный,предсезонный,сезон,сезонник,сезонница,сезонность,сезонный		2	22	in_corpus		UNREVIEWED			AUTO_SAFE	25
гончар	гончар	8	гончар,гончарка,гончарник,гончарничать,гончарный,гончарня,гончарский,гончарство		2	17	in_corpus		UNREVIEWED			AUTO_SAFE	25
журав	журав	8	журавель,журавельник,журавлевый,журавленок,журавлиный,журавлиха,журавль,журавушка		2	42	in_corpus		UNREVIEWED			AUTO_SAFE	25
тет	тет	6	тетенька,тетеха,тетка,тетушка,тетюха,тетя		4	32	in_corpus		UNREVIEWED			AUTO_SAFE	25
минут	минут	5	минута,минутка,минутный,минуточка,поминутный		5	50	in_corpus		UNREVIEWED			AUTO_SAFE	25
нефт	нефт	5	нефть,нефтяник,нефтяница,нефтянка,нефтяной		5	20	in_corpus		UNREVIEWED			AUTO_SAFE	25
хобот	хобот	5	хобот,хоботковый,хоботной,хоботные,хоботок		5	110	in_corpus		UNREVIEWED			AUTO_SAFE	25
сен¹	сен¹	4	сенник,сенной,сено,сенцо		6	63	in_corpus		UNREVIEWED			AUTO_SAFE	25
кишеч|кишк	кишеч|кишк	3	кишечник,кишечный,кишка		7	35	in_corpus		UNREVIEWED			AUTO_SAFE	25
ворог|враг|враж|вражд	ворог|враг|враж|вражд	9	ворог,враг,вражда,враждебность,враждебный,враждовать,вражеский,вражий,завраждовать		0	0	many_alternations		UNREVIEWED			REVIEW	24
ал	ал	8	аленький,алеть,алеться,алехонький,алый,заалеть,заалеться,поалеть		1	24	in_corpus		UNREVIEWED			AUTO_SAFE	24
бас	бас	8	бас,басистый,басить,басовитый,басовый,басок,забасить,пробасить		1	39	in_corpus		UNREVIEWED			AUTO_SAFE	24
плош²	плош²	8	всплошную,всплошь,плошечка,плошечный,плошка,сплошной,сплошняк,сплошь		1	7	in_corpus		UNREVIEWED			AUTO_SAFE	24
ма²	ма²	8	замаячить,маяк,маятник,маятниковый,маячить,маячный,маячок,помавать		1	8	in_corpus		UNREVIEWED			AUTO_SAFE	24
шахт	шахт	8	надшахтный,шахта,шахтенный,шахтер,шахтерка,шахтерский,шахтный,шахтовый		1	24	in_corpus		UNREVIEWED			AUTO_SAFE	24
подраж	подраж	8	неподражаемый,подражание,подражатель,подражательница,подражательность,подражательный,подражательство,подражать		1	9	in_corpus		UNREVIEWED			AUTO_SAFE	24
почт	почт	8	почта,почтальон,почтальонский,почтамт,почтамтский,почтарь,почтовик,почтовый		1	23	in_corpus		UNREVIEWED			AUTO_SAFE	24
ям¹	ям¹	8	приямок,яма,ямина,ямистый,ямища,ямка,ямный,ямочка		1	14	in_corpus		UNREVIEWED			AUTO_SAFE	24
разор	разор	8	разор,разорение,разоритель,разорительный,разорить,разориться,разорять,разоряться		1	10	in_corpus		UNREVIEWED			AUTO_SAFE	24
театр	театр	8	театр,театрал,театрализовать,театралка,театральность,театральный,театральщина,театрик		1	24	in_corpus		UNREVIEWED			AUTO_SAFE	24
торф	торф	8	торф,торфование,торфушка,торфяник,торфянистость,торфянистый,торфяница,торфяной		1	14	in_corpus		UNREVIEWED			AUTO_SAFE	24
геро(j)	геро(j)	7	героизм,героика,героиня,героический,герой,геройский,геройство		2	24	in_corpus		UNREVIEWED			AUTO_SAFE	24
пятн	пятн	7	запятнать,испятнать,пятнать,пятнаться,пятнашка,пятнистость,пятно		2	20	in_corpus		UNREVIEWED			AUTO_SAFE	24
луч⁵	луч⁵	7	лучший,улучшать,улучшаться,улучшение,улучшенный,улучшить,улучшиться		2	10	in_corpus		UNREVIEWED			AUTO_SAFE	24
палат|полат	палат|полат	7	палата,палатка,палатный,палаточник,палаточница,палаточный,полати		2	10	in_corpus		UNREVIEWED			AUTO_SAFE	24
стоп	стоп	7	стопа,стопка,стопный,стоповой,стоповщик,стопочка,стопочный		2	50	in_corpus		UNREVIEWED			AUTO_SAFE	24
худож	худож	7	художественность,художественный,художество,художник,художница,художнический,художничество		2	18	in_corpus		UNREVIEWED			AUTO_SAFE	24
цифир|цифр	цифир|цифр	7	цифирный,цифирь,цифра,цифрация,цифровать,цифроваться,цифровой		2	30	in_corpus		UNREVIEWED			AUTO_SAFE	24
штурм	штурм	7	штурм,штурмовать,штурмоваться,штурмовик,штурмовка,штурмовой,штурмовщина		2	32	in_corpus		UNREVIEWED			AUTO_SAFE	24
крестьян	крестьян	6	крестьянин,крестьянка,крестьянский,крестьянство,крестьянствовать,раскрестьянивание		3	21	in_corpus		UNREVIEWED			AUTO_SAFE	24
руд	руд	6	руда,рудник,рудниковый,рудничный,рудный,рудяк		3	34	in_corpus		UNREVIEWED			AUTO_SAFE	24
арм	арм	3	армеец,армейский,армия		6	203	in_corpus		UNREVIEWED			AUTO_SAFE	24
июл|ыюл	июл|ыюл	3	июль,июльский,предыюльский		6	18	in_corpus		UNREVIEWED			AUTO_SAFE	24
январ	январ	2	январский,январь		7	21	in_corpus		UNREVIEWED			AUTO_SAFE	24
едва	едва	1	едва		8	0	in_corpus		UNREVIEWED			AUTO_SAFE	24
бумаг|бумаж	бумаг|бумаж	7	бумага,бумаженция,бумажечка,бумажка,бумажник,бумажный,бумажонка		1	15	in_corpus		UNREVIEWED			AUTO_SAFE	23
могил	могил	7	замогильный,могила,могилка,могильный,могильщик,надмогильный,намогильный		1	7	in_corpus		UNREVIEWED			AUTO_SAFE	23
мяс¹	мяс¹	7	мясистость,мясистый,мяско,мясник,мясной,мясо,мясцо		1	7	in_corpus		UNREVIEWED			AUTO_SAFE	23
пар⁵	пар⁵	7	паренек,парень,парнишка,парнище,парнюга,парняга,паря		1	99	in_corpus		UNREVIEWED			AUTO_SAFE	23
руч²	руч²	7	поручейник,ручеек,ручей,ручейник,ручейный,ручьевой,ручьистый		1	9	in_corpus		UNREVIEWED			AUTO_SAFE	23
чаш	чаш	7	чаша,чашечка,чашечный,чашка,чашник,чашничать,чашный		1	10	in_corpus		UNREVIEWED			AUTO_SAFE	23
бах	бах	6	бах,баханье,бахать,бахаться,бахнуть,бахнуться		2	5	in_corpus		UNREVIEWED			AUTO_SAFE	23
инженер	инженер	6	инженер,инженерия,инженерный,инженерский,инженерство,инженерша		2	14	in_corpus		UNREVIEWED			AUTO_SAFE	23
неб	неб	6	небесный,небность,небный,небо,поднебесный,поднебесье		2	26	in_corpus		UNREVIEWED			AUTO_SAFE	23
челюст	челюст	5	бесчелюстной,надчелюстной,подчелюстной,челюстной,челюсть		3	21	in_corpus		UNREVIEWED			AUTO_SAFE	23
газет	газет	5	газета,газетенка,газетный,газетчик,газетчица		3	18	in_corpus		UNREVIEWED			AUTO_SAFE	23
шторм	шторм	5	шторм,штормить,штормовать,штормовка,штормовой		3	42	in_corpus		UNREVIEWED			AUTO_SAFE	23
серьез	серьез	4	всерьез,серьезничать,серьезность,серьезный		4	48	in_corpus		UNREVIEWED			AUTO_SAFE	23
обон	обон	3	обоняние,обонятельный,обонять		5	20	in_corpus		UNREVIEWED			AUTO_SAFE	23
когда	когда	2	когда,никогда		6	12	in_corpus		UNREVIEWED			AUTO_SAFE	23
феврал	феврал	2	февраль,февральский		6	18	in_corpus		UNREVIEWED			AUTO_SAFE	23
блюд²	блюд²	6	блюдечко,блюдечный,блюдо,блюдце,подблюдник,подблюдный		1	50	in_corpus		UNREVIEWED			AUTO_SAFE	22
верв|верев	верв|верев	6	вервие,вервь,веревка,веревочка,веревочник,веревочный		1	6	in_corpus		UNREVIEWED			AUTO_SAFE	22
дьяк|дьяч	дьяк|дьяч	6	дьяк,дьякон,дьяконина,дьяконство,дьяконствовать,дьячиха		1	9	in_corpus		UNREVIEWED			AUTO_SAFE	22
наст	наст	6	заненаститься,наст,настовик,настовый,ненастный,ненастье		1	8	in_corpus		UNREVIEWED			AUTO_SAFE	22
обил	обил	6	изобилие,изобиловать,изобильный,обилие,обиловать,обильный		1	12	in_corpus		UNREVIEWED			AUTO_SAFE	22
комар	комар	6	комар,комарик,комариный,комарище,комарье,накомарник		1	7	in_corpus		UNREVIEWED			AUTO_SAFE	22
лосос	лосос	6	лососевый,лососий,лососина,лососинный,лососка,лосось		1	7	in_corpus		UNREVIEWED			AUTO_SAFE	22
магазин	магазин	6	магазин,магазинка,магазинный,магазинчик,магазинщик,магазинщица		1	5	in_corpus		UNREVIEWED			AUTO_SAFE	22
тюрем|тюрьм	тюрем|тюрьм	6	подтюремный,притюремный,тюремный,тюремщик,тюремщица,тюрьма		1	4	in_corpus		UNREVIEWED			AUTO_SAFE	22
фонар	фонар	6	фонарик,фонарный,фонарщик,фонарщица,фонарщицкий,фонарь		1	5	in_corpus		UNREVIEWED			AUTO_SAFE	22
ям²	ям²	6	ям,ямской,ямщик,ямщина,ямщицкий,ямщичий		1	23	in_corpus		UNREVIEWED			AUTO_SAFE	22
дерев¹	дерев¹	5	деревенский,деревенщина,деревенька,деревня,деревушка		2	10	in_corpus		UNREVIEWED			AUTO_SAFE	22
жемчуг|жемчуж	жемчуг|жемчуж	5	жемчуг,жемчужина,жемчужница,жемчужный,жемчужок		2	28	in_corpus		UNREVIEWED			AUTO_SAFE	22
лент	лент	5	лента,ленточка,ленточник,ленточница,ленточный		2	10	in_corpus		UNREVIEWED			AUTO_SAFE	22
пакет	пакет	5	пакет,пакетик,пакетный,пакетчик,пакетчица		2	16	in_corpus		UNREVIEWED			AUTO_SAFE	22
пушеч|пушк	пушеч|пушк	5	пушечка,пушечный,пушка,пушкарский,пушкарь		2	22	in_corpus		UNREVIEWED			AUTO_SAFE	22
тигр	тигр	5	тигр,тигренок,тигриный,тигрица,тигровый		2	8	in_corpus		UNREVIEWED			AUTO_SAFE	22
корабел|корабл	корабел|корабл	4	корабельный,корабельщик,кораблик,корабль		3	18	in_corpus		UNREVIEWED			AUTO_SAFE	22
стал	стал	4	сталировать,сталироваться,сталь,стальной		3	773	in_corpus		UNREVIEWED			AUTO_SAFE	22
чан	чан	4	чан,чанный,чановой,чановщик		3	45	in_corpus		UNREVIEWED			AUTO_SAFE	22
горазд	горазд	3	горазд,гораздо,угораздить		4	4	in_corpus		UNREVIEWED			AUTO_SAFE	22
сюда	сюда	3	досюда,отсюда,сюда		4	8	in_corpus		UNREVIEWED			AUTO_SAFE	22
лес³	лес³	2	леса,леска		5	100	in_corpus		UNREVIEWED			AUTO_SAFE	22
тепер	тепер	2	теперешний,теперь		5	10	in_corpus		UNREVIEWED			AUTO_SAFE	22
блох|блош	блох|блош	5	блоха,блошиный,блошистый,блошка,блошливый		1	14	in_corpus		UNREVIEWED			AUTO_SAFE	21
стр	стр	5	встревать,встрять,застревание,застревать,застрять		1	5	in_corpus		UNREVIEWED			AUTO_SAFE	21
гряд¹	гряд¹	5	гряда,грядка,грядковый,грядной,грядовой		1	6	in_corpus		UNREVIEWED			AUTO_SAFE	21
дров	дров	5	дрова,дровишки,дровни,дровяник,дровяной		1	14	in_corpus		UNREVIEWED			AUTO_SAFE	21
дяд	дяд	5	дяденька,дядечка,дядька,дядюшка,дядя		1	6	in_corpus		UNREVIEWED			AUTO_SAFE	21
костер|костр²	костер|костр²	5	костер,костерчик,костерщик,кострище,костровый		1	26	in_corpus		UNREVIEWED			AUTO_SAFE	21
ламп	ламп	5	лампа,ламповщик,ламповщица,ламповый,лампочка		1	16	in_corpus		UNREVIEWED			AUTO_SAFE	21
лен²|лен|льн	лен²|лен|льн	5	лен,ленок,льнянка,льняной,полениваться		1	21	in_corpus		UNREVIEWED			AUTO_SAFE	21
мурав|мураш	мурав|мураш	5	муравей,муравейник,муравьиный,мураш,мурашка		1	24	in_corpus		UNREVIEWED			AUTO_SAFE	21
ртут|ртуч	ртут|ртуч	5	нартутить,нартучивать,ртутить,ртутный,ртуть		1	5	in_corpus		UNREVIEWED			AUTO_SAFE	21
нор	нор	5	нора,норичник,норичниковые,норка,норный		1	13	in_corpus		UNREVIEWED			AUTO_SAFE	21
сен³	сен³	5	осенить,осенять,осеняться,сенистый,сень		1	16	in_corpus		UNREVIEWED			AUTO_SAFE	21
штан	штан	5	подштанники,штанина,штанишки,штанной,штаны		1	4	in_corpus		UNREVIEWED			AUTO_SAFE	21
суров	суров	5	посуроветь,суроветь,суровость,суровый,суровье		1	8	in_corpus		UNREVIEWED			AUTO_SAFE	21
тщ¹	тщ¹	5	потщиться,тщание,тщательность,тщательный,тщиться		1	5	in_corpus		UNREVIEWED			AUTO_SAFE	21
слобод|слобож	слобод|слобож	5	слобода,слободка,слободской,слобожанин,слобожанка		1	17	in_corpus		UNREVIEWED			AUTO_SAFE	21
спор	спор	5	спориться,спорость,спорый,спорынья,спорыш		1	115	in_corpus		UNREVIEWED			AUTO_SAFE	21
стержен|стержн	стержен|стержн	5	стерженек,стерженщик,стерженщица,стержень,стержневой		1	5	in_corpus		UNREVIEWED			AUTO_SAFE	21
лепест	лепест	4	безлепестной,лепестковый,лепесток,подлепестный		2	4	in_corpus		UNREVIEWED			AUTO_SAFE	21
круж²	круж²	4	кружечка,кружечный,кружища,кружка		2	317	in_corpus		UNREVIEWED			AUTO_SAFE	21
номер	номер	4	номер,номерной,номерок,номерщик		2	24	in_corpus		UNREVIEWED			AUTO_SAFE	21
флот	флот	4	флот,флотик,флотилия,флотский		2	46	in_corpus		UNREVIEWED			AUTO_SAFE	21
холм	холм	4	холм,холмистость,холмистый,холмиться		2	14	in_corpus		UNREVIEWED			AUTO_SAFE	21
нол	нол	3	нолевой,нолик,ноль		3	6	in_corpus		UNREVIEWED			AUTO_SAFE	21
лил	лил	2	лилейный,лилия		4	20	in_corpus		UNREVIEWED			AUTO_SAFE	21
кабак|кабат|кабац|кабач¹	кабак|кабат|кабац|кабач¹	5	кабак,кабатчик,кабатчица,кабацкий,кабачок		0	0	many_alternations		UNREVIEWED			REVIEW	20
апостол	апостол	4	апостол,апостолический,апостольский,апостольство		1	13	in_corpus		UNREVIEWED			AUTO_SAFE	20
башен|башн	башен|башн	4	башенка,башенный,башня,подбашенный		1	4	in_corpus		UNREVIEWED			AUTO_SAFE	20
дам	дам	4	дама,дамка,дамочка,дамский		1	237	in_corpus		UNREVIEWED			AUTO_SAFE	20
ерес|ерет	ерес|ерет	4	ересь,еретик,еретический,еретичка		1	4	in_corpus		UNREVIEWED			AUTO_SAFE	20
жгут	жгут	4	жгут,жгутик,жгутиковый,жгутовый		1	8	in_corpus		UNREVIEWED			AUTO_SAFE	20
флаг|флаж	флаг|флаж	4	зафлажить,флаг,флажный,флажок		1	4	in_corpus		UNREVIEWED			AUTO_SAFE	20
капуст	капуст	4	капуста,капустник,капустница,капустный		1	13	in_corpus		UNREVIEWED			AUTO_SAFE	20
мис	мис	4	миска,мисочка,мисочник,мисочный		1	3	in_corpus		UNREVIEWED			AUTO_SAFE	20
молн	молн	4	молнийка,молнийный,молнировать,молния		1	3	in_corpus		UNREVIEWED			AUTO_SAFE	20
мускул	мускул	4	мускул,мускулатура,мускулистый,мускульный		1	4	in_corpus		UNREVIEWED			AUTO_SAFE	20
наив	наив	4	наивничанье,наивничать,наивность,наивный		1	3	in_corpus		UNREVIEWED			AUTO_SAFE	20
осетр	осетр	4	осетр,осетрина,осетринный,осетровый		1	4	in_corpus		UNREVIEWED			AUTO_SAFE	20
плен²|плен	плен²|плен	4	плена,пленка,пленочный,пленчатый		1	10	in_corpus		UNREVIEWED			AUTO_SAFE	20
сиг²|сиж²	сиг²|сиж²	4	сиг,сиговина,сиговый,сижок		1	4	in_corpus		UNREVIEWED			AUTO_SAFE	20
труп	труп	4	струп,струпный,труп,трупный		1	3	in_corpus		UNREVIEWED			AUTO_SAFE	20
талант	талант	4	талант,талантище,талантливость,талантливый		1	4	in_corpus		UNREVIEWED			AUTO_SAFE	20
щук|щуч¹	щук|щуч¹	4	щука,щучий,щучина,щучка		1	18	in_corpus		UNREVIEWED			AUTO_SAFE	20
атак	атак	3	атака,атаковать,атаковаться		2	12	in_corpus		UNREVIEWED			AUTO_SAFE	20
бак|бач	бак|бач	3	бак,баковый,бачок		2	11	in_corpus		UNREVIEWED			AUTO_SAFE	20
герб	герб	3	герб,гербовник,гербовый		2	12	in_corpus		UNREVIEWED			AUTO_SAFE	20
изящ	изящ	3	изящество,изящность,изящный		2	8	in_corpus		UNREVIEWED			AUTO_SAFE	20
ключ²	ключ²	3	ключ,ключевой,ключик		2	236	in_corpus		UNREVIEWED			AUTO_SAFE	20
колыб	колыб	3	колыбель,колыбелька,колыбельный		2	6	in_corpus		UNREVIEWED			AUTO_SAFE	20
курган	курган	3	курган,курганный,курганчик		2	10	in_corpus		UNREVIEWED			AUTO_SAFE	20
монастыр	монастыр	3	монастырка,монастырский,монастырь		2	26	in_corpus		UNREVIEWED			AUTO_SAFE	20
яич|яйц	яич|яйц	3	яичница,яичный,яйцевой		2	598	in_corpus		UNREVIEWED			AUTO_SAFE	20
где	где	2	где,нигде		3	9	in_corpus		UNREVIEWED			AUTO_SAFE	20
кош⁴	кош⁴	2	кош,кошница		3	13	in_corpus		UNREVIEWED			AUTO_SAFE	20
сурк|сурок|суроч|сурч	сурк|сурок|суроч|сурч	4	сурковый,сурок,сурочий,сурчина		0	0	many_alternations		UNREVIEWED			REVIEW	19
шворен|шворн|шкворен|шкворн	шворен|шворн|шкворен|шкворн	4	шворень,шворневой,шкворень,шкворневой		0	0	many_alternations		UNREVIEWED			REVIEW	19
банк|баноч	банк|баноч	3	банка,баночка,баночный		1	37	in_corpus		UNREVIEWED			AUTO_SAFE	19
стен³	стен³	3	застенчивость,застенчивый,стень		1	2	in_corpus		UNREVIEWED			AUTO_SAFE	19
злак|злач	злак|злач	3	злак,злаковый,злачный		1	3	in_corpus		UNREVIEWED			AUTO_SAFE	19
исчез	исчез	3	исчезать,исчезновение,исчезнуть		1	3	in_corpus		UNREVIEWED			AUTO_SAFE	19
кукуруз	кукуруз	3	кукуруза,кукурузник,кукурузный		1	2	in_corpus		UNREVIEWED			AUTO_SAFE	19
очаг|очаж	очаг|очаж	3	очаг,очаговый,очажок		1	3	in_corpus		UNREVIEWED			AUTO_SAFE	19
рот²	рот²	3	поротно,рота,ротный		1	10	in_corpus		UNREVIEWED			AUTO_SAFE	19
русл	русл	3	прирусловый,русло,русловый		1	42	in_corpus		UNREVIEWED			AUTO_SAFE	19
стад	стад	3	стадо,стадность,стадный		1	3	in_corpus		UNREVIEWED			AUTO_SAFE	19
баян	баян	2	баян,баянист		2	50	in_corpus		UNREVIEWED			AUTO_SAFE	19
кал³	кал³	2	кал,каловый		2	10	in_corpus		UNREVIEWED			AUTO_SAFE	19
куб²	куб²	2	куб,кубовый		2	34	in_corpus		UNREVIEWED			AUTO_SAFE	19
лин¹	лин¹	2	линек,линь		2	17	in_corpus		UNREVIEWED			AUTO_SAFE	19
омул	омул	2	омулевый,омуль		2	4	in_corpus		UNREVIEWED			AUTO_SAFE	19
тут	тут	2	тут,тутошний		2	11	in_corpus		UNREVIEWED			AUTO_SAFE	19
везде	везде	1	везде		3	0	in_corpus		UNREVIEWED			AUTO_SAFE	19
балк|балоч	балк|балоч	2	балка,балочный		1	2	in_corpus		UNREVIEWED			AUTO_SAFE	18
душ²	душ²	2	душ,душевой		1	175	in_corpus		UNREVIEWED			AUTO_SAFE	18
компас	компас	2	компас,компасный		1	2	in_corpus		UNREVIEWED			AUTO_SAFE	18
кремл	кремл	2	кремлевский,кремль		1	2	in_corpus		UNREVIEWED			AUTO_SAFE	18
налим	налим	2	налим,налимий		1	1	in_corpus		UNREVIEWED			AUTO_SAFE	18
прапор	прапор	2	подпрапорщик,прапорщик		1	3	in_corpus		UNREVIEWED			AUTO_SAFE	18
радуш	радуш	2	радушие,радушный		1	2	in_corpus		UNREVIEWED			AUTO_SAFE	18
рынок|рыноч	рынок|рыноч	2	рынок,рыночный		1	2	in_corpus		UNREVIEWED			AUTO_SAFE	18
свит	свит	2	свита,свитка		1	923	in_corpus		UNREVIEWED			AUTO_SAFE	18
шатер|шатр	шатер|шатр	2	шатер,шатровый		1	2	in_corpus		UNREVIEWED			AUTO_SAFE	18
ящик|ящич	ящик|ящич	2	ящик,ящичек		1	3	in_corpus		UNREVIEWED			AUTO_SAFE	18
девер	девер	1	деверь		1	0	in_corpus		UNREVIEWED			AUTO_SAFE	17
мяс²|мят¹	мяс²|мят¹	14	безмятежие,безмятежность,безмятежный,всмятку,мястись,мятеж,мятежник,мятежнический,мятежный,мятущийся,смятение,смятенность,смятенный,сумятица		0	0			UNREVIEWED			REVIEW	14
боч¹	боч¹	14	бочар,бочарить,бочарничать,бочарный,бочарня,бочечка,бочечный,бочка,бочковатость,бочковатый,бочковый,бочонок,бочоночек,бочоночный		0	64			UNREVIEWED			REVIEW	14
бу(j)	бу(j)	14	буйность,буйный,буйственный,буйство,буйствовать,буян,буянить,буянство,забуянить,набуянить,набуяниться,обуять,побуянить,разбуяниться		0	0			UNREVIEWED			REVIEW	14
ерош|ерш	ерош|ерш	14	взъерошенный,взъерошивать,взъерошиваться,взъерошить,взъерошиться,ерошение,ерошить,ерошиться,ершик,ершистый,ершиться,ершовый,ершом,поершиться		0	0			UNREVIEWED			REVIEW	14
внук|внуч	внук|внуч	14	внук,внука,внучата,внучатный,внучатый,внучек,внученька,внучка,внучонок,правнук,правнучек,правнучка,праправнук,праправнучка		0	0			UNREVIEWED			REVIEW	14
жад|жажд	жад|жажд	14	возжаждать,жадина,жаднеть,жадничать,жадность,жадный,жадоба,жадобный,жадюга,жажда,жаждать,жаждущий,пожадничать,сжадничать		0	0			UNREVIEWED			REVIEW	14
трал	трал	14	вытраливать,вытраливаться,вытралить,протраливать,протраливаться,протралить,трал,траление,тралер,тралить,тралиться,траловый,тральный,тральщик		0	0			UNREVIEWED			REVIEW	14
франт|франч	франт|франч	14	выфрантиться,зафрантить,пофрантить,прифрантиться,расфрантиться,расфранченный,франт,франтик,франтить,франтиха,франтоватость,франтоватый,франтовской,франтовство		0	0			UNREVIEWED			REVIEW	14
шпар	шпар	14	вышпаривание,вышпаривать,вышпариваться,вышпарить,нашпаривать,нашпариваться,нашпарить,ошпаривать,ошпариваться,ошпарить,ошпариться,ошпарка,шпарить,шпариться		0	0			UNREVIEWED			REVIEW	14
губ¹	губ¹	14	губитель,губительница,губительность,губительный,губить,загубить,изгубить,пагуба,пагубность,пагубный,перегубить,погубитель,погубить,сгубить		0	0			UNREVIEWED			REVIEW	14
короб²	короб²	14	закоробиться,искоробить,искоробиться,коробить,коробиться,коробление,коробленый,перекоробить,покоробить,покоробиться,покоробленный,скоробить,скоробиться,скоробленный		0	0			UNREVIEWED			REVIEW	14
мызг	мызг	14	замызганный,замызгать,замызгаться,замызгивать,замызгиваться,измызганный,измызгать,измызгаться,измызгивать,измызгиваться,мызгать,обмызганный,обмызгать,обмызгаться		0	0			UNREVIEWED			REVIEW	14
мыт	мыт	14	замытарить,замытариться,измытарить,измытариться,мыт,мытарить,мытариться,мытарство,мытарь,мытный,мыто,помытарить,помытариться,размытарить		0	40			UNREVIEWED			REVIEW	14
зате(j)	зате(j)	14	затевать,затеваться,затейливость,затейливый,затейник,затейница,затейничать,затейничество,затейный,затейщик,затейщица,затея,затеять,затеяться		0	0			UNREVIEWED			REVIEW	14
торец|торц	торец|торц	14	заторцевать,заторцовывать,заторцовываться,приторцевать,приторцовывать,приторцовываться,сторцевать,торец,торцевание,торцевать,торцеваться,торцевой,торцовка,торцовый		0	0			UNREVIEWED			REVIEW	14
фыр|фырк|фырч	фыр|фырк|фырч	14	зафыркать,зафырчать,нафыркать,пофыркать,пофыркивать,фыра,фырканье,фыркать,фыркнуть,фыркун,фыркунья,фырнуть,фырок,фырчать		0	0			UNREVIEWED			REVIEW	14
шифр	шифр	14	зашифровать,зашифровывать,зашифровываться,расшифровать,расшифровка,расшифровщик,расшифровывать,расшифровываться,шифр,шифровальщик,шифрованный,шифровать,шифроваться,шифровка		0	0			UNREVIEWED			REVIEW	14
нур	нур	14	изнурение,изнуренность,изнуренный,изнурительность,изнурительный,изнурить,изнуриться,изнурять,изнуряться,понуривать,понурить,понуриться,понурость,понурый		0	0			UNREVIEWED			REVIEW	14
калек|калеч	калек|калеч	14	искалеченный,искалечивать,искалечиваться,искалечить,искалечиться,калека,калеченый,калечить,калечиться,перекалечивать,перекалечиваться,перекалечить,покалечить,покалечиться		0	0			UNREVIEWED			REVIEW	14
караул	караул	14	караул,караулить,караулка,караульный,караульня,караульщик,подкарауливать,подкарауливаться,подкараулить,покараулить,прокарауливать,прокараулить,укарауливать,укараулить		0	0			UNREVIEWED			REVIEW	14
квит	квит	14	квитанционный,квитанция,квитаться,квиты,отквитать,отквитаться,отквитывать,отквитываться,поквитаться,расквитаться,сквитать,сквитаться,сквитывать,сквитываться		0	0			UNREVIEWED			REVIEW	14
мек	мек	14	кумекать,намек,намекать,намекаться,намекнуть,невдомек,покумекать,посмекать,раскумекать,смекалистость,смекалистый,смекалка,смекать,смекнуть		0	0			UNREVIEWED			REVIEW	14
собак|собач	собак|собач	14	насобачиться,собака,собачата,собачей,собаченька,собачий,собачина,собачиться,собачища,собачка,собачливый,собачник,собачница,собачонка		0	0			UNREVIEWED			REVIEW	14
хлыст|хлыщ	хлыст|хлыщ	14	отхлыстать,отхлыстывать,отхлыстываться,хлыст,хлыстать,хлыстаться,хлыстик,хлыстнуть,хлыстовик,хлыстовка,хлыстовский,хлыстовство,хлыстовый,хлыщ		0	0			UNREVIEWED			REVIEW	14
резин	резин	14	прорезиненный,прорезинивать,прорезиниваться,прорезинить,прорезиниться,прорезинка,резина,резинить,резинка,резинковый,резинный,резиновый,резинщик,резинщица		0	0			UNREVIEWED			REVIEW	14
реп¹	реп¹	14	репа,репица,репища,репка,репница,репный,репняк,реповник,реповый,репчатый,сурепа,сурепица,сурепка,сурепный		0	0			UNREVIEWED			REVIEW	14
свин	свин	14	свинарка,свинарник,свинарный,свинарня,свинарский,свинарь,свиненок,свинина,свининка,свинка,свинтус,свинуха,свинушка,свинушник		0	0			UNREVIEWED			REVIEW	14
тряп	тряп	14	тряпица,тряпичка,тряпичник,тряпичница,тряпичничать,тряпичничество,тряпичность,тряпичный,тряпка,тряпной,тряпочка,тряпочный,тряпье,тряпьевый		0	0			UNREVIEWED			REVIEW	14
хряск|хряст|хрящ	хряск|хряст|хрящ	14	хряск,хряскать,хряский,хрястать,хрястнуть,хрястнуться,хрящ,хрящеватость,хрящеватый,хрящевик,хрящевина,хрящевинный,хрящевой,хрящик		0	0			UNREVIEWED			REVIEW	14
лош	лош	13	безлошадник,безлошадный,лошаденка,лошадиный,лошадища,лошадка,лошадник,лошадь,лошак,лошачий,лошачок,лошонок,обезлошадеть		0	0			UNREVIEWED			REVIEW	13
шелух|шелуш	шелух|шелуш	13	вышелушивать,вышелушиваться,вышелушить,зашелушиться,нашелушить,нашелушиться,отшелушить,отшелушиться,ошелушить,шелуха,шелушение,шелушить,шелушиться		0	0			UNREVIEWED			REVIEW	13
горл	горл	13	горлан,горланить,горластый,горлач,горлинка,горлица,горло,горловина,горловой,горлышко,горлянка,загорланить,прогорланить		0	0			UNREVIEWED			REVIEW	13
гус	гус	13	гусак,гусачок,гусек,гусем,гусенок,гусеныш,гусиный,гусыня,гусь,гуськом,гусятина,гусятник,гусятнипа		0	0			UNREVIEWED			REVIEW	13
жул	жул	13	жулик,жуликоватость,жуликоватый,жулье,жульничать,жульнический,жульничество,зажуливать,зажуливаться,зажулить,обжуливать,обжуливаться,обжулить		0	0			UNREVIEWED			REVIEW	13
кабал	кабал	13	закабаление,закабалить,закабалиться,закабалять,закабаляться,кабала,кабалить,кабальный,подкабальный,раскабалить,раскабалиться,раскабалять,раскабаляться		0	0			UNREVIEWED			REVIEW	13
кляс|клят	кляс|клят	13	заклясть,заклятие,заклятый,клясть,клясться,клятва,клятвенный,клятый,поклясться,проклясть,проклятие,проклятый,распроклятый		0	0			UNREVIEWED			REVIEW	13
лав¹	лав¹	13	залавок,лавка,лавонька,лавочка,лавочник,лавочница,лавочный,лавчонка,наприлавочный,подлавок,подлавочье,прилавок,прилавочный		0	0			UNREVIEWED			REVIEW	13
скор²	скор²	13	заскорузлость,заскорузлый,заскорузнуть,скора,скорняжий,скорняжить,скорняжничать,скорняжный,скорняк,скорнячество,скорнячить,скорнячка,скорье		0	196			UNREVIEWED			REVIEW	13
терз	терз	13	затерзать,истерзанный,истерзать,истерзаться,растерзание,растерзанный,растерзать,растерзывать,растерзываться,терзание,терзатель,терзать,терзаться		0	0			UNREVIEWED			REVIEW	13
трапез	трапез	13	затрапез,затрапеза,затрапезка,затрапезный,потрапезовать,сотрапезник,сотрапезничать,трапеза,трапезник,трапезница,трапезничать,трапезный,трапезовать		0	0			UNREVIEWED			REVIEW	13
чир²	чир²	13	зачирикать,отчирикать,почирикать,расчирикаться,чиренок,чирик,чириканье,чирикать,чирикнуть,чирок,чируха,чирята,чирятина		0	0			UNREVIEWED			REVIEW	13
смерд|смород|смрад	смерд|смород|смрад	13	насмердеть,смерд,смердеть,смородина,смородинка,смородинник,смородинный,смородиновка,смородиновый,смородовый,смрад,смрадность,смрадный		0	0			UNREVIEWED			REVIEW	13
стерв	стерв	13	остервенелый,остервенение,остервененный,остервенеть,остервенить,остервениться,стерва,стервенеть,стервец,стервоза,стервозный,стервятина,стервятник		0	0			UNREVIEWED			REVIEW	13
стрек¹	стрек¹	13	острекавить,острекавиться,острекать,острекаться,стрекава,стрекавить,стрекавиться,стрекало,стрекательный,стрекать,стрекаться,стрекнуть,стрекун		0	0			UNREVIEWED			REVIEW	13
сокол	сокол	13	сокол,соколенок,соколец,соколий,соколик,соколиный,соколиха,соколок,сокольник,сокольничий,сокольский,сокольство,соколятник		0	0			UNREVIEWED			REVIEW	13
адрес	адрес	12	адрес,адресант,адресантка,адресат,адресный,адресование,адресовать,адресоваться,адресок,переадресовать,переадресовка,переадресовывать		0	0			UNREVIEWED			REVIEW	12
арест	арест	12	арест,арестант,арестантка,арестантский,арестный,арестованный,арестовать,арестовывать,арестовываться,заарестовать,заарестовывать,переарестовать		0	0			UNREVIEWED			REVIEW	12
денеж|деньг|деньж	денеж|деньг|деньж	12	безденежность,безденежный,безденежье,денежка,денежник,денежный,деньга,деньги,деньжата,деньжищи,обезденежеть,обезденежить		0	0			UNREVIEWED			REVIEW	12
игл|игол|ыгл	игл|игол|ыгл	12	безыглый,игла,иглица,игловатый,иглянка,иголка,иголочка,иголочник,иголочный,игольница,игольчатый,игольщщик		0	0			UNREVIEWED			REVIEW	12
коров	коров	12	бескоровность,бескоровный,корова,коровенка,коровий,коровища,коровка,коровник,коровница,коровонька,коровушка,коровяк		0	0			UNREVIEWED			REVIEW	12
церемон	церемон	12	бесцеремонность,бесцеремонный,поцеремониться,церемониал,церемониальный,церемониться,церемония,церемонник,церемонница,церемонничать,церемонность,церемонный		0	0			UNREVIEWED			REVIEW	12
бук⁴|буч¹	бук⁴|буч¹	12	бук,бучение,бучильник,бучильный,бучить,бучиться,забучивать,набучивать,набучить,отбучивать,отбучиваться,отбучить		0	18			UNREVIEWED			REVIEW	12
лоп	лоп	12	влопаться,влопываться,лопать,лопаться,лопнуть,налопаться,облопаться,перелопать,перелопаться,полопать,полопаться,слопать		0	0			UNREVIEWED			REVIEW	12
горд	горд	12	возгордиться,горделивец,горделивость,горделивый,гордец,гордиться,гордость,гордый,гордыня,гордячка,загордиться,погордиться		0	0			UNREVIEWED			REVIEW	12
мечт	мечт	12	возмечтать,замечтаться,мечта,мечтание,мечтатель,мечтательница,мечтательность,мечтательный,мечтать,намечтаться,помечтать,размечтаться		0	0			UNREVIEWED			REVIEW	12
полох|полош|полых	полох|полош|полых	12	всполох,всполошить,всполошиться,всполыхнуть,заполыхать,переполошить,переполошиться,полошить,полошиться,полыхать,полыхнуть,сполох		0	0			UNREVIEWED			REVIEW	12
тоск|тощ²	тоск|тощ²	12	встосковаться,затосковать,истосковаться,потосковать,протосковать,растосковаться,стосковаться,тоска,тоскливость,тоскливый,тосковать,тощища		0	0			UNREVIEWED			REVIEW	12
жереб¹|жереб	жереб¹|жереб	12	выжереб,жеребая,жеребенок,жеребец,жеребиться,жеребость,жеребцовый,жеребчик,жеребятина,жеребячий,ожеребиться,сужеребая		0	0			UNREVIEWED			REVIEW	12
гов	гов	12	говельщик,говельщица,говенье,говеть,заговены,заговенье,заговеться,заговляться,разговеться,разговляться,розговенье,розговины		0	0			UNREVIEWED			REVIEW	12
гуд	гуд	12	гуд,гудение,гудеть,гудковый,гудок,гудочник,гудочный,загудеть,отгудеть,погудеть,погудка,прогудеть		0	0			UNREVIEWED			REVIEW	12
дерз	дерз	12	дерзание,дерзать,дерзить,дерзкий,дерзновение,дерзновенность,дерзновенный,дерзнуть,дерзостность,дерзостный,дерзость,надерзить		0	65			UNREVIEWED			REVIEW	12
тошн	тошн	12	дотошность,дотошный,затошнить,истошный,стошнить,тошнехонько,тошнешенько,тошнить,тошно,тошнота,тошнотный,тошный		0	0			UNREVIEWED			REVIEW	12
ик	ик	12	заика,заикание,заикаться,заикнуться,икание,икать,икаться,икнуть,икнуться,икота,поикать,поикивать		0	0			UNREVIEWED			REVIEW	12
плеш	плеш	12	заплешиветь,заплешина,оплешиветь,оплешивить,плешиветь,плешивость,плешивый,плешина,плешинка,плешка,плешь,проплешина		0	0			UNREVIEWED			REVIEW	12
стог|стож	стог|стож	12	застоговать,подстожье,стог,стоговальщик,стогование,стоговать,стоговаться,стоговище,стоговой,стожар,стожить,стожок		0	0			UNREVIEWED			REVIEW	12
черств	черств	12	зачерствелость,зачерствелый,зачерстветь,очерствелость,очерствелый,очерстветь,перечерстветь,почерствелый,почерстветь,черстветь,черствость,черствый		0	0			UNREVIEWED			REVIEW	12
штамп	штамп	12	заштамповать,отштамповать,штамп,штампист,штамповальный,штампованный,штамповать,штамповаться,штамповка,штамповочный,штамповщик,штамповщица		0	0			UNREVIEWED			REVIEW	12
щегол²|щегол	щегол²|щегол	12	защеголять,перещеголять,пощеголять,щеголеватость,щеголеватый,щеголиха,щеголь,щегольнуть,щегольской,щегольство,щеголянье,щеголять		0	0			UNREVIEWED			REVIEW	12
нищ	нищ	12	изнищать,нищание,нищать,нищенка,нищенский,нищенство,нищенствовать,нищета,нищий,обнищалый,обнищание,обнищать		0	0			UNREVIEWED			REVIEW	12
кореж	кореж	12	искореженный,искореживать,искореживаться,искорежить,искорежиться,корежить,корежиться,покорежить,покорежиться,скореженный,скорежить,скорежиться		0	0			UNREVIEWED			REVIEW	12
казен|казн²	казен|казн²	12	казенник,казенный,казенщина,казна,казначей,казначейский,казначейство,казначейша,оказенивать,оказениваться,оказенить,оказениться		0	0			UNREVIEWED			REVIEW	12
крот¹|крощ	крот¹|крощ	12	кроткий,кроткость,неукротимость,неукротимый,укротитель,укротительница,укротить,укротиться,укрощать,укрощаться,укрощение,укрощенный		0	0			UNREVIEWED			REVIEW	12
локач|локот|локт	локач|локот|локт	12	локотник,локоток,локоточек,локоть,локтевой,налокотник,облокачивать,облокачиваться,облокотить,облокотиться,подлокотник,подлокотный		0	0			UNREVIEWED			REVIEW	12
луг|луж¹	луг|луж¹	12	луг,луговик,луговина,луговинный,луговой,лужаечка,лужайка,лужицкий,лужичанин,лужичанка,лужок,лужочек		0	0			UNREVIEWED			REVIEW	12
мам	мам	12	мама,мамаша,мамашенька,маменька,маменькин,мамин,мамка,мамонька,мамочка,мамуля,мамуся,мамушка		0	0			UNREVIEWED			REVIEW	12
маст¹|мащ¹	маст¹|мащ¹	12	мастистый,маститость,маститый,масть,намастить,намащивать,умастить,умаститься,умащать,умащаться,умащивать,умащиваться		0	21			UNREVIEWED			REVIEW	12
перст|перч²	перст|перч²	12	наперсток,наперсточный,наперстянка,перст,перстенек,перстень,перстневой,перстяной,перчатка,перчаточник,перчаточница,перчаточный		0	0			UNREVIEWED			REVIEW	12
уст²|усь|ущ	уст²|усь|ущ	12	науститель,наустить,науськать,науськивание,науськивать,наущать,наущение,подуськать,подуськивать,усь,уськать,уськнуть		0	0			UNREVIEWED			REVIEW	12
порос	порос	12	опорос,опороситься,поросенок,пороситься,порося,поросятина,поросятник,поросячий,супоросая,супоросная,супоросность,супоросость		0	0			UNREVIEWED			REVIEW	12
скот	скот	12	оскотиниться,поскотина,скот,скотий,скотина,скотинка,скотинушка,скотник,скотница,скотный,скотский,скотство		0	0			UNREVIEWED			REVIEW	12
топыр	топыр	12	оттопыренный,оттопыривать,оттопыриваться,оттопырить,оттопыриться,растопыривать,растопыриваться,растопырить,растопыриться,растопырка,топырить,топыриться		0	0			UNREVIEWED			REVIEW	12
сох¹|сош	сох¹|сош	12	посох,посошковый,посошный,посошок,рассоха,рассошистый,соха,сохатый,сошка,сошник,сошниковый,сошный		0	20			UNREVIEWED			REVIEW	12
пуп	пуп	12	пуп,пупавка,пупавник,пупковый,пуповина,пупок,пупочек,пупочный,пупыристый,пупырчатый,пупырышек,пупырь		0	0			UNREVIEWED			REVIEW	12
рж²|рож³	рж²|рож³	11	аржанец,ржанец,ржанище,ржанка,ржанковые,ржаной,ржище,рожь,суржа,суржанка,суржанковый		0	0			UNREVIEWED			REVIEW	11
баламут|баламуч	баламут|баламуч	11	баламут,баламутить,баламутиться,баламутица,баламутка,баламутный,взбаламутить,взбаламутиться,взбаламученный,забаламутить,набаламутить		0	0			UNREVIEWED			REVIEW	11
ба²|бо²	ба²|бо²	11	безбоязненность,безбоязненный,боязливость,боязливый,боязно,боязнь,бояться,небось,побаиваться,побояться,убояться		0	0			UNREVIEWED			REVIEW	11
ведр²	ведр²	11	безведренность,безведренный,ведренеть,ведренный,ведро,ведрышко,выведрить,разведривать,разведриваться,разведрить,разведриться		0	0			UNREVIEWED			REVIEW	11
берез	берез	11	береза,березина,березка,березник,березняк,березовик,березовица,березовка,березовый,березонька,подберезовик		0	0			UNREVIEWED			REVIEW	11
черен|череш¹	черен|череш¹	11	бесчерешковые,отчеренковать,черенкование,черенковать,черенковаться,черенковый,черенок,череночный,черенчатый,черешковый,черешок		0	0			UNREVIEWED			REVIEW	11
бледн	бледн	11	бледненький,бледнеть,бледнехонький,бледнешенький,бледнить,бледноватость,бледноватый,бледность,бледнота,бледный,побледнеть		0	0			UNREVIEWED			REVIEW	11
болван|болваш	болван|болваш	11	болван,болванистый,болванка,болваночный,болванчик,болвашка,оболваненный,оболванивать,оболваниваться,оболванить,оболваниться		0	0			UNREVIEWED			REVIEW	11
брех	брех	11	брех,брехать,брехнуть,брехня,брехун,брехунец,брехунья,набрехать,набрехаться,сбрехать,сбрехнуть		0	0			UNREVIEWED			REVIEW	11
брык	брык	11	брыкание,брыкать,брыкаться,брыкливый,брыкнуть,брыкнуться,брыкун,брыкунья,взбрыкивать,взбрыкнуть,забрыкаться		0	0			UNREVIEWED			REVIEW	11
бух²	бух²	11	бухание,бухать,бухаться,бухнуть,бухнуться,вбухать,вбухаться,вбухивать,забухать,набухать,подбухать		0	0			UNREVIEWED			REVIEW	11
волк|волч	волк|волч	11	волк,волковщик,волчанка,волчатник,волчец,волчий,волчиха,волчица,волчище,волчок,волчонок		0	0			UNREVIEWED			REVIEW	11
кря	кря	11	вскрякивать,вскрякнуть,закрякать,кряканье,крякать,кряква,крякнуть,кряковый,крякуша,покрякать,покрякивать		0	0			UNREVIEWED			REVIEW	11
суе	суе	11	всуе,засуетиться,насуетиться,посуетиться,суета,суетиться,суетливость,суетливый,суетность,суетный,суетня		0	0			UNREVIEWED			REVIEW	11
дуд	дуд	11	выдудить,дуда,дударь,дудеть,дудка,дудник,дудочка,дудочный,дудчатый,подудеть,подудить		0	0			UNREVIEWED			REVIEW	11
зуд|зуж	зуд|зуж	11	вызудить,зуд,зуда,зудение,зудень,зудеть,зудила,зудить,подзудить,подзуживать,раззудеться		0	0			UNREVIEWED			REVIEW	11
глин	глин	11	глина,глинизация,глинизировать,глинизироваться,глинистость,глинистый,глинище,глинный,суглинистый,суглинковый,суглинок		0	0			UNREVIEWED			REVIEW	11
наг|наж	наг|наж	11	донага,нагишом,нагой,нагота,обнажать,обнажаться,обнажение,обнаженность,обнаженный,обнажить,обнажиться		0	0			UNREVIEWED			REVIEW	11
за(j)	за(j)	11	заинька,зайка,зайчатина,зайчик,зайчиха,зайчишка,зайчонок,заюшка,заяц,заячий,заячина		0	0			UNREVIEWED			REVIEW	11
каприз	каприз	11	закапризничать,каприз,капризить,капризник,капризница,капризничанье,капризничать,капризный,капризуля,покапризничать,раскапризничаться		0	0			UNREVIEWED			REVIEW	11
мельк|мельт	мельк|мельт	11	замелькать,замельтешить,мелькание,мелькать,мелькнуть,мельком,мельтешить,мельтешиться,помелькать,примелькаться,промелькнуть		0	0			UNREVIEWED			REVIEW	11
петел|петл	петел|петл	11	запетлять,петелька,петельный,петлевой,петлить,петлица,петличка,петличный,петля,петлять,пропетлять		0	0			UNREVIEWED			REVIEW	11
пост¹	пост¹	11	запоститься,перепоститься,попоститься,пост,поститься,постник,постница,постничать,постнический,постничество,постный		0	0			UNREVIEWED			REVIEW	11
рифм	рифм	11	зарифмованный,зарифмовать,зарифмовывать,зарифмовываться,рифма,рифмач,рифмованный,рифмовать,рифмоваться,рифмовка,срифмовать		0	0			UNREVIEWED			REVIEW	11
скваж|сквоз	скваж|сквоз	11	засквозить,насквозь,просквозить,скважина,скважинка,скважистый,скважность,скважный,сквозистый,сквознной,сквознячок		0	0			UNREVIEWED			REVIEW	11
тыл	тыл	11	затылок,затылочный,затыльник,подзатылок,подзатылочный,подзатыльник,потылица,тыл,тыловик,тыловой,тыльный		0	0			UNREVIEWED			REVIEW	11
ух³	ух³	11	заухать,уханье,ухарский,ухарство,ухарствовать,ухарь,ухать,ухаться,ухма,ухнуть,ухнуться		0	0			UNREVIEWED			REVIEW	11
хап	хап	11	захапать,захапывать,нахапать,охапка,схапать,хапанцы,хапать,хапаться,хапнуть,хапуга,хапун		0	0			UNREVIEWED			REVIEW	11
хомут	хомут	11	захомутать,подхомутник,расхомутать,хомут,хомутать,хомутик,хомутина,хомутник,хомутный,хомуток,хомутчик		0	0			UNREVIEWED			REVIEW	11
хруст|хрущ	хруст|хрущ	11	захрустеть,похрустеть,прохрустеть,хруст,хрустать,хрустеть,хрусткий,хрустнуть,хрусток,хрущ,хрущик		0	0			UNREVIEWED			REVIEW	11
чах	чах	11	зачахнуть,исчахнуть,перечахнуть,почахнуть,чахлик,чахлость,чахлый,чахнуть,чахотка,чахоточность,чахоточный		0	0			UNREVIEWED			REVIEW	11
чмок	чмок	11	зачмокать,почмокать,почмокивать,причмокивать,причмокнуть,чмок,чмоканье,чмокать,чмокаться,чмокнуть,чмокнуться		0	0			UNREVIEWED			REVIEW	11
шип¹	шип¹	11	зашипеть,прошипеть,шип,шипение,шипеть,шипун,шипунья,шипучесть,шипучий,шипучка,шипящий		0	0			UNREVIEWED			REVIEW	11
щебен	щебен	11	защебенивать,защебенить,расщебенивать,расщебенить,расщебенка,щебенистый,щебенить,щебениться,щебенка,щебеночный,щебень		0	0			UNREVIEWED			REVIEW	11
зыб	зыб	11	зыбиться,зыбка,зыбкий,зыбкость,зыблемый,зыбочный,зыбун,зыбучий,зыбь,незыблемость,незыблемый		0	0			UNREVIEWED			REVIEW	11
мошен|мошн|мошон	мошен|мошн|мошон	11	измошенничаться,мошенник,мошенница,мошенничать,мошеннический,мошенничество,мошна,мошница,мошонка,мошоночный,смошенничать		0	0			UNREVIEWED			REVIEW	11
каем|кайм	каем|кайм	11	каемка,каемочка,каемочный,каемчатый,кайма,каймить,окаймить,окаймиться,окаймление,окаймлять,окаймляться		0	0			UNREVIEWED			REVIEW	11
короб¹	короб¹	11	короб,коробейка,коробейник,коробейничать,коробка,коробок,коробочка,коробочник,коробочница,коробочный,коробчатый		0	0			UNREVIEWED			REVIEW	11
костюм	костюм	11	костюм,костюмер,костюмерный,костюмерша,костюмированный,костюмировать,костюмироваться,костюмировка,костюмный,костюмчик,костюмщица		0	0			UNREVIEWED			REVIEW	11
мед¹	мед¹	11	медистый,медник,медницкий,медный,медь,медяк,медянистый,медяница,медянка,медяный,медяшка		0	0			UNREVIEWED			REVIEW	11
почеч|почк	почеч|почк	11	надпочечник,надпочечный,отпочкование,отпочковаться,отпочковываться,подпочечный,почечный,почка,почкование,почковаться,почковый		0	0			UNREVIEWED			REVIEW	11
хам	хам	11	нахамить,охаметь,хам,хаметь,хамить,хамка,хамов,хамоватый,хамский,хамство,хамье		0	0			UNREVIEWED			REVIEW	11
хмур	хмур	11	нахмуренный,нахмуривать,нахмуриваться,нахмурить,нахмуриться,охмурять,принахмуриться,хмурить,хмуриться,хмурость,хмурый		0	0			UNREVIEWED			REVIEW	11
слиз	слиз	11	ослизлый,ослизнение,ослизнуть,слизевик,слизевой,слизень,слизистый,слизкий,слизнуть,слизняк,слизь		0	44			UNREVIEWED			REVIEW	11
строп	строп	11	остропиливать,остропиливаться,остропилить,остропить,строп,стропилина,стропилить,стропило,стропильный,стропить,стропка		0	0			UNREVIEWED			REVIEW	11
тук²|туч²	тук²|туч²	11	отучнеть,потучнеть,тук,туковый,тучнеть,тучность,тучный,утучнить,утучниться,утучнять,утучняться		0	0			UNREVIEWED			REVIEW	11
цинк	цинк	11	оцинкованный,оцинковать,оцинковка,оцинковочный,оцинковщик,оцинковывать,оцинковываться,цинк,цинкование,цинковать,цинковаться		0	0			UNREVIEWED			REVIEW	11
шелом|шлем	шелом|шлем	11	ошеломительность,ошеломительный,ошеломить,ошеломление,ошеломленный,ошеломлять,ошеломляться,подшлемник,шелом,шлем,шлемница		0	6			UNREVIEWED			REVIEW	11
пас³	пас³	11	пас,паснуть,пасовать,пасоваться,пасовка,припасовать,припасовка,припасовывать,припасовываться,распасовка,спасовать		0	2			UNREVIEWED			REVIEW	11
сив	сив	11	посиветь,сивенький,сиветь,сивка,сивуха,сивуч,сивучий,сивушина,сивушка,сивушный,сивый		0	0			UNREVIEWED			REVIEW	11
шабр	шабр	11	пришабривать,пришабриваться,пришабрить,пришабровка,сшабрить,шабрение,шабреный,шабрить,шабровать,шабровка,шабровщик		0	0			UNREVIEWED			REVIEW	11
пт	пт	11	птаха,пташечка,пташка,птенец,птенцовый,птенчик,птица,птичий,птичка,птичник,птичница		0	0			UNREVIEWED			REVIEW	11
твораж|творог|творож	твораж|творог|творож	11	створаживать,створаживаться,створожить,створожиться,творог,творожистый,творожить,творожиться,творожник,творожный,творожок		0	0			UNREVIEWED			REVIEW	11
ут	ут	11	утена,утенок,утеныш,утиный,утица,утища,утка,уточка,утятина,утятинка,утятница		0	3224			UNREVIEWED			REVIEW	11
ах	ах	10	ах,аханье,ахать,ахнуть,аховый,ахоньки,заахать,поахать,проахать,разахаться		0	0			UNREVIEWED			REVIEW	10
барабан	барабан	10	барабан,барабанить,барабанный,барабанчик,барабанщик,барабанщица,забарабанить,отбарабанить,побарабанить,пробарабанить		0	0			UNREVIEWED			REVIEW	10
бархат|бархот	бархат|бархот	10	бархат,бархатец,бархатистость,бархатистый,бархатка,бархатник,бархатность,бархатный,бархатцы,бархотка		0	0			UNREVIEWED			REVIEW	10
ропот|ропт	ропот|ропт	10	безропотность,безропотный,возроптать,зароптать,пороптать,ропот,ропотливый,ропотный,роптание,роптать		0	0			UNREVIEWED			REVIEW	10
искор|искр|ыскр	искор|искр|ыскр	10	безыскровый,заискриться,искорка,искра,искрение,искристость,искристый,искрить,искриться,искровой		0	0			UNREVIEWED			REVIEW	10
поп	поп	10	беспоповец,беспоповщина,поп,попадья,попик,поповна,поповник,поповский,поповщина,распоп		0	0			UNREVIEWED			REVIEW	10
ют	ют	10	бесприютность,бесприютный,приют,приютить,приютиться,приютский,уют,уютность,уютный,ютиться		0	0			UNREVIEWED			REVIEW	10
бобер|бобр	бобер|бобр	10	бобер,бобр,бобренок,бобрик,бобриковый,бобриком,бобриха,бобровина,бобровник,бобровый		0	0			UNREVIEWED			REVIEW	10
бояр	бояр	10	боярин,боярский,боярство,боярщина,боярыня,боярышник,боярышница,боярышня,отбояриваться,отбояриться		0	0			UNREVIEWED			REVIEW	10
брон	брон	10	броневик,броневой,бронирование,бронированный,бронировать,бронироваться,бронировка,броня,забронировать,забронироваться		0	0			UNREVIEWED			REVIEW	10
бубен|бубн	бубен|бубн	10	бубен,бубенец,бубенчик,бубнист,бубнить,бубновка,бубновый,бубны,забубенный,пробубнить		0	0			UNREVIEWED			REVIEW	10
бугор|бугр	бугор|бугр	10	бугор,бугорок,бугорочек,бугорчатка,бугорчатый,бугристость,бугристый,бугрить,взбугрить,взбугриться		0	0			UNREVIEWED			REVIEW	10
бут|буч³	бут|буч³	10	бут,бутить,бутиться,бутовщик,бутовый,бучение,забутить,забутка,забутовка,набутить		0	0			UNREVIEWED			REVIEW	10
вагон	вагон	10	вагон,вагонетка,вагонеточный,вагонетчик,вагонетчица,вагонник,вагонный,вагончик,вагонщик,подвагонный		0	0			UNREVIEWED			REVIEW	10
ван|вон¹	ван|вон¹	10	вонища,вонь,вонючий,вонючка,вонять,завонять,навонять,подванивать,провонялый,провонять		0	0			UNREVIEWED			REVIEW	10
вороб	вороб	10	воробей,воробейник,воробейчик,воробка,воробушек,воробышек,воробьенок,воробьиный,воробьиха,воробьятник		0	0			UNREVIEWED			REVIEW	10
ворот²|врат²	ворот²|врат²	10	ворота,воротища,воротный,воротца,врата,вратарь,подворотня,предвратный,привратник,привратница		0	528			UNREVIEWED			REVIEW	10
пыл¹	пыл¹	10	воспылать,вспылить,вспыльчивость,вспыльчивый,запылать,пыл,пылать,пылкий,пылкость,распылаться		0	0			UNREVIEWED			REVIEW	10
дурман	дурман	10	дурман,дурманить,дурманиться,дурманный,одурманенный,одурманивание,одурманивать,одурманиваться,одурманить,одурманиться		0	0			UNREVIEWED			REVIEW	10
ехид	ехид	10	ехида,ехидина,ехидна,ехидник,ехидничать,ехидность,ехидный,ехидство,ехидствовать,съехидничать		0	0			UNREVIEWED			REVIEW	10
извест|ызвест	извест|ызвест	10	заизвестковать,известка,известкование,известковать,известковаться,известковый,известняк,известняковый,известь,обезызвествление		0	440			UNREVIEWED			REVIEW	10
лат	лат	10	залатать,излатать,латаный,латать,латка,латник,латный,латы,подлатать,подлатывать		0	8			UNREVIEWED			REVIEW	10
марг|морг	марг|морг	10	заморгать,моргание,моргать,моргнуть,моргун,моргунья,помаргивать,поморгать,проморгать,сморгнуть		0	0			UNREVIEWED			REVIEW	10
ор¹	ор¹	10	заорать,наорать,наораться,ор,орала,оранье,орать,переорать,проорать,разораться		0	2			UNREVIEWED			REVIEW	10
ох	ох	10	заохать,наохаться,охала,оханье,охать,охи,охнуть,поохать,проохать,разохаться		0	0			UNREVIEWED			REVIEW	10
парш	парш	10	запаршиветь,опаршиветь,опаршивить,парша,паршиветь,паршивец,паршивить,паршивка,паршивость,паршивый		0	0			UNREVIEWED			REVIEW	10
плесен|плесн	плесен|плесн	10	заплесневелый,заплесневеть,плесенный,плесень,плесневелый,плесневеть,плесневица,плесневой,подплесневеть,проплесневеть		0	0			UNREVIEWED			REVIEW	10
хулиган	хулиган	10	захулиганить,схулиганить,хулиган,хулиганистый,хулиганить,хулиганка,хулиганский,хулиганство,хулиганствовать,хулиганье		0	0			UNREVIEWED			REVIEW	10
щебет	щебет	10	защебетать,отщебетать,пощебетать,прощебетать,щебет,щебетание,щебетать,щебетливый,щебетун,щебетунья		0	0			UNREVIEWED			REVIEW	10
щекот	щекот	10	защекотать,пощекотать,щекот,щекотание,щекотать,щекотаться,щекотка,щекотливость,щекотливый,щекотно		0	0			UNREVIEWED			REVIEW	10
каверз	каверз	10	каверза,каверзить,каверзник,каверзница,каверзничать,каверзность,каверзный,накаверзить,накаверзничать,скаверзить		0	0			UNREVIEWED			REVIEW	10
кант	кант	10	кант,кантик,кантовальный,кантователь,кантовать,кантовка,окантовать,окантовка,окантовывать,окантовываться		0	0			UNREVIEWED			REVIEW	10
коряк|коряч	коряк|коряч	10	корячить,корячиться,покорячиться,раскоряка,раскоряченный,раскорячивать,раскорячиваться,раскорячить,раскорячиться,раскорячка		0	0			UNREVIEWED			REVIEW	10
кофе(j)	кофе(j)	10	кофе,кофеек,кофеин,кофеинка,кофеиновый,кофейник,кофейница,кофейничать,кофейный,кофейня		0	0			UNREVIEWED			REVIEW	10
лаком	лаком	10	лакомить,лакомиться,лакомка,лакомство,лакомый,налакомиться,полакомить,полакомиться,разлакомить,разлакомиться		0	0			UNREVIEWED			REVIEW	10
мундир	мундир	10	мундир,мундирный,мундирчик,обмундирование,обмундировать,обмундироваться,обмундировка,обмундировочный,обмундировывать,обмундировываться		0	0			UNREVIEWED			REVIEW	10
нагл	нагл	10	наглеть,наглец,наглеца,нагличать,нагловатость,нагловатый,наглость,наглый,обнаглеть,понаглеть		0	0			UNREVIEWED			REVIEW	10
ябед	ябед	10	наябедничать,наябедничаться,поябедничать,съябедничать,ябеда,ябедник,ябедница,ябедничать,ябеднический,ябедничество		0	0			UNREVIEWED			REVIEW	10
рад²	рад²	10	нерадивость,нерадивый,порадеть,радельный,радельщик,радение,радетель,радетельный,радеть,ради		0	0			UNREVIEWED			REVIEW	10
нит	нит	10	нитка,ниточка,ниточница,ниточный,нитчатка,нитчатый,нитченка,нитчонка,нитянка,нитяный		0	0			UNREVIEWED			REVIEW	10
ов	ов	10	овен,овечий,овечка,овца,овчар,овчарка,овчарня,овчина,овчинка,овчишка		0	0			UNREVIEWED			REVIEW	10
шельм	шельм	10	ошельмовать,шельма,шельмец,шельмование,шельмовать,шельмоваться,шельмоватость,шельмоватый,шельмовской,шельмовство		0	0			UNREVIEWED			REVIEW	10
шлюз	шлюз	10	ошлюзовать,пришлюзовой,шлюз,шлюзный,шлюзование,шлюзованный,шлюзовать,шлюзоваться,шлюзовой,шлюзовский		0	0			UNREVIEWED			REVIEW	10
сум	сум	10	подсумок,подсумочный,сума,сумина,сумка,сумочка,сумочник,сумочный,сумчатка,сумчатый		0	0			UNREVIEWED			REVIEW	10
рат	рат	10	поратовать,ратай,ратник,ратничий,ратный,ратование,ратовать,рать,соратник,соратница		0	0			UNREVIEWED			REVIEW	10
рыж¹	рыж¹	10	порыжелый,порыжеть,рыжеватый,рыжей,рыжеть,рыжий,рыжик,рыжиковый,рыжичек,рыжуха		0	0			UNREVIEWED			REVIEW	10
сед²	сед²	10	поседелый,поседение,поседеть,проседь,седенький,седеть,седина,сединка,седой,седость		0	0			UNREVIEWED			REVIEW	10
скуп	скуп	10	поскупиться,скупенький,скупердяга,скупердяй,скупердяйка,скупец,скупиться,скуповатый,скупой,скупость		0	2			UNREVIEWED			REVIEW	10
шляп	шляп	10	прошляпить,шляпа,шляпенка,шляпка,шляпник,шляпница,шляпный,шляпочник,шляпочный,шляпчонка		0	0			UNREVIEWED			REVIEW	10
холст|холщ	холст|холщ	10	холст,холстина,холстинка,холстинковый,холстинный,холстяник,холстяной,холщевик,холщевник,холщовый		0	0			UNREVIEWED			REVIEW	10
цып¹	цып¹	10	цыпа,цыпка,цыпленок,цыплятина,цыплятник,цыплятница,цыплячий,цыпонька,цыпочка,цыпушка		0	0			UNREVIEWED			REVIEW	10
шелк|шелч	шелк|шелч	10	шелк,шелковина,шелковинка,шелковистость,шелковистый,шелковица,шелковичный,шелковый,шелчина,шелчинка		0	0			UNREVIEWED			REVIEW	10
шкур	шкур	10	шкура,шкурить,шкуриться,шкурка,шкурник,шкурничать,шкурнический,шкурничество,шкурный,шкурочник		0	0			UNREVIEWED			REVIEW	10
атаман	атаман	9	атаман,атаманец,атаманить,атамановец,атаманский,атаманство,атаманствовать,атаманша,атаманщина		0	0			UNREVIEWED			REVIEW	9
барыш	барыш	9	барыш,барышник,барышничать,барышнический,барышничество,барышок,выбарышничать,набарышничать,побарышничать		0	0			UNREVIEWED			REVIEW	9
билет	билет	9	безбилетник,безбилетница,безбилетный,билет,билетер,билетерша,билетец,билетик,билетный		0	0			UNREVIEWED			REVIEW	9
гомон	гомон	9	безугомонный,гомон,загомонить,неугомонность,неугомонный,поугомониться,угомон,угомонить,угомониться		0	0			UNREVIEWED			REVIEW	9
шабаш	шабаш	9	бесшабашность,бесшабашный,зашабашить,пошабашить,шабаш,шабашить,шабашка,шабашник,шабашничать		0	0			UNREVIEWED			REVIEW	9
борт¹	борт¹	9	бортевой,бортник,бортничанье,бортничать,бортничество,бортный,бортовщик,борть,забортный		0	0			UNREVIEWED			REVIEW	9
браг|браж	браг|браж	9	брага,бражка,бражник,бражничанье,бражничать,бражнический,бражничество,бражный,пображничать		0	0			UNREVIEWED			REVIEW	9
брезг	брезг	9	брезгать,брезгливец,брезгливица,брезгливость,брезгливый,брезговать,брезгун,брезгунья,побрезгать		0	0			UNREVIEWED			REVIEW	9
дыб	дыб	9	вздыбить,вздыбиться,вздыбливать,вздыбливаться,дыба,дыбиться,дыбки,дыбом,дыбы		0	0			UNREVIEWED			REVIEW	9
рыд	рыд	9	взрыдать,возрыдать,зарыдать,навзрыд,разрыдаться,рыдалец,рыдальщица,рыдание,рыдать		0	0			UNREVIEWED			REVIEW	9
вих	вих	9	вихлявый,вихляй,вихлястый,вывихивать,вывихнуть,завихляться,свихивать,свихнуть,свихнуться		0	0			UNREVIEWED			REVIEW	9
клекот|клокот	клекот|клокот	9	всклокотать,всклокотаться,заклокотать,клекот,клекотание,клекотать,клокот,клокотание,клокотать		0	0			UNREVIEWED			REVIEW	9
тормош	тормош	9	встормошить,встормошиться,затормошить,затормошиться,перетормошить,потормошить,растормошить,тормошить,тормошиться		0	0			UNREVIEWED			REVIEW	9
клейм	клейм	9	выклеймить,заклеймить,клеймение,клейменый,клеймить,клеймо,клеймовщик,клеймовщица,переклеймить		0	0			UNREVIEWED			REVIEW	9
хол¹	хол¹	9	выхоленный,выхолить,ухоливать,ухоливаться,ухолить,холеный,холить,холиться,холя		0	0			UNREVIEWED			REVIEW	9
шныр	шныр	9	вышныривать,вышнырнуть,зашнырять,обшныривать,обшнырить,обшнырять,шнырить,шнырнуть,шнырять		0	0			UNREVIEWED			REVIEW	9
ел	ел	9	елевый,елка,еловый,елочка,елочный,ель,ельник,ельничек,подъельник		0	98			UNREVIEWED			REVIEW	9
жеман	жеман	9	жеманиться,жеманница,жеманничанье,жеманничать,жеманность,жеманный,жеманство,зажеманиться,пожеманиться		0	0			UNREVIEWED			REVIEW	9
зноб	зноб	9	зазноба,зазнобить,зазнобушка,знобить,знобкий,озноб,ознобить,ознобление,озноблять		0	0			UNREVIEWED			REVIEW	9
резв	резв	9	зарезвиться,порезвиться,разрезвиться,резвиться,резвость,резвунья,резвуха,резвушка,резвый		0	0			UNREVIEWED			REVIEW	9
скирд	скирд	9	заскирдовать,заскирдоваться,скирд,скирда,скирдник,скирдовальщик,скирдование,скирдовать,скирдоваться		0	0			UNREVIEWED			REVIEW	9
стан|стен¹|стон	стан|стен¹|стон	9	застонать,постанывать,простонать,стенание,стенать,стенящий,стон,стонать,стонущий		0	0			UNREVIEWED			REVIEW	9
стопор	стопор	9	застопоривать,застопориваться,застопорить,застопориться,стопор,стопорить,стопориться,стопорный,стопорщик		0	0			UNREVIEWED			REVIEW	9
чехл|чехол	чехл|чехол	9	зачехлить,расчехленный,расчехлить,расчехлять,расчехляться,чехлик,чехлить,чехол,чехольчик		0	0			UNREVIEWED			REVIEW	9
штук²	штук²	9	заштуковать,заштуковывать,заштуковываться,приштуковать,приштуковывать,приштуковываться,штуковать,штуковаться,штуковка		0	0			UNREVIEWED			REVIEW	9
икор|икр¹	икор|икр¹	9	икорка,икорный,икорочка,икра,икрина,икринка,икристость,икристый,икряной		0	0			UNREVIEWED			REVIEW	9
коверк	коверк	9	исковерканный,исковеркать,исковеркаться,коверканье,коверкать,коверкаться,перековеркать,перековеркивать,поковеркать		0	0			UNREVIEWED			REVIEW	9
пепел	пепел	9	испепеленный,испепелить,испепелиться,испепелять,испепеляться,пепел,пепелище,пепельница,пепельный		0	0			UNREVIEWED			REVIEW	9
камыш	камыш	9	камыш,камышевка,камышина,камышинка,камышит,камышитовый,камышник,камышница,камышовый		0	0			UNREVIEWED			REVIEW	9
карман|кармаш	карман|кармаш	9	карман,карманник,карманный,карманчик,карманщик,кармашек,прикарманивать,прикарманиваться,прикарманить		0	0			UNREVIEWED			REVIEW	9
кел	кел	9	келарь,келейка,келейник,келейница,келейничать,келейно,келейность,келейный,келья		0	0			UNREVIEWED			REVIEW	9
клевет	клевет	9	клевета,клеветать,клеветник,клеветница,клеветнический,наклеветать,оклеветать,оклеветаться,поклеветать		0	0			UNREVIEWED			REVIEW	9
кляуз	кляуз	9	кляуза,кляузник,кляузница,кляузничать,кляузнический,кляузничество,кляузный,накляузничать,накляузничаться		0	0			UNREVIEWED			REVIEW	9
колод	колод	9	колода,колодка,колодник,колодница,колодный,колодочка,колодочный,колодчатый,подколодный		0	0			UNREVIEWED			REVIEW	9
корчем|корчм	корчем|корчм	9	корчемник,корчемница,корчемничество,корчемный,корчемство,корчма,корчмарка,корчмарский,корчмарь		0	0			UNREVIEWED			REVIEW	9
кум	кум	9	кум,кума,куманек,кумиться,кумовской,кумовство,кумушка,перекумиться,покумиться		0	0			UNREVIEWED			REVIEW	9
лазор|лазур	лазор|лазур	9	лазоревка,лазоревый,лазорник,лазуревый,лазурит,лазурник,лазурный,лазурщик,лазурь		0	0			UNREVIEWED			REVIEW	9
лебез|лобз|лобыз	лебез|лобз|лобыз	9	лебезить,лобзание,лобзать,лобзаться,лобызать,лобызаться,облобызать,облобызаться,полебезить		0	0			UNREVIEWED			REVIEW	9
лис	лис	9	лис,лиса,лисенок,лисий,лисиный,лисить,лисица,лисичка,лисонька		0	0			UNREVIEWED			REVIEW	9
лопат|лопач	лопат|лопач	9	лопата,лопатка,лопаточка,лопаточный,надлопаточный,перелопатить,перелопачивание,перелопачивать,подлопаточный		0	0			UNREVIEWED			REVIEW	9
мозол	мозол	9	мозолин,мозолистость,мозолистый,мозолить,мозолища,мозоль,мозольный,намозоленный,намозолить		0	0			UNREVIEWED			REVIEW	9
овес|овс	овес|овс	9	овес,овсец,овсинка,овсюгг,овсяник,овсяница,овсянка,овсяной,овсяный		0	0			UNREVIEWED			REVIEW	9
орел|орл	орел|орл	9	орел,орлан,орленок,орлец,орлиный,орлица,орляк,орлянка,подорлик		0	0			UNREVIEWED			REVIEW	9
хул	хул	9	охулить,охулка,похулить,расхулить,хула,хуление,хулитель,хулительный,хулить		0	0			UNREVIEWED			REVIEW	9
штраф	штраф	9	оштрафовать,подштрафной,проштрафиться,штраф,штрафник,штрафной,штрафованный,штрафовать,штрафоваться		0	0			UNREVIEWED			REVIEW	9
фасон	фасон	9	перефасонивать,перефасониваться,перефасонить,фасон,фасонистый,фасонить,фасонный,фасонщик,фасонщица		0	0			UNREVIEWED			REVIEW	9
смугл	смугл	9	посмуглеть,смуглеть,смугловатый,смуглость,смуглота,смуглый,смуглявый,смугляк,смуглянка		0	0			UNREVIEWED			REVIEW	9
ствол	ствол	9	приствольный,ствол,стволина,стволистость,стволистый,стволоватый,стволовой,ствольный,ствольщик		0	0			UNREVIEWED			REVIEW	9
харч	харч	9	прохарчить,прохарчиться,харч,харчевенный,харчевник,харчевница,харчевня,харчевой,харчиться		0	0			UNREVIEWED			REVIEW	9
пшен	пшен	9	пшеница,пшеничка,пшеничковый,пшеничник,пшеничный,пшенка,пшенник,пшенный,пшено		0	0			UNREVIEWED			REVIEW	9
хляб²	хляб²	9	расхлябанность,расхлябанный,расхлябать,расхлябаться,расхлябывать,расхлябываться,хлябать,хлябаться,хлябкий		0	0			UNREVIEWED			REVIEW	9
сквор	сквор	9	скворец,скворечник,скворечница,скворечный,скворечня,скворка,скворушка,скворцовый,скворчонок		0	0			UNREVIEWED			REVIEW	9
скоб	скоб	9	скоба,скобарь,скобить,скобка,скобовщик,скобочка,скобочный,скобчатый,скобяной		0	0			UNREVIEWED			REVIEW	9
блазн	блазн	9	соблазн,соблазнитель,соблазнительница,соблазнительность,соблазнительный,соблазнить,соблазниться,соблазнять,соблазняться		0	0			UNREVIEWED			REVIEW	9
сук¹|суч¹	сук¹|суч¹	9	сук,суковатость,суковатый,сучкастый,сучковатость,сучковатый,сучковый,сучок,сучочек		0	0			UNREVIEWED			REVIEW	9
табак|табач	табак|табач	9	табак,табакерка,табакерочный,табачишко,табачище,табачник,табачница,табачный,табачок		0	0			UNREVIEWED			REVIEW	9
фанер	фанер	9	фанера,фанерка,фанерный,фанерованный,фанеровать,фанероваться,фанеровщик,фанерочный,фанерщик		0	0			UNREVIEWED			REVIEW	9
ябло	ябло	9	яблоко,яблоневый,яблонный,яблонька,яблоня,яблочко,яблочник,яблочница,яблочный		0	0			UNREVIEWED			REVIEW	9
балаган	балаган	8	балаган,балаганить,балаганничать,балаганный,балаганчик,балаганщик,балаганщина,балаганщица		0	0			UNREVIEWED			AUTO_SAFE	8
бан	бан	8	банить,банник,банный,банщик,банщица,банька,баня,предбанник		0	0			UNREVIEWED			AUTO_SAFE	8
баран|бараш	баран|бараш	8	баран,баранец,бараний,баранина,баранинка,баранчик,барашек,барашковый		0	0			UNREVIEWED			AUTO_SAFE	8
барахл|барахол	барахл|барахол	8	барахлить,барахлишко,барахло,барахолка,барахольный,барахольщик,барахольщица,набарахлить		0	0			UNREVIEWED			AUTO_SAFE	8
баст	баст	8	баста,бастовать,бастующий,забастовать,забастовка,забастовочный,забастовщик,забастовщица		0	0			UNREVIEWED			AUTO_SAFE	8
батрак|батрац|батрач	батрак|батрац|батрач	8	батрак,батрацкий,батраческий,батрачество,батрачий,батрачить,батрачка,батрачонок		0	0			UNREVIEWED			AUTO_SAFE	8
щад|щаж	щад|щаж	8	беспощадность,беспощадный,нещадный,пощада,пощадить,щадить,щадиться,щажение		0	0			UNREVIEWED			AUTO_SAFE	8
блин	блин	8	блин,блинник,блинница,блинный,блинок,блиночек,блинчатый,блинчик		0	0			UNREVIEWED			AUTO_SAFE	8
боб	боб	8	боб,бобина,бобинка,бобковый,бобовник,бобовый,бобок,бобочек		0	0			UNREVIEWED			AUTO_SAFE	8
бормот	бормот	8	бормотание,бормотать,бормотня,бормотун,бормотунья,забормотать,побормотать,пробормотать		0	0			UNREVIEWED			AUTO_SAFE	8
булав	булав	8	булава,булавка,булавница,булавочка,булавочник,булавочница,булавочный,булавчатый		0	0			UNREVIEWED			AUTO_SAFE	8
бурк¹|бурч	бурк¹|бурч	8	бурканье,буркать,буркнуть,бурчание,бурчать,забурчать,побурчать,пробурчать		0	0			UNREVIEWED			AUTO_SAFE	8
бутыл	бутыл	8	бутылка,бутылочка,бутылочник,бутылочный,бутыль,бутыльный,собутыльник,собутыльничать		0	0			UNREVIEWED			AUTO_SAFE	8
ват	ват	8	вата,ватин,ватиновый,ватка,ватник,ватный,ваточник,ваточный		0	0			UNREVIEWED			AUTO_SAFE	8
вая	вая	8	ваяльный,ваяние,ваятель,ваятельный,ваять,изваяние,изваянный,изваять		0	0			UNREVIEWED			AUTO_SAFE	8
вдов	вдов	8	вдова,вдоветь,вдовец,вдовица,вдовствовать,вдовушка,вдовый,овдоветь		0	0			UNREVIEWED			AUTO_SAFE	8
ведер|ведр¹	ведер|ведр¹	8	ведерко,ведерница,ведерный,ведерочко,ведерочный,ведерце,ведерышко,ведро		0	0			UNREVIEWED			AUTO_SAFE	8
верблюд|верблюж	верблюд|верблюж	8	верблюд,верблюдица,верблюдовые,верблюжатина,верблюжатник,верблюжий,верблюжина,верблюжонок		0	0			UNREVIEWED			AUTO_SAFE	8
верезг|верезж|верещ	верезг|верезж|верещ	8	верезг,верезгливый,верезжание,верезжать,верещание,верещать,заверезжать,заверещать		0	0			UNREVIEWED			AUTO_SAFE	8
вех|веш²	вех|веш²	8	веха,вешение,вешить,вешка,вывешить,завешание,обвешить,провешить		0	450			UNREVIEWED			AUTO_SAFE	8
друч|дрюч	друч|дрюч	8	вздрючивать,вздрючить,дрючок,удручать,удручаться,удрученный,удручить,удручиться		0	0			UNREVIEWED			AUTO_SAFE	8
карабк	карабк	8	вкарабкаться,вкарабкиваться,вскарабкаться,вскарабкиваться,выкарабкаться,выкарабкиваться,докарабкаться,карабкаться		0	0			UNREVIEWED			AUTO_SAFE	8
воп	воп	8	вопила,вопиющий,вопиять,вопленица,вопль,завопить,провопить,развопиться		0	0			UNREVIEWED			AUTO_SAFE	8
сак|сач²	сак|сач²	8	впросак,подсак,подсачивать,подсачиваться,подсачить,сак,сачить,сачок		0	0			UNREVIEWED			AUTO_SAFE	8
врач	врач	8	врач,врачебник,врачебный,врачевание,врачевать,врачеваться,врачиха,уврачевать		0	0			UNREVIEWED			AUTO_SAFE	8
гат|гач	гат|гач	8	выгатить,гатить,гать,загатить,загачивать,загачиваться,нагатить,нагачивать		0	0			UNREVIEWED			AUTO_SAFE	8
муштр	муштр	8	вымуштрованность,вымуштровать,вымуштроваться,муштра,муштровать,муштроваться,муштровка,помуштровать		0	0			UNREVIEWED			AUTO_SAFE	8
потрох|потрош	потрох|потрош	8	выпотрошить,выпотрошиться,перепотрошить,потроха,потрошение,потрошеный,потрошить,распотрошить		0	0			UNREVIEWED			AUTO_SAFE	8
шмыг	шмыг	8	вышмыгнуть,зашмыгать,обшмыганный,обшмыгать,прошмыгивать,прошмыгнуть,шмыгать,шмыгнуть		0	0			UNREVIEWED			AUTO_SAFE	8
грив	грив	8	грива,гривастый,гривенка,гривенник,гривенничек,гривистый,гривна,загривок		0	0			UNREVIEWED			AUTO_SAFE	8
дегот|дегт	дегот|дегт	8	деготок,деготь,дегтевой,дегтишко,дегтярник,дегтярница,дегтярный,дегтярня		0	0			UNREVIEWED			AUTO_SAFE	8
куд¹	куд¹	8	докуда,куда,никуда,никудышник,никудышный,ниоткуда,откуда,покуда		0	0			UNREVIEWED			AUTO_SAFE	8
дрях	дрях	8	дряхлеть,дряхлость,дряхлый,дряхнуть,одряхлелый,одряхление,одряхлеть,одряхнуть		0	0			UNREVIEWED			AUTO_SAFE	8
жертв	жертв	8	жертва,жертвенник,жертвенность,жертвенный,жертвователь,жертвовать,пожертвование,пожертвовать		0	0			UNREVIEWED			AUTO_SAFE	8
жмур	жмур	8	жмурить,жмуриться,жмурки,зажмуривать,зажмуриваться,зажмурить,зажмуриться,сожмурить		0	0			UNREVIEWED			AUTO_SAFE	8
лепет	лепет	8	залепетать,лепет,лепетание,лепетать,полепетать,пролепетать,улепетнуть,улепетывать		0	0			UNREVIEWED			AUTO_SAFE	8
рык|рыч	рык|рыч	8	зарычать,нарычать,прорычать,рык,рыкание,рыкать,рычание,рычать		0	0			UNREVIEWED			AUTO_SAFE	8
спес	спес	8	заспесивиться,спесиветь,спесивец,спесивиться,спесивица,спесивость,спесивый,спесь		0	0			UNREVIEWED			AUTO_SAFE	8
стру(j)	стру(j)	8	заструиться,струистость,струистый,струить,струиться,струйка,струйчатый,струя		0	0			UNREVIEWED			AUTO_SAFE	8
хрю	хрю	8	захрюкать,похрюкать,прохрюкать,хрюкало,хрюканье,хрюкать,хрюкнуть,хрюшка		0	0			UNREVIEWED			AUTO_SAFE	8
сиз	сиз	8	иссиза,сизарь,сизенький,сизеть,сизоватый,сизовка,сизый,сизяк		0	0			UNREVIEWED			AUTO_SAFE	8
канител	канител	8	канителить,канителиться,канитель,канительный,канительщик,канительщица,проканителить,проканителиться		0	0			UNREVIEWED			AUTO_SAFE	8
ковер|ковр	ковер|ковр	8	ковер,коверный,коверщик,коверщица,коврик,ковровщик,ковровщица,ковровый		0	0			UNREVIEWED			AUTO_SAFE	8
колокол	колокол	8	колокол,колоколенка,колоколец,колокольный,колокольня,колокольчатый,колокольчик,колокольчиковые		0	0			UNREVIEWED			AUTO_SAFE	8
коноп	коноп	8	конопатый,конопель,конопельник,коноплище,конопля,конопляник,коноплянка,конопляный		0	0			UNREVIEWED			AUTO_SAFE	8
кряж	кряж	8	кряж,кряжевый,кряжистость,кряжистый,раскряжевать,раскряжевка,раскряжевывать,раскряжевываться		0	0			UNREVIEWED			AUTO_SAFE	8
кураж	кураж	8	кураж,куражиться,куражливый,обескураженный,обескураживать,обескуражить,покуражиться,раскуражиться		0	0			UNREVIEWED			AUTO_SAFE	8
лад²|лод	лад²|лод	8	ладейка,ладейный,ладья,лодка,лодочка,лодочник,лодочный,лодчонка		0	0			UNREVIEWED			AUTO_SAFE	8
ложеч|ложк|ложч	ложеч|ложк|ложч	8	ложечка,ложечник,ложечный,ложка,ложкарный,ложкарь,ложчатый,подложечный		0	1722			UNREVIEWED			AUTO_SAFE	8
лют	лют	8	лютеть,лютик,лютиковые,лютичи,лютовать,лютость,лютый,разлютоваться		0	0			UNREVIEWED			AUTO_SAFE	8
монах|монаш	монах|монаш	8	монах,монахиня,монашек,монашенка,монашеский,монашество,монашествовать,монашка		0	0			UNREVIEWED			AUTO_SAFE	8
обет|обещ	обет|обещ	8	наобещать,обет,обетование,обетованный,обещание,обещать,обещаться,пообещать		0	0			UNREVIEWED			AUTO_SAFE	8
пло(j)	пло(j)	8	наплоить,отплоить,плоение,плоеный,плоить,плоиться,плойка,сплоить		0	0			UNREVIEWED			AUTO_SAFE	8
помад|помаж	помад|помаж	8	напомадить,напомадиться,напомаживаться,помада,помадить,помадиться,помадка,помадный		0	0			UNREVIEWED			AUTO_SAFE	8
скит¹	скит¹	8	наскитаться,поскитаться,скиталец,скиталица,скитальческий,скитальчество,скитание,скитаться		0	0			UNREVIEWED			AUTO_SAFE	8
суп²	суп²	8	насупить,насупиться,насупленный,насупливать,насупливаться,принасупиться,супить,супиться		0	0			UNREVIEWED			AUTO_SAFE	8
шпиг|шпик	шпиг|шпик	8	нашпиговать,нашпиговывать,нашпиговываться,шпигованный,шпиговать,шпиговаться,шпиговка,шпик		0	0			UNREVIEWED			AUTO_SAFE	8
овраг|овраж	овраг|овраж	8	овраг,овражек,овражистость,овражистый,овражник,овражный,приовражный,приовражье		0	0			UNREVIEWED			AUTO_SAFE	8
пробк|пробоч|пробч	пробк|пробоч|пробч	8	опробковение,пробка,пробковый,пробочник,пробочница,пробочный,пробчатка,пробчатый		0	0			UNREVIEWED			AUTO_SAFE	8
орех|ореш	орех|ореш	8	орех,ореховка,ореховый,орешек,орешина,орешник,орешниковый,подорешник		0	0			UNREVIEWED			AUTO_SAFE	8
сатан	сатан	8	осатанелость,осатанелый,осатанеть,сатана,сатанеть,сатанизм,сатанинский,сатанический		0	0			UNREVIEWED			AUTO_SAFE	8
свиреп	свиреп	8	освирепеть,рассвирепелый,рассвирепеть,свирепеть,свирепость,свирепство,свирепствовать,свирепый		0	0			UNREVIEWED			AUTO_SAFE	8
осел|осл	осел|осл	8	осел,осленок,ослик,ослинник,ослиный,ослица,осляк,ослятина		0	30			UNREVIEWED			AUTO_SAFE	8
скоп	скоп	8	оскопление,оскоплять,оскопляться,скопец,скопить,скопческий,скопчество,скопчиха		0	5188			UNREVIEWED			AUTO_SAFE	8
скором	скором	8	оскоромить,оскоромиться,скоромить,скоромиться,скоромник,скоромница,скоромничать,скоромный		0	0			UNREVIEWED			AUTO_SAFE	8
сов¹	сов¹	8	осовелый,осоветь,сова,совенок,советь,совий,совиный,совка		0	91			UNREVIEWED			AUTO_SAFE	8
рож⁴	рож⁴	8	отрожина,рожечник,рожки,рожковый,рожнец,рожок,рожон,рожочек		0	0			UNREVIEWED			AUTO_SAFE	8
шарах|шараш	шарах|шараш	8	ошарашивать,ошарашить,шараханье,шарахать,шарахаться,шарахнуть,шарахнуться,шарашка		0	0			UNREVIEWED			AUTO_SAFE	8
плуг|плуж	плуг|плуж	8	плуг,плугарь,плугатарь,плуговой,плужник,плужный,плужок,предплужник		0	0			UNREVIEWED			AUTO_SAFE	8
стрем¹|стром	стрем¹|стром	8	постромка,постромочный,стременной,стремечко,стремешка,стремя,стремянка,стремянный		0	19			UNREVIEWED			AUTO_SAFE	8
туск	туск	8	потускневший,потускнелый,потускнеть,потускнуть,тусклость,тусклый,тускнеть,тускнуть		0	0			UNREVIEWED			AUTO_SAFE	8
шпор	шпор	8	пришпоривать,пришпориваться,пришпорить,шпора,шпорец,шпорить,шпорник,шпорца		0	0			UNREVIEWED			AUTO_SAFE	8
ра(j)²	ра(j)²	8	раек,раешник,раешный,раина,раиновый,рай,райковый,райский		0	0			UNREVIEWED			AUTO_SAFE	8
сквалыг|сквалыж	сквалыг|сквалыж	8	сквалыга,сквалыжить,сквалыжник,сквалыжница,сквалыжничать,сквалыжнический,сквалыжничество,сквалыжный		0	0			UNREVIEWED			AUTO_SAFE	8
сковород	сковород	8	сковорода,сковородень,сковородить,сковородка,сковородник,сковородный,сковородня,сковородочка		0	0			UNREVIEWED			AUTO_SAFE	8
скоморох|скоморош	скоморох|скоморош	8	скоморох,скоморошеский,скоморошество,скоморошествовать,скомороший,скоморошничать,скоморошничество,скоморошный		0	0			UNREVIEWED			AUTO_SAFE	8
слесар	слесар	8	слесарить,слесарничать,слесарный,слесарня,слесарский,слесарство,слесарша,слесарь		0	0			UNREVIEWED			AUTO_SAFE	8
солов¹	солов¹	8	соловей,соловеюшка,соловка,соловушек,соловушка,соловьенок,соловьиный,соловьиха		0	0			UNREVIEWED			AUTO_SAFE	8
телег|тележ	телег|тележ	8	телега,тележечник,тележечница,тележечный,тележка,тележник,тележный,тележонка		0	0			UNREVIEWED			AUTO_SAFE	8
хутор	хутор	8	хутор,хуторишко,хуторный,хуторок,хуторочек,хуторской,хуторянин,хуторянка		0	0			UNREVIEWED			AUTO_SAFE	8
шуб	шуб	8	шуба,шубейка,шубенка,шубка,шубник,шубнина,шубный,шубонька		0	0			UNREVIEWED			AUTO_SAFE	8
юмор	юмор	8	юмор,юмореска,юморист,юмористика,юмористический,юмористичность,юмористичный,юмористка		0	0			UNREVIEWED			AUTO_SAFE	8
алк|алч	алк|алч	7	алкание,алкать,алчба,алчность,алчный,алчущий,взалкать		0	0			UNREVIEWED			AUTO_SAFE	7
базар	базар	7	базар,базарить,базарный,разбазаривание,разбазаривать,разбазариваться,разбазарить		0	0			UNREVIEWED			AUTO_SAFE	7
балд	балд	7	балда,набалдашник,обалдевать,обалдение,обалделый,обалдеть,обалдуй		0	0			UNREVIEWED			AUTO_SAFE	7
басурман	басурман	7	басурман,басурманка,басурманский,басурманство,басурманщина,обасурманить,обасурманиться		0	0			UNREVIEWED			AUTO_SAFE	7
бахром	бахром	7	бахрома,бахромка,бахромный,бахромочка,бахромчатый,бахромщик,бахромщица		0	0			UNREVIEWED			AUTO_SAFE	7
бров	бров	7	безбровый,бровастый,бровка,бровный,бровь,надбровный,надбровье		0	0			UNREVIEWED			AUTO_SAFE	7
грамот	грамот	7	безграмотность,безграмотный,грамота,грамотей,грамотка,грамотность,грамотный		0	0			UNREVIEWED			AUTO_SAFE	7
берест	берест	7	берест,береста,берестка,берестовый,берестяник,берестянка,берестяной		0	0			UNREVIEWED			AUTO_SAFE	7
козыр¹	козыр¹	7	бескозырка,бескозырный,козырек,козырнуть,козырять,откозырнуть,откозырять		0	0			UNREVIEWED			AUTO_SAFE	7
болт²|болч	болт²|болч	7	болт,болтик,болтовой,разболтовать,сболтить,сболчивать,сболчиваться		0	0			UNREVIEWED			AUTO_SAFE	7
барщ|борщ	барщ|борщ	7	борщ,борщевик,борщовник,борщовый,борщок,перебарщивать,переборщить		0	0			UNREVIEWED			AUTO_SAFE	7
буз¹	буз¹	7	буза,бузила,бузильщик,бузить,бузливый,бузовать,отбузовать		0	14			UNREVIEWED			AUTO_SAFE	7
дребезг|дребезж	дребезг|дребезж	7	вдребезги,дребезг,дребезжание,дребезжать,задребезжать,подребезжать,продребезжать		0	0			UNREVIEWED			AUTO_SAFE	7
виноград	виноград	7	виноград,виноградарский,виноградарство,виноградарь,виноградина,виноградник,виноградный		0	0			UNREVIEWED			AUTO_SAFE	7
вишен|вишн	вишен|вишн	7	вишенка,вишенник,вишенный,вишенье,вишневка,вишневочка,вишневый		0	0			UNREVIEWED			AUTO_SAFE	7
когот|когт	когот|когт	7	вкогтиться,закогтить,коготок,коготь,когтистый,когтить,когтище		0	0			UNREVIEWED			AUTO_SAFE	7
важж|вожж	важж|вожж	7	вожжа,вожжаться,вожжевой,заважживать,разважживать,развожжать,развожжаться		0	0			UNREVIEWED			AUTO_SAFE	7
тул¹	тул¹	7	втулка,втулочка,втулочный,притулиться,тулейка,тулейный,тулья		0	0			UNREVIEWED			AUTO_SAFE	7
таращ	таращ	7	вытаращивание,вытаращивать,вытаращиваться,вытаращить,вытаращиться,таращить,таращиться		0	0			UNREVIEWED			AUTO_SAFE	7
тур	тур	7	вытуривать,вытуриваться,вытурить,потурить,протурить,турить,турнуть		0	56			UNREVIEWED			AUTO_SAFE	7
гнус²	гнус²	7	гнусавить,гнусавость,гнусавый,гнусить,гнусливость,гнусливый,прогнусавить		0	0			UNREVIEWED			AUTO_SAFE	7
дежур	дежур	7	дежурить,дежурка,дежурный,дежурство,отдежуривать,отдежурить,продежурить		0	0			UNREVIEWED			AUTO_SAFE	7
ерз	ерз	7	ерзать,заерзать,изъерзать,изъерзаться,объерзать,поерзать,съерзнуть		0	0			UNREVIEWED			AUTO_SAFE	7
жест	жест	7	жесть,жестяник,жестяницкий,жестянка,жестяной,жестяночный,жестянщик		0	0			UNREVIEWED			AUTO_SAFE	7
жит	жит	7	житник,житница,житный,жито,пажитник,пажитный,пажить		0	0			UNREVIEWED			AUTO_SAFE	7
жур	жур	7	журить,журиться,журьба,зажурить,зажуриться,отжурить,пожурить		0	0			UNREVIEWED			AUTO_SAFE	7
завтра	завтра	7	завтра,завтрак,завтракать,завтрашний,назавтра,отзавтракать,позавтракать		0	0			UNREVIEWED			AUTO_SAFE	7
ин²|инд²|ынд	ин²|инд²|ынд	7	заиндевевший,заиндевелый,заиндеветь,индеветь,иней,инистый,обындеветь		0	0			UNREVIEWED			AUTO_SAFE	7
кар¹	кар¹	7	закаркать,карканье,каркать,каркнуть,накаркать,покаркать,прокаркать		0	0			UNREVIEWED			AUTO_SAFE	7
ква	ква	7	заквакать,кваканье,квакать,кваква,квакнуть,квакушка,квакша		0	0			UNREVIEWED			AUTO_SAFE	7
круч²	круч²	7	закручиниться,кручина,кручиниться,кручинный,кручинушка,покручиниться,раскручиниться		0	0			UNREVIEWED			AUTO_SAFE	7
мле	мле	7	замлеть,мление,млеть,обомлевать,обомлеть,разомлеть,сомлеть		0	0			UNREVIEWED			AUTO_SAFE	7
перх¹|перш	перх¹|перш	7	запершить,перхать,перхота,перхун,перхунья,першить,поперхнуться		0	0			UNREVIEWED			AUTO_SAFE	7
пяст	пяст	7	запястный,запястье,предпястье,пястка,пястный,пясточка,пясть		0	0			UNREVIEWED			AUTO_SAFE	7
роб	роб	7	заробеть,оробелый,оробеть,робеть,робкий,робость,сробеть		0	0			UNREVIEWED			AUTO_SAFE	7
сверк	сверк	7	засверкать,отсверкать,просверкать,сверкание,сверкать,сверкающий,сверкнуть		0	0			UNREVIEWED			AUTO_SAFE	7
силос	силос	7	засилосовать,силос,силосный,силосование,силосованный,силосовать,силосоваться		0	0			UNREVIEWED			AUTO_SAFE	7
лыб	лыб	7	заулыбаться,улыба,улыбаться,улыбка,улыбнуться,улыбочка,улыбчивый		0	0			UNREVIEWED			AUTO_SAFE	7
хлам	хлам	7	захламить,захламленность,захламленный,захламлять,захламляться,хлам,хламье		0	0			UNREVIEWED			AUTO_SAFE	7
цок	цок	7	зацокать,цокальщик,цоканье,цокать,цокнуть,цокотать,цокотуха		0	0			UNREVIEWED			AUTO_SAFE	7
чван	чван	7	зачваниться,почваниться,чваниться,чванливость,чванливый,чванный,чванство		0	0			UNREVIEWED			AUTO_SAFE	7
чум	чум	7	зачумленный,очумелый,очуметь,чума,чуметь,чумной,чумовой		0	0			UNREVIEWED			AUTO_SAFE	7
шарп	шарп	7	зашарпать,обшарпанный,обшарпать,обшарпаться,обшарпывать,обшарпываться,шарпать		0	0			UNREVIEWED			AUTO_SAFE	7
штор	штор	7	зашторивание,зашторивать,зашториваться,зашторить,зашториться,штора,шторка		0	0			UNREVIEWED			AUTO_SAFE	7
щек|щеч	щек|щеч	7	защечный,подщечный,пощечина,щека,щекастый,щечка,щечный		0	0			UNREVIEWED			AUTO_SAFE	7
юл	юл	7	заюлить,отъюливать,отъюлить,разъюлиться,юла,юлить,юлка		0	0			UNREVIEWED			AUTO_SAFE	7
инд¹	инд¹	7	индейка,индейский,индюк,индюшачий,индюшечий,индюшка,индюшонок		0	0			UNREVIEWED			AUTO_SAFE	7
кад¹	кад¹	7	кадка,кадочка,кадочник,кадочный,кадушечка,кадушечный,кадушка		0	0			UNREVIEWED			AUTO_SAFE	7
клещ	клещ	7	клещ,клещевина,клещевинный,клещи,клещовка,клещовник,клещовый		0	0			UNREVIEWED			AUTO_SAFE	7
кок	кок	7	кокать,кокнуть,кокнуться,кокошник,перекокать,раскокать,укокошить		0	0			UNREVIEWED			AUTO_SAFE	7
корзин	корзин	7	корзина,корзинка,корзинный,корзиночка,корзиночный,корзинщик,корзинщица		0	0			UNREVIEWED			AUTO_SAFE	7
кошел	кошел	7	кошелек,кошелка,кошелочка,кошель,кошельковый,раскошеливаться,раскошелиться		0	0			UNREVIEWED			AUTO_SAFE	7
кудр	кудр	7	кудреватый,кудри,кудрявиться,кудрявость,кудрявый,кудряш,кудряшка		0	0			UNREVIEWED			AUTO_SAFE	7
лар	лар	7	ларек,ларец,ларечник,ларечница,ларечный,ларчик,ларь		0	0			UNREVIEWED			AUTO_SAFE	7
малин	малин	7	малина,малинина,малинка,малинник,малинный,малиновка,малиновый		0	0			UNREVIEWED			AUTO_SAFE	7
миндал	миндал	7	миндалевый,миндалик,миндалина,миндаль,миндальник,миндальничать,миндальный		0	0			UNREVIEWED			AUTO_SAFE	7
мотыг|мотыж	мотыг|мотыж	7	мотыга,мотыжение,мотыжить,мотыжиться,мотыжный,размотыживать,размотыжить		0	0			UNREVIEWED			AUTO_SAFE	7
мук²|муч²	мук²|муч²	7	мука,мучица,мучка,мучник,мучнистость,мучнистый,мучной		0	2			UNREVIEWED			AUTO_SAFE	7
мур⁴	мур⁴	7	мурава,муравить,муравление,муравленый,перемуравить,перемуравливать,помуравить		0	0			UNREVIEWED			AUTO_SAFE	7
пахт	пахт	7	напахтать,напахтаться,пахта,пахталка,пахтальный,пахтанье,пахтать		0	0			UNREVIEWED			AUTO_SAFE	7
плюх	плюх	7	наплюхать,плюх,плюха,плюхать,плюхаться,плюхнуть,плюхнуться		0	0			UNREVIEWED			AUTO_SAFE	7
сул	сул	7	насулить,посул,посулить,посулиться,суленый,сулить,сулиться		0	0			UNREVIEWED			AUTO_SAFE	7
шест¹	шест¹	7	нашест,нашесть,шест,шестик,шестовой,шесток,шесточный		0	7			UNREVIEWED			AUTO_SAFE	7
шинк²	шинк²	7	нашинковать,шинковальный,шинкование,шинкованный,шинковать,шинковаться,шинковка		0	0			UNREVIEWED			AUTO_SAFE	7
шкод	шкод	7	нашкодить,шкода,шкодить,шкодливость,шкодливый,шкодник,шкодница		0	0			UNREVIEWED			AUTO_SAFE	7
нерест	нерест	7	нерест,нерестилище,нереститься,нерестовать,нерестовый,отнереститься,преднерестовый		0	0			UNREVIEWED			AUTO_SAFE	7
обер|оберт	обер|оберт	7	обернуть,обернуться,обертка,оберточный,обертывание,обертывать,обертываться		0	0			UNREVIEWED			AUTO_SAFE	7
олеш|ольх|ольш	олеш|ольх|ольш	7	олешник,олешняк,ольха,ольховник,ольховый,ольшаник,ольшняк		0	0			UNREVIEWED			AUTO_SAFE	7
пен²|пен|пн	пен²|пен|пн	7	опенок,пенек,пенечек,пень,пнистый,пнище,попенный		0	12			UNREVIEWED			AUTO_SAFE	7
охр	охр	7	охра,охристый,охрить,охриться,охровый,охрянка,охряный		0	0			UNREVIEWED			AUTO_SAFE	7
щен	щен	7	ощенить,ощениться,пащенок,щениться,щенная,щенок,щенячий		0	0			UNREVIEWED			AUTO_SAFE	7
щер	щер	7	ощеренный,ощеривать,ощериваться,ощерить,ощериться,щерить,щериться		0	0			UNREVIEWED			AUTO_SAFE	7
ял	ял	7	ояловеть,яловеть,яловица,яловичный,яловка,яловость,яловый		0	0			UNREVIEWED			AUTO_SAFE	7
пал⁴	пал⁴	7	палица,палка,палочка,палочковый,палочник,палочный,паля		0	0			UNREVIEWED			AUTO_SAFE	7
пап	пап	7	папа,папаня,папаша,папашка,папенька,папочка,папуля		0	0			UNREVIEWED			AUTO_SAFE	7
пирог|пирож	пирог|пирож	7	пирог,пирожковый,пирожник,пирожница,пирожное,пирожный,пирожок		0	0			UNREVIEWED			AUTO_SAFE	7
сан²	сан²	7	подсанки,сани,санки,санный,саночки,саночник,саночный		0	0			UNREVIEWED			AUTO_SAFE	7
свекл|свекол	свекл|свекол	7	подсвекольник,свекла,свекловица,свекловичник,свекловичный,свекольник,свекольный		0	0			UNREVIEWED			AUTO_SAFE	7
степ	степ	7	подстепной,подстепье,предстепье,степной,степняк,степнячка,степь		0	0			UNREVIEWED			AUTO_SAFE	7
черев|чрев	черев|чрев	7	подчеревный,черевики,черевички,черево,чреватость,чреватый,чрево		0	0			UNREVIEWED			AUTO_SAFE	7
роскош	роскош	7	пороскошествовать,роскошество,роскошествовать,роскошник,роскошничать,роскошный,роскошь		0	0			UNREVIEWED			AUTO_SAFE	7
рус¹	рус¹	7	порусеть,русак,русачий,русачник,русачок,русеть,русый		0	253			UNREVIEWED			AUTO_SAFE	7
смак|смач	смак|смач	7	посмаковать,смак,смакование,смаковать,смаковаться,смачность,смачный		0	0			UNREVIEWED			AUTO_SAFE	7
юрод	юрод	7	поюродствовать,юрод,юродивость,юродивый,юродский,юродство,юродствовать		0	0			UNREVIEWED			AUTO_SAFE	7
фронт	фронт	7	прифронтовой,фронт,фронтальность,фронтальный,фронтовик,фронтовичка,фронтовой		0	0			UNREVIEWED			AUTO_SAFE	7
таран	таран	7	протаранивать,протараниваться,протаранить,таран,таранить,тараниться,таранный		0	0			UNREVIEWED			AUTO_SAFE	7
щедр¹	щедр¹	7	расщедриваться,расщедриться,щедровитый,щедровка,щедрость,щедроты,щедрый		0	0			UNREVIEWED			AUTO_SAFE	7
рем	рем	7	ременный,ременчатый,ремень,ремешковый,ремешник,ремешок,ремнец		0	0			UNREVIEWED			AUTO_SAFE	7
ремесл	ремесл	7	ремесленник,ремесленница,ремесленничать,ремесленнический,ремесленничество,ремесленный,ремесло		0	0			UNREVIEWED			AUTO_SAFE	7
реп²	реп²	7	репеек,репей,репейник,репейница,репейничек,репейный,репяшок		0	0			UNREVIEWED			AUTO_SAFE	7
риск	риск	7	риск,рискнуть,рискованность,рискованный,рисковать,рисковой,рисковый		0	0			UNREVIEWED			AUTO_SAFE	7
селед|сельд	селед|сельд	7	селедка,селедочка,селедочница,селедочный,сельдевый,сельдь,сельдяной		0	0			UNREVIEWED			AUTO_SAFE	7
скаред	скаред	7	скаред,скареда,скаредник,скаредница,скаредничать,скаредность,скаредный		0	0			UNREVIEWED			AUTO_SAFE	7
скит²	скит²	7	скит,скитник,скитница,скитничать,скитнический,скитный,скитский		0	0			UNREVIEWED			AUTO_SAFE	7
слюд	слюд	7	слюда,слюдинитовый,слюдистый,слюдовый,слюдянистость,слюдянистый,слюдяной		0	0			UNREVIEWED			AUTO_SAFE	7
собол	собол	7	соболек,соболенок,соболий,соболиный,соболь,соболюшка,соболятник		0	0			UNREVIEWED			AUTO_SAFE	7
сыт²|сыч²	сыт²|сыч²	7	сыта,сытить,сытиться,сытник,сытовник,сычение,сыченый		0	12			UNREVIEWED			AUTO_SAFE	7
тесем|тесьм	тесем|тесьм	7	тесемка,тесемочка,тесемочник,тесемочница,тесемочный,тесемчатый,тесьма		0	0			UNREVIEWED			AUTO_SAFE	7
троп	троп	7	тропа,тропина,тропинка,тропка,тропот,тропотать,тропочка		0	54			UNREVIEWED			AUTO_SAFE	7
тол³	тол³	7	утоление,утолитель,утолительный,утолить,утолиться,утолять,утоляться		0	0			UNREVIEWED			AUTO_SAFE	7
хво(j)	хво(j)	7	хвоистый,хвоить,хвойка,хвойник,хвойниковые,хвойный,хвоя		0	0			UNREVIEWED			AUTO_SAFE	7
хором|храм¹	хором|храм¹	7	хоромина,хоромный,хоромы,храм,храмина,храмовник,храмовой		0	0			UNREVIEWED			AUTO_SAFE	7
хрен	хрен	7	хрен,хренина,хреновина,хреновка,хреновник,хреновый,хренок		0	0			UNREVIEWED			AUTO_SAFE	7
шап	шап	7	шапка,шапонька,шапочка,шапочник,шапочница,шапочный,шапчонка		0	0			UNREVIEWED			AUTO_SAFE	7
шинк¹|шинок	шинк¹|шинок	7	шинкарить,шинкарка,шинкарочка,шинкарский,шинкарство,шинкарь,шинок		0	0			UNREVIEWED			AUTO_SAFE	7
ягод	ягод	7	ягода,ягодица,ягодичный,ягодка,ягодковые,ягодница,ягодный		0	0			UNREVIEWED			AUTO_SAFE	7
амбар	амбар	6	амбар,амбаришко,амбарище,амбарный,амбарушка,амбарчик		0	0			UNREVIEWED			AUTO_SAFE	6
аптек|аптеч	аптек|аптеч	6	аптека,аптекарский,аптекарша,аптекарь,аптечка,аптечный		0	0			UNREVIEWED			AUTO_SAFE	6
ау	ау	6	ау,ауканье,аукать,аукаться,аукнуть,аукнуться		0	0			UNREVIEWED			AUTO_SAFE	6
бад	бад	6	бадеечка,бадеечный,бадейка,бадейный,бадейщик,бадья		0	0			UNREVIEWED			AUTO_SAFE	6
балала(j)	балала(j)	6	балалаечка,балалаечник,балалаечница,балалаечный,балалайка,балалайщик		0	0			UNREVIEWED			AUTO_SAFE	6
корыст	корыст	6	бескорыстие,бескорыстность,бескорыстный,корыстный,корысть,покорыстоваться		0	0			UNREVIEWED			AUTO_SAFE	6
пал³	пал³	6	беспалый,напальчник,палец,пальцевой,пальчатый,пальчик		0	0			UNREVIEWED			AUTO_SAFE	6
челн	челн	6	бесчелночный,челн,челнок,челночник,челночный,челночок		0	0			UNREVIEWED			AUTO_SAFE	6
бирюк|бирюч	бирюк|бирюч	6	бирюк,бирюковатый,бирюч,бирючий,бирючина,бирючок		0	0			UNREVIEWED			AUTO_SAFE	6
бисер	бисер	6	бисер,бисерина,бисеринка,бисерник,бисерный,бисерщик		0	0			UNREVIEWED			AUTO_SAFE	6
блев	блев	6	блевать,блевота,блевотина,блевотный,изблевать,сблевывать		0	0			UNREVIEWED			AUTO_SAFE	6
блек	блек	6	блеклость,блеклый,блекнуть,поблеклый,поблекнуть,поблекший		0	0			UNREVIEWED			AUTO_SAFE	6
бондар	бондар	6	бондарить,бондарный,бондарня,бондарский,бондарство,бондарь		0	0			UNREVIEWED			AUTO_SAFE	6
борз	борз	6	борзая,борзовщик,борзой,борзый,борзятник,выборзок		0	0			UNREVIEWED			AUTO_SAFE	6
борт²	борт²	6	борт,бортик,бортовка,бортовой,набортный,обортоваться		0	0			UNREVIEWED			AUTO_SAFE	6
бублик|бублич	бублик|бублич	6	бублик,бубликовый,бубличек,бубличник,бубличница,бубличный		0	0			UNREVIEWED			AUTO_SAFE	6
будн	будн	6	будни,будний,будничность,будничный,буднишний,буднишность		0	0			UNREVIEWED			AUTO_SAFE	6
будораж	будораж	6	будоражить,будоражиться,взбудораживать,взбудораживаться,взбудоражить,взбудоражиться		0	0			UNREVIEWED			AUTO_SAFE	6
булк|булоч	булк|булоч	6	булка,булочка,булочная,булочник,булочница,булочный		0	0			UNREVIEWED			AUTO_SAFE	6
буфет	буфет	6	буфет,буфетец,буфетная,буфетный,буфетчик,буфетчица		0	0			UNREVIEWED			AUTO_SAFE	6
был	был	6	былина,былинка,былиночка,былинушка,былье,быльник		0	904			UNREVIEWED			AUTO_SAFE	6
вакс	вакс	6	вакса,ваксить,вакситься,наваксить,поваксить,повакситься		0	0			UNREVIEWED			AUTO_SAFE	6
вафел|вафл	вафел|вафл	6	вафельник,вафельница,вафельный,вафельщик,вафельщица,вафля		0	0			UNREVIEWED			AUTO_SAFE	6
дрызг	дрызг	6	вдрызг,дрызгать,дрызгаться,дрызготня,надрызгать,надрызгаться		0	0			UNREVIEWED			AUTO_SAFE	6
вити(j)	вити(j)	6	витиеватость,витиеватый,витийственный,витийство,витийствовать,вития		0	0			UNREVIEWED			AUTO_SAFE	6
недр	недр	6	внедрение,внедрить,внедриться,внедрять,внедряться,недра		0	0			UNREVIEWED			AUTO_SAFE	6
пря²|пряд²	пря²|пряд²	6	воспрянуть,вспрянуть,отпрядывать,отпрянуть,прядать,прянуть		0	0			UNREVIEWED			AUTO_SAFE	6
вош|вш	вош|вш	6	вошка,вошь,вшиветь,вшивый,завшиветь,обовшиветь		0	8			UNREVIEWED			AUTO_SAFE	6
хлип¹	хлип¹	6	всхлип,всхлипнуть,всхлипывание,всхлипывать,захлипать,хлипать		0	0			UNREVIEWED			AUTO_SAFE	6
выжл	выжл	6	выжленок,выжлец,выжлица,выжловка,выжлята,выжлятник		0	0			UNREVIEWED			AUTO_SAFE	6
канюк|канюч	канюк|канюч	6	выканючивать,выканючиваться,выканючить,канюк,канючить,поканючить		0	0			UNREVIEWED			AUTO_SAFE	6
цыган	цыган	6	выцыганить,цыган,цыганить,цыганка,цыганский,цыганщина		0	0			UNREVIEWED			AUTO_SAFE	6
чур¹	чур¹	6	вычура,вычурность,вычурный,зачураться,чур,чураться		0	0			UNREVIEWED			AUTO_SAFE	6
глум	глум	6	глум,глумиться,глумление,глумливый,наглумиться,поглумиться		0	0			UNREVIEWED			AUTO_SAFE	6
гнус¹|гнуш	гнус¹|гнуш	6	гнус,гнусность,гнусный,гнусь,гнушаться,погнушаться		0	8			UNREVIEWED			AUTO_SAFE	6
горох|горош¹	горох|горош¹	6	горох,гороховый,горошек,горошина,горошинка,горошница		0	0			UNREVIEWED			AUTO_SAFE	6
грез	грез	6	греза,грезить,грезиться,погрезить,погрезиться,пригрезиться		0	0			UNREVIEWED			AUTO_SAFE	6
гриб	гриб	6	гриб,грибковый,грибник,грибница,грибной,грибок		0	0			UNREVIEWED			AUTO_SAFE	6
гумен|гумн	гумен|гумн	6	гуменный,гумно,загуменник,загуменный,нагуменный,пригуменный		0	0			UNREVIEWED			AUTO_SAFE	6
да³	да³	6	да,даканье,дакать,дакнуть,поддакивать,поддакнуть		0	0			UNREVIEWED			AUTO_SAFE	6
двер	двер	6	дверка,дверной,дверца,дверь,наддверный,преддверие		0	0			UNREVIEWED			AUTO_SAFE	6
досуг|досуж	досуг|досуж	6	досуг,досужий,досужливый,досужный,удосуживаться,удосужиться		0	0			UNREVIEWED			AUTO_SAFE	6
дрожд|дрожж	дрожд|дрожж	6	дрождяник,дрождяной,дрожжевание,дрожжевать,дрожжевой,дрожжи		0	0			UNREVIEWED			AUTO_SAFE	6
дряб	дряб	6	дрябловатый,дряблость,дряблый,дрябнуть,одряблеть,одрябнуть		0	0			UNREVIEWED			AUTO_SAFE	6
егоз	егоз	6	егоза,егозить,егозливость,егозливый,заегозить,поегозить		0	0			UNREVIEWED			AUTO_SAFE	6
ерунд	ерунд	6	ерунда,ерундистика,ерундить,ерундовский,ерундовый,наерундить		0	0			UNREVIEWED			AUTO_SAFE	6
жерд	жерд	6	жердевой,жердина,жердняк,жердочка,жердь,жердяной		0	0			UNREVIEWED			AUTO_SAFE	6
кавык|кавыч	кавык|кавыч	6	закавыка,закавыченный,закавычить,закавычка,кавыка,кавычка		0	0			UNREVIEWED			AUTO_SAFE	6
косн	косн	6	закоснелость,закоснелый,закоснеть,коснеть,косность,косный		0	0			UNREVIEWED			AUTO_SAFE	6
кряхт	кряхт	6	закряхтеть,кряхтение,кряхтеть,покряхтеть,покряхтывать,прокряхтеть		0	0			UNREVIEWED			AUTO_SAFE	6
курч	курч	6	закурчавиться,курчаветь,курчавиться,курчавость,курчавый,курчеватый		0	0			UNREVIEWED			AUTO_SAFE	6
мешк	мешк	6	замешкаться,мешкать,мешкотность,мешкотный,промешкать,промешкаться		0	0			UNREVIEWED			AUTO_SAFE	6
мурлык	мурлык	6	замурлыкать,мурлыка,мурлыканье,мурлыкать,помурлыкать,промурлыкать		0	0			UNREVIEWED			AUTO_SAFE	6
мяу	мяу	6	замяукать,мяу,мяуканье,мяукать,мяучить,промяукать		0	0			UNREVIEWED			AUTO_SAFE	6
недуг|недуж	недуг|недуж	6	занедужить,занедужиться,недуг,недужиться,недужный,разнедужиться		0	0			UNREVIEWED			AUTO_SAFE	6
пазух|пазуш	пазух|пазуш	6	запазушный,пазуха,пазушина,пазушка,пазушный,припазушный		0	0			UNREVIEWED			AUTO_SAFE	6
почи	почи	6	започивать,опочивальня,опочивать,опочить,почивать,почить		0	0			UNREVIEWED			AUTO_SAFE	6
пыж¹	пыж¹	6	запыжить,напыжиться,пыж,пыжик,пыжиться,пыжовый		0	0			UNREVIEWED			AUTO_SAFE	6
рд	рд	6	зардеть,зардеться,рдение,рдеть,рдеться,рдяный		0	0			UNREVIEWED			AUTO_SAFE	6
скул²	скул²	6	заскулить,поскулить,скулеж,скулила,скулистый,скулить		0	0			UNREVIEWED			AUTO_SAFE	6
таратор	таратор	6	затараторить,натараторить,протараторить,таратора,тараторить,тараторка		0	0			UNREVIEWED			AUTO_SAFE	6
толп	толп	6	затолпиться,столпить,столпиться,толпа,толпиться,толпища		0	0			UNREVIEWED			AUTO_SAFE	6
торк	торк	6	заторкать,наторкать,подторкать,подторкнуть,торкать,торкаться		0	0			UNREVIEWED			AUTO_SAFE	6
тяв	тяв	6	затявкать,тяв,тявканье,тявкать,тявкнуть,тявкуша		0	0			UNREVIEWED			AUTO_SAFE	6
фальш	фальш	6	зафальшивить,фальшивить,фальшивка,фальшивость,фальшивый,фальшь		0	0			UNREVIEWED			AUTO_SAFE	6
хнык	хнык	6	захныкать,расхныкаться,хныкала,хныканье,хныкать,хныкающий		0	0			UNREVIEWED			AUTO_SAFE	6
чирк	чирк	6	зачиркать,исчиркать,начиркать,отчиркать,чиркать,чиркнуть		0	0			UNREVIEWED			AUTO_SAFE	6
чок	чок	6	зачокаться,чоканье,чокать,чокаться,чокнуть,чокнуться		0	0			UNREVIEWED			AUTO_SAFE	6
штил	штил	6	заштилевать,заштилеть,штилевать,штилевой,штиль,штильный		0	0			UNREVIEWED			AUTO_SAFE	6
иждивен	иждивен	6	иждивенец,иждивение,иждивенка,иждивенский,иждивенство,иждивенческий		0	0			UNREVIEWED			AUTO_SAFE	6
кад²|кажд²	кад²|кажд²	6	кадило,кадильница,кадильный,кадить,каждение,покадить		0	488			UNREVIEWED			AUTO_SAFE	6
калач	калач	6	калач,калачик,калачиком,калачник,калачница,калачный		0	0			UNREVIEWED			AUTO_SAFE	6
канат	канат	6	канат,канатик,канатник,канатный,канатчик,канатчица		0	0			UNREVIEWED			AUTO_SAFE	6
каторг|каторж	каторг|каторж	6	каторга,каторжанин,каторжанка,каторжник,каторжница,каторжный		0	0			UNREVIEWED			AUTO_SAFE	6
кафтан	кафтан	6	кафтан,кафтанишко,кафтанише,кафтанный,кафтанчик,кафтанщик		0	0			UNREVIEWED			AUTO_SAFE	6
керосин	керосин	6	керосин,керосинка,керосинный,керосиновый,керосинщик,керосинщица		0	0			UNREVIEWED			AUTO_SAFE	6
кирк	кирк	6	кирка,кирковый,окирковать,окирковка,окирковывать,окирковываться		0	0			UNREVIEWED			AUTO_SAFE	6
кирпич	кирпич	6	кирпич,кирпичик,кирпичина,кирпичник,кирпичница,кирпичный		0	0			UNREVIEWED			AUTO_SAFE	6
клеш	клеш	6	клеш,клешник,расклешенный,расклешивать,расклешиваться,расклешить		0	0			UNREVIEWED			AUTO_SAFE	6
колон|колонн	колон|колонн	6	колонка,колонковый,колонна,колоннада,колонный,колоночный		0	0			UNREVIEWED			AUTO_SAFE	6
колпак|колпач	колпак|колпач	6	колпак,колпачный,колпачок,околпачивать,околпачиваться,околпачить		0	0			UNREVIEWED			AUTO_SAFE	6
коляд	коляд	6	коляда,колядка,колядный,колядовать,колядовщик,колядский		0	0			UNREVIEWED			AUTO_SAFE	6
конфет	конфет	6	конфета,конфетина,конфетка,конфетный,конфетчик,конфетчица		0	0			UNREVIEWED			AUTO_SAFE	6
корч¹	корч¹	6	корча,корченый,корчить,корчиться,скорчить,скорчиться		0	0			UNREVIEWED			AUTO_SAFE	6
крамол	крамол	6	крамола,крамольник,крамольничать,крамольнический,крамольный,покрамольничать		0	0			UNREVIEWED			AUTO_SAFE	6
кремен|кремеш|кремн	кремен|кремеш|кремн	6	кремень,кремешок,кремневка,кремневый,кремнистость,кремнистый		0	0			UNREVIEWED			AUTO_SAFE	6
кроват	кроват	6	кроватишка,кроватища,кроватка,кроватный,кровать,прикроватный		0	0			UNREVIEWED			AUTO_SAFE	6
крол	крол	6	кролик,кроликовый,кроличий,крольчатник,крольчиха,окрол		0	0			UNREVIEWED			AUTO_SAFE	6
кроп²	кроп²	6	кропание,кропатель,кропательство,кропать,накропать,скропать		0	0			UNREVIEWED			AUTO_SAFE	6
кувшин	кувшин	6	кувшин,кувшинка,кувшинковые,кувшинный,кувшинчатый,кувшинчик		0	0			UNREVIEWED			AUTO_SAFE	6
кустар	кустар	6	кустарничать,кустарничество,кустарность,кустарный,кустарщина,кустарь		0	2			UNREVIEWED			AUTO_SAFE	6
кух	кух	6	кухарка,кухарничать,кухарь,кухня,кухонный,кухонька		0	0			UNREVIEWED			AUTO_SAFE	6
лапот	лапот	6	лапотник,лапотница,лапотный,лапоток,лапоточек,лапоть		0	0			UNREVIEWED			AUTO_SAFE	6
лимон	лимон	6	лимонад,лимонадный,лимонарий,лимонка,лимоновка,налимониться		0	0			UNREVIEWED			AUTO_SAFE	6
лоз	лоз	6	лоза,лозина,лозинка,лозный,лозняк,лозняковый		0	0			UNREVIEWED			AUTO_SAFE	6
лос¹	лос¹	6	лосевый,лосенок,лосина,лосиный,лосиха,лось		0	0			UNREVIEWED			AUTO_SAFE	6
лотк|лоток|лоточ	лотк|лоток|лоточ	6	лоток,лоточек,лоточник,лоточница,лоточный,лотковый		0	0			UNREVIEWED			AUTO_SAFE	6
лук²	лук²	6	лук,луковица,луковичка,луковичный,луковка,луковый		0	0			UNREVIEWED			AUTO_SAFE	6
люл	люл	6	люлечка,люли,люлька,улюлю,улюлюканье,улюлюкать		0	0			UNREVIEWED			AUTO_SAFE	6
маклак|маклач	маклак|маклач	6	маклак,маклаческий,маклачество,маклачить,маклачка,смаклачить		0	0			UNREVIEWED			AUTO_SAFE	6
матрас|матрац	матрас|матрац	6	матрас,матрасик,матрасник,матрасный,матрац,наматрасник		0	0			UNREVIEWED			AUTO_SAFE	6
махор¹|махр¹	махор¹|махр¹	6	махорчатый,махристый,махроветь,махровость,махровый,махры		0	0			UNREVIEWED			AUTO_SAFE	6
мачт	мачт	6	мачта,мачтовой,мачтовый,размачтовать,размачтовывать,размачтовываться		0	0			UNREVIEWED			AUTO_SAFE	6
мездр	мездр	6	мездра,мездрильный,мездрить,мездроватый,мездровый,мездряной		0	0			UNREVIEWED			AUTO_SAFE	6
мозг²	мозг²	6	мозглый,мозглявый,мозгляк,промозглость,промозглый,промозгнуть		0	0			UNREVIEWED			AUTO_SAFE	6
морд¹	морд¹	6	морда,мордастый,мордасы,мордашка,мордочка,намордник		0	0			UNREVIEWED			AUTO_SAFE	6
шаст	шаст	6	обшастать,шасталка,шастальный,шастанье,шастать,шасть		0	0			UNREVIEWED			AUTO_SAFE	6
солов²	солов²	6	осоловелый,осоловеть,посоловелый,посоловеть,соловеть,соловый		0	0			UNREVIEWED			AUTO_SAFE	6
ужин	ужин	6	отужинать,поужинать,проужинать,ужин,ужинать,ужинный		0	132			UNREVIEWED			AUTO_SAFE	6
шлак	шлак	6	ошлаковать,ошлаковаться,шлак,шлаковать,шлаковаться,шлаковый		0	0			UNREVIEWED			AUTO_SAFE	6
па(j)⁵	па(j)⁵	6	паевой,паек,пай,пайковый,пайщик,пайщица		0	0			UNREVIEWED			AUTO_SAFE	6
пах³|паш³	пах³|паш³	6	пах,паховой,паховый,пашина,пашинка,пашинный		0	3			UNREVIEWED			AUTO_SAFE	6
пег|пеж	пег|пеж	6	пеганка,пегашка,пегенький,пегий,пегонький,пежина		0	0			UNREVIEWED			AUTO_SAFE	6
стакан|стакаш	стакан|стакаш	6	подстаканник,стакан,стаканный,стаканчик,стакашек,стакашка		0	0			UNREVIEWED			AUTO_SAFE	6
шеф	шеф	6	подшефник,подшефный,шеф,шефский,шефство,шефствовать		0	0			UNREVIEWED			AUTO_SAFE	6
порог|порож	порог|порож	6	порог,пороговый,порожек,порожистость,порожистый,порожный		0	4			UNREVIEWED			AUTO_SAFE	6
торч	торч	6	поторчать,проторчать,торчать,торчком,торчмя,торчок		0	0			UNREVIEWED			AUTO_SAFE	6
чик|чк	чик|чк	6	прочкнуть,прочкнуться,чиканье,чикать,чикнуть,чкнуть		0	0			UNREVIEWED			AUTO_SAFE	6
прут	прут	6	прут,прутик,прутковый,прутняк,пруток,прутяной		0	11			UNREVIEWED			AUTO_SAFE	6
радуг|радуж	радуг|радуж	6	радуга,радужина,радужка,радужница,радужность,радужный		0	0			UNREVIEWED			AUTO_SAFE	6
рекрут	рекрут	6	рекрут,рекрутировать,рекрутироваться,рекрутский,рекрутство,рекрутчина		0	0			UNREVIEWED			AUTO_SAFE	6
рогож|рогоз	рогож|рогоз	6	рогожа,рогожина,рогожка,рогожный,рогоз,рогозовый		0	0			UNREVIEWED			AUTO_SAFE	6
русал	русал	6	русалии,русалка,русалочий,русалочка,русалочный,русальный		0	0			UNREVIEWED			AUTO_SAFE	6
сапог|сапож	сапог|сапож	6	сапог,сапожище,сапожник,сапожничать,сапожный,сапожок		0	0			UNREVIEWED			AUTO_SAFE	6
сва(j)²	сва(j)²	6	сваечка,сваечный,свайка,свайник,свайный,свая		0	0			UNREVIEWED			AUTO_SAFE	6
свир	свир	6	свирель,свирельный,свиристелка,свиристель,свиристеть,свирок		0	0			UNREVIEWED			AUTO_SAFE	6
семг|семж|семуж	семг|семж|семуж	6	семга,семговый,семжина,семжища,семужий,семужка		0	0			UNREVIEWED			AUTO_SAFE	6
слив	слив	6	слива,сливный,сливвняк,сливовый,сливянка,сливяной		0	360			UNREVIEWED			AUTO_SAFE	6
сосен|сосн	сосен|сосн	6	сосенка,сосенный,сосна,сосновый,сосняк,соснячок		0	0			UNREVIEWED			AUTO_SAFE	6
табун	табун	6	стабунить,табун,табуниться,табунный,табунок,табунщик		0	0			UNREVIEWED			AUTO_SAFE	6
стерн|сторн	стерн|сторн	6	стерневой,стернь,стерня,сторновать,сторноваться,сторновка		0	0			UNREVIEWED			AUTO_SAFE	6
губ³	губ³	6	сугубый,усугубить,усугубиться,усугубление,усугублять,усугубляться		0	0			UNREVIEWED			AUTO_SAFE	6
судар	судар	6	сударик,сударка,сударушка,сударынька,сударыня,сударь		0	0			UNREVIEWED			AUTO_SAFE	6
суматох|суматош	суматох|суматош	6	суматоха,суматошество,суматошиться,суматошливость,суматошливый,суматошный		0	0			UNREVIEWED			AUTO_SAFE	6
терн	терн	6	терн,терние,тернистость,тернистый,терновник,терновый		0	0			UNREVIEWED			AUTO_SAFE	6
топор	топор	6	топор,топорик,топоришко,топорище,топорник,топорный		0	0			UNREVIEWED			AUTO_SAFE	6
трактир	трактир	6	трактир,трактирец,трактирный,трактирчик,трактирщик,трактирщица		0	0			UNREVIEWED			AUTO_SAFE	6
тюлен	тюлен	6	тюленевый,тюлененок,тюлений,тюленина,тюленщик,тюлень		0	0			UNREVIEWED			AUTO_SAFE	6
уж¹	уж¹	6	уж,ужиный,ужовка,ужовник,ужовый,ужонок		0	24			UNREVIEWED			AUTO_SAFE	6
уж⁴	уж⁴	6	уж,уже,ужели,ужель,ужли,ужо		0	4			UNREVIEWED			AUTO_SAFE	6
флейт	флейт	6	флейта,флейтист,флейтистка,флейтный,флейтовый,флейтщик		0	0			UNREVIEWED			AUTO_SAFE	6
халтур	халтур	6	халтура,халтурить,халтурный,халтурщик,халтурщина,халтурщица		0	0			UNREVIEWED			AUTO_SAFE	6
ханж	ханж	6	ханжа,ханжески,ханжеский,ханжеской,ханжество,ханжить		0	0			UNREVIEWED			AUTO_SAFE	6
холоп	холоп	6	холоп,холопий,холопка,холопский,холопство,холопствовать		0	0			UNREVIEWED			AUTO_SAFE	6
шаш	шаш	6	шашечка,шашечница,шашечный,шашист,шашистка,шашка		0	0			UNREVIEWED			AUTO_SAFE	6
шпул	шпул	6	шпулечный,шпулька,шпульник,шпульница,шпульный,шпуля		0	0			UNREVIEWED			AUTO_SAFE	6
щедр²	щедр²	6	щедривый,щедрина,щедринка,щедроватость,щедроватый,щедровитый		0	0			UNREVIEWED			AUTO_SAFE	6
юбк|юбоч|юбч	юбк|юбоч|юбч	6	юбка,юбочка,юбочник,юбочница,юбочный,юбчонка		0	0			UNREVIEWED			AUTO_SAFE	6
алтын	алтын	5	алтын,алтынник,алтынница,алтынничать,алтынный		0	0			UNREVIEWED			AUTO_SAFE	5
арап	арап	5	арап,арапка,арапский,арапчик,арапчонок		0	0			UNREVIEWED			AUTO_SAFE	5
аркан	аркан	5	аркан,арканить,арканный,заарканивать,заарканить		0	0			UNREVIEWED			AUTO_SAFE	5
аршин	аршин	5	аршин,аршинник,аршинничать,аршинный,аршинчик		0	0			UNREVIEWED			AUTO_SAFE	5
балагур	балагур	5	балагур,балагурить,балагурный,балагурство,побалагурить		0	0			UNREVIEWED			AUTO_SAFE	5
баляс	баляс	5	балясина,балясинка,балясник,балясничать,балясы		0	0			UNREVIEWED			AUTO_SAFE	5
банд	банд	5	банда,бандит,бандитизм,бандитка,бандитский		0	0			UNREVIEWED			AUTO_SAFE	5
бат	бат	5	батенька,батька,батюшка,батюшкин,батя		0	0			UNREVIEWED			AUTO_SAFE	5
бац	бац	5	бац,бацать,бацаться,бацнуть,бацнуться		0	0			UNREVIEWED			AUTO_SAFE	5
башмак|башмач	башмак|башмач	5	башмак,башмачник,башмачница,башмачный,башмачок		0	0			UNREVIEWED			AUTO_SAFE	5
бедер|бедр	бедер|бедр	5	бедренный,бедро,набедренник,набедренный,подбедерок		0	0			UNREVIEWED			AUTO_SAFE	5
мезд|мзд	мезд|мзд	5	безвозмездность,безвозмездный,безмездный,возмездие,мзда		0	0			UNREVIEWED			AUTO_SAFE	5
бекас	бекас	5	бекас,бекасик,бекасинник,бекасиный,бекасница		0	0			UNREVIEWED			AUTO_SAFE	5
бечев	бечев	5	бечева,бечевка,бечевник,бечевой,бечевочка		0	0			UNREVIEWED			AUTO_SAFE	5
болон	болон	5	болона,заболонник,заболонный,заболонь,оболонь		0	0			UNREVIEWED			AUTO_SAFE	5
бос	бос	5	босиком,босой,босяк,босяцкий,босячество		0	0			UNREVIEWED			AUTO_SAFE	5
бот²	бот²	5	бот,ботик,ботинок,ботиночек,ботиночный		0	0			UNREVIEWED			AUTO_SAFE	5
бренч	бренч	5	бренчание,бренчать,забренчать,побренчать,пробренчать		0	0			UNREVIEWED			AUTO_SAFE	5
бултых	бултых	5	бултых,бултыхать,бултыхаться,бултыхнуть,бултыхнуться		0	0			UNREVIEWED			AUTO_SAFE	5
буль	буль	5	буль,бульканье,булькать,булькнуть,забулькать		0	0			UNREVIEWED			AUTO_SAFE	5
верб¹	верб¹	5	верба,вербный,вербняк,вербовой,вербочка		0	0			UNREVIEWED			AUTO_SAFE	5
друж²|друз	друж²|друз	5	водружать,водружаться,водружение,водрузить,водрузиться		0	0			UNREVIEWED			AUTO_SAFE	5
вол²	вол²	5	вол,воловий,воловик,воловина,воловня		0	77			UNREVIEWED			AUTO_SAFE	5
волшб|волшеб	волшб|волшеб	5	волшба,волшебник,волшебница,волшебный,волшебство		0	0			UNREVIEWED			AUTO_SAFE	5
пар⁶	пар⁶	5	воспарение,воспарить,воспарять,парение,парить		0	1018			UNREVIEWED			AUTO_SAFE	5
топорщ	топорщ	5	встопорщить,встопорщиться,затопорщиться,топорщить,топорщиться		0	0			UNREVIEWED			AUTO_SAFE	5
клянч	клянч	5	выклянчивать,выклянчиваться,клянченье,клянчить,поклянчить		0	0			UNREVIEWED			AUTO_SAFE	5
пест¹	пест¹	5	выпестовать,пест,пестик,пестиковый,пестичный		0	0			UNREVIEWED			AUTO_SAFE	5
гаг	гаг	5	гага,гагара,гагарий,гагарка,гагачий		0	0			UNREVIEWED			AUTO_SAFE	5
гипс	гипс	5	гипсование,гипсовать,гипсоваться,загипсовать,загипсоваться		0	0			UNREVIEWED			AUTO_SAFE	5
горш¹	горш¹	5	горшеня,горшечник,горшечный,горшок,горшочек		0	0			UNREVIEWED			AUTO_SAFE	5
град²	град²	5	град,градина,градинка,градовой,градом		0	202			UNREVIEWED			AUTO_SAFE	5
гримас	гримас	5	гримаса,гримасник,гримасница,гримасничанье,гримасничать		0	0			UNREVIEWED			AUTO_SAFE	5
грузд	грузд	5	груздевый,груздок,груздь,подгруздок,подгруздь		0	0			UNREVIEWED			AUTO_SAFE	5
гря|гряд²|гряс	гря|гряд²|гряс	5	грядущий,грянуть,грянуться,грясти,нагрянуть		0	1			UNREVIEWED			AUTO_SAFE	5
доск|дощ	доск|дощ	5	доска,дощаник,дощаной,дощатый,дощечка		0	0			UNREVIEWED			AUTO_SAFE	5
тл²|тол²	тл²|тол²	5	дотла,потолок,потолочина,потолочный,притолока		0	15			UNREVIEWED			AUTO_SAFE	5
дуг|дуж	дуг|дуж	5	дуга,дуговой,дужка,падуга,поддужный		0	0			UNREVIEWED			AUTO_SAFE	5
ер	ер	5	ер,ерик,ерник,ерничать,ерь		0	0			UNREVIEWED			AUTO_SAFE	5
желоб	желоб	5	желоб,желобина,желобок,желобчатый,разжелобка		0	0			UNREVIEWED			AUTO_SAFE	5
жерел|жерл	жерел|жерл	5	жерлица,жерло,жерлянка,ожерелье,ожерельице		0	0			UNREVIEWED			AUTO_SAFE	5
жолк	жолк	5	жолкнуть,зажолкнуть,пожолклый,пожолкнуть,прожолкнуть		0	0			UNREVIEWED			AUTO_SAFE	5
жух	жух	5	жухлость,жухлый,жухнуть,зажухнуть,пожухнуть		0	0			UNREVIEWED			AUTO_SAFE	5
звяк	звяк	5	зазвякать,звяканье,звякать,звякнуть,позвякивать		0	0			UNREVIEWED			AUTO_SAFE	5
кив	кив	5	закивать,кивание,кивать,кивнуть,покивать		0	0			UNREVIEWED			AUTO_SAFE	5
клин²	клин²	5	заклинание,заклинатель,заклинательница,заклинать,проклинать		0	0			UNREVIEWED			AUTO_SAFE	5
кудахт	кудахт	5	закудахтать,кудахтанье,кудахтать,покудахтать,раскудахтаться		0	0			UNREVIEWED			AUTO_SAFE	5
кут³	кут³	5	закут,закута,закутка,закуток,куток		0	0			UNREVIEWED			AUTO_SAFE	5
морос	морос	5	заморосить,изморось,моросить,морось,поморосить		0	0			UNREVIEWED			AUTO_SAFE	5
мыч¹	мыч¹	5	замычать,мычание,мычать,помычать,промычать		0	0			UNREVIEWED			AUTO_SAFE	5
потч	потч	5	запотчевать,отпотчевать,попотчевать,потчевать,употчевать		0	0			UNREVIEWED			AUTO_SAFE	5
скрежет	скрежет	5	заскрежетать,поскрежетать,проскрежетать,скрежет,скрежетать		0	0			UNREVIEWED			AUTO_SAFE	5
таеж|тайг	таеж|тайг	5	затаежный,подтаежный,таежник,таежный,тайга		0	0			UNREVIEWED			AUTO_SAFE	5
хлюп	хлюп	5	захлюпать,хлюпать,хлюпаться,хлюпнуть,хлюпнуться		0	0			UNREVIEWED			AUTO_SAFE	5
чавк	чавк	5	зачавкать,почавкать,чавканье,чавкать,чавкнуть		0	0			UNREVIEWED			AUTO_SAFE	5
чад¹	чад¹	5	зачадить,начадить,чад,чадить,чадный		0	0			UNREVIEWED			AUTO_SAFE	5
шелуд	шелуд	5	зашелудиветь,ошелудиветь,шелудиветь,шелудивость,шелудивый		0	0			UNREVIEWED			AUTO_SAFE	5
шерш	шерш	5	зашершаветь,шершаветь,шершавить,шершавость,шершавый		0	0			UNREVIEWED			AUTO_SAFE	5
штат	штат	5	заштат,заштатный,штат,штатный,штатский		0	0			UNREVIEWED			AUTO_SAFE	5
зенит	зенит	5	зенит,зенитка,зенитный,зенитчик,зенитчица		0	0			UNREVIEWED			AUTO_SAFE	5
зи	зи	5	зияние,зиять,зияющий,разинуть,разиня		0	0			UNREVIEWED			AUTO_SAFE	5
зык|зыч	зык|зыч	5	зык,зыкать,зыкнуть,зычность,зычный		0	0			UNREVIEWED			AUTO_SAFE	5
зят	зят	5	зятек,зятик,зятний,зять,зятюшка		0	0			UNREVIEWED			AUTO_SAFE	5
игумен	игумен	5	игумен,игуменский,игуменство,игуменствовать,игуменья		0	0			UNREVIEWED			AUTO_SAFE	5
под²	под²	5	испод,исподний,исподники,исподница,преисподняя		0	0			UNREVIEWED			AUTO_SAFE	5
сяк¹	сяк¹	5	иссякать,иссякнуть,неиссякаемость,неиссякаемый,сякнуть		0	0			UNREVIEWED			AUTO_SAFE	5
кабан	кабан	5	кабан,кабаний,кабанина,кабанище,кабанчик		0	0			UNREVIEWED			AUTO_SAFE	5
казн¹	казн¹	5	казненный,казнить,казниться,казнь,расказнить		0	0			UNREVIEWED			AUTO_SAFE	5
канар|кенар	канар|кенар	5	канареечка,канареечник,канареечный,канарейка,кенар		0	0			UNREVIEWED			AUTO_SAFE	5
кедр	кедр	5	кедр,кедрач,кедровка,кедровник,кедровый		0	0			UNREVIEWED			AUTO_SAFE	5
клен	клен	5	клен,кленовый,неклен,паклен,пакленок		0	0			UNREVIEWED			AUTO_SAFE	5
козыр²	козыр²	5	козырной,козырнуть,козырный,козырь,козырять		0	0			UNREVIEWED			AUTO_SAFE	5
колбас	колбас	5	колбаса,колбаска,колбасник,колбасница,колбасный		0	0			UNREVIEWED			AUTO_SAFE	5
контор	контор	5	контора,конторка,конторский,конторщик,конторщица		0	0			UNREVIEWED			AUTO_SAFE	5
коп³	коп³	5	копейный,копейцо,копейщик,копье,копьецо		0	1			UNREVIEWED			AUTO_SAFE	5
кран²	кран²	5	кран,крановшик,крановщица,крановый,подкрановый		0	0			UNREVIEWED			AUTO_SAFE	5
крин|крын	крин|крын	5	криница,кринка,криночный,крынка,крыночный		0	0			UNREVIEWED			AUTO_SAFE	5
крот²	крот²	5	крот,кротенок,кротовий,кротовина,кротовый		0	0			UNREVIEWED			AUTO_SAFE	5
крыс	крыс	5	крыса,крысенок,крысий,крысиный,окрыситься		0	0			UNREVIEWED			AUTO_SAFE	5
кул	кул	5	кулевой,кулек,кулечек,кулечный,куль		0	0			UNREVIEWED			AUTO_SAFE	5
ладон|ладош	ладон|ладош	5	ладонка,ладонный,ладонь,ладоша,ладошка		0	0			UNREVIEWED			AUTO_SAFE	5
лещ¹	лещ¹	5	лещ,лещик,лещовый,подлещ,подлещик		0	0			UNREVIEWED			AUTO_SAFE	5
лоскут	лоскут	5	лоскут,лоскутик,лоскутница,лоскутный,лоскуток		0	0			UNREVIEWED			AUTO_SAFE	5
лыж¹	лыж¹	5	лыжа,лыжник,лыжница,лыжный,лыжня		0	0			UNREVIEWED			AUTO_SAFE	5
мерлух|мерлуш	мерлух|мерлуш	5	мерлуха,мерлушечий,мерлушечник,мерлушка,мерлушковый		0	0			UNREVIEWED			AUTO_SAFE	5
морков	морков	5	морковина,морковка,морковник,морковный,морковь		0	0			UNREVIEWED			AUTO_SAFE	5
перс	перс	5	наперсник,наперсница,наперсный,перси,подперсье		0	0			UNREVIEWED			AUTO_SAFE	5
трус²	трус²	5	натрусить,натруситься,натруска,трусики,трусы		0	0			UNREVIEWED			AUTO_SAFE	5
хлы	хлы	5	нахлынуть,отхлынуть,прихлынуть,схлынуть,хлынуть		0	0			UNREVIEWED			AUTO_SAFE	5
ноздр	ноздр	5	ноздреватость,ноздреватый,ноздревина,ноздревой,ноздря		0	0			UNREVIEWED			AUTO_SAFE	5
облек|облеч	облек|облеч	5	облекать,облекаться,облечение,облечь,облечься		0	0			UNREVIEWED			AUTO_SAFE	5
обор	обор	5	обора,оборина,оборка,оборочка,оборчатый		0	0			UNREVIEWED			AUTO_SAFE	5
олад	олад	5	оладушек,оладушка,оладышек,оладышка,оладья		0	0			UNREVIEWED			AUTO_SAFE	5
олен	олен	5	оленевые,олененок,олений,оленина,олень		0	0			UNREVIEWED			AUTO_SAFE	5
осин	осин	5	осина,осиновик,осиновый,подосинник,подосиновик		0	0			UNREVIEWED			AUTO_SAFE	5
салют	салют	5	отсалютовать,салют,салютный,салютование,салютовать		0	0			UNREVIEWED			AUTO_SAFE	5
черет	черет	5	очерет,очеретник,очеретный,очеретовый,очеретяный		0	0			UNREVIEWED			AUTO_SAFE	5
пав	пав	5	пава,павий,павлин,павлиний,павушка		0	89			UNREVIEWED			AUTO_SAFE	5
пальт	пальт	5	пальтецо,пальтишко,пальто,пальтовый,пальтушка		0	0			UNREVIEWED			AUTO_SAFE	5
пеклев	пеклев	5	пеклеванка,пеклеванник,пеклеванный,пеклевать,пеклевка		0	0			UNREVIEWED			AUTO_SAFE	5
перепел	перепел	5	перепел,перепелиный,перепелица,перепелка,перепелятник		0	6			UNREVIEWED			AUTO_SAFE	5
перл	перл	5	перл,перловица,перловка,перловник,перловый		0	0			UNREVIEWED			AUTO_SAFE	5
пест²	пест²	5	пестование,пестовать,пестоваться,пестун,пестунья		0	0			UNREVIEWED			AUTO_SAFE	5
пик|пич²	пик|пич²	5	пикать,пикнуть,пичуга,пичужечка,пичужка		0	0			UNREVIEWED			AUTO_SAFE	5
плот³	плот³	5	плотва,плотвица,плотвичка,плотица,плотичка		0	0			UNREVIEWED			AUTO_SAFE	5
трень	трень	5	подтренькивать,трень,треньканье,тренькать,тренькнуть		0	0			UNREVIEWED			AUTO_SAFE	5
шип²	шип²	5	подшипник,подшипниковый,шип,шиповник,шиповой		0	0			UNREVIEWED			AUTO_SAFE	5
этаж	этаж	5	подэтаж,этаж,этажерка,этажность,этажный		0	0			UNREVIEWED			AUTO_SAFE	5
пуд	пуд	5	попудно,пуд,пудик,пудовик,пудовой		0	0			UNREVIEWED			AUTO_SAFE	5
сажен	сажен	5	посаженный,саженка,саженки,саженный,сажень		0	450			UNREVIEWED			AUTO_SAFE	5
траф	траф	5	потрафить,потрафлять,трафить,утрафить,утрафлять		0	0			UNREVIEWED			AUTO_SAFE	5
юбил	юбил	5	предъюбилейный,юбилей,юбилейный,юбиляр,юбилярша		0	0			UNREVIEWED			AUTO_SAFE	5
пугов	пугов	5	пуговица,пуговичка,пуговичник,пуговичный,пуговка		0	0			UNREVIEWED			AUTO_SAFE	5
пул	пул	5	пулевой,пулька,пульнуть,пуля,пулять		0	0			UNREVIEWED			AUTO_SAFE	5
фуфыр	фуфыр	5	расфуфыренный,расфуфыриться,фуфыриться,фуфырный,фуфыря		0	0			UNREVIEWED			AUTO_SAFE	5
рач²	рач²	5	рачение,рачитель,рачительность,рачительный,рачить		0	0			UNREVIEWED			AUTO_SAFE	5
сабел|сабл	сабел|сабл	5	сабелька,сабельник,сабельный,сабельщик,сабля		0	0			UNREVIEWED			AUTO_SAFE	5
сара(j)	сара(j)	5	сараишко,сарай,сарайный,сарайчик,сараюшко		0	0			UNREVIEWED			AUTO_SAFE	5
свар	свар	5	свара,сварливец,сварливица,сварливость,сварливый		0	0			UNREVIEWED			AUTO_SAFE	5
сермяг|сермяж	сермяг|сермяж	5	сермяга,сермяжина,сермяжка,сермяжник,сермяжный		0	0			UNREVIEWED			AUTO_SAFE	5
скал²	скал²	5	скалка,скало,скалочка,скалочник,скалочный		0	28			UNREVIEWED			AUTO_SAFE	5
скарб	скарб	5	скарб,скарбник,скарбница,скарбничий,скарбовый		0	0			UNREVIEWED			AUTO_SAFE	5
скатер	скатер	5	скатерка,скатертник,скатертница,скатертный,скатерть		0	0			UNREVIEWED			AUTO_SAFE	5
скл	скл	5	скляница,склянища,склянка,скляночка,скляночный		0	0			UNREVIEWED			AUTO_SAFE	5
скул	скул	5	скула,скуластость,скуластый,скуловатый,скуловой		0	0			UNREVIEWED			AUTO_SAFE	5
сом	сом	5	сом,соменок,сомина,сомовий,сомовина		0	0			UNREVIEWED			AUTO_SAFE	5
сорок¹|сороч¹	сорок¹|сороч¹	5	сорок,сороковины,сороковка,сороковой,сорочины		0	0			UNREVIEWED			AUTO_SAFE	5
страус	страус	5	страус,страусенок,страусник,страусовый,страусятник		0	0			UNREVIEWED			AUTO_SAFE	5
стропт	стропт	5	строптиветь,строптивец,строптивица,строптивость,строптивый		0	0			UNREVIEWED			AUTO_SAFE	5
струч	струч	5	стручистый,стручковый,стручок,стручочек,стручочник		0	0			UNREVIEWED			AUTO_SAFE	5
сумбур	сумбур	5	сумбур,сумбурить,сумбурность,сумбурный,сумбурщина		0	0			UNREVIEWED			AUTO_SAFE	5
сундук|сундуч	сундук|сундуч	5	сундук,сундучишко,сундучник,сундучный,сундучок		0	0			UNREVIEWED			AUTO_SAFE	5
суп¹	суп¹	5	суп,супец,супник,суповой,супчик		0	0			UNREVIEWED			AUTO_SAFE	5
сусал	сусал	5	сусалить,сусалиться,сусаль,сусальный,сусальщик		0	0			UNREVIEWED			AUTO_SAFE	5
сычуг|сычуж	сычуг|сычуж	5	сычуг,сычужина,сычужник,сычужный,сычужок		0	0			UNREVIEWED			AUTO_SAFE	5
танк	танк	5	танк,танкетка,танкист,танкистский,танковый		0	0			UNREVIEWED			AUTO_SAFE	5
тарарах	тарарах	5	тарарах,тарарахать,тарарахаться,тарарахнуть,тарарахнуться		0	0			UNREVIEWED			AUTO_SAFE	5
тетер	тетер	5	тетерев,тетеревенок,тетеревиный,тетерка,тетеря		0	0			UNREVIEWED			AUTO_SAFE	5
тетрад	тетрад	5	тетрадка,тетрадный,тетрадочка,тетрадочный,тетрадь		0	0			UNREVIEWED			AUTO_SAFE	5
тулуп	тулуп	5	тулуп,тулупник,тулупный,тулупчик,тулупщик		0	0			UNREVIEWED			AUTO_SAFE	5
фунт	фунт	5	фунт,фунтик,фунтовик,фунтовичок,фунтовой		0	0			UNREVIEWED			AUTO_SAFE	5
фуражеч|фуражк	фуражеч|фуражк	5	фуражечка,фуражечник,фуражечница,фуражечный,фуражка		0	0			UNREVIEWED			AUTO_SAFE	5
футляр	футляр	5	футляр,футлярный,футлярчик,футлярщик,футлярщица		0	0			UNREVIEWED			AUTO_SAFE	5
халат	халат	5	халат,халатик,халатник,халатность,халатный		0	0			UNREVIEWED			AUTO_SAFE	5
хворост	хворост	5	хворост,хворостина,хворостинник,хворостинный,хворостяной		0	0			UNREVIEWED			AUTO_SAFE	5
хляс|хляск|хляст	хляс|хляск|хляст	5	хляскать,хляснуть,хлястать,хлястик,хлястнуть		0	0			UNREVIEWED			AUTO_SAFE	5
хрустал	хрустал	5	хрусталик,хрусталь,хрустальный,хрустальщик,хрустальщица		0	0			UNREVIEWED			AUTO_SAFE	5
цирк	цирк	5	цирк,циркач,циркаческий,циркачество,цирковой		0	0			UNREVIEWED			AUTO_SAFE	5
чебот	чебот	5	чебот,чеботарить,чеботарный,чеботарский,чеботарь		0	0			UNREVIEWED			AUTO_SAFE	5
чемпион	чемпион	5	чемпион,чемпионат,чемпионка,чемпионский,чемпионство		0	0			UNREVIEWED			AUTO_SAFE	5
чепец|чепеч|чепч	чепец|чепеч|чепч	5	чепец,чепечник,чепечница,чепечный,чепчик		0	0			UNREVIEWED			AUTO_SAFE	5
черем	черем	5	черемуха,черемуховый,черемушник,черемушный,черемша		0	0			UNREVIEWED			AUTO_SAFE	5
чиж	чиж	5	чиж,чижик,чижиный,чижовка,чижовый		0	0			UNREVIEWED			AUTO_SAFE	5
чур²	чур²	5	чурбан,чурбачок,чурка,чурочка,чурочный		0	0			UNREVIEWED			AUTO_SAFE	5
шварк	шварк	5	шварканье,шваркать,шваркаться,шваркнуть,шваркнуться		0	0			UNREVIEWED			AUTO_SAFE	5
шик¹	шик¹	5	шик,шикарить,шикарный,шикнуть,шиковать		0	6			UNREVIEWED			AUTO_SAFE	5
шиш	шиш	5	шиш,шишечка,шишечный,шишка,шишковатый		0	0			UNREVIEWED			AUTO_SAFE	5
шор	шор	5	шорка,шорник,шорный,шорня,шоры		0	0			UNREVIEWED			AUTO_SAFE	5
шофер	шофер	5	шофер,шоферить,шоферня,шоферский,шоферство		0	0			UNREVIEWED			AUTO_SAFE	5
шпаг|шпаж	шпаг|шпаж	5	шпага,шпажка,шпажник,шпажный,шпажонка		0	0			UNREVIEWED			AUTO_SAFE	5
штык	штык	5	штык,штыковать,штыковаться,штыковка,штыковой		0	0			UNREVIEWED			AUTO_SAFE	5
щегл|щегол¹	щегл|щегол¹	5	щегленок,щегловка,щеглятник,щеглячий,щегол		0	0			UNREVIEWED			AUTO_SAFE	5
юр	юр	5	юр,юркий,юркнуть,юрконький,юркость		0	0			UNREVIEWED			AUTO_SAFE	5
ястреб	ястреб	5	ястреб,ястребенок,ястребинка,ястребиный,ястребок		0	0			UNREVIEWED			AUTO_SAFE	5
яч	яч	5	ячменный,ячмень,ячневик,ячневый,ячный		0	0			UNREVIEWED			AUTO_SAFE	5
ящер	ящер	5	ящер,ящеренок,ящерица,ящеричный,ящерный		0	0			UNREVIEWED			AUTO_SAFE	5
а	а	4	а,аканье,акать,акающий		0	0			UNREVIEWED			AUTO_SAFE	4
аист	аист	4	аист,аистенок,аистник,аистовый		0	0			UNREVIEWED			AUTO_SAFE	4
ай	ай	4	ай,айканье,айкать,айкнуть		0	0			UNREVIEWED			AUTO_SAFE	4
ангел	ангел	4	ангел,ангелочек,ангельский,ангельчик		0	0			UNREVIEWED			AUTO_SAFE	4
арбуз	арбуз	4	арбуз,арбузик,арбузище,арбузный		0	0			UNREVIEWED			AUTO_SAFE	4
армяк|армяч	армяк|армяч	4	армяк,армячишко,армячный,армячок		0	0			UNREVIEWED			AUTO_SAFE	4
артел	артел	4	артель,артельный,артельщик,артельщица		0	0			UNREVIEWED			AUTO_SAFE	4
ату	ату	4	ату,атуканье,атукать,атукнуть		0	0			UNREVIEWED			AUTO_SAFE	4
байдар	байдар	4	байдара,байдарка,байдарный,байдарочный		0	0			UNREVIEWED			AUTO_SAFE	4
баранк|бараноч	баранк|бараноч	4	баранка,бараночник,бараночница,бараночный		0	0			UNREVIEWED			AUTO_SAFE	4
барахт	барахт	4	барахтанье,барахтаться,барахты,побарахтаться		0	0			UNREVIEWED			AUTO_SAFE	4
барж	барж	4	баржа,баржевой,баржевый,баржонка		0	0			UNREVIEWED			AUTO_SAFE	4
барсук|барсуч	барсук|барсуч	4	барсук,барсуковый,барсучий,барсучонок		0	0			UNREVIEWED			AUTO_SAFE	4
зно(j)	зно(j)	4	беззнойный,зной,знойность,знойный		0	0			UNREVIEWED			AUTO_SAFE	4
лопаст	лопаст	4	безлопастный,лопастный,лопасть,подлопастный		0	0			UNREVIEWED			AUTO_SAFE	4
белен	белен	4	белена,беленной,взбеленить,взбелениться		0	12			UNREVIEWED			AUTO_SAFE	4
талан	талан	4	бесталанный,талан,таланить,таланиться		0	0			UNREVIEWED			AUTO_SAFE	4
бле	бле	4	блеяние,блеять,заблеять,проблеять		0	0			UNREVIEWED			AUTO_SAFE	4
блуз	блуз	4	блуза,блузка,блузник,блузочка		0	0			UNREVIEWED			AUTO_SAFE	4
бобыл	бобыл	4	бобылиха,бобылка,бобыль,бобыльский		0	0			UNREVIEWED			AUTO_SAFE	4
богатыр	богатыр	4	богатырка,богатырский,богатырство,богатырь		0	0			UNREVIEWED			AUTO_SAFE	4
бочаг|бочаж	бочаг|бочаж	4	бочаг,бочажина,бочажный,бочажок		0	0			UNREVIEWED			AUTO_SAFE	4
бревен|бревеш|бревн	бревен|бревеш|бревн	4	бревенчатый,бревешко,бревно,бревнышко		0	0			UNREVIEWED			AUTO_SAFE	4
брезж	брезж	4	брезжить,брезжиться,забрезжить,пробрезжить		0	0			UNREVIEWED			AUTO_SAFE	4
брус²	брус²	4	брусника,брусничка,брусничник,брусничный		0	0			UNREVIEWED			AUTO_SAFE	4
брыж	брыж	4	брыжеечный,брыжейка,брыжейный,брыжи		0	0			UNREVIEWED			AUTO_SAFE	4
брюкв	брюкв	4	брюква,брюквенница,брюквенный,брюквина		0	0			UNREVIEWED			AUTO_SAFE	4
брюк|брюч	брюк|брюч	4	брюки,брючки,брючник,брючный		0	0			UNREVIEWED			AUTO_SAFE	4
будк|будоч	будк|будоч	4	будка,будочка,будочник,будочный		0	0			UNREVIEWED			AUTO_SAFE	4
буз²	буз²	4	бузина,бузинник,бузинный,бузиновый		0	0			UNREVIEWED			AUTO_SAFE	4
букан|букаш	букан|букаш	4	букан,букашечка,букашка,букашник		0	0			UNREVIEWED			AUTO_SAFE	4
бурлак|бурлац|бурлач	бурлак|бурлац|бурлач	4	бурлак,бурлацкий,бурлачество,бурлачить		0	0			UNREVIEWED			AUTO_SAFE	4
бурт	бурт	4	бурт,буртик,буртование,забуртовать		0	0			UNREVIEWED			AUTO_SAFE	4
буч²	буч²	4	буча,бучило,взбучить,взбучка		0	0			UNREVIEWED			AUTO_SAFE	4
вагран	вагран	4	вагранка,вагранковый,ваграночный,вагранщик		0	0			UNREVIEWED			AUTO_SAFE	4
ванн	ванн	4	ванна,ванночка,ваннщица,ванный		0	0			UNREVIEWED			AUTO_SAFE	4
ватаг|ватаж	ватаг|ватаж	4	ватага,ватажка,ватажник,ватажный		0	0			UNREVIEWED			AUTO_SAFE	4
ватрух|ватруш	ватрух|ватруш	4	ватруха,ватрушечка,ватрушечный,ватрушка		0	0			UNREVIEWED			AUTO_SAFE	4
веер	веер	4	веер,веерница,веерный,веерочек		0	0			UNREVIEWED			AUTO_SAFE	4
вер³	вер³	4	верейный,вереница,верея,вериги		0	0			UNREVIEWED			AUTO_SAFE	4
гомоз	гомоз	4	взгомозить,взгомозиться,гомозить,гомозиться		0	0			UNREVIEWED			AUTO_SAFE	4
лел	лел	4	взлелеять,возлелеять,лелеять,полелеять		0	0			UNREVIEWED			AUTO_SAFE	4
ерепен	ерепен	4	взъерепенить,взъерепениться,ерепениться,заерепениться		0	0			UNREVIEWED			AUTO_SAFE	4
дм|дым²	дм|дым²	4	воздымать,воздыматься,надменность,надменный		0	0			UNREVIEWED			AUTO_SAFE	4
войлач|войлок|войлоч	войлач|войлок|войлоч	4	войлок,войлочный,свойлачивание,свойлачиваться		0	0			UNREVIEWED			AUTO_SAFE	4
вокзал	вокзал	4	вокзал,вокзальный,вокзальчик,привокзальный		0	0			UNREVIEWED			AUTO_SAFE	4
волын	волын	4	волынить,волыниться,волынка,волынщик		0	0			UNREVIEWED			AUTO_SAFE	4
ворон²	ворон²	4	воронка,воронковый,вороночка,вороночный		0	0			UNREVIEWED			AUTO_SAFE	4
тщ²	тщ²	4	вотще,тщета,тщетность,тщетный		0	0			UNREVIEWED			AUTO_SAFE	4
дюж	дюж	4	выдюжить,дюжий,подюжеть,сдюжить		0	0			UNREVIEWED			AUTO_SAFE	4
лак¹	лак¹	4	вылакать,лакать,налакаться,полакать		0	0			UNREVIEWED			AUTO_SAFE	4
выхухол	выхухол	4	выхухолевый,выхухолий,выхухоль,выхухольный		0	0			UNREVIEWED			AUTO_SAFE	4
гав	гав	4	гав,гавканье,гавкать,гавкнуть		0	0			UNREVIEWED			AUTO_SAFE	4
галд	галд	4	галдеж,галдеть,загалдеть,погалдеть		0	0			UNREVIEWED			AUTO_SAFE	4
галк|галоч|галч	галк|галоч|галч	4	галка,галочий,галочка,галчонок		0	0			UNREVIEWED			AUTO_SAFE	4
гир	гир	4	гиревик,гиревой,гирька,гиря		0	0			UNREVIEWED			AUTO_SAFE	4
гитар	гитар	4	гитара,гитарист,гитаристка,гитарный		0	0			UNREVIEWED			AUTO_SAFE	4
гогот	гогот	4	гогот,гоготанье,гоготать,загоготать		0	0			UNREVIEWED			AUTO_SAFE	4
горст|горш²	горст|горш²	4	горстка,горсточка,горсть,пригоршня		0	0			UNREVIEWED			AUTO_SAFE	4
гортан	гортан	4	гортанный,гортань,надгортанник,надгортанный		0	0			UNREVIEWED			AUTO_SAFE	4
гра(j)	гра(j)	4	грай,грач,грачиный,грачонок		0	0			UNREVIEWED			AUTO_SAFE	4
груд²	груд²	4	груда,грудиться,сгрудить,сгрудиться		0	198			UNREVIEWED			AUTO_SAFE	4
гуж	гуж	4	гуж,гужевой,гужовка,гужом		0	0			UNREVIEWED			AUTO_SAFE	4
гурт	гурт	4	гурт,гуртовой,гуртовшик,гуртом		0	0			UNREVIEWED			AUTO_SAFE	4
гусел|гусл	гусел|гусл	4	гусельный,гусли,гусляр,гуслярный		0	0			UNREVIEWED			AUTO_SAFE	4
долот	долот	4	долото,долотце,долотцо,долотчатый		0	0			UNREVIEWED			AUTO_SAFE	4
дрог²|дрож²	дрог²|дрож²	4	дрога,дроги,дрожечный,дрожки		0	0			UNREVIEWED			AUTO_SAFE	4
дрыг	дрыг	4	дрыгать,дрыгаться,дрыгнуть,задрыгать		0	0			UNREVIEWED			AUTO_SAFE	4
дрян	дрян	4	дрянненький,дрянной,дрянцо,дрянь		0	0			UNREVIEWED			AUTO_SAFE	4
дупл	дупл	4	дуплистость,дуплистый,дупло,дуплянка		0	0			UNREVIEWED			AUTO_SAFE	4
дьявол	дьявол	4	дьявол,дьяволенок,дьяволица,дьявольщина		0	0			UNREVIEWED			AUTO_SAFE	4
е²|е	е²|е	4	еканье,екать,екнуть,заекать		0	0			UNREVIEWED			AUTO_SAFE	4
жаб	жаб	4	жаба,жабий,жабка,жабник		0	0			UNREVIEWED			AUTO_SAFE	4
жаворон	жаворон	4	жаворонок,жавороночек,жавороночий,жавороночный		0	0			UNREVIEWED			AUTO_SAFE	4
желудок|желудоч	желудок|желудоч	4	желудок,желудочек,желудочный,поджелудочный		0	0			UNREVIEWED			AUTO_SAFE	4
жереб²|жреб	жереб²|жреб	4	жеребейка,жеребьевка,жеребьевшик,жребий		0	0			UNREVIEWED			AUTO_SAFE	4
жр²	жр²	4	жрец,жреческий,жречество,жрица		0	0			UNREVIEWED			AUTO_SAFE	4
журч	журч	4	журчалки,журчание,журчать,зажурчать		0	0			UNREVIEWED			AUTO_SAFE	4
жут	жут	4	жуткий,жутковато,жуткость,жуть		0	0			UNREVIEWED			AUTO_SAFE	4
каляк	каляк	4	закалякаться,калякать,покалякать,раскалякаться		0	0			UNREVIEWED			AUTO_SAFE	4
картав	картав	4	закартавить,картавить,картавость,картавый		0	0			UNREVIEWED			AUTO_SAFE	4
копер|копр	копер|копр	4	закоперщик,закоперщица,копер,копровый		0	0			UNREVIEWED			AUTO_SAFE	4
кукарек	кукарек	4	закукарекать,кукарекать,кукарекнуть,кукареку		0	0			UNREVIEWED			AUTO_SAFE	4
куролес	куролес	4	закуролесить,куролесить,накуролесить,покуролесить		0	0			UNREVIEWED			AUTO_SAFE	4
лязг	лязг	4	залязгать,лязг,лязгать,лязгнуть		0	0			UNREVIEWED			AUTO_SAFE	4
мямл	мямл	4	замямлить,мямлить,мямля,промямлить		0	0			UNREVIEWED			AUTO_SAFE	4
точ³|тч	точ³|тч	4	запритчиться,попритчиться,приточный,притча		0	408			UNREVIEWED			AUTO_SAFE	4
рокот	рокот	4	зарокотать,рокот,рокотание,рокотать		0	0			UNREVIEWED			AUTO_SAFE	4
урч	урч	4	заурчать,проурчать,урчание,урчать		0	0			UNREVIEWED			AUTO_SAFE	4
хандр	хандр	4	захандрить,похандрить,хандра,хандрить		0	0			UNREVIEWED			AUTO_SAFE	4
хил	хил	4	захилеть,хилеть,хилость,хилый		0	0			UNREVIEWED			AUTO_SAFE	4
цык|цыц	цык|цыц	4	зацыкать,прицыкнуть,цыкать,цыкнуть		0	0			UNREVIEWED			AUTO_SAFE	4
шам	шам	4	зашамкать,пошамкать,шамканье,шамкать		0	0			UNREVIEWED			AUTO_SAFE	4
каблук|каблуч	каблук|каблуч	4	каблук,каблучище,каблучный,каблучок		0	0			UNREVIEWED			AUTO_SAFE	4
камк|камч	камк|камч	4	камка,камчатка,камчатный,камчатый		0	0			UNREVIEWED			AUTO_SAFE	4
кандал	кандал	4	кандалы,кандальник,кандальный,подкандальники		0	0			UNREVIEWED			AUTO_SAFE	4
карач|корок|короч²	карач|корок|короч²	4	карачки,окорок,окороковый,окорочный		0	0			UNREVIEWED			AUTO_SAFE	4
карет	карет	4	карета,каретка,каретник,каретный		0	0			UNREVIEWED			AUTO_SAFE	4
картеч	картеч	4	картечина,картечница,картечный,картечь		0	0			UNREVIEWED			AUTO_SAFE	4
картоф|картош	картоф|картош	4	картофелина,картофель,картофельный,картошка		0	0			UNREVIEWED			AUTO_SAFE	4
каш²	каш²	4	каша,кашица,кашка,кашный		0	0			UNREVIEWED			AUTO_SAFE	4
кис²	кис²	4	кис,киса,киска,кисонька		0	17			UNREVIEWED			AUTO_SAFE	4
клоп	клоп	4	клоп,клопиный,клоповник,клоповый		0	0			UNREVIEWED			AUTO_SAFE	4
клык|клыч	клык|клыч	4	клык,клыкастый,клычный,клычок		0	0			UNREVIEWED			AUTO_SAFE	4
кобен	кобен	4	кобениться,покобениться,скобенить,скобениться		0	0			UNREVIEWED			AUTO_SAFE	4
кобз	кобз	4	кобза,кобзарский,кобзарство,кобзарь		0	0			UNREVIEWED			AUTO_SAFE	4
кобыл	кобыл	4	кобыла,кобылий,кобылица,кобылка		0	0			UNREVIEWED			AUTO_SAFE	4
копееч|копейк	копееч|копейк	4	копеечка,копеечник,копеечный,копейка		0	0			UNREVIEWED			AUTO_SAFE	4
костр¹	костр¹	4	костра,кострика,костричный,костровый		0	13			UNREVIEWED			AUTO_SAFE	4
кофт	кофт	4	кофта,кофтенка,кофточка,кофточный		0	0			UNREVIEWED			AUTO_SAFE	4
кочегар	кочегар	4	кочегар,кочегарка,кочегарный,кочегарня		0	0			UNREVIEWED			AUTO_SAFE	4
кошм|кошом	кошм|кошом	4	кошма,кошмовый,кошомный,кошомщик		0	3			UNREVIEWED			AUTO_SAFE	4
кощун	кощун	4	кощунственный,кощунство,кощунствовать,покощунствовать		0	0			UNREVIEWED			AUTO_SAFE	4
кран¹	кран¹	4	кран,краник,кранный,крановый		0	0			UNREVIEWED			AUTO_SAFE	4
крапив	крапив	4	крапива,крапивник,крапивница,крапивный		0	0			UNREVIEWED			AUTO_SAFE	4
крендел	крендел	4	кренделек,крендель,крендельный,крендельщик		0	0			UNREVIEWED			AUTO_SAFE	4
крокодил	крокодил	4	крокодил,крокодилий,крокодилов,крокодиловый		0	0			UNREVIEWED			AUTO_SAFE	4
кропот	кропот	4	кропотливость,кропотливый,кропотун,кропотунья		0	0			UNREVIEWED			AUTO_SAFE	4
кудел|кудл	кудел|кудл	4	кудель,куделька,куделюшка,кудлатый		0	0			UNREVIEWED			AUTO_SAFE	4
кузов	кузов	4	кузов,кузовной,кузовок,кузовщик		0	0			UNREVIEWED			AUTO_SAFE	4
кут⁴	кут⁴	4	кутейник,кутейница,кутейный,кутья		0	0			UNREVIEWED			AUTO_SAFE	4
ласт²	ласт²	4	ластовица,ласточка,ласточкин,ласточник		0	0			UNREVIEWED			AUTO_SAFE	4
леп²	леп²	4	лепота,нелепица,нелепость,нелепый		0	0			UNREVIEWED			AUTO_SAFE	4
лопух|лопуш	лопух|лопуш	4	лопух,лопушистый,лопушник,лопушок		0	0			UNREVIEWED			AUTO_SAFE	4
лохан	лохан	4	лоханка,лоханный,лоханочный,лохань		0	0			UNREVIEWED			AUTO_SAFE	4
лун³	лун³	4	лунка,луночка,луночный,лунчатый		0	0			UNREVIEWED			AUTO_SAFE	4
лык|лыч	лык|лыч	4	лыко,лыковый,лычко,лычный		0	0			UNREVIEWED			AUTO_SAFE	4
манат	манат	4	манатейка,манатейный,манатки,манатья		0	0			UNREVIEWED			AUTO_SAFE	4
ман²	ман²	4	манка,манна,манник,манный		0	0			UNREVIEWED			AUTO_SAFE	4
марк|мароч	марк|мароч	4	марка,марочка,марочница,марочный		0	5			UNREVIEWED			AUTO_SAFE	4
матрос	матрос	4	матрос,матроска,матросня,матросский		0	0			UNREVIEWED			AUTO_SAFE	4
мереж|мреж	мереж|мреж	4	мережа,мережка,мережчатый,мрежа		0	0			UNREVIEWED			AUTO_SAFE	4
можж	можж	4	можжевелина,можжевеловка,можжевеловый,можжевельник		0	0			UNREVIEWED			AUTO_SAFE	4
морж	морж	4	морж,моржиха,моржовый,моржонок		0	0			UNREVIEWED			AUTO_SAFE	4
мотыл	мотыл	4	мотылек,мотылечек,мотыль,мотыльковый		0	0			UNREVIEWED			AUTO_SAFE	4
мур³	мур³	4	мурава,муравка,муравушка,муравчатый		0	0			UNREVIEWED			AUTO_SAFE	4
рож¹	рож¹	4	нарожать,рожа,рожистый,рожица		0	90			UNREVIEWED			AUTO_SAFE	4
стег²|стеж²|стез	стег²|стеж²|стез	4	настежь,стега,стежка,стезя		0	0			UNREVIEWED			AUTO_SAFE	4
тибр	тибр	4	натибрить,подтибрить,стибрить,тибрить		0	0			UNREVIEWED			AUTO_SAFE	4
якор	якор	4	наякорник,подъякорный,якорный,якорь		0	0			UNREVIEWED			AUTO_SAFE	4
рях|ряш	рях|ряш	4	неряха,неряшество,неряшливость,неряшливый		0	0			UNREVIEWED			AUTO_SAFE	4
нет	нет	4	нет,нети,нету,нетчик		0	0			UNREVIEWED			AUTO_SAFE	4
ну	ну	4	ну,нукать,понукание,понукать		0	0			UNREVIEWED			AUTO_SAFE	4
миш	миш	4	обмишулить,обмишулиться,обмишурить,обмишуриться		0	0			UNREVIEWED			AUTO_SAFE	4
обоз	обоз	4	обоз,обозник,обозный,обозчик		0	0			UNREVIEWED			AUTO_SAFE	4
обух|обуш	обух|обуш	4	обух,обушковый,обушный,обушок		0	0			UNREVIEWED			AUTO_SAFE	4
чекрыж	чекрыж	4	обчекрыжить,обчекрыжиться,отчекрыжить,чекрыжить		0	0			UNREVIEWED			AUTO_SAFE	4
огур	огур	4	огурец,огуречник,огуречный,огурчик		0	0			UNREVIEWED			AUTO_SAFE	4
олов	олов	4	олово,оловянистый,оловянный,оловяшка		0	0			UNREVIEWED			AUTO_SAFE	4
оприч	оприч	4	опричник,опричнина,опричный,опричь		0	0			UNREVIEWED			AUTO_SAFE	4
ор²	ор²	4	орало,оральный,оратай,орать		0	0			UNREVIEWED			AUTO_SAFE	4
ском	ском	4	оскома,оскомина,оскоминный,оскомистый		0	0			UNREVIEWED			AUTO_SAFE	4
осп	осп	4	оспа,оспенный,оспина,оспинка		0	0			UNREVIEWED			AUTO_SAFE	4
тороп²	тороп²	4	оторопелость,оторопелый,оторопеть,оторопь		0	0			UNREVIEWED			AUTO_SAFE	4
туз	туз	4	оттузить,потузить,туз,тузить		0	0			UNREVIEWED			AUTO_SAFE	4
шин	шин	4	ошиновка,шина,шинник,шинный		0	0			UNREVIEWED			AUTO_SAFE	4
пакл	пакл	4	паклить,пакля,пакляный,пропаклить		0	0			UNREVIEWED			AUTO_SAFE	4
палач	палач	4	палач,палаческий,палачество,палачествовать		0	0			UNREVIEWED			AUTO_SAFE	4
папк|папоч	папк|папоч	4	папка,папковый,папочка,папочный		0	0			UNREVIEWED			AUTO_SAFE	4
смур	смур	4	пасмурность,пасмурный,пасмурь,смурый		0	0			UNREVIEWED			AUTO_SAFE	4
плащ	плащ	4	плащ,плащаница,плащевой,плащик		0	0			UNREVIEWED			AUTO_SAFE	4
плюгав	плюгав	4	плюгавенький,плюгавец,плюгавость,плюгавый		0	0			UNREVIEWED			AUTO_SAFE	4
под¹	под¹	4	под,подина,подовик,подовый		0	0			UNREVIEWED			AUTO_SAFE	4
трун	трун	4	подтрунивание,подтрунивать,подтрунить,трунить		0	0			UNREVIEWED			AUTO_SAFE	4
яз	яз	4	подъязок,язевый,язик,язь		0	0			UNREVIEWED			AUTO_SAFE	4
ярем|ярм	ярем|ярм	4	подъяремный,ярем,яремный,ярмо		0	0			UNREVIEWED			AUTO_SAFE	4
полен|полеш	полен|полеш	4	поленница,полено,поленце,полешко		0	0			UNREVIEWED			AUTO_SAFE	4
полтор|полутор	полтор|полутор	4	полтора,полторы,полуторка,полуторный		0	0			UNREVIEWED			AUTO_SAFE	4
полын	полын	4	полынный,полыновка,полынок,полынь		0	38			UNREVIEWED			AUTO_SAFE	4
пономар	пономар	4	пономариха,пономарица,пономарский,пономарь		0	0			UNREVIEWED			AUTO_SAFE	4
рж³	рж³	4	поржать,проржать,ржание,ржать		0	0			UNREVIEWED			AUTO_SAFE	4
порск	порск	4	порск,порсканье,порскать,порскнуть		0	0			UNREVIEWED			AUTO_SAFE	4
спиц|спич	спиц|спич	4	приспичить,спица,спичечный,спичка		0	0			UNREVIEWED			AUTO_SAFE	4
прян	прян	4	пряник,пряничный,пряность,пряный		0	0			UNREVIEWED			AUTO_SAFE	4
пыр¹	пыр¹	4	пырей,пырейник,пырейный,пырник		0	0			UNREVIEWED			AUTO_SAFE	4
ракит	ракит	4	ракита,ракитник,ракитный,ракитовый		0	0			UNREVIEWED			AUTO_SAFE	4
сироп	сироп	4	рассиропить,рассиропиться,сироп,сиропный		0	0			UNREVIEWED			AUTO_SAFE	4
редеч|редьк	редеч|редьк	4	редечка,редечник,редечный,редька		0	0			UNREVIEWED			AUTO_SAFE	4
реснит|ресниц|реснич	реснит|ресниц|реснич	4	реснитчатый,ресница,ресничка,ресничный		0	0			UNREVIEWED			AUTO_SAFE	4
риз	риз	4	риза,ризка,ризница,ризничий		0	0			UNREVIEWED			AUTO_SAFE	4
рюм²	рюм²	4	рюмашка,рюмка,рюмочка,рюмочный		0	0			UNREVIEWED			AUTO_SAFE	4
са(j)	са(j)	4	саечка,саечник,саечный,сайка		0	0			UNREVIEWED			AUTO_SAFE	4
сазан	сазан	4	сазан,сазаний,сазанина,сазанчик		0	0			UNREVIEWED			AUTO_SAFE	4
салат	салат	4	салат,салатник,салатница,салатный		0	0			UNREVIEWED			AUTO_SAFE	4
салфет	салфет	4	салфетка,салфеточка,салфеточница,салфеточный		0	0			UNREVIEWED			AUTO_SAFE	4
сарафан	сарафан	4	сарафан,сарафанница,сарафанный,сарафанчик		0	0			UNREVIEWED			AUTO_SAFE	4
свекор|свекр	свекор|свекр	4	свекор,свекровка,свекровь,свекруха		0	0			UNREVIEWED			AUTO_SAFE	4
сверб	сверб	4	свербеж,свербежный,свербеть,свербига		0	0			UNREVIEWED			AUTO_SAFE	4
севрюг|севрюж	севрюг|севрюж	4	севрюга,севрюжий,севрюжина,севрюжка		0	0			UNREVIEWED			AUTO_SAFE	4
сереж|серьг	сереж|серьг	4	сережечка,сережка,сережник,серьга		0	0			UNREVIEWED			AUTO_SAFE	4
серп	серп	4	серп,серповище,серповой,серпуха		0	0			UNREVIEWED			AUTO_SAFE	4
сирен	сирен	4	сиреневатый,сиреневый,сирень,сиренька		0	0			UNREVIEWED			AUTO_SAFE	4
скам	скам	4	скамеечка,скамеечный,скамейка,скамья		0	0			UNREVIEWED			AUTO_SAFE	4
склиз	склиз	4	склиз,склизкий,склизлый,склизок		0	0			UNREVIEWED			AUTO_SAFE	4
скряг|скряж	скряг|скряж	4	скряга,скряжничание,скряжничать,скряжничество		0	0			UNREVIEWED			AUTO_SAFE	4
скудел	скудел	4	скудель,скудельница,скудельничий,скудельный		0	0			UNREVIEWED			AUTO_SAFE	4
снет	снет	4	снетковый,снеток,снеточек,снеточный		0	0			UNREVIEWED			AUTO_SAFE	4
сноп	сноп	4	сноп,снопик,сноповка,снопочек		0	0			UNREVIEWED			AUTO_SAFE	4
снох	снох	4	сноха,снохач,снохаческий,снохачество		0	0			UNREVIEWED			AUTO_SAFE	4
стерляд|стерляж	стерляд|стерляж	4	стерлядка,стерлядь,стерляжий,стерляжина		0	0			UNREVIEWED			AUTO_SAFE	4
столп	столп	4	столп,столпник,столпнический,столповой		0	0			UNREVIEWED			AUTO_SAFE	4
струг²|струж²	струг²|струж²	4	струг,струговой,струговщик,стружок		0	2			UNREVIEWED			AUTO_SAFE	4
стул	стул	4	стул,стулик,стульчак,стульчик		0	0			UNREVIEWED			AUTO_SAFE	4
судак|судач	судак|судач	4	судак,судаковый,судачий,судачок		0	0			UNREVIEWED			AUTO_SAFE	4
сук²|суч²	сук²|суч²	4	сука,сукин,сучий,сучка		0	0			UNREVIEWED			AUTO_SAFE	4
сургуч	сургуч	4	сургуч,сургучник,сургучный,сургучовый		0	0			UNREVIEWED			AUTO_SAFE	4
сусл²	сусл²	4	сусленок,суслик,сусликовый,сусличий		0	0			UNREVIEWED			AUTO_SAFE	4
ягн	ягн	4	суягная,ягнение,ягненок,ягненочек		0	0			UNREVIEWED			AUTO_SAFE	4
таган	таган	4	таган,таганец,таганный,таганок		0	0			UNREVIEWED			AUTO_SAFE	4
тал	тал	4	тал,таловый,тальник,тальниковый		0	0			UNREVIEWED			AUTO_SAFE	4
тамг|тамож	тамг|тамож	4	тамга,таможенник,таможенный,таможня		0	0			UNREVIEWED			AUTO_SAFE	4
тарел	тарел	4	тарелка,тарелочка,тарелочный,тарельчатый		0	0			UNREVIEWED			AUTO_SAFE	4
туч¹	туч¹	4	туча,тучевой,тучища,тучка		0	0			UNREVIEWED			AUTO_SAFE	4
тыкв|тыков	тыкв|тыков	4	тыква,тыквенник,тыквенный,тыковка		0	0			UNREVIEWED			AUTO_SAFE	4
тюк²	тюк²	4	тюкать,тюкаться,тюкнуть,тюкнуться		0	0			UNREVIEWED			AUTO_SAFE	4
угор²|угр²	угор²|угр²	4	угорь,угреватость,угреватый,угревой		0	9			UNREVIEWED			AUTO_SAFE	4
уксус	уксус	4	уксус,уксусник,уксусница,уксусный		0	0			UNREVIEWED			AUTO_SAFE	4
улит	улит	4	улита,улитка,улитковый,улиточный		0	0			UNREVIEWED			AUTO_SAFE	4
фляг|фляж	фляг|фляж	4	фляга,фляжечный,фляжка,фляжный		0	0			UNREVIEWED			AUTO_SAFE	4
фонтан	фонтан	4	фонтан,фонтанировать,фонтанный,фонтанчик		0	0			UNREVIEWED			AUTO_SAFE	4
хор	хор	4	хоревый,хорек,хорь,хорьковый		0	0			UNREVIEWED			AUTO_SAFE	4
хруп	хруп	4	хрупать,хрупкий,хрупкость,хрупнуть		0	0			UNREVIEWED			AUTO_SAFE	4
цев	цев	4	цевка,цевница,цевочный,цевье		0	0			UNREVIEWED			AUTO_SAFE	4
цех	цех	4	цех,цеховка,цеховой,цеховшина		0	0			UNREVIEWED			AUTO_SAFE	4
чар¹	чар¹	4	чара,чарка,чарочка,чарочный		0	2			UNREVIEWED			AUTO_SAFE	4
чебур	чебур	4	чебурах,чебурахнуть,чебурахнуться,чебурашка		0	0			UNREVIEWED			AUTO_SAFE	4
челяд	челяд	4	челядин,челядинец,челядинка,челядь		0	0			UNREVIEWED			AUTO_SAFE	4
чемодан	чемодан	4	чемодан,чемоданный,чемоданчик,чемоданщик		0	0			UNREVIEWED			AUTO_SAFE	4
чепух|чепуш	чепух|чепуш	4	чепуха,чепуховина,чепуховый,чепушистый		0	0			UNREVIEWED			AUTO_SAFE	4
чердак|чердач	чердак|чердач	4	чердак,чердачник,чердачный,чердачок		0	0			UNREVIEWED			AUTO_SAFE	4
чугун	чугун	4	чугун,чугунка,чугунный,чугунок		0	0			UNREVIEWED			AUTO_SAFE	4
чулок|чулоч	чулок|чулоч	4	чулок,чулочек,чулочница,чулочный		0	0			UNREVIEWED			AUTO_SAFE	4
шинел	шинел	4	шинелишка,шинель,шинелька,шинельный		0	0			UNREVIEWED			AUTO_SAFE	4
шкаф	шкаф	4	шкаф,шкафик,шкафной,шкафчик		0	0			UNREVIEWED			AUTO_SAFE	4
шле(j)	шле(j)	4	шлеечный,шлейка,шлейный,шлея		0	0			UNREVIEWED			AUTO_SAFE	4
шлюп	шлюп	4	шлюп,шлюпка,шлюпочный,шлюпчонка		0	0			UNREVIEWED			AUTO_SAFE	4
шмяк	шмяк	4	шмякать,шмякаться,шмякнуть,шмякнуться		0	0			UNREVIEWED			AUTO_SAFE	4
шоколад	шоколад	4	шоколад,шоколадка,шоколадница,шоколадный		0	0			UNREVIEWED			AUTO_SAFE	4
шпаргал	шпаргал	4	шпаргалить,шпаргалка,шпаргалочник,шпаргалочница		0	0			UNREVIEWED			AUTO_SAFE	4
штопор	штопор	4	штопор,штопорить,штопориться,штопорный		0	0			UNREVIEWED			AUTO_SAFE	4
щавел	щавел	4	щавелевый,щавель,щавельник,щавельный		0	0			UNREVIEWED			AUTO_SAFE	4
ярыг|ярыж	ярыг|ярыж	4	ярыга,ярыжка,ярыжник,ярыжный		0	0			UNREVIEWED			AUTO_SAFE	4
ясен	ясен	4	ясеневый,ясенец,ясенный,ясень		0	0			UNREVIEWED			AUTO_SAFE	4
ад	ад	3	ад,адов,адский		0	0			UNREVIEWED			AUTO_SAFE	3
багаж	багаж	3	багаж,багажник,багажный		0	0			UNREVIEWED			AUTO_SAFE	3
балабол|балабош	балабол|балабош	3	балаболить,балаболка,балабошка		0	0			UNREVIEWED			AUTO_SAFE	3
балахон	балахон	3	балахон,балахонный,балахончик		0	0			UNREVIEWED			AUTO_SAFE	3
барвинк|барвинок|барвиноч	барвинк|барвинок|барвиноч	3	барвинковый,барвинок,барвиночек		0	0			UNREVIEWED			AUTO_SAFE	3
бард	бард	3	барда,бардовый,бардяной		0	0			UNREVIEWED			AUTO_SAFE	3
барс	барс	3	барс,барсенок,барсовый		0	0			UNREVIEWED			AUTO_SAFE	3
батог|батож	батог|батож	3	батог,батожок,батожье		0	0			UNREVIEWED			AUTO_SAFE	3
башк	башк	3	башка,башковитость,башковитый		0	0			UNREVIEWED			AUTO_SAFE	3
алабер	алабер	3	безалаберность,безалаберный,безалаберщина		0	0			UNREVIEWED			AUTO_SAFE	3
ост	ост	3	безостый,остистый,ость		0	767			UNREVIEWED			AUTO_SAFE	3
беред	беред	3	бередить,разбередить,разбередиться		0	0			UNREVIEWED			AUTO_SAFE	3
берц	берц	3	берце,берцо,берцовый		0	0			UNREVIEWED			AUTO_SAFE	3
битюг|битюж	битюг|битюж	3	битюг,битюговый,битюжий		0	0			UNREVIEWED			AUTO_SAFE	3
блях|бляш	блях|бляш	3	бляха,бляшечка,бляшка		0	0			UNREVIEWED			AUTO_SAFE	3
бот³	бот³	3	бот,ботик,ботовый		0	0			UNREVIEWED			AUTO_SAFE	3
бот¹	бот¹	3	ботало,ботать,ботня		0	0			UNREVIEWED			AUTO_SAFE	3
ботв	ботв	3	ботва,ботвинник,ботвинья		0	0			UNREVIEWED			AUTO_SAFE	3
буерак|буерач	буерак|буерач	3	буерак,буерачина,буерачный		0	0			UNREVIEWED			AUTO_SAFE	3
булг	булг	3	булга,булгачить,сбулгачить		0	0			UNREVIEWED			AUTO_SAFE	3
булыг|булыж	булыг|булыж	3	булыга,булыжник,булыжный		0	0			UNREVIEWED			AUTO_SAFE	3
бурьян	бурьян	3	бурьян,бурьянник,бурьянный		0	0			UNREVIEWED			AUTO_SAFE	3
бус	бус	3	бусина,бусинка,бусы		0	0			UNREVIEWED			AUTO_SAFE	3
бутуз	бутуз	3	бутуз,бутузик,бутузить		0	0			UNREVIEWED			AUTO_SAFE	3
бяк|бяш	бяк|бяш	3	бякать,бякнуть,бяшка		0	0			UNREVIEWED			AUTO_SAFE	3
ваб	ваб	3	вабик,вабильщик,вабить		0	0			UNREVIEWED			AUTO_SAFE	3
ваз	ваз	3	ваза,вазовый,вазочка		0	0			UNREVIEWED			AUTO_SAFE	3
валанд	валанд	3	валанданье,валандаться,проваландаться		0	0			UNREVIEWED			AUTO_SAFE	3
васил	васил	3	василек,василечек,васильковый		0	0			UNREVIEWED			AUTO_SAFE	3
вахлак|вахлац|вахлач	вахлак|вахлац|вахлач	3	вахлак,вахлацкий,вахлачка		0	0			UNREVIEWED			AUTO_SAFE	3
вензел	вензел	3	вензелевый,вензелек,вензель		0	0			UNREVIEWED			AUTO_SAFE	3
вентер	вентер	3	вентерный,вентерщик,вентерь		0	0			UNREVIEWED			AUTO_SAFE	3
вертеп	вертеп	3	вертеп,вертепник,вертепный		0	0			UNREVIEWED			AUTO_SAFE	3
ветчин	ветчин	3	ветчина,ветчинка,ветчинный		0	0			UNREVIEWED			AUTO_SAFE	3
вир²	вир²	3	вира,вирник,вирный		0	0			UNREVIEWED			AUTO_SAFE	3
вит	вит	3	витание,витать,повитать		0	0			UNREVIEWED			AUTO_SAFE	3
вождел	вождел	3	вожделение,вожделенный,вожделеть		0	0			UNREVIEWED			AUTO_SAFE	3
лик²	лик²	3	возликовать,ликование,ликовать		0	0			UNREVIEWED			AUTO_SAFE	3
волдыр	волдыр	3	волдырище,волдырник,волдырь		0	0			UNREVIEWED			AUTO_SAFE	3
волн²	волн²	3	волнуха,волнушка,волнянка		0	0			UNREVIEWED			AUTO_SAFE	3
волхв	волхв	3	волхв,волхвование,волхвовать		0	0			UNREVIEWED			AUTO_SAFE	3
колошмат	колошмат	3	всколошматить,колошматить,отколошматить		0	0			UNREVIEWED			AUTO_SAFE	3
тюр	тюр	3	втюриться,тюрька,тюря		0	0			UNREVIEWED			AUTO_SAFE	3
выдр	выдр	3	выдра,выдренок,выдровый		0	0			UNREVIEWED			AUTO_SAFE	3
корп	корп	3	выкорпеть,корпеть,прокорпеть		0	0			UNREVIEWED			AUTO_SAFE	3
вяз¹	вяз¹	3	вяз,вязовина,вязовый		0	105			UNREVIEWED			AUTO_SAFE	3
вяк	вяк	3	вяканье,вякать,вякнуть		0	0			UNREVIEWED			AUTO_SAFE	3
гаеч|гайк	гаеч|гайк	3	гаечка,гаечный,гайка		0	0			UNREVIEWED			AUTO_SAFE	3
галеч|гальк	галеч|гальк	3	галечник,галечный,галька		0	0			UNREVIEWED			AUTO_SAFE	3
галош	галош	3	галоша,галошница,галошный		0	0			UNREVIEWED			AUTO_SAFE	3
галстук|галстуч	галстук|галстуч	3	галстук,галстучник,галстучный		0	0			UNREVIEWED			AUTO_SAFE	3
гик	гик	3	гиканье,гикать,гикнуть		0	0			UNREVIEWED			AUTO_SAFE	3
глист	глист	3	глист,глиста,глистный		0	0			UNREVIEWED			AUTO_SAFE	3
глыб	глыб	3	глыба,глыбища,глыбовый		0	0			UNREVIEWED			AUTO_SAFE	3
го(j)	го(j)	3	гой,изгой,изгойство		0	0			UNREVIEWED			AUTO_SAFE	3
грош	грош	3	грош,грошик,грошовый		0	0			UNREVIEWED			AUTO_SAFE	3
груш	груш	3	груша,грушевый,грушовка		0	0			UNREVIEWED			AUTO_SAFE	3
гугн	гугн	3	гугнивость,гугнивый,гугня		0	0			UNREVIEWED			AUTO_SAFE	3
гуз	гуз	3	гузка,огузок,подгузник		0	0			UNREVIEWED			AUTO_SAFE	3
гул²	гул²	3	гуленька,гулькин,гуля		0	0			UNREVIEWED			AUTO_SAFE	3
гусениц|гусенич	гусениц|гусенич	3	гусеница,гусеничка,гусеничный		0	0			UNREVIEWED			AUTO_SAFE	3
гутор	гутор	3	гуторить,загуторить,погуторить		0	0			UNREVIEWED			AUTO_SAFE	3
деж	деж	3	дежа,дежка,дежня		0	0			UNREVIEWED			AUTO_SAFE	3
дзинь	дзинь	3	дзинь,дзиньканье,дзинькать		0	0			UNREVIEWED			AUTO_SAFE	3
диван	диван	3	диван,диванный,диванчик		0	0			UNREVIEWED			AUTO_SAFE	3
туда	туда	3	дотуда,оттуда,туда		0	0			UNREVIEWED			AUTO_SAFE	3
драп	драп	3	драп,драпануть,драпать		0	0			UNREVIEWED			AUTO_SAFE	3
дрых	дрых	3	дрыхать,дрыхнуть,продрыхнуть		0	0			UNREVIEWED			AUTO_SAFE	3
дын	дын	3	дынный,дынька,дыня		0	0			UNREVIEWED			AUTO_SAFE	3
дюжин	дюжин	3	дюжина,недюжинность,подюжинно		0	0			UNREVIEWED			AUTO_SAFE	3
еле(j)²	еле(j)²	3	елей,елейность,елейный		0	0			UNREVIEWED			AUTO_SAFE	3
елоз	елоз	3	елозить,заелозить,поелозить		0	0			UNREVIEWED			AUTO_SAFE	3
жернов	жернов	3	жернов,жерновой,жерновок		0	0			UNREVIEWED			AUTO_SAFE	3
гнет²	гнет²	3	загнетка,нагнет,подгнет		0	24			UNREVIEWED			AUTO_SAFE	3
кадык|кадыч	кадык|кадыч	3	закадычный,кадык,кадычок		0	0			UNREVIEWED			AUTO_SAFE	3
кик|кич	кик|кич	3	закичиться,кика,кичка		0	0			UNREVIEWED			AUTO_SAFE	3
киш	киш	3	закишеть,кишеть,кишмя		0	0			UNREVIEWED			AUTO_SAFE	3
корюк|корюч	корюк|корюч	3	закорюка,закорючина,закорючка		0	0			UNREVIEWED			AUTO_SAFE	3
курлы	курлы	3	закурлыкать,курлыканье,курлыкать		0	0			UNREVIEWED			AUTO_SAFE	3
зал	зал	3	зал,зальный,зальце		0	3			UNREVIEWED			AUTO_SAFE	3
залп	залп	3	залп,залповый,залпом		0	0			UNREVIEWED			AUTO_SAFE	3
морд²	морд²	3	замордованный,замордовать,мордовать		0	0			UNREVIEWED			AUTO_SAFE	3
тарант	тарант	3	затарантить,таранта,тарантить		0	0			UNREVIEWED			AUTO_SAFE	3
тарахт	тарахт	3	затарахтеть,тарахтение,тарахтеть		0	0			UNREVIEWED			AUTO_SAFE	3
турк	турк	3	затурканный,затуркать,туркать		0	2			UNREVIEWED			AUTO_SAFE	3
хир	хир	3	захирелый,захиреть,хиреть		0	0			UNREVIEWED			AUTO_SAFE	3
хорохор	хорохор	3	захорохориться,расхорохориться,хорохориться		0	0			UNREVIEWED			AUTO_SAFE	3
шелест	шелест	3	зашелестеть,шелест,шелестеть		0	0			UNREVIEWED			AUTO_SAFE	3
шурш	шурш	3	зашуршать,шуршание,шуршать		0	0			UNREVIEWED			AUTO_SAFE	3
зен	зен	3	зеница,зеничный,зенки		0	0			UNREVIEWED			AUTO_SAFE	3
зоб	зоб	3	зобастый,зобатый,зобный		0	0			UNREVIEWED			AUTO_SAFE	3
зонт	зонт	3	зонт,зонтик,зонтичный		0	0			UNREVIEWED			AUTO_SAFE	3
идол	идол	3	идол,идолище,идольский		0	0			UNREVIEWED			AUTO_SAFE	3
можд	можд	3	измождение,изможденность,изможденный		0	0			UNREVIEWED			AUTO_SAFE	3
изюм	изюм	3	изюмина,изюминка,изюмный		0	0			UNREVIEWED			AUTO_SAFE	3
искренн	искренн	3	искренний,искренно,искренность		0	0			UNREVIEWED			AUTO_SAFE	3
чад²	чад²	3	исчадие,чадо,чадушко		0	0			UNREVIEWED			AUTO_SAFE	3
ишак|ишач	ишак|ишач	3	ишак,ишачий,ишачок		0	0			UNREVIEWED			AUTO_SAFE	3
калин	калин	3	калина,калинник,калиновый		0	0			UNREVIEWED			AUTO_SAFE	3
канав	канав	3	канава,канавка,канавщик		0	0			UNREVIEWED			AUTO_SAFE	3
канун	канун	3	канун,канунный,накануне		0	0			UNREVIEWED			AUTO_SAFE	3
карандаш	карандаш	3	карандаш,карандашик,карандашный		0	0			UNREVIEWED			AUTO_SAFE	3
карас	карас	3	карасевый,карасий,карась		0	0			UNREVIEWED			AUTO_SAFE	3
касат	касат	3	касатик,касатка,касаточка		0	0			UNREVIEWED			AUTO_SAFE	3
каштан	каштан	3	каштан,каштановый,каштанчик		0	0			UNREVIEWED			AUTO_SAFE	3
киоск	киоск	3	киоск,киоскер,киоскерша		0	0			UNREVIEWED			AUTO_SAFE	3
кис³	кис³	3	киса,кисет,кисетный		0	17			UNREVIEWED			AUTO_SAFE	3
кисе(j)	кисе(j)	3	кисейка,кисейный,кисея		0	0			UNREVIEWED			AUTO_SAFE	3
кист	кист	3	кистевой,кисточка,кисть		0	0			UNREVIEWED			AUTO_SAFE	3
клевер	клевер	3	клевер,клеверище,клеверный		0	0			UNREVIEWED			AUTO_SAFE	3
клест	клест	3	клест,клестовка,клестовый		0	0			UNREVIEWED			AUTO_SAFE	3
клюк²	клюк²	3	клюкать,клюкнуть,наклюкаться		0	0			UNREVIEWED			AUTO_SAFE	3
клюкв	клюкв	3	клюква,клюквенный,клюквина		0	0			UNREVIEWED			AUTO_SAFE	3
кобел	кобел	3	кобелек,кобелиный,кобель		0	0			UNREVIEWED			AUTO_SAFE	3
ковар	ковар	3	коварность,коварный,коварство		0	0			UNREVIEWED			AUTO_SAFE	3
ковчег|ковчеж	ковчег|ковчеж	3	ковчег,ковчежец,ковчежный		0	0			UNREVIEWED			AUTO_SAFE	3
ковш	ковш	3	ковш,ковшик,ковшовый		0	0			UNREVIEWED			AUTO_SAFE	3
ковыл²	ковыл²	3	ковылистый,ковыль,ковыльный		0	0			UNREVIEWED			AUTO_SAFE	3
коеч|койк	коеч|койк	3	коечка,коечный,койка		0	0			UNREVIEWED			AUTO_SAFE	3
колоб	колоб	3	колоб,колобашка,колобок		0	0			UNREVIEWED			AUTO_SAFE	3
колодез|колодец	колодез|колодец	3	колодезный,колодезь,колодец		0	0			UNREVIEWED			AUTO_SAFE	3
колош²	колош²	3	колоша,колошник,колошниковый		0	0			UNREVIEWED			AUTO_SAFE	3
комнат	комнат	3	комната,комнатный,комнатушка		0	0			UNREVIEWED			AUTO_SAFE	3
коридор	коридор	3	коридор,коридорный,коридорчик		0	0			UNREVIEWED			AUTO_SAFE	3
корн²	корн²	3	корнать,обкорнать,окорнать		0	0			UNREVIEWED			AUTO_SAFE	3
корчаг|корчаж	корчаг|корчаж	3	корчага,корчажка,корчажный		0	0			UNREVIEWED			AUTO_SAFE	3
костыл	костыл	3	костыль,костылять,накостылять		0	0			UNREVIEWED			AUTO_SAFE	3
кот²	кот²	3	котиться,окот,окотиться		0	2			UNREVIEWED			AUTO_SAFE	3
котлет	котлет	3	котлета,котлетка,котлетный		0	0			UNREVIEWED			AUTO_SAFE	3
кресел|кресл	кресел|кресл	3	кресельный,креслице,кресло		0	0			UNREVIEWED			AUTO_SAFE	3
крыж	крыж	3	крыж,крыжовенный,крыжовник		0	0			UNREVIEWED			AUTO_SAFE	3
куд²	куд²	3	кудесник,накудесить,прокуда		0	0			UNREVIEWED			AUTO_SAFE	3
кулич¹	кулич¹	3	кулич,куличик,куличный		0	0			UNREVIEWED			AUTO_SAFE	3
кумач	кумач	3	кумач,кумачный,кумачовый		0	0			UNREVIEWED			AUTO_SAFE	3
купол	купол	3	купол,куполок,купольный		0	0			UNREVIEWED			AUTO_SAFE	3
куропат|куропач	куропат|куропач	3	куропатка,куропаточка,куропачий		0	0			UNREVIEWED			AUTO_SAFE	3
курт	курт	3	куртка,курточка,курточный		0	0			UNREVIEWED			AUTO_SAFE	3
кушак|кушач	кушак|кушач	3	кушак,кушачный,кушачок		0	0			UNREVIEWED			AUTO_SAFE	3
лабаз	лабаз	3	лабаз,лабазник,лабазный		0	0			UNREVIEWED			AUTO_SAFE	3
лагер	лагер	3	лагерник,лагерный,лагерь		0	0			UNREVIEWED			AUTO_SAFE	3
лапш	лапш	3	лапша,лапшаной,лапшовый		0	0			UNREVIEWED			AUTO_SAFE	3
лемех|лемеш	лемех|лемеш	3	лемех,лемешить,лемешный		0	0			UNREVIEWED			AUTO_SAFE	3
лилов	лилов	3	лиловеть,лиловый,полиловеть		0	0			UNREVIEWED			AUTO_SAFE	3
лодыр	лодыр	3	лодырничать,лодырничество,лодырь		0	0			UNREVIEWED			AUTO_SAFE	3
лох	лох	3	лох,лоховина,лоховый		0	0			UNREVIEWED			AUTO_SAFE	3
лузг	лузг	3	лузга,лузгать,слузгать		0	0			UNREVIEWED			AUTO_SAFE	3
лям	лям	3	лямка,лямочка,лямочный		0	0			UNREVIEWED			AUTO_SAFE	3
мартыш¹	мартыш¹	3	мартышечий,мартышка,мартышкин		0	0			UNREVIEWED			AUTO_SAFE	3
махор²|махр²	махор²|махр²	3	махорка,махорочный,махра		0	0			UNREVIEWED			AUTO_SAFE	3
мгл	мгл	3	мгла,мглистость,мглистый		0	0			UNREVIEWED			AUTO_SAFE	3
мерещ	мерещ	3	мерещиться,померещиться,примерещиться		0	0			UNREVIEWED			AUTO_SAFE	3
монет	монет	3	монета,монетный,монетчик		0	0			UNREVIEWED			AUTO_SAFE	3
мух|муш	мух|муш	3	муха,мушиный,мушка		0	0			UNREVIEWED			AUTO_SAFE	3
мыс	мыс	3	мыс,мысик,мысок		0	0			UNREVIEWED			AUTO_SAFE	3
напрас	напрас	3	напраслина,напрасный,понапрасну		0	0			UNREVIEWED			AUTO_SAFE	3
нарт	нарт	3	нарта,нарты,нартенный		0	0			UNREVIEWED			AUTO_SAFE	3
хохр	хохр	3	нахохриться,хохриться,хохряк		0	0			UNREVIEWED			AUTO_SAFE	3
шля	шля	3	нашляться,пошляться,шляться		0	0			UNREVIEWED			AUTO_SAFE	3
шпион	шпион	3	нашпионить,шпионаж,шпионка		0	0			UNREVIEWED			AUTO_SAFE	3
не	не	3	некать,отнекаться,отнекиваться		0	0			UNREVIEWED			AUTO_SAFE	3
клюж	клюж	3	неуклюжесть,неуклюжий,уклюжий		0	0			UNREVIEWED			AUTO_SAFE	3
лапош	лапош	3	облапошивать,облапошиваться,облапошить		0	0			UNREVIEWED			AUTO_SAFE	3
обод	обод	3	обод,ободок,ободочный		0	0			UNREVIEWED			AUTO_SAFE	3
егор	егор	3	объегоривать,объегориваться,объегорить		0	0			UNREVIEWED			AUTO_SAFE	3
огул	огул	3	огулом,огульность,огульный		0	0			UNREVIEWED			AUTO_SAFE	3
окун	окун	3	окуневый,окунек,окунь		0	1			UNREVIEWED			AUTO_SAFE	3
опт	опт	3	оптовик,оптовый,оптом		0	72			UNREVIEWED			AUTO_SAFE	3
паз	паз	3	паз,пазник,пазовый		0	0			UNREVIEWED			AUTO_SAFE	3
паром	паром	3	паром,паромный,паромщик		0	22			UNREVIEWED			AUTO_SAFE	3
патл	патл	3	патластый,патлатый,патлы		0	0			UNREVIEWED			AUTO_SAFE	3
пауз	пауз	3	паузить,паузка,паузок		0	0			UNREVIEWED			AUTO_SAFE	3
пельмен|пельмеш	пельмен|пельмеш	3	пельмени,пельменная,пельмешек		0	0			UNREVIEWED			AUTO_SAFE	3
пен³	пен³	3	пеня,пенять,попенять		0	0			UNREVIEWED			AUTO_SAFE	3
пластыр	пластыр	3	пластырный,пластырщик,пластырь		0	0			UNREVIEWED			AUTO_SAFE	3
плах|плаш	плах|плаш	3	плаха,плашка,плашмя		0	0			UNREVIEWED			AUTO_SAFE	3
плев²|полов	плев²|полов	3	плева,плевел,полова		0	2866			UNREVIEWED			AUTO_SAFE	3
погон	погон	3	погон,погонный,погончик		0	2			UNREVIEWED			AUTO_SAFE	3
ряс²	ряс²	3	подрясник,ряса,ряска		0	0			UNREVIEWED			AUTO_SAFE	3
полб	полб	3	полба,полбенный,полбяной		0	0			UNREVIEWED			AUTO_SAFE	3
попуга(j)	попуга(j)	3	попугай,попугайничать,попугайчик		0	3			UNREVIEWED			AUTO_SAFE	3
сет³	сет³	3	посетовать,сетование,сетовать		0	0			UNREVIEWED			AUTO_SAFE	3
прач	прач	3	прачечная,прачечный,прачка		0	0			UNREVIEWED			AUTO_SAFE	3
прос²	прос²	3	просо,просянка,просяной		0	0			UNREVIEWED			AUTO_SAFE	3
прыт	прыт	3	прыткий,прыткость,прыть		0	0			UNREVIEWED			AUTO_SAFE	3
пряж³	пряж³	3	пряженец,пряженик,пряженый		0	0			UNREVIEWED			AUTO_SAFE	3
пыж²	пыж²	3	пыжик,пыжиковый,пыжовина		0	0			UNREVIEWED			AUTO_SAFE	3
разгильдя(j)	разгильдя(j)	3	разгильдяй,разгильдяйничать,разгильдяйство		0	0			UNREVIEWED			AUTO_SAFE	3
редис	редис	3	редис,редиска,редисочный		0	0			UNREVIEWED			AUTO_SAFE	3
рис¹	рис¹	3	рис,рисовник,рисовый		0	0			UNREVIEWED			AUTO_SAFE	3
рист	рист	3	ристалище,ристание,ристать		0	0			UNREVIEWED			AUTO_SAFE	3
рун	рун	3	руно,рунистый,рунный		0	0			UNREVIEWED			AUTO_SAFE	3
рыс²	рыс²	3	рысенок,рысий,рысиха		0	0			UNREVIEWED			AUTO_SAFE	3
рычаг|рычаж	рычаг|рычаж	3	рычаг,рычажный,рычажок		0	0			UNREVIEWED			AUTO_SAFE	3
рюх|рюш	рюх|рюш	3	рюха,рюшка,рюшный		0	0			UNREVIEWED			AUTO_SAFE	3
ряп	ряп	3	ряпуха,ряпушка,ряпчик		0	0			UNREVIEWED			AUTO_SAFE	3
саврас	саврас	3	саврас,савраска,саврасый		0	0			UNREVIEWED			AUTO_SAFE	3
селезенк|селезеноч	селезенк|селезеноч	3	селезенка,селезеночник,селезеночный		0	0			UNREVIEWED			AUTO_SAFE	3
сен²	сен²	3	сени,сенной,сенцы		0	22			UNREVIEWED			AUTO_SAFE	3
сиг¹	сиг¹	3	сигануть,сигать,сигнуть		0	0			UNREVIEWED			AUTO_SAFE	3
сик	сик	3	сикалка,сикать,сикнуть		0	0			UNREVIEWED			AUTO_SAFE	3
сил²	сил²	3	силковый,силок,силочек		0	80			UNREVIEWED			AUTO_SAFE	3
ситец|ситц|ситч	ситец|ситц|ситч	3	ситец,ситцевый,ситчик		0	72			UNREVIEWED			AUTO_SAFE	3
скалдыр	скалдыр	3	скалдырник,скалдырничать,скалдырничество		0	0			UNREVIEWED			AUTO_SAFE	3
скород	скород	3	скорода,скородить,скородиться		0	0			UNREVIEWED			AUTO_SAFE	3
сорок²|сороч²	сорок²|сороч²	3	сорока,сорочий,сорочить		0	0			UNREVIEWED			AUTO_SAFE	3
сорок³|сороч³	сорок³|сороч³	3	сорока,сорочечный,сорочка		0	0			UNREVIEWED			AUTO_SAFE	3
спорт	спорт	3	спорт,спортивки,спортивный		0	0			UNREVIEWED			AUTO_SAFE	3
стрепет	стрепет	3	стрепет,стрепетенок,стрепетиный		0	0			UNREVIEWED			AUTO_SAFE	3
ступ²	ступ²	3	ступа,ступка,ступочный		0	0			UNREVIEWED			AUTO_SAFE	3
стяг|стяж¹	стяг|стяж¹	3	стяг,стяговый,стяжок		0	0			UNREVIEWED			AUTO_SAFE	3
суббот	суббот	3	суббота,субботний,субботник		0	0			UNREVIEWED			AUTO_SAFE	3
табурет	табурет	3	табурет,табуретка,табуретный		0	0			UNREVIEWED			AUTO_SAFE	3
таз	таз	3	таз,тазик,тазовый		0	0			UNREVIEWED			AUTO_SAFE	3
таракан|таракаш	таракан|таракаш	3	таракан,тараканий,таракашка		0	0			UNREVIEWED			AUTO_SAFE	3
тенет	тенет	3	тенета,тенетник,тенетный		0	0			UNREVIEWED			AUTO_SAFE	3
тест²|тещ	тест²|тещ	3	тесть,тестюшка,теща		0	1			UNREVIEWED			AUTO_SAFE	3
тик	тик	3	тик,тиканье,тикать		0	0			UNREVIEWED			AUTO_SAFE	3
тпру	тпру	3	тпру,тпруканье,тпрукать		0	0			UNREVIEWED			AUTO_SAFE	3
трах	трах	3	трахать,трахнуть,трахнуться		0	0			UNREVIEWED			AUTO_SAFE	3
туфел|туфл	туфел|туфл	3	туфелька,туфельный,туфля		0	0			UNREVIEWED			AUTO_SAFE	3
тят	тят	3	тятенька,тятька,тятя		0	0			UNREVIEWED			AUTO_SAFE	3
угор¹|угр¹	угор¹|угр¹	3	угорь,угревый,угренок		0	9			UNREVIEWED			AUTO_SAFE	3
угрюм	угрюм	3	угрюметь,угрюмость,угрюмый		0	0			UNREVIEWED			AUTO_SAFE	3
улюлю	улюлю	3	улюлю,улюлюканье,улюлюкать		0	0			UNREVIEWED			AUTO_SAFE	3
хмыл	хмыл	3	ухмылка,ухмыльнуться,ухмыляться		0	0			UNREVIEWED			AUTO_SAFE	3
ушку(j)	ушку(j)	3	ушкуй,ушкуйник,ушкуйничать		0	0			UNREVIEWED			AUTO_SAFE	3
факел	факел	3	факел,факельный,факельшик		0	0			UNREVIEWED			AUTO_SAFE	3
фитил	фитил	3	фитилек,фитиль,фитильный		0	0			UNREVIEWED			AUTO_SAFE	3
фортк|форточ	фортк|форточ	3	фортка,форточка,форточный		0	0			UNREVIEWED			AUTO_SAFE	3
фрукт	фрукт	3	фрукт,фруктовый,фруктовщик		0	0			UNREVIEWED			AUTO_SAFE	3
хлев	хлев	3	хлев,хлевок,хлевушок		0	0			UNREVIEWED			AUTO_SAFE	3
хлобыст	хлобыст	3	хлобыстать,хлобыстаться,хлобыстнуть		0	0			UNREVIEWED			AUTO_SAFE	3
цац	цац	3	цаца,цацка,цацкаться		0	0			UNREVIEWED			AUTO_SAFE	3
чаеч|чайк	чаеч|чайк	3	чаечный,чайка,чайковые		0	0			UNREVIEWED			AUTO_SAFE	3
череш²	череш²	3	черешина,черешневый,черешня		0	0			UNREVIEWED			AUTO_SAFE	3
чечевиц|чечевич	чечевиц|чечевич	3	чечевица,чечевичка,чечевичный		0	0			UNREVIEWED			AUTO_SAFE	3
чибис	чибис	3	чибис,чибисенок,чибисовый		0	0			UNREVIEWED			AUTO_SAFE	3
чив	чив	3	чивиканье,чивикать,чивикнуть		0	0			UNREVIEWED			AUTO_SAFE	3
чуб	чуб	3	чуб,чубастый,чубатый		0	0			UNREVIEWED			AUTO_SAFE	3
чулан	чулан	3	чулан,чуланный,чуланчик		0	0			UNREVIEWED			AUTO_SAFE	3
чуч	чуч	3	чучело,чучельник,чучельный		0	0			UNREVIEWED			AUTO_SAFE	3
шал¹	шал¹	3	шалевый,шаль,шалька		0	0			UNREVIEWED			AUTO_SAFE	3
шарф	шарф	3	шарф,шарфик,шарфяной		0	0			UNREVIEWED			AUTO_SAFE	3
шкатул	шкатул	3	шкатулка,шкатулочка,шкатулочный		0	0			UNREVIEWED			AUTO_SAFE	3
шур²	шур²	3	шуровать,шуроваться,шуровка		0	0			UNREVIEWED			AUTO_SAFE	3
щепет	щепет	3	щепетильник,щепетильность,щепетильный		0	0			UNREVIEWED			AUTO_SAFE	3
эк	эк	3	эк,эка,экий		0	0			UNREVIEWED			AUTO_SAFE	3
эфир	эфир	3	эфир,эфирность,эфирный		0	0			UNREVIEWED			AUTO_SAFE	3
я²	я²	3	яканье,якать,ячество		0	0			UNREVIEWED			AUTO_SAFE	3
ясел|ясл	ясел|ясл	3	ясельничий,ясельный,ясли		0	0			UNREVIEWED			AUTO_SAFE	3
яхт	яхт	3	яхта,яхтенный,яхтный		0	0			UNREVIEWED			AUTO_SAFE	3
авось	авось	2	авось,авоська		0	0			UNREVIEWED			AUTO_SAFE	2
алмаз	алмаз	2	алмаз,алмазный		0	0			UNREVIEWED			AUTO_SAFE	2
алтар	алтар	2	алтарный,алтарь		0	0			UNREVIEWED			AUTO_SAFE	2
аляп	аляп	2	аляповатость,аляповатый		0	0			UNREVIEWED			AUTO_SAFE	2
апрел	апрел	2	апрель,апрельский		0	0			UNREVIEWED			AUTO_SAFE	2
байбак|байбач	байбак|байбач	2	байбак,байбачий		0	0			UNREVIEWED			AUTO_SAFE	2
байк	байк	2	байка,байковый		0	3			UNREVIEWED			AUTO_SAFE	2
баклуш	баклуш	2	баклуши,баклушничать		0	0			UNREVIEWED			AUTO_SAFE	2
балак	балак	2	балаканье,балакать		0	0			UNREVIEWED			AUTO_SAFE	2
балбес	балбес	2	балбес,балбесничать		0	0			UNREVIEWED			AUTO_SAFE	2
бант	бант	2	бант,бантик		0	0			UNREVIEWED			AUTO_SAFE	2
барбос	барбос	2	барбос,барбоска		0	0			UNREVIEWED			AUTO_SAFE	2
батон	батон	2	батон,батончик		0	0			UNREVIEWED			AUTO_SAFE	2
безмен	безмен	2	безмен,безменный		0	0			UNREVIEWED			AUTO_SAFE	2
икр²|ыкр	икр²|ыкр	2	безыкрый,икры		0	0			UNREVIEWED			AUTO_SAFE	2
берд	берд	2	бердо,бердовый		0	0			UNREVIEWED			AUTO_SAFE	2
берлог|берлож	берлог|берлож	2	берлога,берложный		0	0			UNREVIEWED			AUTO_SAFE	2
бидон	бидон	2	бидон,бидонный		0	0			UNREVIEWED			AUTO_SAFE	2
бирк|бироч	бирк|бироч	2	бирка,бирочный		0	0			UNREVIEWED			AUTO_SAFE	2
бирюз	бирюз	2	бирюза,бирюзовый		0	0			UNREVIEWED			AUTO_SAFE	2
бирюл	бирюл	2	бирюлечный,бирюлька		0	0			UNREVIEWED			AUTO_SAFE	2
боров	боров	2	боров,боровок		0	12			UNREVIEWED			AUTO_SAFE	2
бразд²	бразд²	2	бразда,бразды		0	0			UNREVIEWED			AUTO_SAFE	2
брен	брен	2	бренность,бренный		0	0			UNREVIEWED			AUTO_SAFE	2
брич	брич	2	бричечный,бричка		0	0			UNREVIEWED			AUTO_SAFE	2
брыл	брыл	2	брыластый,брылы		0	0			UNREVIEWED			AUTO_SAFE	2
буженин	буженин	2	буженина,буженинный		0	0			UNREVIEWED			AUTO_SAFE	2
бук²	бук²	2	бук,буковый		0	18			UNREVIEWED			AUTO_SAFE	2
булан	булан	2	буланка,буланый		0	0			UNREVIEWED			AUTO_SAFE	2
булат	булат	2	булат,булатный		0	0			UNREVIEWED			AUTO_SAFE	2
буран	буран	2	буран,буранный		0	0			UNREVIEWED			AUTO_SAFE	2
бурк²	бурк²	2	бурка,бурки		0	40			UNREVIEWED			AUTO_SAFE	2
бяз	бяз	2	бязевый,бязь		0	0			UNREVIEWED			AUTO_SAFE	2
вальяж	вальяж	2	вальяжность,вальяжный		0	0			UNREVIEWED			AUTO_SAFE	2
варган	варган	2	варганить,сварганить		0	0			UNREVIEWED			AUTO_SAFE	2
вереск	вереск	2	вереск,вересковый		0	0			UNREVIEWED			AUTO_SAFE	2
верет¹|врет	верет¹|врет	2	веретье,вретище		0	0			UNREVIEWED			AUTO_SAFE	2
вин²	вин²	2	винище,винница		0	0			UNREVIEWED			AUTO_SAFE	2
вы(j)³	вы(j)³	2	выйный,выя		0	0			UNREVIEWED			AUTO_SAFE	2
вы¹	вы¹	2	выканье,выкать		0	0			UNREVIEWED			AUTO_SAFE	2
вым	вым	2	вымечко,вымя		0	0			UNREVIEWED			AUTO_SAFE	2
выспр	выспр	2	выспренний,выспренность		0	0			UNREVIEWED			AUTO_SAFE	2
выт	выт	2	вытчик,выть		0	0			UNREVIEWED			AUTO_SAFE	2
гаван	гаван	2	гаванский,гавань		0	0			UNREVIEWED			AUTO_SAFE	2
гарк	гарк	2	гаркать,гаркнуть		0	0			UNREVIEWED			AUTO_SAFE	2
гил	гил	2	гиль,изгиляться		0	0			UNREVIEWED			AUTO_SAFE	2
говяд|говяж	говяд|говяж	2	говядина,говяжий		0	0			UNREVIEWED			AUTO_SAFE	2
гогол	гогол	2	гоголиный,гоголь		0	0			UNREVIEWED			AUTO_SAFE	2
гонош	гонош	2	гоношить,сгоношить		0	0			UNREVIEWED			AUTO_SAFE	2
горноста(j)	горноста(j)	2	горностаевый,горностай		0	0			UNREVIEWED			AUTO_SAFE	2
граб²	граб²	2	граб,грабовый		0	0			UNREVIEWED			AUTO_SAFE	2
графин	графин	2	графин,графинчик		0	1			UNREVIEWED			AUTO_SAFE	2
гук	гук	2	гукать,гукнуть		0	8			UNREVIEWED			AUTO_SAFE	2
гул³	гул³	2	гул,гулкий		0	0			UNREVIEWED			AUTO_SAFE	2
дебел	дебел	2	дебелость,дебелый		0	0			UNREVIEWED			AUTO_SAFE	2
дерез	дерез	2	дереза,дерезняк		0	0			UNREVIEWED			AUTO_SAFE	2
десен|десн¹	десен|десн¹	2	десенный,десна		0	0			UNREVIEWED			AUTO_SAFE	2
десн²	десн²	2	десница,одесную		0	0			UNREVIEWED			AUTO_SAFE	2
добл	добл	2	доблестный,доблесть		0	0			UNREVIEWED			AUTO_SAFE	2
дратв	дратв	2	дратва,дратвенный		0	0			UNREVIEWED			AUTO_SAFE	2
дресв	дресв	2	дресва,дресвяный		0	0			UNREVIEWED			AUTO_SAFE	2
дрозд	дрозд	2	дрозд,дроздовый		0	0			UNREVIEWED			AUTO_SAFE	2
дрок	дрок	2	дрок,дроковый		0	0			UNREVIEWED			AUTO_SAFE	2
дроф	дроф	2	дрофа,дрофиный		0	0			UNREVIEWED			AUTO_SAFE	2
дышл	дышл	2	дышло,дышловой		0	0			UNREVIEWED			AUTO_SAFE	2
дятел|дятл	дятел|дятл	2	дятел,дятловый		0	0			UNREVIEWED			AUTO_SAFE	2
ералаш	ералаш	2	ералаш,ералашный		0	0			UNREVIEWED			AUTO_SAFE	2
жабер|жабр	жабер|жабр	2	жаберный,жабры		0	0			UNREVIEWED			AUTO_SAFE	2
жбан	жбан	2	жбан,жбанчик		0	0			UNREVIEWED			AUTO_SAFE	2
жезл	жезл	2	жезл,жезловой		0	0			UNREVIEWED			AUTO_SAFE	2
желвак|желвач	желвак|желвач	2	желвак,желвачок		0	0			UNREVIEWED			AUTO_SAFE	2
желон	желон	2	желонка,желоночный		0	0			UNREVIEWED			AUTO_SAFE	2
желуд	желуд	2	желудевый,желудь		0	0			UNREVIEWED			AUTO_SAFE	2
жимолост	жимолост	2	жимолостный,жимолость		0	0			UNREVIEWED			AUTO_SAFE	2
жох	жох	2	жох,жоховатый		0	0			UNREVIEWED			AUTO_SAFE	2
жужел	жужел	2	жужелина,жужелка		0	0			UNREVIEWED			AUTO_SAFE	2
жук|жуч²	жук|жуч²	2	жук,жучок		0	0			UNREVIEWED			AUTO_SAFE	2
жуч¹	жуч¹	2	жучить,пожучить		0	0			UNREVIEWED			AUTO_SAFE	2
гогул	гогул	2	загогулина,загогулинка		0	0			UNREVIEWED			AUTO_SAFE	2
дрип	дрип	2	задрипанный,задрипать		0	0			UNREVIEWED			AUTO_SAFE	2
замш	замш	2	замша,замшевый		0	0			UNREVIEWED			AUTO_SAFE	2
стрех	стрех	2	застреха,стреха		0	0			UNREVIEWED			AUTO_SAFE	2
тин	тин	2	затин,тина		0	0			UNREVIEWED			AUTO_SAFE	2
усен	усен	2	заусенец,заусеница		0	0			UNREVIEWED			AUTO_SAFE	2
холуст	холуст	2	захолустный,захолустье		0	0			UNREVIEWED			AUTO_SAFE	2
зипун	зипун	2	зипун,зипунный		0	0			UNREVIEWED			AUTO_SAFE	2
зу(j)	зу(j)	2	зуек,зуй		0	0			UNREVIEWED			AUTO_SAFE	2
зюз	зюз	2	зюзя,назюзюкаться		0	0			UNREVIEWED			AUTO_SAFE	2
ив	ив	2	ива,ивина		0	0			UNREVIEWED			AUTO_SAFE	2
изумруд	изумруд	2	изумруд,изумрудный		0	0			UNREVIEWED			AUTO_SAFE	2
и²	и²	2	иканье,икать		0	0			UNREVIEWED			AUTO_SAFE	2
кабач²	кабач²	2	кабачковый,кабачок		0	0			UNREVIEWED			AUTO_SAFE	2
каланч	каланч	2	каланча,каланчовый		0	0			UNREVIEWED			AUTO_SAFE	2
калош	калош	2	калоша,калошный		0	0			UNREVIEWED			AUTO_SAFE	2
камор	камор	2	камора,каморка		0	0			UNREVIEWED			AUTO_SAFE	2
канв	канв	2	канва,канвовый		0	0			UNREVIEWED			AUTO_SAFE	2
капкан	капкан	2	капкан,капканный		0	0			UNREVIEWED			AUTO_SAFE	2
карапуз	карапуз	2	карапуз,карапузик		0	0			UNREVIEWED			AUTO_SAFE	2
карп	карп	2	карп,карповый		0	0			UNREVIEWED			AUTO_SAFE	2
кастрюл	кастрюл	2	кастрюлька,кастрюля		0	0			UNREVIEWED			AUTO_SAFE	2
каур	каур	2	каурка,каурый		0	0			UNREVIEWED			AUTO_SAFE	2
квохт	квохт	2	квохтанье,квохтать		0	0			UNREVIEWED			AUTO_SAFE	2
ки(j)²	ки(j)²	2	киек,кий		0	0			UNREVIEWED			AUTO_SAFE	2
кинжал	кинжал	2	кинжал,кинжальный		0	0			UNREVIEWED			AUTO_SAFE	2
киновар	киновар	2	киноварный,киноварь		0	0			UNREVIEWED			AUTO_SAFE	2
клохт	клохт	2	клохтанье,клохтать		0	0			UNREVIEWED			AUTO_SAFE	2
клуб²	клуб²	2	клуб,клубный		0	0			UNREVIEWED			AUTO_SAFE	2
кляч	кляч	2	кляча,клячонка		0	0			UNREVIEWED			AUTO_SAFE	2
кнут	кнут	2	кнут,кнутовище		0	0			UNREVIEWED			AUTO_SAFE	2
ковриг|ковриж	ковриг|ковриж	2	коврига,коврижка		0	0			UNREVIEWED			AUTO_SAFE	2
колдоб	колдоб	2	колдобина,колдобинка		0	0			UNREVIEWED			AUTO_SAFE	2
колчан	колчан	2	колчан,колчанный		0	0			UNREVIEWED			AUTO_SAFE	2
колымаг|колымаж	колымаг|колымаж	2	колымага,колымажка		0	0			UNREVIEWED			AUTO_SAFE	2
комод	комод	2	комод,комодный		0	0			UNREVIEWED			AUTO_SAFE	2
компот	компот	2	компот,компотный		0	0			UNREVIEWED			AUTO_SAFE	2
конур	конур	2	конура,конурка		0	0			UNREVIEWED			AUTO_SAFE	2
копот¹	копот¹	2	копотный,копоть		0	10			UNREVIEWED			AUTO_SAFE	2
копыл	копыл	2	копыл,накопыльник		0	0			UNREVIEWED			AUTO_SAFE	2
корж	корж	2	корж,коржик		0	0			UNREVIEWED			AUTO_SAFE	2
корост	корост	2	короста,короставник		0	0			UNREVIEWED			AUTO_SAFE	2
котом	котом	2	котомка,котомочка		0	0			UNREVIEWED			AUTO_SAFE	2
кочевряг|кочевряж	кочевряг|кочевряж	2	кочевряга,кочевряжиться		0	0			UNREVIEWED			AUTO_SAFE	2
кочерг|кочереж	кочерг|кочереж	2	кочерга,кочережка		0	0			UNREVIEWED			AUTO_SAFE	2
крал	крал	2	кралечка,краля		0	0			UNREVIEWED			AUTO_SAFE	2
крес²	крес²	2	кресало,кресать		0	0			UNREVIEWED			AUTO_SAFE	2
кречет	кречет	2	кречет,кречетовый		0	0			UNREVIEWED			AUTO_SAFE	2
кулиг|кулиж	кулиг|кулиж	2	кулига,кулижки		0	0			UNREVIEWED			AUTO_SAFE	2
кулик|кулич²	кулик|кулич²	2	кулик,куличок		0	0			UNREVIEWED			AUTO_SAFE	2
культ	культ	2	культя,культяпка		0	4			UNREVIEWED			AUTO_SAFE	2
кумир	кумир	2	кумир,кумирня		0	0			UNREVIEWED			AUTO_SAFE	2
кун	кун	2	куний,куница		0	0			UNREVIEWED			AUTO_SAFE	2
кучер¹	кучер¹	2	кучер,кучерской		0	0			UNREVIEWED			AUTO_SAFE	2
кучер²	кучер²	2	кучерявиться,кучерявый		0	0			UNREVIEWED			AUTO_SAFE	2
лавр¹	лавр¹	2	лавр,лавровый		0	0			UNREVIEWED			AUTO_SAFE	2
лавр²	лавр²	2	лавра,лаврский		0	0			UNREVIEWED			AUTO_SAFE	2
ландыш	ландыш	2	ландыш,ландышевый		0	0			UNREVIEWED			AUTO_SAFE	2
лан	лан	2	ланка,лань		0	0			UNREVIEWED			AUTO_SAFE	2
лас	лас	2	ласа,ласина		0	0			UNREVIEWED			AUTO_SAFE	2
лачуг|лачуж	лачуг|лачуж	2	лачуга,лачужка		0	0			UNREVIEWED			AUTO_SAFE	2
лекал	лекал	2	лекало,лекальщик		0	0			UNREVIEWED			AUTO_SAFE	2
лещин	лещин	2	лещина,лещиновый		0	0			UNREVIEWED			AUTO_SAFE	2
лихв	лихв	2	лихва,лихвенный		0	0			UNREVIEWED			AUTO_SAFE	2
лодыг|лодыж	лодыг|лодыж	2	лодыга,лодыжка		0	0			UNREVIEWED			AUTO_SAFE	2
лон	лон	2	лонный,лоно		0	0			UNREVIEWED			AUTO_SAFE	2
луж³	луж³	2	лужа,лужица		0	0			UNREVIEWED			AUTO_SAFE	2
ляс	ляс	2	лясничать,лясы		0	0			UNREVIEWED			AUTO_SAFE	2
мартын|мартыш²	мартын|мартыш²	2	мартын,мартышка		0	0			UNREVIEWED			AUTO_SAFE	2
мерин	мерин	2	мерин,меринок		0	0			UNREVIEWED			AUTO_SAFE	2
меч²	меч²	2	меч,мечник		0	76			UNREVIEWED			AUTO_SAFE	2
мизин	мизин	2	мизинец,мизинцевый		0	0			UNREVIEWED			AUTO_SAFE	2
мишен	мишен	2	мишенный,мишень		0	0			UNREVIEWED			AUTO_SAFE	2
мишур	мишур	2	мишура,мишурный		0	0			UNREVIEWED			AUTO_SAFE	2
молозив	молозив	2	молозивный,молозиво		0	0			UNREVIEWED			AUTO_SAFE	2
мосл|мосол	мосл|мосол	2	мослак,мосол		0	0			UNREVIEWED			AUTO_SAFE	2
мош²	мош²	2	мошка,мошкара		0	0			UNREVIEWED			AUTO_SAFE	2
мурл	мурл	2	мурластый,мурло		0	0			UNREVIEWED			AUTO_SAFE	2
мухорт	мухорт	2	мухортик,мухортый		0	0			UNREVIEWED			AUTO_SAFE	2
мыщелк|мыщелок	мыщелк|мыщелок	2	мыщелка,мыщелок		0	0			UNREVIEWED			AUTO_SAFE	2
мят²	мят²	2	мята,мятный		0	5			UNREVIEWED			AUTO_SAFE	2
набат	набат	2	набат,набатный		0	0			UNREVIEWED			AUTO_SAFE	2
наждак|наждач	наждак|наждач	2	наждак,наждачный		0	0			UNREVIEWED			AUTO_SAFE	2
зо(j)	зо(j)	2	назойливость,назойливый		0	0			UNREVIEWED			AUTO_SAFE	2
пыщ	пыщ	2	напыщенность,напыщенный		0	0			UNREVIEWED			AUTO_SAFE	2
обин	обин	2	обиняк,обиняком		0	0			UNREVIEWED			AUTO_SAFE	2
облат	облат	2	облатка,облаточный		0	0			UNREVIEWED			AUTO_SAFE	2
обормот	обормот	2	обормот,обормотка		0	0			UNREVIEWED			AUTO_SAFE	2
овод	овод	2	овод,оводовый		0	0			UNREVIEWED			AUTO_SAFE	2
оглоб	оглоб	2	оглобельный,оглобля		0	0			UNREVIEWED			AUTO_SAFE	2
горош²	горош²	2	огорошивать,огорошить		0	0			UNREVIEWED			AUTO_SAFE	2
о	о	2	оканье,окать		0	0			UNREVIEWED			AUTO_SAFE	2
опок	опок	2	опока,опоковый		0	0			UNREVIEWED			AUTO_SAFE	2
ос¹	ос¹	2	оса,осиный		0	12			UNREVIEWED			AUTO_SAFE	2
склаб	склаб	2	осклабить,осклабиться		0	0			UNREVIEWED			AUTO_SAFE	2
осок	осок	2	осока,осоковые		0	2			UNREVIEWED			AUTO_SAFE	2
осокор	осокор	2	осокорник,осокорь		0	0			UNREVIEWED			AUTO_SAFE	2
осот	осот	2	осот,осотовый		0	0			UNREVIEWED			AUTO_SAFE	2
отав	отав	2	отава,отавный		0	0			UNREVIEWED			AUTO_SAFE	2
лын	лын	2	отлынивание,отлынивать		0	0			UNREVIEWED			AUTO_SAFE	2
па(j)⁴	па(j)⁴	2	паинька,пай		0	0			UNREVIEWED			AUTO_SAFE	2
папорот	папорот	2	папоротник,папоротниковый		0	0			UNREVIEWED			AUTO_SAFE	2
парч	парч	2	парча,парчовый		0	22			UNREVIEWED			AUTO_SAFE	2
паслен	паслен	2	паслен,пасленовый		0	0			UNREVIEWED			AUTO_SAFE	2
пасм	пасм	2	пасма,пасмо		0	0			UNREVIEWED			AUTO_SAFE	2
паюс	паюс	2	паюс,паюсный		0	0			UNREVIEWED			AUTO_SAFE	2
пелес	пелес	2	пелесина,пелесый		0	0			UNREVIEWED			AUTO_SAFE	2
пеньк	пеньк	2	пенька,пеньковый		0	0			UNREVIEWED			AUTO_SAFE	2
вясл	вясл	2	перевясло,свясло		0	0			UNREVIEWED			AUTO_SAFE	2
плахт	плахт	2	плахта,плахтовый		0	0			UNREVIEWED			AUTO_SAFE	2
плиц|плич	плиц|плич	2	плица,пличка		0	0			UNREVIEWED			AUTO_SAFE	2
плюш²	плюш²	2	плюш,плюшевый		0	0			UNREVIEWED			AUTO_SAFE	2
плющ¹	плющ¹	2	плющ,плющевой		0	6			UNREVIEWED			AUTO_SAFE	2
подог|подож	подог|подож	2	подог,подожок		0	0			UNREVIEWED			AUTO_SAFE	2
щиколот	щиколот	2	подщиколотный,щиколотка		0	0			UNREVIEWED			AUTO_SAFE	2
полтин	полтин	2	полтина,полтинник		0	0			UNREVIEWED			AUTO_SAFE	2
поскон	поскон	2	посконный,посконь		0	0			UNREVIEWED			AUTO_SAFE	2
пост²	пост²	2	пост,постовой		0	0			UNREVIEWED			AUTO_SAFE	2
потал	потал	2	поталь,потальный		0	0			UNREVIEWED			AUTO_SAFE	2
хер	хер	2	похерить,херить		0	0			UNREVIEWED			AUTO_SAFE	2
пращ	пращ	2	праща,пращник		0	0			UNREVIEWED			AUTO_SAFE	2
щур⁴	щур⁴	2	пращур,щур		0	0			UNREVIEWED			AUTO_SAFE	2
приторн	приторн	2	приторность,приторный		0	0			UNREVIEWED			AUTO_SAFE	2
щуч²	щуч²	2	прищучивать,прищучить		0	0			UNREVIEWED			AUTO_SAFE	2
прорех|прореш	прорех|прореш	2	прореха,прорешка		0	0			UNREVIEWED			AUTO_SAFE	2
пург|пурж	пург|пурж	2	пурга,пуржить		0	0			UNREVIEWED			AUTO_SAFE	2
пыр²	пыр²	2	пырнуть,пырять		0	0			UNREVIEWED			AUTO_SAFE	2
пяд	пяд	2	пяденица,пядь		0	0			UNREVIEWED			AUTO_SAFE	2
ра¹	ра¹	2	рало,ратай		0	0			UNREVIEWED			AUTO_SAFE	2
ревен	ревен	2	ревенный,ревень		0	0			UNREVIEWED			AUTO_SAFE	2
розг	розг	2	розга,розговый		0	0			UNREVIEWED			AUTO_SAFE	2
ромаш	ромаш	2	ромашка,ромашковый		0	0			UNREVIEWED			AUTO_SAFE	2
росомах|росомаш	росомах|росомаш	2	росомаха,росомаший		0	0			UNREVIEWED			AUTO_SAFE	2
рявк	рявк	2	рявкать,рявкнуть		0	0			UNREVIEWED			AUTO_SAFE	2
ряс¹	ряс¹	2	ряска,рясковые		0	0			UNREVIEWED			AUTO_SAFE	2
салаз	салаз	2	салазки,салазочный		0	0			UNREVIEWED			AUTO_SAFE	2
саранч	саранч	2	саранча,саранчовый		0	0			UNREVIEWED			AUTO_SAFE	2
сбру(j)	сбру(j)	2	сбруйный,сбруя		0	0			UNREVIEWED			AUTO_SAFE	2
сверч	сверч	2	сверчковые,сверчок		0	0			UNREVIEWED			AUTO_SAFE	2
селезен	селезен	2	селезений,селезень		0	0			UNREVIEWED			AUTO_SAFE	2
скрижал	скрижал	2	скрижаль,скрижальный		0	0			UNREVIEWED			AUTO_SAFE	2
сляк	сляк	2	слякотный,слякоть		0	0			UNREVIEWED			AUTO_SAFE	2
смерч	смерч	2	смерч,смерчевой		0	0			UNREVIEWED			AUTO_SAFE	2
смокв|смоков	смокв|смоков	2	смоква,смоковница		0	0			UNREVIEWED			AUTO_SAFE	2
смуш	смуш	2	смушка,смушковый		0	0			UNREVIEWED			AUTO_SAFE	2
сонм	сонм	2	сонм,сонмище		0	0			UNREVIEWED			AUTO_SAFE	2
стреж	стреж	2	стрежень,стрежневой		0	0			UNREVIEWED			AUTO_SAFE	2
стриж²	стриж²	2	стриж,стрижовые		0	0			UNREVIEWED			AUTO_SAFE	2
тыр	тыр	2	стырить,тырить		0	0			UNREVIEWED			AUTO_SAFE	2
сыворот	сыворот	2	сыворотка,сывороточный		0	0			UNREVIEWED			AUTO_SAFE	2
сыч¹	сыч¹	2	сыч,сычонок		0	0			UNREVIEWED			AUTO_SAFE	2
сяк²	сяк²	2	сяк,сякой		0	0			UNREVIEWED			AUTO_SAFE	2
там	там	2	там,тамошний		0	0			UNREVIEWED			AUTO_SAFE	2
тень	тень	2	тенькать,тенькнуть		0	0			UNREVIEWED			AUTO_SAFE	2
терем	терем	2	терем,теремок		0	0			UNREVIEWED			AUTO_SAFE	2
тест¹	тест¹	2	тесто,тестяной		0	8			UNREVIEWED			AUTO_SAFE	2
типун	типун	2	типун,типунеть		0	0			UNREVIEWED			AUTO_SAFE	2
тогда	тогда	2	тогда,тогдашний		0	0			UNREVIEWED			AUTO_SAFE	2
томош	томош	2	томоша,томошиться		0	0			UNREVIEWED			AUTO_SAFE	2
топол	топол	2	тополевый,тополь		0	0			UNREVIEWED			AUTO_SAFE	2
требух|требуш	требух|требуш	2	требуха,требушина		0	0			UNREVIEWED			AUTO_SAFE	2
треск²	треск²	2	треска,тресковый		0	25			UNREVIEWED			AUTO_SAFE	2
тризн	тризн	2	тризна,тризненный		0	0			UNREVIEWED			AUTO_SAFE	2
трущоб	трущоб	2	трущоба,трущобный		0	0			UNREVIEWED			AUTO_SAFE	2
туес	туес	2	туес,туесок		0	0			UNREVIEWED			AUTO_SAFE	2
туш¹	туш¹	2	туша,тушка		0	0			UNREVIEWED			AUTO_SAFE	2
ты	ты	2	тыканье,тыкать		0	296			UNREVIEWED			AUTO_SAFE	2
тырк	тырк	2	тыркать,тыркаться		0	0			UNREVIEWED			AUTO_SAFE	2
удод	удод	2	удод,удодовый		0	0			UNREVIEWED			AUTO_SAFE	2
укроп	укроп	2	укроп,укропный		0	0			UNREVIEWED			AUTO_SAFE	2
упов	упов	2	упование,уповать		0	0			UNREVIEWED			AUTO_SAFE	2
ух²|уш²	ух²|уш²	2	уха,ушица		0	3			UNREVIEWED			AUTO_SAFE	2
фартук|фартуч	фартук|фартуч	2	фартук,фартучный		0	0			UNREVIEWED			AUTO_SAFE	2
фасол	фасол	2	фасолевый,фасоль		0	0			UNREVIEWED			AUTO_SAFE	2
ферт	ферт	2	ферт,фертик		0	0			UNREVIEWED			AUTO_SAFE	2
фук	фук	2	фукать,фукнуть		0	0			UNREVIEWED			AUTO_SAFE	2
хибар	хибар	2	хибара,хибарка		0	0			UNREVIEWED			AUTO_SAFE	2
хижин	хижин	2	хижина,хижинка		0	0			UNREVIEWED			AUTO_SAFE	2
хлюст	хлюст	2	хлюст,хлюстовой		0	0			UNREVIEWED			AUTO_SAFE	2
хмык	хмык	2	хмыкать,хмыкнуть		0	0			UNREVIEWED			AUTO_SAFE	2
хрыч	хрыч	2	хрыч,хрычовка		0	0			UNREVIEWED			AUTO_SAFE	2
хряк|хряч	хряк|хряч	2	хряк,хрячок		0	0			UNREVIEWED			AUTO_SAFE	2
хряп	хряп	2	хряпа,хряпать		0	0			UNREVIEWED			AUTO_SAFE	2
цинов	цинов	2	циновка,циновочка		0	0			UNREVIEWED			AUTO_SAFE	2
цоп	цоп	2	цопать,цопнуть		0	0			UNREVIEWED			AUTO_SAFE	2
цып²	цып²	2	цыпки,цыпочки		0	0			UNREVIEWED			AUTO_SAFE	2
чабер|чабр	чабер|чабр	2	чабер,чабрец		0	0			UNREVIEWED			AUTO_SAFE	2
чал²	чал²	2	чалка,чалый		0	0			UNREVIEWED			AUTO_SAFE	2
чапыг|чапыж	чапыг|чапыж	2	чапыга,чапыжник		0	0			UNREVIEWED			AUTO_SAFE	2
чечет	чечет	2	чечет,чечетка		0	0			UNREVIEWED			AUTO_SAFE	2
чилик	чилик	2	чиликанье,чиликать		0	0			UNREVIEWED			AUTO_SAFE	2
чопорн	чопорн	2	чопорность,чопорный		0	0			UNREVIEWED			AUTO_SAFE	2
шанеж|шаньг	шанеж|шаньг	2	шанежка,шаньга		0	0			UNREVIEWED			AUTO_SAFE	2
шебарш	шебарш	2	шебарша,шебаршить		0	0			UNREVIEWED			AUTO_SAFE	2
шелох	шелох	2	шелохнуть,шелохнуться		0	0			UNREVIEWED			AUTO_SAFE	2
шерох	шерох	2	шероховатость,шероховатый		0	0			UNREVIEWED			AUTO_SAFE	2
шершен|шершн	шершен|шершн	2	шершень,шершневой		0	0			UNREVIEWED			AUTO_SAFE	2
шквар	шквар	2	шквара,шкварки		0	0			UNREVIEWED			AUTO_SAFE	2
шленд	шленд	2	шленда,шлендать		0	0			UNREVIEWED			AUTO_SAFE	2
шмел	шмел	2	шмелиный,шмель		0	0			UNREVIEWED			AUTO_SAFE	2
шорк	шорк	2	шорканье,шоркать		0	0			UNREVIEWED			AUTO_SAFE	2
шуг¹	шуг¹	2	шугать,шугнуть		0	0			UNREVIEWED			AUTO_SAFE	2
шур¹	шур¹	2	шурин,шурьяк		0	0			UNREVIEWED			AUTO_SAFE	2
шустр	шустр	2	шустрость,шустрый		0	0			UNREVIEWED			AUTO_SAFE	2
щ	щ	2	щаной,щи		0	0			UNREVIEWED			AUTO_SAFE	2
щур²	щур²	2	щур,щурка		0	0			UNREVIEWED			AUTO_SAFE	2
эх	эх	2	эх,эхма		0	0			UNREVIEWED			AUTO_SAFE	2
юс	юс	2	юс,юсовый		0	0			UNREVIEWED			AUTO_SAFE	2
явор	явор	2	явор,яворовый		0	0			UNREVIEWED			AUTO_SAFE	2
янтар	янтар	2	янтарный,янтарь		0	0			UNREVIEWED			AUTO_SAFE	2
ярлык|ярлыч	ярлык|ярлыч	2	ярлык,ярлычок		0	0			UNREVIEWED			AUTO_SAFE	2
ярмарк|ярмароч	ярмарк|ярмароч	2	ярмарка,ярмарочный		0	0			UNREVIEWED			AUTO_SAFE	2
ярус	ярус	2	ярус,ярусный		0	0			UNREVIEWED			AUTO_SAFE	2
ящур	ящур	2	ящур,ящурный		0	0			UNREVIEWED			AUTO_SAFE	2
ага	ага	1	ага		0	0			UNREVIEWED			AUTO_SAFE	1
агу	агу	1	агу		0	0			UNREVIEWED			AUTO_SAFE	1
аз	аз	1	аз		0	0			UNREVIEWED			AUTO_SAFE	1
баланд	баланд	1	баланда		0	0			UNREVIEWED			AUTO_SAFE	1
ух⁴	ух⁴	1	безуханный		0	0			UNREVIEWED			AUTO_SAFE	1
буга(j)	буга(j)	1	бугай		0	0			UNREVIEWED			AUTO_SAFE	1
бук³	бук³	1	бука		0	9			UNREVIEWED			AUTO_SAFE	1
бурд	бурд	1	бурда		0	0			UNREVIEWED			AUTO_SAFE	1
бухан	бухан	1	буханка		0	0			UNREVIEWED			AUTO_SAFE	1
валу(j)	валу(j)	1	валуй		0	0			UNREVIEWED			AUTO_SAFE	1
вареж	вареж	1	варежка		0	0			UNREVIEWED			AUTO_SAFE	1
вежд²	вежд²	1	вежды		0	0			UNREVIEWED			AUTO_SAFE	1
вепр	вепр	1	вепрь		0	0			UNREVIEWED			AUTO_SAFE	1
верш²	верш²	1	верша		0	465			UNREVIEWED			AUTO_SAFE	1
балмош	балмош	1	взбалмошный		0	0			UNREVIEWED			AUTO_SAFE	1
гро	гро	1	взгромождаться		0	0			UNREVIEWED			AUTO_SAFE	1
визиг	визиг	1	визига		0	0			UNREVIEWED			AUTO_SAFE	1
витяз	витяз	1	витязь		0	0			UNREVIEWED			AUTO_SAFE	1
вобл	вобл	1	вобла		0	0			UNREVIEWED			AUTO_SAFE	1
возле	возле	1	возле		0	0			UNREVIEWED			AUTO_SAFE	1
вот	вот	1	вот		0	0			UNREVIEWED			AUTO_SAFE	1
тун	тун	1	втуне		0	0			UNREVIEWED			AUTO_SAFE	1
вып	вып	1	выпь		0	4			UNREVIEWED			AUTO_SAFE	1
вящ	вящ	1	вящий		0	0			UNREVIEWED			AUTO_SAFE	1
гак	гак	1	гак		0	0			UNREVIEWED			AUTO_SAFE	1
гам	гам	1	гам		0	0			UNREVIEWED			AUTO_SAFE	1
гвалт	гвалт	1	гвалт		0	0			UNREVIEWED			AUTO_SAFE	1
гнед	гнед	1	гнедой		0	0			UNREVIEWED			AUTO_SAFE	1
гнид	гнид	1	гнида		0	0			UNREVIEWED			AUTO_SAFE	1
грозд	грозд	1	гроздь		0	0			UNREVIEWED			AUTO_SAFE	1
грымз	грымз	1	грымза		0	0			UNREVIEWED			AUTO_SAFE	1
гундос	гундос	1	гундосить		0	0			UNREVIEWED			AUTO_SAFE	1
гурьб	гурьб	1	гурьба		0	0			UNREVIEWED			AUTO_SAFE	1
дебр	дебр	1	дебри		0	0			UNREVIEWED			AUTO_SAFE	1
дест	дест	1	десть		0	0			UNREVIEWED			AUTO_SAFE	1
дребеден	дребеден	1	дребедень		0	0			UNREVIEWED			AUTO_SAFE	1
дрекол	дрекол	1	дреколье		0	0			UNREVIEWED			AUTO_SAFE	1
дрязг	дрязг	1	дрязги		0	0			UNREVIEWED			AUTO_SAFE	1
дул	дул	1	дуля		0	4			UNREVIEWED			AUTO_SAFE	1
дылд	дылд	1	дылда		0	0			UNREVIEWED			AUTO_SAFE	1
еле¹	еле¹	1	еле		0	0			UNREVIEWED			AUTO_SAFE	1
рш⁶	рш⁶	1	ерш		0	0			UNREVIEWED			AUTO_SAFE	1
еще	еще	1	еще		0	0			UNREVIEWED			AUTO_SAFE	1
желн	желн	1	желна		0	0			UNREVIEWED			AUTO_SAFE	1
ж⁶	ж⁶	1	заежиться		0	0			UNREVIEWED			AUTO_SAFE	1
корк	корк	1	закорки		0	0			UNREVIEWED			AUTO_SAFE	1
мухр	мухр	1	замухрышка		0	0			UNREVIEWED			AUTO_SAFE	1
заст	заст	1	застить		0	0			UNREVIEWED			AUTO_SAFE	1
треньк	треньк	1	затренькать		0	0			UNREVIEWED			AUTO_SAFE	1
золов	золов	1	золовка		0	0			UNREVIEWED			AUTO_SAFE	1
иволг	иволг	1	иволга		0	0			UNREVIEWED			AUTO_SAFE	1
рз⁶	рз⁶	1	изъерзывать		0	0			UNREVIEWED			AUTO_SAFE	1
изъян	изъян	1	изъянец		0	0			UNREVIEWED			AUTO_SAFE	1
икон	икон	1	икона		0	0			UNREVIEWED			AUTO_SAFE	1
исполин	исполин	1	исполин		0	0			UNREVIEWED			AUTO_SAFE	1
калит	калит	1	калитка		0	0			UNREVIEWED			AUTO_SAFE	1
карава(j)	карава(j)	1	каравай		0	0			UNREVIEWED			AUTO_SAFE	1
кар³	кар³	1	карий		0	2			UNREVIEWED			AUTO_SAFE	1
кат²	кат²	1	кат		0	0			UNREVIEWED			AUTO_SAFE	1
квел	квел	1	квелый		0	0			UNREVIEWED			AUTO_SAFE	1
кил	кил	1	кила		0	0			UNREVIEWED			AUTO_SAFE	1
кип²	кип²	1	кипа		0	0			UNREVIEWED			AUTO_SAFE	1
клешн	клешн	1	клешня		0	0			UNREVIEWED			AUTO_SAFE	1
клуш	клуш	1	клуша		0	0			UNREVIEWED			AUTO_SAFE	1
кляп	кляп	1	кляп		0	0			UNREVIEWED			AUTO_SAFE	1
козн	козн	1	козни		0	0			UNREVIEWED			AUTO_SAFE	1
колтун	колтун	1	колтун		0	0			UNREVIEWED			AUTO_SAFE	1
конд	конд	1	кондовый		0	0			UNREVIEWED			AUTO_SAFE	1
коромысл	коромысл	1	коромысло		0	0			UNREVIEWED			AUTO_SAFE	1
коростел	коростел	1	коростель		0	0			UNREVIEWED			AUTO_SAFE	1
корт	корт	1	корточки		0	0			UNREVIEWED			AUTO_SAFE	1
коршун	коршун	1	коршун		0	0			UNREVIEWED			AUTO_SAFE	1
кросн	кросн	1	кросно		0	0			UNREVIEWED			AUTO_SAFE	1
кувалд	кувалд	1	кувалда		0	0			UNREVIEWED			AUTO_SAFE	1
кук²	кук²	1	кукиш		0	0			UNREVIEWED			AUTO_SAFE	1
кукол¹	кукол¹	1	куколь		0	0			UNREVIEWED			AUTO_SAFE	1
кут⁵	кут⁵	1	кутенок		0	2			UNREVIEWED			AUTO_SAFE	1
куц	куц	1	куцый		0	0			UNREVIEWED			AUTO_SAFE	1
лапт	лапт	1	лапта		0	0			UNREVIEWED			AUTO_SAFE	1
лед¹	лед¹	1	ледащий		0	0			UNREVIEWED			AUTO_SAFE	1
лез³	лез³	1	лезвие		0	0			UNREVIEWED			AUTO_SAFE	1
лещ³	лещ³	1	лещадь		0	0			UNREVIEWED			AUTO_SAFE	1
лопот	лопот	1	лопотать		0	0			UNREVIEWED			AUTO_SAFE	1
лун²	лун²	1	лунь		0	1			UNREVIEWED			AUTO_SAFE	1
ляд	ляд	1	лядина		0	0			UNREVIEWED			AUTO_SAFE	1
магарыч	магарыч	1	магарыч		0	0			UNREVIEWED			AUTO_SAFE	1
мах²	мах²	1	махонький		0	0			UNREVIEWED			AUTO_SAFE	1
мезг	мезг	1	мезга		0	0			UNREVIEWED			AUTO_SAFE	1
мур¹	мур¹	1	мура		0	0			UNREVIEWED			AUTO_SAFE	1
муруг	муруг	1	муругий		0	0			UNREVIEWED			AUTO_SAFE	1
мурч	мурч	1	мурчать		0	0			UNREVIEWED			AUTO_SAFE	1
мутор	мутор	1	муторный		0	0			UNREVIEWED			AUTO_SAFE	1
мымр	мымр	1	мымра		0	0			UNREVIEWED			AUTO_SAFE	1
набекрень	набекрень	1	набекрень		0	0			UNREVIEWED			AUTO_SAFE	1
рыв	рыв	1	наперерыв		0	0			UNREVIEWED			AUTO_SAFE	1
нар	нар	1	нары		0	0			UNREVIEWED			AUTO_SAFE	1
стыр	стыр	1	настырный		0	0			UNREVIEWED			AUTO_SAFE	1
чек¹	чек¹	1	начеку		0	0			UNREVIEWED			AUTO_SAFE	1
теп	теп	1	недотепа		0	0			UNREVIEWED			AUTO_SAFE	1
нетопыр	нетопыр	1	нетопырь		0	0			UNREVIEWED			AUTO_SAFE	1
нив	нив	1	нива		0	0			UNREVIEWED			AUTO_SAFE	1
овин	овин	1	овинный		0	0			UNREVIEWED			AUTO_SAFE	1
овощ	овощ	1	овощнной		0	0			UNREVIEWED			AUTO_SAFE	1
одр	одр	1	одр		0	585			UNREVIEWED			AUTO_SAFE	1
олух	олух	1	олух		0	0			UNREVIEWED			AUTO_SAFE	1
орав	орав	1	орава		0	0			UNREVIEWED			AUTO_SAFE	1
ч²	ч²	1	очнуться		0	0			UNREVIEWED			AUTO_SAFE	1
очут	очут	1	очутиться		0	0			UNREVIEWED			AUTO_SAFE	1
шу	шу	1	ошуюю		0	0			UNREVIEWED			AUTO_SAFE	1
дряг	дряг	1	передряга		0	0			UNREVIEWED			AUTO_SAFE	1
перх²	перх²	1	перхоть		0	0			UNREVIEWED			AUTO_SAFE	1
плес	плес	1	плес		0	0			UNREVIEWED			AUTO_SAFE	1
плюш¹	плюш¹	1	плюшка		0	0			UNREVIEWED			AUTO_SAFE	1
вап	вап	1	повапленный		0	0			UNREVIEWED			AUTO_SAFE	1
подвох	подвох	1	подвох		0	0			UNREVIEWED			AUTO_SAFE	1
ыл	ыл	1	подсылка		0	0			UNREVIEWED			AUTO_SAFE	1
штука	штука	1	подштукатуриваться		0	0			UNREVIEWED			AUTO_SAFE	1
пороз	пороз	1	пороз		0	0			UNREVIEWED			AUTO_SAFE	1
после	после	1	после		0	0			UNREVIEWED			AUTO_SAFE	1
хны	хны	1	похныкать		0	0			UNREVIEWED			AUTO_SAFE	1
июн|ыюн	июн|ыюн	1	предыюньский		0	0			UNREVIEWED			AUTO_SAFE	1
кор³	кор³	1	прикорнуть		0	0			UNREVIEWED			AUTO_SAFE	1
противен	противен	1	противень		0	2			UNREVIEWED			AUTO_SAFE	1
раж²	раж²	1	ражий		0	0			UNREVIEWED			AUTO_SAFE	1
регот	регот	1	реготать		0	0			UNREVIEWED			AUTO_SAFE	1
рех	рех	1	рехнуться		0	0			UNREVIEWED			AUTO_SAFE	1
риг	риг	1	рига		0	0			UNREVIEWED			AUTO_SAFE	1
рохл	рохл	1	рохля		0	0			UNREVIEWED			AUTO_SAFE	1
рып	рып	1	рыпаться		0	0			UNREVIEWED			AUTO_SAFE	1
рюм¹	рюм¹	1	рюмить		0	0			UNREVIEWED			AUTO_SAFE	1
ряж²	ряж²	1	ряж		0	186			UNREVIEWED			AUTO_SAFE	1
свор	свор	1	свора		0	0			UNREVIEWED			AUTO_SAFE	1
серн	серн	1	серна		0	8			UNREVIEWED			AUTO_SAFE	1
сис	сис	1	сиська		0	0			UNREVIEWED			AUTO_SAFE	1
слег	слег	1	слега		0	0			UNREVIEWED			AUTO_SAFE	1
лямз	лямз	1	слямзить		0	0			UNREVIEWED			AUTO_SAFE	1
со(j)	со(j)	1	сойка		0	0			UNREVIEWED			AUTO_SAFE	1
табан	табан	1	табанить		0	0			UNREVIEWED			AUTO_SAFE	1
тарабан	тарабан	1	тарабанить		0	0			UNREVIEWED			AUTO_SAFE	1
тез	тез	1	тезка		0	0			UNREVIEWED			AUTO_SAFE	1
тинь	тинь	1	тинькать		0	0			UNREVIEWED			AUTO_SAFE	1
тормаш	тормаш	1	тормашки		0	0			UNREVIEWED			AUTO_SAFE	1
трест	трест	1	треста		0	0			UNREVIEWED			AUTO_SAFE	1
тринь	тринь	1	тринькать		0	0			UNREVIEWED			AUTO_SAFE	1
тумак	тумак	1	тумак		0	0			UNREVIEWED			AUTO_SAFE	1
турлы	турлы	1	турлыкать		0	0			UNREVIEWED			AUTO_SAFE	1
тын	тын	1	тынный		0	0			UNREVIEWED			AUTO_SAFE	1
у²	у²	1	укать		0	0			UNREVIEWED			AUTO_SAFE	1
упыр	упыр	1	упырь		0	0			UNREVIEWED			AUTO_SAFE	1
фит	фит	1	фита		0	0			UNREVIEWED			AUTO_SAFE	1
фурч	фурч	1	фурчать		0	0			UNREVIEWED			AUTO_SAFE	1
хар	хар	1	харя		0	2			UNREVIEWED			AUTO_SAFE	1
хвощ	хвощ	1	хвощ		0	6			UNREVIEWED			AUTO_SAFE	1
хлип²	хлип²	1	хлипкий		0	0			UNREVIEWED			AUTO_SAFE	1
хляб¹	хляб¹	1	хлябь		0	0			UNREVIEWED			AUTO_SAFE	1
хол³	хол³	1	холка		0	0			UNREVIEWED			AUTO_SAFE	1
цинг	цинг	1	цинга		0	0			UNREVIEWED			AUTO_SAFE	1
чек²	чек²	1	чека		0	0			UNREVIEWED			AUTO_SAFE	1
чур³	чур³	1	чересчур		0	0			UNREVIEWED			AUTO_SAFE	1
чертог	чертог	1	чертог		0	0			UNREVIEWED			AUTO_SAFE	1
чехард	чехард	1	чехарда		0	0			UNREVIEWED			AUTO_SAFE	1
чир¹	чир¹	1	чирей		0	0			UNREVIEWED			AUTO_SAFE	1
чох²	чох²	1	чохом		0	0			UNREVIEWED			AUTO_SAFE	1
чубар	чубар	1	чубарый		0	0			UNREVIEWED			AUTO_SAFE	1
чумаз	чумаз	1	чумазый		0	0			UNREVIEWED			AUTO_SAFE	1
чуш²	чуш²	1	чушка		0	0			UNREVIEWED			AUTO_SAFE	1
чуш¹	чуш¹	1	чушь		0	0			UNREVIEWED			AUTO_SAFE	1
шав	шав	1	шавка		0	0			UNREVIEWED			AUTO_SAFE	1
шалаш	шалаш	1	шалаш		0	0			UNREVIEWED			AUTO_SAFE	1
шир²	шир²	1	ширять		0	0			UNREVIEWED			AUTO_SAFE	1
шорох	шорох	1	шорох		0	0			UNREVIEWED			AUTO_SAFE	1
шрам	шрам	1	шрам		0	0			UNREVIEWED			AUTO_SAFE	1
шуг²	шуг²	1	шуга		0	0			UNREVIEWED			AUTO_SAFE	1
шу(j)	шу(j)	1	шуйца		0	0			UNREVIEWED			AUTO_SAFE	1
щеколд	щеколд	1	щеколда		0	0			UNREVIEWED			AUTO_SAFE	1
щун	щун	1	щунять		0	0			UNREVIEWED			AUTO_SAFE	1
щур³	щур³	1	щуренок		0	0			UNREVIEWED			AUTO_SAFE	1
юдол	юдол	1	юдоль		0	0			UNREVIEWED			AUTO_SAFE	1
ят	ят	1	ять		0	0			UNREVIEWED			AUTO_SAFE	1
