left	right	proof	evidence	manual
адрес	адресный	relational_adjective:ный:v1	root=адрес;noun=адрес;suffix=ный	
аист	аистник	lemma_suffix:ник:v1	base=аист;suffix=ник	
аист	аистовый	relational_adjective:овый:v1	root=аист;noun=аист;suffix=овый	
алмаз	алмазный	relational_adjective:ный:v1	root=алмаз;noun=алмаз;suffix=ный	
алтарный	алтарь	relational_adjective:ный:v1	root=алтар;noun=алтарь;suffix=ный	
алтын	алтынник	lemma_suffix:ник:v1	base=алтын;suffix=ник	
алтын	алтынный	relational_adjective:ный:v1	root=алтын;noun=алтын;suffix=ный	
амбар	амбарный	relational_adjective:ный:v1	root=амбар;noun=амбар;suffix=ный	
апрель	апрельский	lemma_suffix:ский:v1	base=апрель;suffix=ский	
арап	арапский	relational_adjective:ский:v1	root=арап;noun=арап;suffix=ский	
арбуз	арбузный	relational_adjective:ный:v1	root=арбуз;noun=арбуз;suffix=ный	
арест	арестный	relational_adjective:ный:v1	root=арест;noun=арест;suffix=ный	
арестант	арестантский	lemma_suffix:ский:v1	base=арестант;suffix=ский	
аркан	арканный	relational_adjective:ный:v1	root=аркан;noun=аркан;suffix=ный	
аршин	аршинник	lemma_suffix:ник:v1	base=аршин;suffix=ник	
аршин	аршинный	relational_adjective:ный:v1	root=аршин;noun=аршин;suffix=ный	
атаман	атаманский	relational_adjective:ский:v1	root=атаман;noun=атаман;suffix=ский	
багаж	багажник	lemma_suffix:ник:v1	base=багаж;suffix=ник	
багаж	багажный	relational_adjective:ный:v1	root=багаж;noun=багаж;suffix=ный	
багор	багорный	relational_adjective:ный:v1	root=багор;noun=багор;suffix=ный	
багрец	багрецовый	lemma_suffix:овый:v1	base=багрец;suffix=овый	
базар	базарный	relational_adjective:ный:v1	root=базар;noun=базар;suffix=ный	
бак	баковый	relational_adjective:овый:v1	root=бак;noun=бак;suffix=овый	
балаган	балаганный	relational_adjective:ный:v1	root=балаган;noun=балаган;suffix=ный	
балагур	балагурный	relational_adjective:ный:v1	root=балагур;noun=балагур;suffix=ный	
баламут	баламутный	relational_adjective:ный:v1	root=баламут;noun=баламут;suffix=ный	
балахон	балахонный	relational_adjective:ный:v1	root=балахон;noun=балахон;suffix=ный	
бандит	бандитский	lemma_suffix:ский:v1	base=бандит;suffix=ский	
банный	баня	relational_adjective:ный:v1	root=бан;noun=баня;suffix=ный	
барабан	барабанный	relational_adjective:ный:v1	root=барабан;noun=барабан;suffix=ный	
барда	бардовый	relational_adjective:овый:v1	root=бард;noun=барда;suffix=овый	
баржа	баржевый	relational_adjective:евый:v1	root=барж;noun=баржа;suffix=евый	
барс	барсовый	relational_adjective:овый:v1	root=барс;noun=барс;suffix=овый	
барсук	барсуковый	relational_adjective:овый:v1	root=барсук;noun=барсук;suffix=овый	
бархат	бархатник	lemma_suffix:ник:v1	base=бархат;suffix=ник	
бархат	бархатный	relational_adjective:ный:v1	root=бархат;noun=бархат;suffix=ный	
барыш	барышник	lemma_suffix:ник:v1	base=барыш;suffix=ник	
бас	басовый	relational_adjective:овый:v1	root=бас;noun=бас;suffix=овый	
басурман	басурманский	relational_adjective:ский:v1	root=басурман;noun=басурман;suffix=ский	
бахать	бахнуть	verbal_aspect:same:ать/нуть:v1	mode=same;endings=ать/нуть;root=бах	
бацать	бацнуть	verbal_aspect:same:ать/нуть:v1	mode=same;endings=ать/нуть;root=бац	
бег	бежать	deverbal_noun:v1	noun=бег;verb=бежать;alt=беж	
беда	бедный	relational_adjective:ный:v1	root=бед;noun=беда;suffix=ный	
беда	бедовый	relational_adjective:овый:v1	root=бед;noun=беда;suffix=овый	
безмен	безменный	relational_adjective:ный:v1	root=безмен;noun=безмен;suffix=ный	
бекас	бекасиный	relational_adjective:иный:v1	root=бекас;noun=бекас;suffix=иный	
белена	беленной	relational_adjective:ной:v1	root=белен;noun=белена;suffix=ной	
бердо	бердовый	relational_adjective:овый:v1	root=берд;noun=бердо;suffix=овый	
береза	березовый	relational_adjective:овый:v1	root=берез;noun=береза;suffix=овый	
берест	берестовый	relational_adjective:овый:v1	root=берест;noun=берест;suffix=овый	
береста	берестовый	relational_adjective:овый:v1	root=берест;noun=береста;suffix=овый	
берце	берцовый	relational_adjective:овый:v1	root=берц;noun=берце;suffix=овый	
берцо	берцовый	relational_adjective:овый:v1	root=берц;noun=берцо;suffix=овый	
бидон	бидонный	relational_adjective:ный:v1	root=бидон;noun=бидон;suffix=ный	
билет	билетный	relational_adjective:ный:v1	root=билет;noun=билет;suffix=ный	
бирюза	бирюзовый	relational_adjective:овый:v1	root=бирюз;noun=бирюза;suffix=овый	
бисер	бисерник	lemma_suffix:ник:v1	base=бисер;suffix=ник	
бисер	бисерный	relational_adjective:ный:v1	root=бисер;noun=бисер;suffix=ный	
битюг	битюговый	relational_adjective:овый:v1	root=битюг;noun=битюг;suffix=овый	
блажной	блажь	relational_adjective:ной:v1	root=блаж;noun=блажь;suffix=ной	
близнец	близнецовый	lemma_suffix:овый:v1	base=близнец;suffix=овый	
блин	блинник	lemma_suffix:ник:v1	base=блин;suffix=ник	
блуд	блудник	lemma_suffix:ник:v1	base=блуд;suffix=ник	
блуд	блудный	relational_adjective:ный:v1	root=блуд;noun=блуд;suffix=ный	
боб	бобовый	relational_adjective:овый:v1	root=боб;noun=боб;suffix=овый	
бобр	бобровый	relational_adjective:овый:v1	root=бобр;noun=бобр;suffix=овый	
бобрик	бобриковый	lemma_suffix:овый:v1	base=бобрик;suffix=овый	
бобыль	бобыльский	lemma_suffix:ский:v1	base=бобыль;suffix=ский	
богатырский	богатырь	relational_adjective:ский:v1	root=богатыр;noun=богатырь;suffix=ский	
бодать	боднуть	verbal_aspect:same:ать/нуть:v1	mode=same;endings=ать/нуть;root=бод	
болотный	болото	relational_adjective:ный:v1	root=болот;noun=болото;suffix=ный	
болтать	болтнуть	verbal_aspect:same:ать/нуть:v1	mode=same;endings=ать/нуть;root=болт	
больший	большой	manual_accept:v1	source=manual	accept
борозда	бороздной	relational_adjective:ной:v1	root=борозд;noun=борозда;suffix=ной	
бортный	борть	relational_adjective:ный:v1	root=борт;noun=борть;suffix=ный	
борщ	борщовый	relational_adjective:овый:v1	root=борщ;noun=борщ;suffix=овый	
брат	братний	relational_adjective:ний:v1	root=брат;noun=брат;suffix=ний	
брат	братский	relational_adjective:ский:v1	root=брат;noun=брат;suffix=ский	
брехать	брехнуть	verbal_aspect:same:ать/нуть:v1	mode=same;endings=ать/нуть;root=брех	
бровный	бровь	relational_adjective:ный:v1	root=бров;noun=бровь;suffix=ный	
бросать	бросить	verbal_aspect:same:ать/ить:v1	mode=same;endings=ать/ить;root=брос	
бросаться	броситься	verbal_aspect:same:аться/иться:v1	mode=same;endings=аться/иться;root=брос	
брыкать	брыкнуть	verbal_aspect:same:ать/нуть:v1	mode=same;endings=ать/нуть;root=брык	
брякать	брякнуть	verbal_aspect:same:ать/нуть:v1	mode=same;endings=ать/нуть;root=бряк	
бублик	бубликовый	relational_adjective:овый:v1	root=бублик;noun=бублик;suffix=овый	
буженина	буженинный	relational_adjective:ный:v1	root=буженин;noun=буженина;suffix=ный	
булат	булатный	relational_adjective:ный:v1	root=булат;noun=булат;suffix=ный	
бултыхать	бултыхнуть	verbal_aspect:same:ать/нуть:v1	mode=same;endings=ать/нуть;root=бултых	
буран	буранный	relational_adjective:ный:v1	root=буран;noun=буран;suffix=ный	
буркать	буркнуть	verbal_aspect:same:ать/нуть:v1	mode=same;endings=ать/нуть;root=бурк	
бурный	буря	relational_adjective:ный:v1	root=бур;noun=буря;suffix=ный	
бурьян	бурьянник	lemma_suffix:ник:v1	base=бурьян;suffix=ник	
бурьян	бурьянный	relational_adjective:ный:v1	root=бурьян;noun=бурьян;suffix=ный	
бут	бутовый	relational_adjective:овый:v1	root=бут;noun=бут;suffix=овый	
буфет	буфетный	relational_adjective:ный:v1	root=буфет;noun=буфет;suffix=ный	
бытовист	бытовистский	lemma_suffix:ский:v1	base=бытовист;suffix=ский	
бязевый	бязь	relational_adjective:евый:v1	root=бяз;noun=бязь;suffix=евый	
вагон	вагонник	lemma_suffix:ник:v1	base=вагон;suffix=ник	
вагон	вагонный	relational_adjective:ный:v1	root=вагон;noun=вагон;suffix=ный	
ваза	вазовый	relational_adjective:овый:v1	root=ваз;noun=ваза;suffix=овый	
вата	ватный	relational_adjective:ный:v1	root=ват;noun=вата;suffix=ный	
ватин	ватиновый	lemma_suffix:овый:v1	base=ватин;suffix=овый	
вваливать	ввалить	verbal_aspect:same:ивать/ить:v1	mode=same;endings=ивать/ить;root=вал	
вваливаться	ввалиться	verbal_aspect:same:иваться/иться:v1	mode=same;endings=иваться/иться;root=вал	
ввергать	ввергнуть	verbal_aspect:same:ать/нуть:v1	mode=same;endings=ать/нуть;root=верг	
вверить	вверять	verbal_aspect:same:ить/ять:v1	mode=same;endings=ить/ять;root=вер	
ввериться	вверяться	verbal_aspect:same:иться/яться:v1	mode=same;endings=иться/яться;root=вер	
ввести	вводить	verbal_aspect:alt:ить/ти:v1	mode=alt;endings=ить/ти;root=	
вводить	вывести	manual_accept:v1	source=manual	accept
ввязнуть	ввязывать	verbal_aspect:same:нуть/ывать:v1	mode=same;endings=нуть/ывать;root=вяз	
веер	веерный	relational_adjective:ный:v1	root=веер;noun=веер;suffix=ный	
великан	великанский	lemma_suffix:ский:v1	base=великан;suffix=ский	
вензелевый	вензель	relational_adjective:евый:v1	root=вензел;noun=вензель;suffix=евый	
вентерный	вентерь	relational_adjective:ный:v1	root=вентер;noun=вентерь;suffix=ный	
венчик	венчиковый	lemma_suffix:овый:v1	base=венчик;suffix=овый	
вера	верный	relational_adjective:ный:v1	root=вер;noun=вера;suffix=ный	
верба	вербный	relational_adjective:ный:v1	root=верб;noun=верба;suffix=ный	
веред	вередник	lemma_suffix:ник:v1	base=веред;suffix=ник	
вереск	вересковый	relational_adjective:овый:v1	root=вереск;noun=вереск;suffix=овый	
верста	верстный	relational_adjective:ный:v1	root=верст;noun=верста;suffix=ный	
вертеп	вертепник	lemma_suffix:ник:v1	base=вертеп;suffix=ник	
вертеп	вертепный	relational_adjective:ный:v1	root=вертеп;noun=вертеп;suffix=ный	
верх	верхний	relational_adjective:ний:v1	root=верх;noun=верх;suffix=ний	
верх	верховый	relational_adjective:овый:v1	root=верх;noun=верх;suffix=овый	
ветошный	ветошь	relational_adjective:ный:v1	root=ветош;noun=ветошь;suffix=ный	
ветчина	ветчинный	relational_adjective:ный:v1	root=ветчин;noun=ветчина;suffix=ный	
вечер	вечерний	relational_adjective:ний:v1	root=вечер;noun=вечер;suffix=ний	
вечер	вечерник	lemma_suffix:ник:v1	base=вечер;suffix=ник	
вечерний	вечеря	relational_adjective:ний:v1	root=вечер;noun=вечеря;suffix=ний	
вещный	вещь	relational_adjective:ный:v1	root=вещ;noun=вещь;suffix=ный	
взбудораживать	взбудоражить	verbal_aspect:same:ивать/ить:v1	mode=same;endings=ивать/ить;root=будораж	
взбудораживаться	взбудоражиться	verbal_aspect:same:иваться/иться:v1	mode=same;endings=иваться/иться;root=будораж	
взбухать	взбухнуть	verbal_aspect:same:ать/нуть:v1	mode=same;endings=ать/нуть;root=бух	
взваливать	взвалить	verbal_aspect:same:ивать/ить:v1	mode=same;endings=ивать/ить;root=вал	
взвеселить	взвеселять	verbal_aspect:same:ить/ять:v1	mode=same;endings=ить/ять;root=весел	
взвеселиться	взвеселяться	verbal_aspect:same:иться/яться:v1	mode=same;endings=иться/яться;root=весел	
взвести	взводить	verbal_aspect:alt:ить/ти:v1	mode=alt;endings=ить/ти;root=	
вздрючивать	вздрючить	verbal_aspect:same:ивать/ить:v1	mode=same;endings=ивать/ить;root=дрюч	
взманивать	взманить	verbal_aspect:same:ивать/ить:v1	mode=same;endings=ивать/ить;root=ман	
взметнуть	взметывать	verbal_aspect:same:нуть/ывать:v1	mode=same;endings=нуть/ывать;root=мет	
взмокать	взмокнуть	verbal_aspect:same:ать/нуть:v1	mode=same;endings=ать/нуть;root=мок	
взрыв	взрывник	lemma_suffix:ник:v1	base=взрыв;suffix=ник	
взрыхлить	взрыхлять	verbal_aspect:same:ить/ять:v1	mode=same;endings=ить/ять;root=рыхл	
виноград	виноградник	lemma_suffix:ник:v1	base=виноград;suffix=ник	
виноград	виноградный	relational_adjective:ный:v1	root=виноград;noun=виноград;suffix=ный	
вира	вирный	relational_adjective:ный:v1	root=вир;noun=вира;suffix=ный	
вкатить	вкатывать	verbal_aspect:same:ить/ывать:v1	mode=same;endings=ить/ывать;root=кат	
вкатиться	вкатываться	verbal_aspect:same:иться/ываться:v1	mode=same;endings=иться/ываться;root=кат	
вкладывать	вложить	verbal_aspect:cross:ить/ывать:v1	mode=cross;endings=ить/ывать;root=	
вкладываться	вложиться	verbal_aspect:cross:иться/ываться:v1	mode=cross;endings=иться/ываться;root=	
вклеивать	вклеить	verbal_aspect:same:ивать/ить:v1	mode=same;endings=ивать/ить;root=кле	
вклеиваться	вклеиться	verbal_aspect:same:иваться/иться:v1	mode=same;endings=иваться/иться;root=кле	
вклинивать	вклинить	verbal_aspect:same:ивать/ить:v1	mode=same;endings=ивать/ить;root=клин	
вклиниваться	вклиниться	verbal_aspect:same:иваться/иться:v1	mode=same;endings=иваться/иться;root=клин	
включать	включить	verbal_aspect:same:ать/ить:v1	mode=same;endings=ать/ить;root=ключ	
включаться	включиться	verbal_aspect:same:аться/иться:v1	mode=same;endings=аться/иться;root=ключ	
вкоренить	вкоренять	verbal_aspect:same:ить/ять:v1	mode=same;endings=ить/ять;root=корен	
вкорениться	вкореняться	verbal_aspect:same:иться/яться:v1	mode=same;endings=иться/яться;root=корен	
властитель	властительский	lemma_suffix:ский:v1	base=властитель;suffix=ский	
властный	власть	relational_adjective:ный:v1	root=власт;noun=власть;suffix=ный	
влипать	влипнуть	verbal_aspect:same:ать/нуть:v1	mode=same;endings=ать/нуть;root=лип	
вменить	вменять	verbal_aspect:same:ить/ять:v1	mode=same;endings=ить/ять;root=мен	
вмениться	вменяться	verbal_aspect:same:иться/яться:v1	mode=same;endings=иться/яться;root=мен	
вмерзать	вмерзнуть	verbal_aspect:same:ать/нуть:v1	mode=same;endings=ать/нуть;root=мерз	
вместе	место	place_adverb:v1	root=мест;ending=о	
вметнуть	вметывать	verbal_aspect:same:нуть/ывать:v1	mode=same;endings=нуть/ывать;root=мет	
внедрить	внедрять	verbal_aspect:same:ить/ять:v1	mode=same;endings=ить/ять;root=недр	
внедриться	внедряться	verbal_aspect:same:иться/яться:v1	mode=same;endings=иться/яться;root=недр	
вникать	вникнуть	verbal_aspect:same:ать/нуть:v1	mode=same;endings=ать/нуть;root=ник	
вновь	новый	manual_accept:v1	source=manual	accept
вода	водный	relational_adjective:ный:v1	root=вод;noun=вода;suffix=ный	
вода	водовод	profession:v1	head=вод;tail=;source=tikhonov	
водитель	водительский	lemma_suffix:ский:v1	base=водитель;suffix=ский	
возбранить	возбранять	verbal_aspect:same:ить/ять:v1	mode=same;endings=ить/ять;root=бран	
возвеселить	возвеселять	verbal_aspect:same:ить/ять:v1	mode=same;endings=ить/ять;root=весел	
возвеселиться	возвеселяться	verbal_aspect:same:иться/яться:v1	mode=same;endings=иться/яться;root=весел	
возвести	возводить	verbal_aspect:alt:ить/ти:v1	mode=alt;endings=ить/ти;root=	
воздвигать	воздвигнуть	verbal_aspect:same:ать/нуть:v1	mode=same;endings=ать/нуть;root=двиг	
возникать	возникнуть	verbal_aspect:same:ать/нуть:v1	mode=same;endings=ать/нуть;root=ник	
воин	воинский	lemma_suffix:ский:v1	base=воин;suffix=ский	
волна	волновод	profession:v1	head=волн;tail=;source=tikhonov	
волос	волосной	relational_adjective:ной:v1	root=волос;noun=волос;suffix=ной	
волостной	волость	relational_adjective:ной:v1	root=волост;noun=волость;suffix=ной	
вопрос	вопросник	lemma_suffix:ник:v1	base=вопрос;suffix=ник	
воробей	воробейник	lemma_suffix:ник:v1	base=воробей;suffix=ник	
ворот	воротник	lemma_suffix:ник:v1	base=ворот;suffix=ник	
воротник	воротниковый	lemma_suffix:овый:v1	base=воротник;suffix=овый	
ворс	ворсовый	relational_adjective:овый:v1	root=ворс;noun=ворс;suffix=овый	
воскресать	воскресить	verbal_aspect:same:ать/ить:v1	mode=same;endings=ать/ить;root=крес	
воскресать	воскреснуть	verbal_aspect:same:ать/нуть:v1	mode=same;endings=ать/нуть;root=крес	
воскрылить	воскрылять	verbal_aspect:same:ить/ять:v1	mode=same;endings=ить/ять;root=крыл	
воскуривать	воскурить	verbal_aspect:same:ивать/ить:v1	mode=same;endings=ивать/ить;root=кур	
воскурить	воскурять	verbal_aspect:same:ить/ять:v1	mode=same;endings=ить/ять;root=кур	
воспалить	воспалять	verbal_aspect:same:ить/ять:v1	mode=same;endings=ить/ять;root=пал	
воспалиться	воспаляться	verbal_aspect:same:иться/яться:v1	mode=same;endings=иться/яться;root=пал	
воспарить	воспарять	verbal_aspect:same:ить/ять:v1	mode=same;endings=ить/ять;root=пар	
воспитатель	воспитательский	lemma_suffix:ский:v1	base=воспитатель;suffix=ский	
восполнить	восполнять	verbal_aspect:same:ить/ять:v1	mode=same;endings=ить/ять;root=полн	
восполниться	восполняться	verbal_aspect:same:иться/яться:v1	mode=same;endings=иться/яться;root=полн	
восхвалить	восхвалять	verbal_aspect:same:ить/ять:v1	mode=same;endings=ить/ять;root=хвал	
восьмерик	восьмериковый	lemma_suffix:овый:v1	base=восьмерик;suffix=овый	
восьмеро	восьмой	ordinal:v1	root=восьм;ending=ой	
вперить	вперять	verbal_aspect:same:ить/ять:v1	mode=same;endings=ить/ять;root=пер	
вред	вредный	relational_adjective:ный:v1	root=вред;noun=вред;suffix=ный	
вредитель	вредительский	lemma_suffix:ский:v1	base=вредитель;suffix=ский	
вруб	врубовый	lemma_suffix:овый:v1	base=вруб;suffix=овый	
врубать	врубить	verbal_aspect:same:ать/ить:v1	mode=same;endings=ать/ить;root=руб	
врубаться	врубиться	verbal_aspect:same:аться/иться:v1	mode=same;endings=аться/иться;root=руб	
вручать	вручить	verbal_aspect:same:ать/ить:v1	mode=same;endings=ать/ить;root=руч	
вселить	вселять	verbal_aspect:same:ить/ять:v1	mode=same;endings=ить/ять;root=сел	
вселиться	вселяться	verbal_aspect:same:иться/яться:v1	mode=same;endings=иться/яться;root=сел	
всклочивать	всклочить	verbal_aspect:same:ивать/ить:v1	mode=same;endings=ивать/ить;root=клоч	
всклочиваться	всклочиться	verbal_aspect:same:иваться/иться:v1	mode=same;endings=иваться/иться;root=клоч	
вскоре	скорость	place_adverb:v1	root=скор;ending=ость	
вспенивать	вспенить	verbal_aspect:same:ивать/ить:v1	mode=same;endings=ивать/ить;root=пен	
вспениваться	вспениться	verbal_aspect:same:иваться/иться:v1	mode=same;endings=иваться/иться;root=пен	
вспухать	вспухнуть	verbal_aspect:same:ать/нуть:v1	mode=same;endings=ать/нуть;root=пух	
вспучивать	вспучить	verbal_aspect:same:ивать/ить:v1	mode=same;endings=ивать/ить;root=пуч	
вспучиваться	вспучиться	verbal_aspect:same:иваться/иться:v1	mode=same;endings=иваться/иться;root=пуч	
встреча	встречный	relational_adjective:ный:v1	root=встреч;noun=встреча;suffix=ный	
вступать	вступить	verbal_aspect:same:ать/ить:v1	mode=same;endings=ать/ить;root=ступ	
вступаться	вступиться	verbal_aspect:same:аться/иться:v1	mode=same;endings=аться/иться;root=ступ	
всучивать	всучить	verbal_aspect:same:ивать/ить:v1	mode=same;endings=ивать/ить;root=суч	
всхлипнуть	всхлипывать	verbal_aspect:same:нуть/ывать:v1	mode=same;endings=нуть/ывать;root=хлип	
всхрапнуть	всхрапывать	verbal_aspect:same:нуть/ывать:v1	mode=same;endings=нуть/ывать;root=храп	
втеснить	втеснять	verbal_aspect:same:ить/ять:v1	mode=same;endings=ить/ять;root=тесн	
вшибать	вшибить	verbal_aspect:same:ать/ить:v1	mode=same;endings=ать/ить;root=шиб	
выбеливать	выбелить	verbal_aspect:same:ивать/ить:v1	mode=same;endings=ивать/ить;root=бел	
выбеливаться	выбелиться	verbal_aspect:same:иваться/иться:v1	mode=same;endings=иваться/иться;root=бел	
выбуривать	выбурить	verbal_aspect:same:ивать/ить:v1	mode=same;endings=ивать/ить;root=бур	
вываливать	вывалить	verbal_aspect:same:ивать/ить:v1	mode=same;endings=ивать/ить;root=вал	
вываривать	выварить	verbal_aspect:same:ивать/ить:v1	mode=same;endings=ивать/ить;root=вар	
вывариваться	вывариться	verbal_aspect:same:иваться/иться:v1	mode=same;endings=иваться/иться;root=вар	
выверить	выверять	verbal_aspect:same:ить/ять:v1	mode=same;endings=ить/ять;root=вер	
выветривать	выветрить	verbal_aspect:same:ивать/ить:v1	mode=same;endings=ивать/ить;root=ветр	
выветриваться	выветриться	verbal_aspect:same:иваться/иться:v1	mode=same;endings=иваться/иться;root=ветр	
выгранивать	выгранить	verbal_aspect:same:ивать/ить:v1	mode=same;endings=ивать/ить;root=гран	
выдворить	выдворять	verbal_aspect:same:ить/ять:v1	mode=same;endings=ить/ять;root=двор	
выделить	выделять	verbal_aspect:same:ить/ять:v1	mode=same;endings=ить/ять;root=дел	
выделиться	выделяться	verbal_aspect:same:иться/яться:v1	mode=same;endings=иться/яться;root=дел	
выдра	выдровый	relational_adjective:овый:v1	root=выдр;noun=выдра;suffix=овый	
выжаривать	выжарить	verbal_aspect:same:ивать/ить:v1	mode=same;endings=ивать/ить;root=жар	
выжариваться	выжариться	verbal_aspect:same:иваться/иться:v1	mode=same;endings=иваться/иться;root=жар	
выкаливать	выкалить	verbal_aspect:same:ивать/ить:v1	mode=same;endings=ивать/ить;root=кал	
выканючивать	выканючить	verbal_aspect:same:ивать/ить:v1	mode=same;endings=ивать/ить;root=канюч	
выкатить	выкатывать	verbal_aspect:same:ить/ывать:v1	mode=same;endings=ить/ывать;root=кат	
выкатиться	выкатываться	verbal_aspect:same:иться/ываться:v1	mode=same;endings=иться/ываться;root=кат	
выкисать	выкиснуть	verbal_aspect:same:ать/нуть:v1	mode=same;endings=ать/нуть;root=кис	
выкладывать	выложить	verbal_aspect:cross:ить/ывать:v1	mode=cross;endings=ить/ывать;root=	
выкладываться	выложиться	verbal_aspect:cross:иться/ываться:v1	mode=cross;endings=иться/ываться;root=	
выклеивать	выклеить	verbal_aspect:same:ивать/ить:v1	mode=same;endings=ивать/ить;root=кле	
выклеиваться	выклеиться	verbal_aspect:same:иваться/иться:v1	mode=same;endings=иваться/иться;root=кле	
выключать	выключить	verbal_aspect:same:ать/ить:v1	mode=same;endings=ать/ить;root=ключ	
выкрахмаливать	выкрахмалить	verbal_aspect:same:ивать/ить:v1	mode=same;endings=ивать/ить;root=крахмал	
выкуривать	выкурить	verbal_aspect:same:ивать/ить:v1	mode=same;endings=ивать/ить;root=кур	
выкуриваться	выкуриться	verbal_aspect:same:иваться/иться:v1	mode=same;endings=иваться/иться;root=кур	
выкусить	выкусывать	verbal_aspect:same:ить/ывать:v1	mode=same;endings=ить/ывать;root=кус	
вылечивать	вылечить	verbal_aspect:same:ивать/ить:v1	mode=same;endings=ивать/ить;root=леч	
вылечиваться	вылечиться	verbal_aspect:same:иваться/иться:v1	mode=same;endings=иваться/иться;root=леч	
вылущивать	вылущить	verbal_aspect:same:ивать/ить:v1	mode=same;endings=ивать/ить;root=лущ	
выманивать	выманить	verbal_aspect:same:ивать/ить:v1	mode=same;endings=ивать/ить;root=ман	
вымерзать	вымерзнуть	verbal_aspect:same:ать/нуть:v1	mode=same;endings=ать/нуть;root=мерз	
вымеривать	вымерить	verbal_aspect:same:ивать/ить:v1	mode=same;endings=ивать/ить;root=мер	
вымерить	вымерять	verbal_aspect:same:ить/ять:v1	mode=same;endings=ить/ять;root=мер	
выметнуть	выметывать	verbal_aspect:same:нуть/ывать:v1	mode=same;endings=нуть/ывать;root=мет	
вымогатель	вымогательский	lemma_suffix:ский:v1	base=вымогатель;suffix=ский	
вымокать	вымокнуть	verbal_aspect:same:ать/нуть:v1	mode=same;endings=ать/нуть;root=мок	
вымучивать	вымучить	verbal_aspect:same:ивать/ить:v1	mode=same;endings=ивать/ить;root=муч	
выпаливать	выпалить	verbal_aspect:same:ивать/ить:v1	mode=same;endings=ивать/ить;root=пал	
выпаривать	выпарить	verbal_aspect:same:ивать/ить:v1	mode=same;endings=ивать/ить;root=пар	
выпариваться	выпариться	verbal_aspect:same:иваться/иться:v1	mode=same;endings=иваться/иться;root=пар	
выпиливать	выпилить	verbal_aspect:same:ивать/ить:v1	mode=same;endings=ивать/ить;root=пил	
выполнить	выполнять	verbal_aspect:same:ить/ять:v1	mode=same;endings=ить/ять;root=полн	
выполниться	выполняться	verbal_aspect:same:иться/яться:v1	mode=same;endings=иться/яться;root=полн	
выпуск	выпускник	lemma_suffix:ник:v1	base=выпуск;suffix=ник	
выпучивать	выпучить	verbal_aspect:same:ивать/ить:v1	mode=same;endings=ивать/ить;root=пуч	
выпучиваться	выпучиться	verbal_aspect:same:иваться/иться:v1	mode=same;endings=иваться/иться;root=пуч	
вырубать	вырубить	verbal_aspect:same:ать/ить:v1	mode=same;endings=ать/ить;root=руб	
выруливать	вырулить	verbal_aspect:same:ивать/ить:v1	mode=same;endings=ивать/ить;root=рул	
выручать	выручить	verbal_aspect:same:ать/ить:v1	mode=same;endings=ать/ить;root=руч	
выручаться	выручиться	verbal_aspect:same:аться/иться:v1	mode=same;endings=аться/иться;root=руч	
высверливать	высверлить	verbal_aspect:same:ивать/ить:v1	mode=same;endings=ивать/ить;root=сверл	
выселить	выселять	verbal_aspect:same:ить/ять:v1	mode=same;endings=ить/ять;root=сел	
выселиться	выселяться	verbal_aspect:same:иться/яться:v1	mode=same;endings=иться/яться;root=сел	
выслуживать	выслужить	verbal_aspect:same:ивать/ить:v1	mode=same;endings=ивать/ить;root=служ	
выслуживаться	выслужиться	verbal_aspect:same:иваться/иться:v1	mode=same;endings=иваться/иться;root=служ	
выстреливать	выстрелить	verbal_aspect:same:ивать/ить:v1	mode=same;endings=ивать/ить;root=стрел	
выступать	выступить	verbal_aspect:same:ать/ить:v1	mode=same;endings=ать/ить;root=ступ	
высучивать	высучить	verbal_aspect:same:ивать/ить:v1	mode=same;endings=ивать/ить;root=суч	
высучиваться	высучиться	verbal_aspect:same:иваться/иться:v1	mode=same;endings=иваться/иться;root=суч	
высушивать	высушить	verbal_aspect:same:ивать/ить:v1	mode=same;endings=ивать/ить;root=суш	
высушиваться	высушиться	verbal_aspect:same:иваться/иться:v1	mode=same;endings=иваться/иться;root=суш	
вытаращивать	вытаращить	verbal_aspect:same:ивать/ить:v1	mode=same;endings=ивать/ить;root=таращ	
вытаращиваться	вытаращиться	verbal_aspect:same:иваться/иться:v1	mode=same;endings=иваться/иться;root=таращ	
вытворить	вытворять	verbal_aspect:same:ить/ять:v1	mode=same;endings=ить/ять;root=твор	
вытеснить	вытеснять	verbal_aspect:same:ить/ять:v1	mode=same;endings=ить/ять;root=тесн	
вытраливать	вытралить	verbal_aspect:same:ивать/ить:v1	mode=same;endings=ивать/ить;root=трал	
вытуривать	вытурить	verbal_aspect:same:ивать/ить:v1	mode=same;endings=ивать/ить;root=тур	
выхваливать	выхвалить	verbal_aspect:same:ивать/ить:v1	mode=same;endings=ивать/ить;root=хвал	
выхвалить	выхвалять	verbal_aspect:same:ить/ять:v1	mode=same;endings=ить/ять;root=хвал	
выхватить	выхватывать	verbal_aspect:same:ить/ывать:v1	mode=same;endings=ить/ывать;root=хват	
выхлебнуть	выхлебывать	verbal_aspect:same:нуть/ывать:v1	mode=same;endings=нуть/ывать;root=хлеб	
выхлестнуть	выхлестывать	verbal_aspect:same:нуть/ывать:v1	mode=same;endings=нуть/ывать;root=хлест	
выхухолевый	выхухоль	relational_adjective:евый:v1	root=выхухол;noun=выхухоль;suffix=евый	
вычеканивать	вычеканить	verbal_aspect:same:ивать/ить:v1	mode=same;endings=ивать/ить;root=чекан	
вычерпнуть	вычерпывать	verbal_aspect:same:нуть/ывать:v1	mode=same;endings=нуть/ывать;root=черп	
вычислить	вычислять	verbal_aspect:same:ить/ять:v1	mode=same;endings=ить/ять;root=числ	
вычленить	вычленять	verbal_aspect:same:ить/ять:v1	mode=same;endings=ить/ять;root=член	
вышаривать	вышарить	verbal_aspect:same:ивать/ить:v1	mode=same;endings=ивать/ить;root=шар	
вышелушивать	вышелушить	verbal_aspect:same:ивать/ить:v1	mode=same;endings=ивать/ить;root=шелуш	
вышибать	вышибить	verbal_aspect:same:ать/ить:v1	mode=same;endings=ать/ить;root=шиб	
вышпаривать	вышпарить	verbal_aspect:same:ивать/ить:v1	mode=same;endings=ивать/ить;root=шпар	
выштукатуривать	выштукатурить	verbal_aspect:same:ивать/ить:v1	mode=same;endings=ивать/ить;root=штукатур	
выщипнуть	выщипывать	verbal_aspect:same:нуть/ывать:v1	mode=same;endings=нуть/ывать;root=щип	
вяз	вязовый	lemma_suffix:овый:v1	base=вяз;suffix=овый	
вякать	вякнуть	verbal_aspect:same:ать/нуть:v1	mode=same;endings=ать/нуть;root=вяк	
гаванский	гавань	relational_adjective:ский:v1	root=гаван;noun=гавань;suffix=ский	
газ	газовый	relational_adjective:овый:v1	root=газ;noun=газ;suffix=овый	
газета	газетный	relational_adjective:ный:v1	root=газет;noun=газета;suffix=ный	
галоша	галошный	relational_adjective:ный:v1	root=галош;noun=галоша;suffix=ный	
гаркать	гаркнуть	verbal_aspect:same:ать/нуть:v1	mode=same;endings=ать/нуть;root=гарк	
гарный	гарь	relational_adjective:ный:v1	root=гар;noun=гарь;suffix=ный	
герб	гербовый	relational_adjective:овый:v1	root=герб;noun=герб;suffix=овый	
герой	геройский	lemma_suffix:ский:v1	base=герой;suffix=ский	
гикать	гикнуть	verbal_aspect:same:ать/нуть:v1	mode=same;endings=ать/нуть;root=гик	
гитара	гитарный	relational_adjective:ный:v1	root=гитар;noun=гитара;suffix=ный	
глава	главный	relational_adjective:ный:v1	root=глав;noun=глава;suffix=ный	
глад	гладный	relational_adjective:ный:v1	root=глад;noun=глад;suffix=ный	
глаз	глазник	lemma_suffix:ник:v1	base=глаз;suffix=ник	
глаз	глазной	relational_adjective:ной:v1	root=глаз;noun=глаз;suffix=ной	
глина	глинный	relational_adjective:ный:v1	root=глин;noun=глина;suffix=ный	
глист	глистный	relational_adjective:ный:v1	root=глист;noun=глист;suffix=ный	
глиста	глистный	relational_adjective:ный:v1	root=глист;noun=глиста;suffix=ный	
глотать	глотнуть	verbal_aspect:same:ать/нуть:v1	mode=same;endings=ать/нуть;root=глот	
глыба	глыбовый	relational_adjective:овый:v1	root=глыб;noun=глыба;suffix=овый	
гнев	гневный	relational_adjective:ный:v1	root=гнев;noun=гнев;suffix=ный	
гной	гнойник	lemma_suffix:ник:v1	base=гной;suffix=ник	
гнус	гнусный	relational_adjective:ный:v1	root=гнус;noun=гнус;suffix=ный	
гнусный	гнусь	relational_adjective:ный:v1	root=гнус;noun=гнусь;suffix=ный	
гоголиный	гоголь	relational_adjective:иный:v1	root=гогол;noun=гоголь;suffix=иный	
голова	головной	relational_adjective:ной:v1	root=голов;noun=голова;suffix=ной	
голод	голодный	relational_adjective:ный:v1	root=голод;noun=голод;suffix=ный	
голуба	голубиный	relational_adjective:иный:v1	root=голуб;noun=голуба;suffix=иный	
голубиный	голубь	relational_adjective:иный:v1	root=голуб;noun=голубь;suffix=иный	
гончар	гончарник	lemma_suffix:ник:v1	base=гончар;suffix=ник	
гончар	гончарный	relational_adjective:ный:v1	root=гончар;noun=гончар;suffix=ный	
гончар	гончарский	relational_adjective:ский:v1	root=гончар;noun=гончар;suffix=ский	
гора	горный	relational_adjective:ный:v1	root=гор;noun=гора;suffix=ный	
гора	горский	relational_adjective:ский:v1	root=гор;noun=гора;suffix=ский	
город	городской	relational_adjective:ской:v1	root=город;noun=город;suffix=ской	
горох	гороховый	relational_adjective:овый:v1	root=горох;noun=горох;suffix=овый	
гортанный	гортань	relational_adjective:ный:v1	root=гортан;noun=гортань;suffix=ный	
господский	господь	relational_adjective:ский:v1	root=господ;noun=господь;suffix=ский	
гостиный	гость	relational_adjective:иный:v1	root=гост;noun=гость;suffix=иный	
граб	грабовый	relational_adjective:овый:v1	root=граб;noun=граб;suffix=овый	
грабитель	грабительский	lemma_suffix:ский:v1	base=грабитель;suffix=ский	
грамота	грамотный	relational_adjective:ный:v1	root=грамот;noun=грамота;suffix=ный	
гребенщик	гребенщиковый	lemma_suffix:овый:v1	base=гребенщик;suffix=овый	
гриб	грибник	lemma_suffix:ник:v1	base=гриб;suffix=ник	
гриб	грибной	relational_adjective:ной:v1	root=гриб;noun=гриб;suffix=ной	
громада	громадный	relational_adjective:ный:v1	root=громад;noun=громада;suffix=ный	
грохать	грохнуть	verbal_aspect:same:ать/нуть:v1	mode=same;endings=ать/нуть;root=грох	
грош	грошовый	relational_adjective:овый:v1	root=грош;noun=грош;suffix=овый	
грудной	грудь	relational_adjective:ной:v1	root=груд;noun=грудь;suffix=ной	
груз	грузный	relational_adjective:ный:v1	root=груз;noun=груз;suffix=ный	
груздевый	груздь	relational_adjective:евый:v1	root=грузд;noun=груздь;suffix=евый	
грустный	грусть	relational_adjective:ный:v1	root=груст;noun=грусть;suffix=ный	
груша	грушевый	relational_adjective:евый:v1	root=груш;noun=груша;suffix=евый	
грыжа	грыжевый	relational_adjective:евый:v1	root=грыж;noun=грыжа;suffix=евый	
гряда	грядной	relational_adjective:ной:v1	root=гряд;noun=гряда;suffix=ной	
грязный	грязь	relational_adjective:ный:v1	root=гряз;noun=грязь;suffix=ный	
губа	губной	relational_adjective:ной:v1	root=губ;noun=губа;suffix=ной	
гукать	гукнуть	verbal_aspect:same:ать/нуть:v1	mode=same;endings=ать/нуть;root=гук	
гусиный	гусь	relational_adjective:иный:v1	root=гус;noun=гусь;suffix=иный	
дальнейший	дальний	adjective_degree:ейший:v1	stem=дальн;ending=ейший	
дама	дамский	relational_adjective:ский:v1	root=дам;noun=дама;suffix=ский	
дверной	дверь	relational_adjective:ной:v1	root=двер;noun=дверь;suffix=ной	
двор	дворник	lemma_suffix:ник:v1	base=двор;suffix=ник	
двор	дворовый	relational_adjective:овый:v1	root=двор;noun=двор;suffix=овый	
девятерик	девятериковый	lemma_suffix:овый:v1	base=девятерик;suffix=овый	
девятеро	девятый	ordinal:v1	root=девят;ending=ый	
девятый	девять	ordinal:v1	root=девят;ending=ый	
девятый	девятью	ordinal:v1	root=девят;ending=ый	
дедов	дедовский	lemma_suffix:ский:v1	base=дедов;suffix=ский	
декабрист	декабристский	lemma_suffix:ский:v1	base=декабрист;suffix=ский	
декабрь	декабрьский	lemma_suffix:ский:v1	base=декабрь;suffix=ский	
денной	день	relational_adjective:ной:v1	root=ден;noun=день;suffix=ной	
день	дневной	manual_accept:v1	source=manual	accept
день	дневный	manual_accept:v1	source=manual	accept
дерзать	дерзнуть	verbal_aspect:same:ать/нуть:v1	mode=same;endings=ать/нуть;root=дерз	
дерн	дерновый	lemma_suffix:овый:v1	base=дерн;suffix=овый	
десятерик	десятериковый	lemma_suffix:овый:v1	base=десятерик;suffix=овый	
десятеро	десятый	ordinal:v1	root=десят;ending=ый	
десятый	десять	ordinal:v1	root=десят;ending=ый	
десятый	десятью	ordinal:v1	root=десят;ending=ый	
див	дивный	relational_adjective:ный:v1	root=див;noun=див;suffix=ный	
диван	диванный	relational_adjective:ный:v1	root=диван;noun=диван;suffix=ный	
дивный	диво	relational_adjective:ный:v1	root=див;noun=диво;suffix=ный	
дневной	дневный	manual_accept:v1	source=manual	accept
добеливать	добелить	verbal_aspect:same:ивать/ить:v1	mode=same;endings=ивать/ить;root=бел	
доваривать	доварить	verbal_aspect:same:ивать/ить:v1	mode=same;endings=ивать/ить;root=вар	
довариваться	довариться	verbal_aspect:same:иваться/иться:v1	mode=same;endings=иваться/иться;root=вар	
доверить	доверять	verbal_aspect:same:ить/ять:v1	mode=same;endings=ить/ять;root=вер	
довериться	доверяться	verbal_aspect:same:иться/яться:v1	mode=same;endings=иться/яться;root=вер	
довершать	довершить	verbal_aspect:same:ать/ить:v1	mode=same;endings=ать/ить;root=верш	
довершаться	довершиться	verbal_aspect:same:аться/иться:v1	mode=same;endings=аться/иться;root=верш	
договор	договорник	lemma_suffix:ник:v1	base=договор;suffix=ник	
дожаривать	дожарить	verbal_aspect:same:ивать/ить:v1	mode=same;endings=ивать/ить;root=жар	
дожариваться	дожариться	verbal_aspect:same:иваться/иться:v1	mode=same;endings=иваться/иться;root=жар	
докаливать	докалить	verbal_aspect:same:ивать/ить:v1	mode=same;endings=ивать/ить;root=кал	
докаливаться	докалиться	verbal_aspect:same:иваться/иться:v1	mode=same;endings=иваться/иться;root=кал	
докатить	докатывать	verbal_aspect:same:ить/ывать:v1	mode=same;endings=ить/ывать;root=кат	
докатиться	докатываться	verbal_aspect:same:иться/ываться:v1	mode=same;endings=иться/ываться;root=кат	
докисать	докиснуть	verbal_aspect:same:ать/нуть:v1	mode=same;endings=ать/нуть;root=кис	
докладывать	доложить	verbal_aspect:cross:ить/ывать:v1	mode=cross;endings=ить/ывать;root=	
доклеивать	доклеить	verbal_aspect:same:ивать/ить:v1	mode=same;endings=ивать/ить;root=кле	
доктор	докторский	relational_adjective:ский:v1	root=доктор;noun=доктор;suffix=ский	
докторант	докторантский	lemma_suffix:ский:v1	base=докторант;suffix=ский	
докуривать	докурить	verbal_aspect:same:ивать/ить:v1	mode=same;endings=ивать/ить;root=кур	
докуриваться	докуриться	verbal_aspect:same:иваться/иться:v1	mode=same;endings=иваться/иться;root=кур	
долбеж	долбежник	lemma_suffix:ник:v1	base=долбеж;suffix=ник	
долечивать	долечить	verbal_aspect:same:ивать/ить:v1	mode=same;endings=ивать/ить;root=леч	
долечиваться	долечиться	verbal_aspect:same:иваться/иться:v1	mode=same;endings=иваться/иться;root=леч	
дом	домовый	relational_adjective:овый:v1	root=дом;noun=дом;suffix=овый	
дома	домовый	relational_adjective:овый:v1	root=дом;noun=дома;suffix=овый	
домеривать	домерить	verbal_aspect:same:ивать/ить:v1	mode=same;endings=ивать/ить;root=мер	
дометнуть	дометывать	verbal_aspect:same:нуть/ывать:v1	mode=same;endings=нуть/ывать;root=мет	
домучивать	домучить	verbal_aspect:same:ивать/ить:v1	mode=same;endings=ивать/ить;root=муч	
домучиваться	домучиться	verbal_aspect:same:иваться/иться:v1	mode=same;endings=иваться/иться;root=муч	
допаривать	допарить	verbal_aspect:same:ивать/ить:v1	mode=same;endings=ивать/ить;root=пар	
допариваться	допариться	verbal_aspect:same:иваться/иться:v1	mode=same;endings=иваться/иться;root=пар	
допиливать	допилить	verbal_aspect:same:ивать/ить:v1	mode=same;endings=ивать/ить;root=пил	
дополнить	дополнять	verbal_aspect:same:ить/ять:v1	mode=same;endings=ить/ять;root=полн	
дополниться	дополняться	verbal_aspect:same:иться/яться:v1	mode=same;endings=иться/яться;root=полн	
досверливать	досверлить	verbal_aspect:same:ивать/ить:v1	mode=same;endings=ивать/ить;root=сверл	
дослуживать	дослужить	verbal_aspect:same:ивать/ить:v1	mode=same;endings=ивать/ить;root=служ	
дослуживаться	дослужиться	verbal_aspect:same:иваться/иться:v1	mode=same;endings=иваться/иться;root=служ	
достигать	достигнуть	verbal_aspect:same:ать/нуть:v1	mode=same;endings=ать/нуть;root=стиг	
досушивать	досушить	verbal_aspect:same:ивать/ить:v1	mode=same;endings=ивать/ить;root=суш	
досушиваться	досушиться	verbal_aspect:same:иваться/иться:v1	mode=same;endings=иваться/иться;root=суш	
досягать	досягнуть	verbal_aspect:same:ать/нуть:v1	mode=same;endings=ать/нуть;root=сяг	
дочинивать	дочинить	verbal_aspect:same:ивать/ить:v1	mode=same;endings=ивать/ить;root=чин	
дробный	дробь	relational_adjective:ный:v1	root=дроб;noun=дробь;suffix=ный	
дрозд	дроздовый	relational_adjective:овый:v1	root=дрозд;noun=дрозд;suffix=овый	
дрок	дроковый	relational_adjective:овый:v1	root=дрок;noun=дрок;suffix=овый	
дрофа	дрофиный	relational_adjective:иный:v1	root=дроф;noun=дрофа;suffix=иный	
дрыгать	дрыгнуть	verbal_aspect:same:ать/нуть:v1	mode=same;endings=ать/нуть;root=дрыг	
дрянной	дрянь	relational_adjective:ной:v1	root=дрян;noun=дрянь;suffix=ной	
дуб	дубовый	relational_adjective:овый:v1	root=дуб;noun=дуб;suffix=овый	
дума	думный	relational_adjective:ный:v1	root=дум;noun=дума;suffix=ный	
дума	думский	relational_adjective:ский:v1	root=дум;noun=дума;suffix=ский	
дура	дурной	relational_adjective:ной:v1	root=дур;noun=дура;suffix=ной	
дурман	дурманный	relational_adjective:ный:v1	root=дурман;noun=дурман;suffix=ный	
дурной	дурь	relational_adjective:ной:v1	root=дур;noun=дурь;suffix=ной	
дым	дымный	relational_adjective:ный:v1	root=дым;noun=дым;suffix=ный	
дынный	дыня	relational_adjective:ный:v1	root=дын;noun=дыня;suffix=ный	
единственный	один	manual_accept:v1	source=manual	accept
ель	ельник	lemma_suffix:ник:v1	base=ель;suffix=ник	
ералаш	ералашный	relational_adjective:ный:v1	root=ералаш;noun=ералаш;suffix=ный	
ерунда	ерундовый	relational_adjective:овый:v1	root=ерунд;noun=ерунда;suffix=овый	
ехида	ехидный	relational_adjective:ный:v1	root=ехид;noun=ехида;suffix=ный	
жгут	жгутовый	lemma_suffix:овый:v1	base=жгут;suffix=овый	
жгутик	жгутиковый	lemma_suffix:овый:v1	base=жгутик;suffix=овый	
железный	железо	relational_adjective:ный:v1	root=желез;noun=железо;suffix=ный	
желудевый	желудь	relational_adjective:евый:v1	root=желуд;noun=желудь;suffix=евый	
желчный	желчь	relational_adjective:ный:v1	root=желч;noun=желчь;suffix=ный	
жена	женский	relational_adjective:ский:v1	root=жен;noun=жена;suffix=ский	
жимолостный	жимолость	relational_adjective:ный:v1	root=жимолост;noun=жимолость;suffix=ный	
жир	жирник	lemma_suffix:ник:v1	base=жир;suffix=ник	
жир	жирный	relational_adjective:ный:v1	root=жир;noun=жир;suffix=ный	
житный	жито	relational_adjective:ный:v1	root=жит;noun=жито;suffix=ный	
журавель	журавельник	lemma_suffix:ник:v1	base=журавель;suffix=ник	
журналист	журналистский	lemma_suffix:ский:v1	base=журналист;suffix=ский	
заарканивать	заарканить	verbal_aspect:same:ивать/ить:v1	mode=same;endings=ивать/ить;root=аркан	
забагривать	забагрить	verbal_aspect:same:ивать/ить:v1	mode=same;endings=ивать/ить;root=багр	
забеливать	забелить	verbal_aspect:same:ивать/ить:v1	mode=same;endings=ивать/ить;root=бел	
забелить	забелять	verbal_aspect:same:ить/ять:v1	mode=same;endings=ить/ять;root=бел	
забредать	забредить	verbal_aspect:same:ать/ить:v1	mode=same;endings=ать/ить;root=бред	
забуривать	забурить	verbal_aspect:same:ивать/ить:v1	mode=same;endings=ивать/ить;root=бур	
заваливать	завалить	verbal_aspect:same:ивать/ить:v1	mode=same;endings=ивать/ить;root=вал	
заваливаться	завалиться	verbal_aspect:same:иваться/иться:v1	mode=same;endings=иваться/иться;root=вал	
заваривать	заварить	verbal_aspect:same:ивать/ить:v1	mode=same;endings=ивать/ить;root=вар	
завариваться	завариться	verbal_aspect:same:иваться/иться:v1	mode=same;endings=иваться/иться;root=вар	
заверить	заверять	verbal_aspect:same:ить/ять:v1	mode=same;endings=ить/ять;root=вер	
завершать	завершить	verbal_aspect:same:ать/ить:v1	mode=same;endings=ать/ить;root=верш	
завершаться	завершиться	verbal_aspect:same:аться/иться:v1	mode=same;endings=аться/иться;root=верш	
завод	заводский	lemma_suffix:ский:v1	base=завод;suffix=ский	
завьючивать	завьючить	verbal_aspect:same:ивать/ить:v1	mode=same;endings=ивать/ить;root=вьюч	
завязить	завязывать	verbal_aspect:same:ить/ывать:v1	mode=same;endings=ить/ывать;root=вяз	
завязнуть	завязывать	verbal_aspect:same:нуть/ывать:v1	mode=same;endings=нуть/ывать;root=вяз	
заглушать	заглушить	verbal_aspect:same:ать/ить:v1	mode=same;endings=ать/ить;root=глуш	
заглушаться	заглушиться	verbal_aspect:same:аться/иться:v1	mode=same;endings=аться/иться;root=глуш	
заголить	заголять	verbal_aspect:same:ить/ять:v1	mode=same;endings=ить/ять;root=гол	
заголиться	заголяться	verbal_aspect:same:иться/яться:v1	mode=same;endings=иться/яться;root=гол	
зад	задний	relational_adjective:ний:v1	root=зад;noun=зад;suffix=ний	
зад	задник	lemma_suffix:ник:v1	base=зад;suffix=ник	
заезжатель	заезжательский	lemma_suffix:ский:v1	base=заезжатель;suffix=ский	
зажаривать	зажарить	verbal_aspect:same:ивать/ить:v1	mode=same;endings=ивать/ить;root=жар	
зажариваться	зажариться	verbal_aspect:same:иваться/иться:v1	mode=same;endings=иваться/иться;root=жар	
зажиливать	зажилить	verbal_aspect:same:ивать/ить:v1	mode=same;endings=ивать/ить;root=жил	
зажмуривать	зажмурить	verbal_aspect:same:ивать/ить:v1	mode=same;endings=ивать/ить;root=жмур	
зажмуриваться	зажмуриться	verbal_aspect:same:иваться/иться:v1	mode=same;endings=иваться/иться;root=жмур	
зажуливать	зажулить	verbal_aspect:same:ивать/ить:v1	mode=same;endings=ивать/ить;root=жул	
закабалить	закабалять	verbal_aspect:same:ить/ять:v1	mode=same;endings=ить/ять;root=кабал	
закабалиться	закабаляться	verbal_aspect:same:иться/яться:v1	mode=same;endings=иться/яться;root=кабал	
заказ	заказник	lemma_suffix:ник:v1	base=заказ;suffix=ник	
закаливать	закалить	verbal_aspect:same:ивать/ить:v1	mode=same;endings=ивать/ить;root=кал	
закаливаться	закалиться	verbal_aspect:same:иваться/иться:v1	mode=same;endings=иваться/иться;root=кал	
закалить	закалять	verbal_aspect:same:ить/ять:v1	mode=same;endings=ить/ять;root=кал	
закалиться	закаляться	verbal_aspect:same:иться/яться:v1	mode=same;endings=иться/яться;root=кал	
закатить	закатывать	verbal_aspect:same:ить/ывать:v1	mode=same;endings=ить/ывать;root=кат	
закатиться	закатываться	verbal_aspect:same:иться/ываться:v1	mode=same;endings=иться/ываться;root=кат	
закисать	закиснуть	verbal_aspect:same:ать/нуть:v1	mode=same;endings=ать/нуть;root=кис	
закладывать	заложить	verbal_aspect:cross:ить/ывать:v1	mode=cross;endings=ить/ывать;root=	
заклеивать	заклеить	verbal_aspect:same:ивать/ить:v1	mode=same;endings=ивать/ить;root=кле	
заклеиваться	заклеиться	verbal_aspect:same:иваться/иться:v1	mode=same;endings=иваться/иться;root=кле	
заклинивать	заклинить	verbal_aspect:same:ивать/ить:v1	mode=same;endings=ивать/ить;root=клин	
заклиниваться	заклиниться	verbal_aspect:same:иваться/иться:v1	mode=same;endings=иваться/иться;root=клин	
заключать	заключить	verbal_aspect:same:ать/ить:v1	mode=same;endings=ать/ить;root=ключ	
закон	законник	lemma_suffix:ник:v1	base=закон;suffix=ник	
закупоривать	закупорить	verbal_aspect:same:ивать/ить:v1	mode=same;endings=ивать/ить;root=купор	
закупориваться	закупориться	verbal_aspect:same:иваться/иться:v1	mode=same;endings=иваться/иться;root=купор	
закуривать	закурить	verbal_aspect:same:ивать/ить:v1	mode=same;endings=ивать/ить;root=кур	
закуриваться	закуриться	verbal_aspect:same:иваться/иться:v1	mode=same;endings=иваться/иться;root=кур	
залечивать	залечить	verbal_aspect:same:ивать/ить:v1	mode=same;endings=ивать/ить;root=леч	
залечиваться	залечиться	verbal_aspect:same:иваться/иться:v1	mode=same;endings=иваться/иться;root=леч	
залог	залоговый	lemma_suffix:овый:v1	base=залог;suffix=овый	
заломать	заломить	verbal_aspect:same:ать/ить:v1	mode=same;endings=ать/ить;root=лом	
залп	залповый	relational_adjective:овый:v1	root=залп;noun=залп;suffix=овый	
залучать	залучить	verbal_aspect:same:ать/ить:v1	mode=same;endings=ать/ить;root=луч	
заманивать	заманить	verbal_aspect:same:ивать/ить:v1	mode=same;endings=ивать/ить;root=ман	
замасливать	замаслить	verbal_aspect:same:ивать/ить:v1	mode=same;endings=ивать/ить;root=масл	
замасливаться	замаслиться	verbal_aspect:same:иваться/иться:v1	mode=same;endings=иваться/иться;root=масл	
замедлить	замедлять	verbal_aspect:same:ить/ять:v1	mode=same;endings=ить/ять;root=медл	
замедлиться	замедляться	verbal_aspect:same:иться/яться:v1	mode=same;endings=иться/яться;root=медл	
заменить	заменять	verbal_aspect:same:ить/ять:v1	mode=same;endings=ить/ять;root=мен	
замениться	заменяться	verbal_aspect:same:иться/яться:v1	mode=same;endings=иться/яться;root=мен	
замерзать	замерзнуть	verbal_aspect:same:ать/нуть:v1	mode=same;endings=ать/нуть;root=мерз	
замеривать	замерить	verbal_aspect:same:ивать/ить:v1	mode=same;endings=ивать/ить;root=мер	
замерить	замерять	verbal_aspect:same:ить/ять:v1	mode=same;endings=ить/ять;root=мер	
замирить	замирять	verbal_aspect:same:ить/ять:v1	mode=same;endings=ить/ять;root=мир	
замириться	замиряться	verbal_aspect:same:иться/яться:v1	mode=same;endings=иться/яться;root=мир	
замокать	замокнуть	verbal_aspect:same:ать/нуть:v1	mode=same;endings=ать/нуть;root=мок	
замолкать	замолкнуть	verbal_aspect:same:ать/нуть:v1	mode=same;endings=ать/нуть;root=молк	
замусливать	замуслить	verbal_aspect:same:ивать/ить:v1	mode=same;endings=ивать/ить;root=мусл	
замусливаться	замуслиться	verbal_aspect:same:иваться/иться:v1	mode=same;endings=иваться/иться;root=мусл	
замусоливать	замусолить	verbal_aspect:same:ивать/ить:v1	mode=same;endings=ивать/ить;root=мусол	
замусоливаться	замусолиться	verbal_aspect:same:иваться/иться:v1	mode=same;endings=иваться/иться;root=мусол	
замусоривать	замусорить	verbal_aspect:same:ивать/ить:v1	mode=same;endings=ивать/ить;root=мусор	
замусориваться	замусориться	verbal_aspect:same:иваться/иться:v1	mode=same;endings=иваться/иться;root=мусор	
замучивать	замучить	verbal_aspect:same:ивать/ить:v1	mode=same;endings=ивать/ить;root=муч	
замучиваться	замучиться	verbal_aspect:same:иваться/иться:v1	mode=same;endings=иваться/иться;root=муч	
замша	замшевый	relational_adjective:евый:v1	root=замш;noun=замша;suffix=евый	
заострить	заострять	verbal_aspect:same:ить/ять:v1	mode=same;endings=ить/ять;root=остр	
заостриться	заостряться	verbal_aspect:same:иться/яться:v1	mode=same;endings=иться/яться;root=остр	
запад	западник	lemma_suffix:ник:v1	base=запад;suffix=ник	
запаливать	запалить	verbal_aspect:same:ивать/ить:v1	mode=same;endings=ивать/ить;root=пал	
запаривать	запарить	verbal_aspect:same:ивать/ить:v1	mode=same;endings=ивать/ить;root=пар	
запариваться	запариться	verbal_aspect:same:иваться/иться:v1	mode=same;endings=иваться/иться;root=пар	
запас	запасник	lemma_suffix:ник:v1	base=запас;suffix=ник	
запиливать	запилить	verbal_aspect:same:ивать/ить:v1	mode=same;endings=ивать/ить;root=пил	
запоганивать	запоганить	verbal_aspect:same:ивать/ить:v1	mode=same;endings=ивать/ить;root=поган	
заполнить	заполнять	verbal_aspect:same:ить/ять:v1	mode=same;endings=ить/ять;root=полн	
заполонить	заполонять	verbal_aspect:same:ить/ять:v1	mode=same;endings=ить/ять;root=полон	
запудривать	запудрить	verbal_aspect:same:ивать/ить:v1	mode=same;endings=ивать/ить;root=пудр	
запудриваться	запудриться	verbal_aspect:same:иваться/иться:v1	mode=same;endings=иваться/иться;root=пудр	
зародыш	зародышевый	lemma_suffix:евый:v1	base=зародыш;suffix=евый	
зарубать	зарубить	verbal_aspect:same:ать/ить:v1	mode=same;endings=ать/ить;root=руб	
зарумянивать	зарумянить	verbal_aspect:same:ивать/ить:v1	mode=same;endings=ивать/ить;root=румян	
зарумяниваться	зарумяниться	verbal_aspect:same:иваться/иться:v1	mode=same;endings=иваться/иться;root=румян	
заручаться	заручиться	verbal_aspect:same:аться/иться:v1	mode=same;endings=аться/иться;root=руч	
засахаривать	засахарить	verbal_aspect:same:ивать/ить:v1	mode=same;endings=ивать/ить;root=сахар	
засахариваться	засахариться	verbal_aspect:same:иваться/иться:v1	mode=same;endings=иваться/иться;root=сахар	
заседатель	заседательский	lemma_suffix:ский:v1	base=заседатель;suffix=ский	
заселить	заселять	verbal_aspect:same:ить/ять:v1	mode=same;endings=ить/ять;root=сел	
заселиться	заселяться	verbal_aspect:same:иться/яться:v1	mode=same;endings=иться/яться;root=сел	
засинивать	засинить	verbal_aspect:same:ивать/ить:v1	mode=same;endings=ивать/ить;root=син	
засиниваться	засиниться	verbal_aspect:same:иваться/иться:v1	mode=same;endings=иваться/иться;root=син	
заслонить	заслонять	verbal_aspect:same:ить/ять:v1	mode=same;endings=ить/ять;root=слон	
заслуживать	заслужить	verbal_aspect:same:ивать/ить:v1	mode=same;endings=ивать/ить;root=служ	
заслуживаться	заслужиться	verbal_aspect:same:иваться/иться:v1	mode=same;endings=иваться/иться;root=служ	
заслюнивать	заслюнить	verbal_aspect:same:ивать/ить:v1	mode=same;endings=ивать/ить;root=слюн	
засорить	засорять	verbal_aspect:same:ить/ять:v1	mode=same;endings=ить/ять;root=сор	
засориться	засоряться	verbal_aspect:same:иться/яться:v1	mode=same;endings=иться/яться;root=сор	
застеклить	застеклять	verbal_aspect:same:ить/ять:v1	mode=same;endings=ить/ять;root=стекл	
застигать	застигнуть	verbal_aspect:same:ать/нуть:v1	mode=same;endings=ать/нуть;root=стиг	
застопоривать	застопорить	verbal_aspect:same:ивать/ить:v1	mode=same;endings=ивать/ить;root=стопор	
застопориваться	застопориться	verbal_aspect:same:иваться/иться:v1	mode=same;endings=иваться/иться;root=стопор	
застреливать	застрелить	verbal_aspect:same:ивать/ить:v1	mode=same;endings=ивать/ить;root=стрел	
застреливаться	застрелиться	verbal_aspect:same:иваться/иться:v1	mode=same;endings=иваться/иться;root=стрел	
заступ	заступник	lemma_suffix:ник:v1	base=заступ;suffix=ник	
заступать	заступить	verbal_aspect:same:ать/ить:v1	mode=same;endings=ать/ить;root=ступ	
заступаться	заступиться	verbal_aspect:same:аться/иться:v1	mode=same;endings=аться/иться;root=ступ	
засусливать	засуслить	verbal_aspect:same:ивать/ить:v1	mode=same;endings=ивать/ить;root=сусл	
засучивать	засучить	verbal_aspect:same:ивать/ить:v1	mode=same;endings=ивать/ить;root=суч	
засучиваться	засучиться	verbal_aspect:same:иваться/иться:v1	mode=same;endings=иваться/иться;root=суч	
засушивать	засушить	verbal_aspect:same:ивать/ить:v1	mode=same;endings=ивать/ить;root=суш	
засушиваться	засушиться	verbal_aspect:same:иваться/иться:v1	mode=same;endings=иваться/иться;root=суш	
затвор	затворник	lemma_suffix:ник:v1	base=затвор;suffix=ник	
затвориться	затворяться	verbal_aspect:same:иться/яться:v1	mode=same;endings=иться/яться;root=твор	
затенить	затенять	verbal_aspect:same:ить/ять:v1	mode=same;endings=ить/ять;root=тен	
затепливать	затеплить	verbal_aspect:same:ивать/ить:v1	mode=same;endings=ивать/ить;root=тепл	
затепливаться	затеплиться	verbal_aspect:same:иваться/иться:v1	mode=same;endings=иваться/иться;root=тепл	
затихать	затихнуть	verbal_aspect:same:ать/нуть:v1	mode=same;endings=ать/нуть;root=тих	
затоваривать	затоварить	verbal_aspect:same:ивать/ить:v1	mode=same;endings=ивать/ить;root=товар	
затовариваться	затовариться	verbal_aspect:same:иваться/иться:v1	mode=same;endings=иваться/иться;root=товар	
заточать	заточить	verbal_aspect:same:ать/ить:v1	mode=same;endings=ать/ить;root=точ	
заточаться	заточиться	verbal_aspect:same:аться/иться:v1	mode=same;endings=аться/иться;root=точ	
затуманивать	затуманить	verbal_aspect:same:ивать/ить:v1	mode=same;endings=ивать/ить;root=туман	
затуманиваться	затуманиться	verbal_aspect:same:иваться/иться:v1	mode=same;endings=иваться/иться;root=туман	
затухать	затухнуть	verbal_aspect:same:ать/нуть:v1	mode=same;endings=ать/нуть;root=тух	
заутюживать	заутюжить	verbal_aspect:same:ивать/ить:v1	mode=same;endings=ивать/ить;root=утюж	
заутюживаться	заутюжиться	verbal_aspect:same:иваться/иться:v1	mode=same;endings=иваться/иться;root=утюж	
заушатель	заушательский	lemma_suffix:ский:v1	base=заушатель;suffix=ский	
захваливать	захвалить	verbal_aspect:same:ивать/ить:v1	mode=same;endings=ивать/ить;root=хвал	
захватить	захватывать	verbal_aspect:same:ить/ывать:v1	mode=same;endings=ить/ывать;root=хват	
захлебнуть	захлебывать	verbal_aspect:same:нуть/ывать:v1	mode=same;endings=нуть/ывать;root=хлеб	
захлестнуть	захлестывать	verbal_aspect:same:нуть/ывать:v1	mode=same;endings=нуть/ывать;root=хлест	
захлопнуть	захлопывать	verbal_aspect:same:нуть/ывать:v1	mode=same;endings=нуть/ывать;root=хлоп	
зачаливать	зачалить	verbal_aspect:same:ивать/ить:v1	mode=same;endings=ивать/ить;root=чал	
зачернить	зачернять	verbal_aspect:same:ить/ять:v1	mode=same;endings=ить/ять;root=черн	
зачерпнуть	зачерпывать	verbal_aspect:same:нуть/ывать:v1	mode=same;endings=нуть/ывать;root=черп	
зачинать	зачинить	verbal_aspect:same:ать/ить:v1	mode=same;endings=ать/ить;root=чин	
зачислить	зачислять	verbal_aspect:same:ить/ять:v1	mode=same;endings=ить/ять;root=числ	
зачислиться	зачисляться	verbal_aspect:same:иться/яться:v1	mode=same;endings=иться/яться;root=числ	
зашибать	зашибить	verbal_aspect:same:ать/ить:v1	mode=same;endings=ать/ить;root=шиб	
зашибаться	зашибиться	verbal_aspect:same:аться/иться:v1	mode=same;endings=аться/иться;root=шиб	
зашпиливать	зашпилить	verbal_aspect:same:ивать/ить:v1	mode=same;endings=ивать/ить;root=шпил	
зашпиливаться	зашпилиться	verbal_aspect:same:иваться/иться:v1	mode=same;endings=иваться/иться;root=шпил	
зашторивать	зашторить	verbal_aspect:same:ивать/ить:v1	mode=same;endings=ивать/ить;root=штор	
зашториваться	зашториться	verbal_aspect:same:иваться/иться:v1	mode=same;endings=иваться/иться;root=штор	
заштукатуривать	заштукатурить	verbal_aspect:same:ивать/ить:v1	mode=same;endings=ивать/ить;root=штукатур	
защебенивать	защебенить	verbal_aspect:same:ивать/ить:v1	mode=same;endings=ивать/ить;root=щебен	
защипнуть	защипывать	verbal_aspect:same:нуть/ывать:v1	mode=same;endings=нуть/ывать;root=щип	
защуривать	защурить	verbal_aspect:same:ивать/ить:v1	mode=same;endings=ивать/ить;root=щур	
звезда	звездный	relational_adjective:ный:v1	root=звезд;noun=звезда;suffix=ный	
звериный	зверь	relational_adjective:иный:v1	root=звер;noun=зверь;suffix=иный	
зверский	зверь	relational_adjective:ский:v1	root=звер;noun=зверь;suffix=ский	
звякать	звякнуть	verbal_aspect:same:ать/нуть:v1	mode=same;endings=ать/нуть;root=звяк	
зевать	зевнуть	verbal_aspect:same:ать/нуть:v1	mode=same;endings=ать/нуть;root=зев	
зенит	зенитный	relational_adjective:ный:v1	root=зенит;noun=зенит;suffix=ный	
зима	зимний	relational_adjective:ний:v1	root=зим;noun=зима;suffix=ний	
зипун	зипунный	relational_adjective:ный:v1	root=зипун;noun=зипун;suffix=ный	
злак	злаковый	relational_adjective:овый:v1	root=злак;noun=злак;suffix=овый	
знак	знаковый	lemma_suffix:овый:v1	base=знак;suffix=овый	
золотник	золотниковый	lemma_suffix:овый:v1	base=золотник;suffix=овый	
зритель	зрительский	lemma_suffix:ский:v1	base=зритель;suffix=ский	
зуб	зубной	relational_adjective:ной:v1	root=зуб;noun=зуб;suffix=ной	
зубр	зубровый	relational_adjective:овый:v1	root=зубр;noun=зубр;suffix=овый	
зыкать	зыкнуть	verbal_aspect:same:ать/нуть:v1	mode=same;endings=ать/нуть;root=зык	
игумен	игуменский	relational_adjective:ский:v1	root=игумен;noun=игумен;suffix=ский	
избиратель	избирательский	lemma_suffix:ский:v1	base=избиратель;suffix=ский	
извергать	извергнуть	verbal_aspect:same:ать/нуть:v1	mode=same;endings=ать/нуть;root=верг	
известняк	известняковый	lemma_suffix:овый:v1	base=известняк;suffix=овый	
издатель	издательский	lemma_suffix:ский:v1	base=издатель;suffix=ский	
изжаливать	изжалить	verbal_aspect:same:ивать/ить:v1	mode=same;endings=ивать/ить;root=жал	
излениваться	излениться	verbal_aspect:same:иваться/иться:v1	mode=same;endings=иваться/иться;root=лен	
излечивать	излечить	verbal_aspect:same:ивать/ить:v1	mode=same;endings=ивать/ить;root=леч	
излечиваться	излечиться	verbal_aspect:same:иваться/иться:v1	mode=same;endings=иваться/иться;root=леч	
излучать	излучить	verbal_aspect:same:ать/ить:v1	mode=same;endings=ать/ить;root=луч	
излучаться	излучиться	verbal_aspect:same:аться/иться:v1	mode=same;endings=аться/иться;root=луч	
измасливать	измаслить	verbal_aspect:same:ивать/ить:v1	mode=same;endings=ивать/ить;root=масл	
измасливаться	измаслиться	verbal_aspect:same:иваться/иться:v1	mode=same;endings=иваться/иться;root=масл	
изменить	изменять	verbal_aspect:same:ить/ять:v1	mode=same;endings=ить/ять;root=мен	
измениться	изменяться	verbal_aspect:same:иться/яться:v1	mode=same;endings=иться/яться;root=мен	
измерить	измерять	verbal_aspect:same:ить/ять:v1	mode=same;endings=ить/ять;root=мер	
измокать	измокнуть	verbal_aspect:same:ать/нуть:v1	mode=same;endings=ать/нуть;root=мок	
измусливать	измуслить	verbal_aspect:same:ивать/ить:v1	mode=same;endings=ивать/ить;root=мусл	
измусливаться	измуслиться	verbal_aspect:same:иваться/иться:v1	mode=same;endings=иваться/иться;root=мусл	
измусоливать	измусолить	verbal_aspect:same:ивать/ить:v1	mode=same;endings=ивать/ить;root=мусол	
измусоливаться	измусолиться	verbal_aspect:same:иваться/иться:v1	mode=same;endings=иваться/иться;root=мусол	
измучивать	измучить	verbal_aspect:same:ивать/ить:v1	mode=same;endings=ивать/ить;root=муч	
измучиваться	измучиться	verbal_aspect:same:иваться/иться:v1	mode=same;endings=иваться/иться;root=муч	
изнеживать	изнежить	verbal_aspect:same:ивать/ить:v1	mode=same;endings=ивать/ить;root=неж	
изнеживаться	изнежиться	verbal_aspect:same:иваться/иться:v1	mode=same;endings=иваться/иться;root=неж	
изнурить	изнурять	verbal_aspect:same:ить/ять:v1	mode=same;endings=ить/ять;root=нур	
изнуриться	изнуряться	verbal_aspect:same:иться/яться:v1	mode=same;endings=иться/яться;root=нур	
изобретатель	изобретательский	lemma_suffix:ский:v1	base=изобретатель;suffix=ский	
изощрить	изощрять	verbal_aspect:same:ить/ять:v1	mode=same;endings=ить/ять;root=ощр	
изощриться	изощряться	verbal_aspect:same:иться/яться:v1	mode=same;endings=иться/яться;root=ощр	
изрубать	изрубить	verbal_aspect:same:ать/ить:v1	mode=same;endings=ать/ить;root=руб	
изрыгать	изрыгнуть	verbal_aspect:same:ать/нуть:v1	mode=same;endings=ать/нуть;root=рыг	
изувер	изуверский	lemma_suffix:ский:v1	base=изувер;suffix=ский	
изумруд	изумрудный	relational_adjective:ный:v1	root=изумруд;noun=изумруд;suffix=ный	
изыскатель	изыскательский	lemma_suffix:ский:v1	base=изыскатель;suffix=ский	
инженер	инженерный	relational_adjective:ный:v1	root=инженер;noun=инженер;suffix=ный	
инженер	инженерский	relational_adjective:ский:v1	root=инженер;noun=инженер;suffix=ский	
интерес	интересный	relational_adjective:ный:v1	root=интерес;noun=интерес;suffix=ный	
искалечивать	искалечить	verbal_aspect:same:ивать/ить:v1	mode=same;endings=ивать/ить;root=калеч	
искалечиваться	искалечиться	verbal_aspect:same:иваться/иться:v1	mode=same;endings=иваться/иться;root=калеч	
искатель	искательский	lemma_suffix:ский:v1	base=искатель;suffix=ский	
исключать	исключить	verbal_aspect:same:ать/ить:v1	mode=same;endings=ать/ить;root=ключ	
искореживать	искорежить	verbal_aspect:same:ивать/ить:v1	mode=same;endings=ивать/ить;root=кореж	
искореживаться	искорежиться	verbal_aspect:same:иваться/иться:v1	mode=same;endings=иваться/иться;root=кореж	
искоренить	искоренять	verbal_aspect:same:ить/ять:v1	mode=same;endings=ить/ять;root=корен	
искорениться	искореняться	verbal_aspect:same:иться/яться:v1	mode=same;endings=иться/яться;root=корен	
искуривать	искурить	verbal_aspect:same:ивать/ить:v1	mode=same;endings=ивать/ить;root=кур	
искуриваться	искуриться	verbal_aspect:same:иваться/иться:v1	mode=same;endings=иваться/иться;root=кур	
испарить	испарять	verbal_aspect:same:ить/ять:v1	mode=same;endings=ить/ять;root=пар	
испариться	испаряться	verbal_aspect:same:иться/яться:v1	mode=same;endings=иться/яться;root=пар	
испепелить	испепелять	verbal_aspect:same:ить/ять:v1	mode=same;endings=ить/ять;root=пепел	
испепелиться	испепеляться	verbal_aspect:same:иться/яться:v1	mode=same;endings=иться/яться;root=пепел	
испестрить	испестрять	verbal_aspect:same:ить/ять:v1	mode=same;endings=ить/ять;root=пестр	
испещрить	испещрять	verbal_aspect:same:ить/ять:v1	mode=same;endings=ить/ять;root=пещр	
испоганивать	испоганить	verbal_aspect:same:ивать/ить:v1	mode=same;endings=ивать/ить;root=поган	
испоганиваться	испоганиться	verbal_aspect:same:иваться/иться:v1	mode=same;endings=иваться/иться;root=поган	
исполнитель	исполнительский	lemma_suffix:ский:v1	base=исполнитель;suffix=ский	
исполнить	исполнять	verbal_aspect:same:ить/ять:v1	mode=same;endings=ить/ять;root=полн	
исполниться	исполняться	verbal_aspect:same:иться/яться:v1	mode=same;endings=иться/яться;root=полн	
испражниться	испражняться	verbal_aspect:same:иться/яться:v1	mode=same;endings=иться/яться;root=пражн	
иссаливать	иссалить	verbal_aspect:same:ивать/ить:v1	mode=same;endings=ивать/ить;root=сал	
иссаливаться	иссалиться	verbal_aspect:same:иваться/иться:v1	mode=same;endings=иваться/иться;root=сал	
иссверливать	иссверлить	verbal_aspect:same:ивать/ить:v1	mode=same;endings=ивать/ить;root=сверл	
исследователь	исследовательский	lemma_suffix:ский:v1	base=исследователь;suffix=ский	
иссушать	иссушить	verbal_aspect:same:ать/ить:v1	mode=same;endings=ать/ить;root=суш	
иссякать	иссякнуть	verbal_aspect:same:ать/нуть:v1	mode=same;endings=ать/нуть;root=сяк	
исторгать	исторгнуть	verbal_aspect:same:ать/нуть:v1	mode=same;endings=ать/нуть;root=торг	
источать	источить	verbal_aspect:same:ать/ить:v1	mode=same;endings=ать/ить;root=точ	
источаться	источиться	verbal_aspect:same:аться/иться:v1	mode=same;endings=аться/иться;root=точ	
истощаться	истощиться	verbal_aspect:same:аться/иться:v1	mode=same;endings=аться/иться;root=тощ	
истребитель	истребительский	lemma_suffix:ский:v1	base=истребитель;suffix=ский	
исхитриться	исхитряться	verbal_aspect:same:иться/яться:v1	mode=same;endings=иться/яться;root=хитр	
исцелить	исцелять	verbal_aspect:same:ить/ять:v1	mode=same;endings=ить/ять;root=цел	
исцелиться	исцеляться	verbal_aspect:same:иться/яться:v1	mode=same;endings=иться/яться;root=цел	
исчезать	исчезнуть	verbal_aspect:same:ать/нуть:v1	mode=same;endings=ать/нуть;root=исчез	
исчислить	исчислять	verbal_aspect:same:ить/ять:v1	mode=same;endings=ить/ять;root=числ	
июль	июльский	lemma_suffix:ский:v1	base=июль;suffix=ский	
каверза	каверзный	relational_adjective:ный:v1	root=каверз;noun=каверза;suffix=ный	
казначей	казначейский	lemma_suffix:ский:v1	base=казначей;suffix=ский	
каков	каковский	lemma_suffix:ский:v1	base=каков;suffix=ский	
кал	каловый	relational_adjective:овый:v1	root=кал;noun=кал;suffix=овый	
каланча	каланчовый	relational_adjective:овый:v1	root=каланч;noun=каланча;suffix=овый	
калач	калачник	lemma_suffix:ник:v1	base=калач;suffix=ник	
калач	калачный	relational_adjective:ный:v1	root=калач;noun=калач;suffix=ный	
калина	калиновый	relational_adjective:овый:v1	root=калин;noun=калина;suffix=овый	
калоша	калошный	relational_adjective:ный:v1	root=калош;noun=калоша;suffix=ный	
камыш	камышник	lemma_suffix:ник:v1	base=камыш;suffix=ник	
камыш	камышовый	relational_adjective:овый:v1	root=камыш;noun=камыш;suffix=овый	
камышит	камышитовый	lemma_suffix:овый:v1	base=камышит;suffix=овый	
канат	канатник	lemma_suffix:ник:v1	base=канат;suffix=ник	
канат	канатный	relational_adjective:ный:v1	root=канат;noun=канат;suffix=ный	
канва	канвовый	relational_adjective:овый:v1	root=канв;noun=канва;suffix=овый	
канун	канунный	relational_adjective:ный:v1	root=канун;noun=канун;suffix=ный	
капать	капнуть	verbal_aspect:same:ать/нуть:v1	mode=same;endings=ать/нуть;root=кап	
капель	капельник	lemma_suffix:ник:v1	base=капель;suffix=ник	
капкан	капканный	relational_adjective:ный:v1	root=капкан;noun=капкан;suffix=ный	
каприз	капризник	lemma_suffix:ник:v1	base=каприз;suffix=ник	
каприз	капризный	relational_adjective:ный:v1	root=каприз;noun=каприз;suffix=ный	
капуста	капустный	relational_adjective:ный:v1	root=капуст;noun=капуста;suffix=ный	
карандаш	карандашный	relational_adjective:ный:v1	root=карандаш;noun=карандаш;suffix=ный	
карасевый	карась	relational_adjective:евый:v1	root=карас;noun=карась;suffix=евый	
карета	каретный	relational_adjective:ный:v1	root=карет;noun=карета;suffix=ный	
карлик	карликовый	lemma_suffix:овый:v1	base=карлик;suffix=овый	
карман	карманник	lemma_suffix:ник:v1	base=карман;suffix=ник	
карман	карманный	relational_adjective:ный:v1	root=карман;noun=карман;suffix=ный	
карп	карповый	relational_adjective:овый:v1	root=карп;noun=карп;suffix=овый	
картеж	картежник	lemma_suffix:ник:v1	base=картеж;suffix=ник	
картечный	картечь	relational_adjective:ный:v1	root=картеч;noun=картечь;suffix=ный	
катать	катнуть	verbal_aspect:same:ать/нуть:v1	mode=same;endings=ать/нуть;root=кат	
кафтан	кафтанный	relational_adjective:ный:v1	root=кафтан;noun=кафтан;suffix=ный	
качать	качнуть	verbal_aspect:same:ать/нуть:v1	mode=same;endings=ать/нуть;root=кач	
каштан	каштановый	relational_adjective:овый:v1	root=каштан;noun=каштан;suffix=овый	
квартира	квартирный	relational_adjective:ный:v1	root=квартир;noun=квартира;suffix=ный	
квас	квасной	relational_adjective:ной:v1	root=квас;noun=квас;suffix=ной	
кедр	кедровый	relational_adjective:овый:v1	root=кедр;noun=кедр;suffix=овый	
керосин	керосинный	relational_adjective:ный:v1	root=керосин;noun=керосин;suffix=ный	
керосин	керосиновый	relational_adjective:овый:v1	root=керосин;noun=керосин;suffix=овый	
кивать	кивнуть	verbal_aspect:same:ать/нуть:v1	mode=same;endings=ать/нуть;root=кив	
киноварный	киноварь	relational_adjective:ный:v1	root=киновар;noun=киноварь;suffix=ный	
кирка	кирковый	relational_adjective:овый:v1	root=кирк;noun=кирка;suffix=овый	
кирпич	кирпичник	lemma_suffix:ник:v1	base=кирпич;suffix=ник	
кирпич	кирпичный	relational_adjective:ный:v1	root=кирпич;noun=кирпич;suffix=ный	
кит	китовый	relational_adjective:овый:v1	root=кит;noun=кит;suffix=овый	
класс	классный	relational_adjective:ный:v1	root=класс;noun=класс;suffix=ный	
класс	классовый	relational_adjective:овый:v1	root=класс;noun=класс;suffix=овый	
клевер	клеверный	relational_adjective:ный:v1	root=клевер;noun=клевер;suffix=ный	
клен	кленовый	relational_adjective:овый:v1	root=клен;noun=клен;suffix=овый	
клест	клестовый	relational_adjective:овый:v1	root=клест;noun=клест;suffix=овый	
клеш	клешник	lemma_suffix:ник:v1	base=клеш;suffix=ник	
клещ	клещовый	relational_adjective:овый:v1	root=клещ;noun=клещ;suffix=овый	
кликать	кликнуть	verbal_aspect:same:ать/нуть:v1	mode=same;endings=ать/нуть;root=клик	
клоп	клопиный	relational_adjective:иный:v1	root=клоп;noun=клоп;suffix=иный	
клоп	клоповый	relational_adjective:овый:v1	root=клоп;noun=клоп;suffix=овый	
клюкать	клюкнуть	verbal_aspect:same:ать/нуть:v1	mode=same;endings=ать/нуть;root=клюк	
кляуза	кляузный	relational_adjective:ный:v1	root=кляуз;noun=кляуза;suffix=ный	
кобелиный	кобель	relational_adjective:иный:v1	root=кобел;noun=кобель;suffix=иный	
ковер	коверный	relational_adjective:ный:v1	root=ковер;noun=ковер;suffix=ный	
ковш	ковшовый	relational_adjective:овый:v1	root=ковш;noun=ковш;suffix=овый	
кожа	кожный	relational_adjective:ный:v1	root=кож;noun=кожа;suffix=ный	
коза	козовод	profession:v1	head=коз;tail=;source=tikhonov	
коза	козоводство	profession:v1	head=коз;tail=ство;source=tikhonov	
коза	козоводческий	profession:v1	head=коз;tail=ческий;source=tikhonov	
козырной	козырь	relational_adjective:ной:v1	root=козыр;noun=козырь;suffix=ной	
козырный	козырь	relational_adjective:ный:v1	root=козыр;noun=козырь;suffix=ный	
кокать	кокнуть	verbal_aspect:same:ать/нуть:v1	mode=same;endings=ать/нуть;root=кок	
колбаса	колбасный	relational_adjective:ный:v1	root=колбас;noun=колбаса;suffix=ный	
коленный	колено	relational_adjective:ный:v1	root=колен;noun=колено;suffix=ный	
колода	колодный	relational_adjective:ный:v1	root=колод;noun=колода;suffix=ный	
колодезный	колодезь	relational_adjective:ный:v1	root=колодез;noun=колодезь;suffix=ный	
колосник	колосниковый	lemma_suffix:овый:v1	base=колосник;suffix=овый	
колошник	колошниковый	lemma_suffix:овый:v1	base=колошник;suffix=овый	
колчан	колчанный	relational_adjective:ный:v1	root=колчан;noun=колчан;suffix=ный	
колыхать	колыхнуть	verbal_aspect:same:ать/нуть:v1	mode=same;endings=ать/нуть;root=колых	
коляда	колядный	relational_adjective:ный:v1	root=коляд;noun=коляда;suffix=ный	
коляда	колядский	relational_adjective:ский:v1	root=коляд;noun=коляда;suffix=ский	
команда	командный	relational_adjective:ный:v1	root=команд;noun=команда;suffix=ный	
командир	командирский	lemma_suffix:ский:v1	base=командир;suffix=ский	
командор	командорский	lemma_suffix:ский:v1	base=командор;suffix=ский	
комар	комариный	relational_adjective:иный:v1	root=комар;noun=комар;suffix=иный	
комната	комнатный	relational_adjective:ный:v1	root=комнат;noun=комната;suffix=ный	
комод	комодный	relational_adjective:ный:v1	root=комод;noun=комод;suffix=ный	
компас	компасный	relational_adjective:ный:v1	root=компас;noun=компас;suffix=ный	
компот	компотный	relational_adjective:ный:v1	root=компот;noun=компот;suffix=ный	
кон	коновый	relational_adjective:овый:v1	root=кон;noun=кон;suffix=овый	
конец	кончать	manual_accept:v1	source=manual	accept
конный	конь	relational_adjective:ный:v1	root=кон;noun=конь;suffix=ный	
конопель	конопельник	lemma_suffix:ник:v1	base=конопель;suffix=ник	
конопля	конопляник	lemma_suffix:ник:v1	base=конопля;suffix=ник	
конский	конь	relational_adjective:ский:v1	root=кон;noun=конь;suffix=ский	
контора	конторский	relational_adjective:ский:v1	root=контор;noun=контора;suffix=ский	
конфета	конфетный	relational_adjective:ный:v1	root=конфет;noun=конфета;suffix=ный	
копать	копнуть	verbal_aspect:same:ать/нуть:v1	mode=same;endings=ать/нуть;root=коп	
коренной	корень	relational_adjective:ной:v1	root=корен;noun=корень;suffix=ной	
корзина	корзинный	relational_adjective:ный:v1	root=корзин;noun=корзина;suffix=ный	
коридор	коридорный	relational_adjective:ный:v1	root=коридор;noun=коридор;suffix=ный	
корыстный	корысть	relational_adjective:ный:v1	root=корыст;noun=корысть;suffix=ный	
костный	кость	relational_adjective:ный:v1	root=кост;noun=кость;suffix=ный	
костюм	костюмный	relational_adjective:ный:v1	root=костюм;noun=костюм;suffix=ный	
котик	котиковый	lemma_suffix:овый:v1	base=котик;suffix=овый	
котлета	котлетный	relational_adjective:ный:v1	root=котлет;noun=котлета;suffix=ный	
кофеин	кофеиновый	lemma_suffix:овый:v1	base=кофеин;suffix=овый	
кочегар	кочегарный	relational_adjective:ный:v1	root=кочегар;noun=кочегар;suffix=ный	
кошма	кошмовый	relational_adjective:овый:v1	root=кошм;noun=кошма;suffix=овый	
крапива	крапивный	relational_adjective:ный:v1	root=крапив;noun=крапива;suffix=ный	
крат	кратный	relational_adjective:ный:v1	root=крат;noun=крат;suffix=ный	
крест	крестник	lemma_suffix:ник:v1	base=крест;suffix=ник	
крест	крестный	relational_adjective:ный:v1	root=крест;noun=крест;suffix=ный	
крест	крестовый	relational_adjective:овый:v1	root=крест;noun=крест;suffix=овый	
кречет	кречетовый	relational_adjective:овый:v1	root=кречет;noun=кречет;suffix=овый	
кроватный	кровать	relational_adjective:ный:v1	root=кроват;noun=кровать;suffix=ный	
кровный	кровь	relational_adjective:ный:v1	root=кров;noun=кровь;suffix=ный	
крокодил	крокодиловый	relational_adjective:овый:v1	root=крокодил;noun=крокодил;suffix=овый	
кролик	кроликовый	lemma_suffix:овый:v1	base=кролик;suffix=овый	
крот	кротовый	relational_adjective:овый:v1	root=крот;noun=крот;suffix=овый	
крыса	крысиный	relational_adjective:иный:v1	root=крыс;noun=крыса;suffix=иный	
кряж	кряжевый	relational_adjective:евый:v1	root=кряж;noun=кряж;suffix=евый	
кувшин	кувшинный	relational_adjective:ный:v1	root=кувшин;noun=кувшин;suffix=ный	
кузов	кузовной	relational_adjective:ной:v1	root=кузов;noun=кузов;suffix=ной	
кукарекать	кукарекнуть	verbal_aspect:same:ать/нуть:v1	mode=same;endings=ать/нуть;root=кукарек	
кукла	кукловод	profession:v1	head=кукл;tail=;source=tikhonov	
кукуруза	кукурузный	relational_adjective:ный:v1	root=кукуруз;noun=кукуруза;suffix=ный	
кукуруза	кукурузовод	profession:v1	head=кукуруз;tail=;source=tikhonov	
кулич	куличный	relational_adjective:ный:v1	root=кулич;noun=кулич;suffix=ный	
кумач	кумачный	relational_adjective:ный:v1	root=кумач;noun=кумач;suffix=ный	
кумач	кумачовый	relational_adjective:овый:v1	root=кумач;noun=кумач;suffix=овый	
кур	куриный	relational_adjective:иный:v1	root=кур;noun=кур;suffix=иный	
кур	курник	lemma_suffix:ник:v1	base=кур;suffix=ник	
кура	куриный	relational_adjective:иный:v1	root=кур;noun=кура;suffix=иный	
кура	куровод	profession:v1	head=кур;tail=;source=tikhonov	
кура	куроводство	profession:v1	head=кур;tail=ство;source=tikhonov	
кура	куроводческий	profession:v1	head=кур;tail=ческий;source=tikhonov	
курган	курганный	relational_adjective:ный:v1	root=курган;noun=курган;suffix=ный	
кусать	куснуть	verbal_aspect:same:ать/нуть:v1	mode=same;endings=ать/нуть;root=кус	
кустарник	кустарниковый	lemma_suffix:овый:v1	base=кустарник;suffix=овый	
куча	кучный	relational_adjective:ный:v1	root=куч;noun=куча;suffix=ный	
кучер	кучерской	relational_adjective:ской:v1	root=кучер;noun=кучер;suffix=ской	
лабаз	лабазник	lemma_suffix:ник:v1	base=лабаз;suffix=ник	
лабаз	лабазный	relational_adjective:ный:v1	root=лабаз;noun=лабаз;suffix=ный	
лавр	лавровый	relational_adjective:овый:v1	root=лавр;noun=лавр;suffix=овый	
лавра	лаврский	relational_adjective:ский:v1	root=лавр;noun=лавра;suffix=ский	
лагерный	лагерь	relational_adjective:ный:v1	root=лагер;noun=лагерь;suffix=ный	
лад	ладный	relational_adjective:ный:v1	root=лад;noun=лад;suffix=ный	
лад	ладовый	relational_adjective:овый:v1	root=лад;noun=лад;suffix=овый	
лада	ладный	relational_adjective:ный:v1	root=лад;noun=лада;suffix=ный	
лада	ладовый	relational_adjective:овый:v1	root=лад;noun=лада;suffix=овый	
ладонный	ладонь	relational_adjective:ный:v1	root=ладон;noun=ладонь;suffix=ный	
лазурный	лазурь	relational_adjective:ный:v1	root=лазур;noun=лазурь;suffix=ный	
лампа	ламповый	relational_adjective:овый:v1	root=ламп;noun=лампа;suffix=овый	
ландыш	ландышевый	relational_adjective:евый:v1	root=ландыш;noun=ландыш;suffix=евый	
лапа	лаповый	relational_adjective:овый:v1	root=лап;noun=лапа;suffix=овый	
лапотный	лапоть	relational_adjective:ный:v1	root=лапот;noun=лапоть;suffix=ный	
лапша	лапшовый	relational_adjective:овый:v1	root=лапш;noun=лапша;suffix=овый	
ласка	ласковый	relational_adjective:овый:v1	root=ласк;noun=ласка;suffix=овый	
лебединый	лебедь	relational_adjective:иный:v1	root=лебед;noun=лебедь;suffix=иный	
лед	ледник	lemma_suffix:ник:v1	base=лед;suffix=ник	
лед	ледовый	relational_adjective:овый:v1	root=лед;noun=лед;suffix=овый	
ледник	ледниковый	lemma_suffix:овый:v1	base=ледник;suffix=овый	
лес	лесник	lemma_suffix:ник:v1	base=лес;suffix=ник	
лес	лесной	relational_adjective:ной:v1	root=лес;noun=лес;suffix=ной	
лестный	лесть	relational_adjective:ный:v1	root=лест;noun=лесть;suffix=ный	
лет	летный	relational_adjective:ный:v1	root=лет;noun=лет;suffix=ный	
лета	летний	relational_adjective:ний:v1	root=лет;noun=лета;suffix=ний	
летний	лето	relational_adjective:ний:v1	root=лет;noun=лето;suffix=ний	
лещ	лещовый	relational_adjective:овый:v1	root=лещ;noun=лещ;suffix=овый	
лещина	лещиновый	relational_adjective:овый:v1	root=лещин;noun=лещина;suffix=овый	
лизать	лизнуть	verbal_aspect:same:ать/нуть:v1	mode=same;endings=ать/нуть;root=лиз	
липа	липовый	relational_adjective:овый:v1	root=лип;noun=липа;suffix=овый	
лис	лисиный	relational_adjective:иный:v1	root=лис;noun=лис;suffix=иный	
лиса	лисиный	relational_adjective:иный:v1	root=лис;noun=лиса;suffix=иный	
лишай	лишайник	lemma_suffix:ник:v1	base=лишай;suffix=ник	
лишать	лишить	verbal_aspect:same:ать/ить:v1	mode=same;endings=ать/ить;root=лиш	
лишаться	лишиться	verbal_aspect:same:аться/иться:v1	mode=same;endings=аться/иться;root=лиш	
лоб	лобный	relational_adjective:ный:v1	root=лоб;noun=лоб;suffix=ный	
ложный	ложь	relational_adjective:ный:v1	root=лож;noun=ложь;suffix=ный	
лоза	лозный	relational_adjective:ный:v1	root=лоз;noun=лоза;suffix=ный	
лозняк	лозняковый	lemma_suffix:овый:v1	base=лозняк;suffix=овый	
лонный	лоно	relational_adjective:ный:v1	root=лон;noun=лоно;suffix=ный	
лопастный	лопасть	relational_adjective:ный:v1	root=лопаст;noun=лопасть;suffix=ный	
лопать	лопнуть	verbal_aspect:same:ать/нуть:v1	mode=same;endings=ать/нуть;root=лоп	
лосевый	лось	relational_adjective:евый:v1	root=лос;noun=лось;suffix=евый	
лосиный	лось	relational_adjective:иный:v1	root=лос;noun=лось;suffix=иный	
лоскут	лоскутный	relational_adjective:ный:v1	root=лоскут;noun=лоскут;suffix=ный	
лососевый	лосось	relational_adjective:евый:v1	root=лосос;noun=лосось;suffix=евый	
лох	лоховый	relational_adjective:овый:v1	root=лох;noun=лох;suffix=овый	
лоханный	лохань	relational_adjective:ный:v1	root=лохан;noun=лохань;suffix=ный	
луна	лунный	relational_adjective:ный:v1	root=лун;noun=луна;suffix=ный	
лыжа	лыжный	relational_adjective:ный:v1	root=лыж;noun=лыжа;suffix=ный	
лыко	лыковый	relational_adjective:овый:v1	root=лык;noun=лыко;suffix=овый	
любитель	любительский	lemma_suffix:ский:v1	base=любитель;suffix=ский	
люд	людный	relational_adjective:ный:v1	root=люд;noun=люд;suffix=ный	
лягать	лягнуть	verbal_aspect:same:ать/нуть:v1	mode=same;endings=ать/нуть;root=ляг	
лязгать	лязгнуть	verbal_aspect:same:ать/нуть:v1	mode=same;endings=ать/нуть;root=лязг	
ляпать	ляпнуть	verbal_aspect:same:ать/нуть:v1	mode=same;endings=ать/нуть;root=ляп	
магазин	магазинный	relational_adjective:ный:v1	root=магазин;noun=магазин;suffix=ный	
магнит	магнитный	relational_adjective:ный:v1	root=магнит;noun=магнит;suffix=ный	
мазать	мазнуть	verbal_aspect:same:ать/нуть:v1	mode=same;endings=ать/нуть;root=маз	
мазевый	мазь	relational_adjective:евый:v1	root=маз;noun=мазь;suffix=евый	
май	майник	lemma_suffix:ник:v1	base=май;suffix=ник	
май	майский	lemma_suffix:ский:v1	base=май;suffix=ский	
мак	маковый	relational_adjective:овый:v1	root=мак;noun=мак;suffix=овый	
макать	макнуть	verbal_aspect:same:ать/нуть:v1	mode=same;endings=ать/нуть;root=мак	
маков	маковник	lemma_suffix:ник:v1	base=маков;suffix=ник	
малина	малинный	relational_adjective:ный:v1	root=малин;noun=малина;suffix=ный	
малина	малиновый	relational_adjective:овый:v1	root=малин;noun=малина;suffix=овый	
мальчик	мальчиковый	lemma_suffix:овый:v1	base=мальчик;suffix=овый	
мастер	мастерский	lemma_suffix:ский:v1	base=мастер;suffix=ский	
материк	материковый	lemma_suffix:овый:v1	base=материк;suffix=овый	
материн	материнский	lemma_suffix:ский:v1	base=материн;suffix=ский	
матрас	матрасник	lemma_suffix:ник:v1	base=матрас;suffix=ник	
матрас	матрасный	relational_adjective:ный:v1	root=матрас;noun=матрас;suffix=ный	
матрос	матросский	relational_adjective:ский:v1	root=матрос;noun=матрос;suffix=ский	
махать	махнуть	verbal_aspect:same:ать/нуть:v1	mode=same;endings=ать/нуть;root=мах	
маховик	маховиковый	lemma_suffix:овый:v1	base=маховик;suffix=овый	
мачта	мачтовый	relational_adjective:овый:v1	root=мачт;noun=мачта;suffix=овый	
машина	машинный	relational_adjective:ный:v1	root=машин;noun=машина;suffix=ный	
маятник	маятниковый	lemma_suffix:овый:v1	base=маятник;suffix=овый	
мед	медовый	relational_adjective:овый:v1	root=мед;noun=мед;suffix=овый	
мед	медоносный	manual_accept:v1	source=manual	accept
медный	медь	relational_adjective:ный:v1	root=мед;noun=медь;suffix=ный	
меж	межник	lemma_suffix:ник:v1	base=меж;suffix=ник	
мездра	мездровый	relational_adjective:овый:v1	root=мездр;noun=мездра;suffix=овый	
мелькать	мелькнуть	verbal_aspect:same:ать/нуть:v1	mode=same;endings=ать/нуть;root=мельк	
мера	мерный	relational_adjective:ный:v1	root=мер;noun=мера;suffix=ный	
местный	место	relational_adjective:ный:v1	root=мест;noun=место;suffix=ный	
метать	метнуть	verbal_aspect:same:ать/нуть:v1	mode=same;endings=ать/нуть;root=мет	
меч	мечник	lemma_suffix:ник:v1	base=меч;suffix=ник	
мигать	мигнуть	verbal_aspect:same:ать/нуть:v1	mode=same;endings=ать/нуть;root=миг	
милейший	милый	adjective_degree:ейший:v1	stem=мил;ending=ейший	
мина	минный	relational_adjective:ный:v1	root=мин;noun=мина;suffix=ный	
миндалевый	миндаль	relational_adjective:евый:v1	root=миндал;noun=миндаль;suffix=евый	
миндаль	миндальник	lemma_suffix:ник:v1	base=миндаль;suffix=ник	
минута	минутный	relational_adjective:ный:v1	root=минут;noun=минута;suffix=ный	
мир	мирный	relational_adjective:ный:v1	root=мир;noun=мир;suffix=ный	
мишенный	мишень	relational_adjective:ный:v1	root=мишен;noun=мишень;suffix=ный	
мишура	мишурный	relational_adjective:ный:v1	root=мишур;noun=мишура;suffix=ный	
монета	монетный	relational_adjective:ный:v1	root=монет;noun=монета;suffix=ный	
моргать	моргнуть	verbal_aspect:same:ать/нуть:v1	mode=same;endings=ать/нуть;root=морг	
море	морской	relational_adjective:ской:v1	root=мор;noun=море;suffix=ской	
морж	моржовый	relational_adjective:овый:v1	root=морж;noun=морж;suffix=овый	
морковный	морковь	relational_adjective:ный:v1	root=морков;noun=морковь;suffix=ный	
мороз	морозный	relational_adjective:ный:v1	root=мороз;noun=мороз;suffix=ный	
мотать	мотнуть	verbal_aspect:same:ать/нуть:v1	mode=same;endings=ать/нуть;root=мот	
мощный	мощь	relational_adjective:ный:v1	root=мощ;noun=мощь;suffix=ный	
мразный	мразь	relational_adjective:ный:v1	root=мраз;noun=мразь;suffix=ный	
муж	мужний	relational_adjective:ний:v1	root=муж;noun=муж;suffix=ний	
муж	мужской	relational_adjective:ской:v1	root=муж;noun=муж;suffix=ской	
музыкант	музыкантский	lemma_suffix:ский:v1	base=музыкант;suffix=ский	
мундир	мундирный	relational_adjective:ный:v1	root=мундир;noun=мундир;suffix=ный	
муравей	муравейник	lemma_suffix:ник:v1	base=муравей;suffix=ник	
мусор	мусорный	relational_adjective:ный:v1	root=мусор;noun=мусор;suffix=ный	
мышиный	мышь	relational_adjective:иный:v1	root=мыш;noun=мышь;suffix=иный	
мышьяк	мышьяковый	lemma_suffix:овый:v1	base=мышьяк;suffix=овый	
мясной	мясо	relational_adjective:ной:v1	root=мяс;noun=мясо;suffix=ной	
мятеж	мятежник	lemma_suffix:ник:v1	base=мятеж;suffix=ник	
набагривать	набагрить	verbal_aspect:same:ивать/ить:v1	mode=same;endings=ивать/ить;root=багр	
набат	набатный	relational_adjective:ный:v1	root=набат;noun=набат;suffix=ный	
набег	набеговый	lemma_suffix:овый:v1	base=набег;suffix=овый	
наблюдатель	наблюдательский	lemma_suffix:ский:v1	base=наблюдатель;suffix=ский	
набучивать	набучить	verbal_aspect:same:ивать/ить:v1	mode=same;endings=ивать/ить;root=буч	
наваливать	навалить	verbal_aspect:same:ивать/ить:v1	mode=same;endings=ивать/ить;root=вал	
наваливаться	навалиться	verbal_aspect:same:иваться/иться:v1	mode=same;endings=иваться/иться;root=вал	
наваривать	наварить	verbal_aspect:same:ивать/ить:v1	mode=same;endings=ивать/ить;root=вар	
навести	наводить	verbal_aspect:alt:ить/ти:v1	mode=alt;endings=ить/ти;root=	
нависать	нависнуть	verbal_aspect:same:ать/нуть:v1	mode=same;endings=ать/нуть;root=вис	
навоз	навозник	lemma_suffix:ник:v1	base=навоз;suffix=ник	
навыкать	навыкнуть	verbal_aspect:same:ать/нуть:v1	mode=same;endings=ать/нуть;root=вык	
навьючивать	навьючить	verbal_aspect:same:ивать/ить:v1	mode=same;endings=ивать/ить;root=вьюч	
навьючиваться	навьючиться	verbal_aspect:same:иваться/иться:v1	mode=same;endings=иваться/иться;root=вьюч	
навязнуть	навязывать	verbal_aspect:same:нуть/ывать:v1	mode=same;endings=нуть/ывать;root=вяз	
наделить	наделять	verbal_aspect:same:ить/ять:v1	mode=same;endings=ить/ять;root=дел	
надзиратель	надзирательский	lemma_suffix:ский:v1	base=надзиратель;suffix=ский	
надклеивать	надклеить	verbal_aspect:same:ивать/ить:v1	mode=same;endings=ивать/ить;root=кле	
надкусить	надкусывать	verbal_aspect:same:ить/ывать:v1	mode=same;endings=ить/ывать;root=кус	
надпиливать	надпилить	verbal_aspect:same:ивать/ить:v1	mode=same;endings=ивать/ить;root=пил	
надрубать	надрубить	verbal_aspect:same:ать/ить:v1	mode=same;endings=ать/ить;root=руб	
наезд	наездник	lemma_suffix:ник:v1	base=наезд;suffix=ник	
наем	наемник	lemma_suffix:ник:v1	base=наем;suffix=ник	
нажаривать	нажарить	verbal_aspect:same:ивать/ить:v1	mode=same;endings=ивать/ить;root=жар	
нажариваться	нажариться	verbal_aspect:same:иваться/иться:v1	mode=same;endings=иваться/иться;root=жар	
накаливать	накалить	verbal_aspect:same:ивать/ить:v1	mode=same;endings=ивать/ить;root=кал	
накаливаться	накалиться	verbal_aspect:same:иваться/иться:v1	mode=same;endings=иваться/иться;root=кал	
накалить	накалять	verbal_aspect:same:ить/ять:v1	mode=same;endings=ить/ять;root=кал	
накалиться	накаляться	verbal_aspect:same:иться/яться:v1	mode=same;endings=иться/яться;root=кал	
накат	накатник	lemma_suffix:ник:v1	base=накат;suffix=ник	
накатить	накатывать	verbal_aspect:same:ить/ывать:v1	mode=same;endings=ить/ывать;root=кат	
накатиться	накатываться	verbal_aspect:same:иться/ываться:v1	mode=same;endings=иться/ываться;root=кат	
накисать	накиснуть	verbal_aspect:same:ать/нуть:v1	mode=same;endings=ать/нуть;root=кис	
накладывать	наложить	verbal_aspect:cross:ить/ывать:v1	mode=cross;endings=ить/ывать;root=	
наклеивать	наклеить	verbal_aspect:same:ивать/ить:v1	mode=same;endings=ивать/ить;root=кле	
наклеиваться	наклеиться	verbal_aspect:same:иваться/иться:v1	mode=same;endings=иваться/иться;root=кле	
наклонить	наклонять	verbal_aspect:same:ить/ять:v1	mode=same;endings=ить/ять;root=клон	
наклониться	наклоняться	verbal_aspect:same:иться/яться:v1	mode=same;endings=иться/яться;root=клон	
накрахмаливать	накрахмалить	verbal_aspect:same:ивать/ить:v1	mode=same;endings=ивать/ить;root=крахмал	
накрахмаливаться	накрахмалиться	verbal_aspect:same:иваться/иться:v1	mode=same;endings=иваться/иться;root=крахмал	
накуривать	накурить	verbal_aspect:same:ивать/ить:v1	mode=same;endings=ивать/ить;root=кур	
накуриваться	накуриться	verbal_aspect:same:иваться/иться:v1	mode=same;endings=иваться/иться;root=кур	
налипать	налипнуть	verbal_aspect:same:ать/нуть:v1	mode=same;endings=ать/нуть;root=лип	
налог	налоговый	lemma_suffix:овый:v1	base=налог;suffix=овый	
намасливать	намаслить	verbal_aspect:same:ивать/ить:v1	mode=same;endings=ивать/ить;root=масл	
намекать	намекнуть	verbal_aspect:same:ать/нуть:v1	mode=same;endings=ать/нуть;root=мек	
намерзать	намерзнуть	verbal_aspect:same:ать/нуть:v1	mode=same;endings=ать/нуть;root=мерз	
намеривать	намерить	verbal_aspect:same:ивать/ить:v1	mode=same;endings=ивать/ить;root=мер	
намерить	намерять	verbal_aspect:same:ить/ять:v1	mode=same;endings=ить/ять;root=мер	
намокать	намокнуть	verbal_aspect:same:ать/нуть:v1	mode=same;endings=ать/нуть;root=мок	
намусливать	намуслить	verbal_aspect:same:ивать/ить:v1	mode=same;endings=ивать/ить;root=мусл	
намякать	намякнуть	verbal_aspect:same:ать/нуть:v1	mode=same;endings=ать/нуть;root=мяк	
наниматель	нанимательский	lemma_suffix:ский:v1	base=наниматель;suffix=ский	
наперчивать	наперчить	verbal_aspect:same:ивать/ить:v1	mode=same;endings=ивать/ить;root=перч	
напиливать	напилить	verbal_aspect:same:ивать/ить:v1	mode=same;endings=ивать/ить;root=пил	
наполнить	наполнять	verbal_aspect:same:ить/ять:v1	mode=same;endings=ить/ять;root=полн	
наполниться	наполняться	verbal_aspect:same:иться/яться:v1	mode=same;endings=иться/яться;root=полн	
напруживать	напружить	verbal_aspect:same:ивать/ить:v1	mode=same;endings=ивать/ить;root=пруж	
напруживаться	напружиться	verbal_aspect:same:иваться/иться:v1	mode=same;endings=иваться/иться;root=пруж	
напудривать	напудрить	verbal_aspect:same:ивать/ить:v1	mode=same;endings=ивать/ить;root=пудр	
напудриваться	напудриться	verbal_aspect:same:иваться/иться:v1	mode=same;endings=иваться/иться;root=пудр	
напухать	напухнуть	verbal_aspect:same:ать/нуть:v1	mode=same;endings=ать/нуть;root=пух	
народ	народник	lemma_suffix:ник:v1	base=народ;suffix=ник	
нарумянивать	нарумянить	verbal_aspect:same:ивать/ить:v1	mode=same;endings=ивать/ить;root=румян	
нарумяниваться	нарумяниться	verbal_aspect:same:иваться/иться:v1	mode=same;endings=иваться/иться;root=румян	
нарушать	нарушить	verbal_aspect:same:ать/ить:v1	mode=same;endings=ать/ить;root=руш	
нарушаться	нарушиться	verbal_aspect:same:аться/иться:v1	mode=same;endings=аться/иться;root=руш	
нарыв	нарывник	lemma_suffix:ник:v1	base=нарыв;suffix=ник	
насахаривать	насахарить	verbal_aspect:same:ивать/ить:v1	mode=same;endings=ивать/ить;root=сахар	
насверливать	насверлить	verbal_aspect:same:ивать/ить:v1	mode=same;endings=ивать/ить;root=сверл	
населить	населять	verbal_aspect:same:ить/ять:v1	mode=same;endings=ить/ять;root=сел	
населиться	населяться	verbal_aspect:same:иться/яться:v1	mode=same;endings=иться/яться;root=сел	
насинивать	насинить	verbal_aspect:same:ивать/ить:v1	mode=same;endings=ивать/ить;root=син	
наст	настовый	relational_adjective:овый:v1	root=наст;noun=наст;suffix=овый	
настигать	настигнуть	verbal_aspect:same:ать/нуть:v1	mode=same;endings=ать/нуть;root=стиг	
наступать	наступить	verbal_aspect:same:ать/ить:v1	mode=same;endings=ать/ить;root=ступ	
насучивать	насучить	verbal_aspect:same:ивать/ить:v1	mode=same;endings=ивать/ить;root=суч	
насушивать	насушить	verbal_aspect:same:ивать/ить:v1	mode=same;endings=ивать/ить;root=суш	
натуживать	натужить	verbal_aspect:same:ивать/ить:v1	mode=same;endings=ивать/ить;root=туж	
натуживаться	натужиться	verbal_aspect:same:иваться/иться:v1	mode=same;endings=иваться/иться;root=туж	
нахваливать	нахвалить	verbal_aspect:same:ивать/ить:v1	mode=same;endings=ивать/ить;root=хвал	
нахваливаться	нахвалиться	verbal_aspect:same:иваться/иться:v1	mode=same;endings=иваться/иться;root=хвал	
нахлестнуть	нахлестывать	verbal_aspect:same:нуть/ывать:v1	mode=same;endings=нуть/ывать;root=хлест	
нахмуривать	нахмурить	verbal_aspect:same:ивать/ить:v1	mode=same;endings=ивать/ить;root=хмур	
нахмуриваться	нахмуриться	verbal_aspect:same:иваться/иться:v1	mode=same;endings=иваться/иться;root=хмур	
нахохливать	нахохлить	verbal_aspect:same:ивать/ить:v1	mode=same;endings=ивать/ить;root=хохл	
нахохливаться	нахохлиться	verbal_aspect:same:иваться/иться:v1	mode=same;endings=иваться/иться;root=хохл	
нацеливать	нацелить	verbal_aspect:same:ивать/ить:v1	mode=same;endings=ивать/ить;root=цел	
нацеливаться	нацелиться	verbal_aspect:same:иваться/иться:v1	mode=same;endings=иваться/иться;root=цел	
наценивать	наценить	verbal_aspect:same:ивать/ить:v1	mode=same;endings=ивать/ить;root=цен	
начеканивать	начеканить	verbal_aspect:same:ивать/ить:v1	mode=same;endings=ивать/ить;root=чекан	
начинивать	начинить	verbal_aspect:same:ивать/ить:v1	mode=same;endings=ивать/ить;root=чин	
начинить	начинять	verbal_aspect:same:ить/ять:v1	mode=same;endings=ить/ять;root=чин	
начислить	начислять	verbal_aspect:same:ить/ять:v1	mode=same;endings=ить/ять;root=числ	
нашпаривать	нашпарить	verbal_aspect:same:ивать/ить:v1	mode=same;endings=ивать/ить;root=шпар	
нашпиливать	нашпилить	verbal_aspect:same:ивать/ить:v1	mode=same;endings=ивать/ить;root=шпил	
небный	небо	relational_adjective:ный:v1	root=неб;noun=небо;suffix=ный	
невод	неводник	lemma_suffix:ник:v1	base=невод;suffix=ник	
негодяй	негодяйский	lemma_suffix:ский:v1	base=негодяй;suffix=ский	
нерест	нерестовый	relational_adjective:овый:v1	root=нерест;noun=нерест;suffix=овый	
нога	ножка	diminutive:v1	root=ног;alt=нож;suffix=ка	
нож	ножовый	relational_adjective:овый:v1	root=нож;noun=нож;suffix=овый	
номер	номерной	relational_adjective:ной:v1	root=номер;noun=номер;suffix=ной	
нора	норный	relational_adjective:ный:v1	root=нор;noun=нора;suffix=ный	
ночной	ночь	relational_adjective:ной:v1	root=ноч;noun=ночь;suffix=ной	
ноябрь	ноябрьский	lemma_suffix:ский:v1	base=ноябрь;suffix=ский	
нрав	нравный	relational_adjective:ный:v1	root=нрав;noun=нрав;suffix=ный	
нуда	нудный	relational_adjective:ный:v1	root=нуд;noun=нуда;suffix=ный	
нюхать	нюхнуть	verbal_aspect:same:ать/нуть:v1	mode=same;endings=ать/нуть;root=нюх	
обагрить	обагрять	verbal_aspect:same:ить/ять:v1	mode=same;endings=ить/ять;root=багр	
обагриться	обагряться	verbal_aspect:same:иться/яться:v1	mode=same;endings=иться/яться;root=багр	
обваливать	обвалить	verbal_aspect:same:ивать/ить:v1	mode=same;endings=ивать/ить;root=вал	
обваливаться	обвалиться	verbal_aspect:same:иваться/иться:v1	mode=same;endings=иваться/иться;root=вал	
обваривать	обварить	verbal_aspect:same:ивать/ить:v1	mode=same;endings=ивать/ить;root=вар	
обвариваться	обвариться	verbal_aspect:same:иваться/иться:v1	mode=same;endings=иваться/иться;root=вар	
обвести	обводить	verbal_aspect:alt:ить/ти:v1	mode=alt;endings=ить/ти;root=	
обветривать	обветрить	verbal_aspect:same:ивать/ить:v1	mode=same;endings=ивать/ить;root=ветр	
обветриваться	обветриться	verbal_aspect:same:иваться/иться:v1	mode=same;endings=иваться/иться;root=ветр	
обвинить	обвинять	verbal_aspect:same:ить/ять:v1	mode=same;endings=ить/ять;root=вин	
обвисать	обвиснуть	verbal_aspect:same:ать/нуть:v1	mode=same;endings=ать/нуть;root=вис	
обвыкать	обвыкнуть	verbal_aspect:same:ать/нуть:v1	mode=same;endings=ать/нуть;root=вык	
обделить	обделять	verbal_aspect:same:ить/ять:v1	mode=same;endings=ить/ять;root=дел	
обдуривать	обдурить	verbal_aspect:same:ивать/ить:v1	mode=same;endings=ивать/ить;root=дур	
обдурить	обдурять	verbal_aspect:same:ить/ять:v1	mode=same;endings=ить/ять;root=дур	
обелить	обелять	verbal_aspect:same:ить/ять:v1	mode=same;endings=ить/ять;root=бел	
обелиться	обеляться	verbal_aspect:same:иться/яться:v1	mode=same;endings=иться/яться;root=бел	
обжаривать	обжарить	verbal_aspect:same:ивать/ить:v1	mode=same;endings=ивать/ить;root=жар	
обжариваться	обжариться	verbal_aspect:same:иваться/иться:v1	mode=same;endings=иваться/иться;root=жар	
обжиг	обжиговый	lemma_suffix:овый:v1	base=обжиг;suffix=овый	
обжуливать	обжулить	verbal_aspect:same:ивать/ить:v1	mode=same;endings=ивать/ить;root=жул	
обида	обидный	relational_adjective:ный:v1	root=обид;noun=обида;suffix=ный	
обитель	обительский	lemma_suffix:ский:v1	base=обитель;suffix=ский	
обкаливать	обкалить	verbal_aspect:same:ивать/ить:v1	mode=same;endings=ивать/ить;root=кал	
обкатить	обкатывать	verbal_aspect:same:ить/ывать:v1	mode=same;endings=ить/ывать;root=кат	
обкатиться	обкатываться	verbal_aspect:same:иться/ываться:v1	mode=same;endings=иться/ываться;root=кат	
обкладывать	обложить	verbal_aspect:cross:ить/ывать:v1	mode=cross;endings=ить/ывать;root=	
обкладываться	обложиться	verbal_aspect:cross:иться/ываться:v1	mode=cross;endings=иться/ываться;root=	
обклеивать	обклеить	verbal_aspect:same:ивать/ить:v1	mode=same;endings=ивать/ить;root=кле	
обкуривать	обкурить	verbal_aspect:same:ивать/ить:v1	mode=same;endings=ивать/ить;root=кур	
обкуриваться	обкуриться	verbal_aspect:same:иваться/иться:v1	mode=same;endings=иваться/иться;root=кур	
облапошивать	облапошить	verbal_aspect:same:ивать/ить:v1	mode=same;endings=ивать/ить;root=лапош	
областной	область	relational_adjective:ной:v1	root=област;noun=область;suffix=ной	
облачать	облачить	verbal_aspect:same:ать/ить:v1	mode=same;endings=ать/ить;root=облач	
облачаться	облачиться	verbal_aspect:same:аться/иться:v1	mode=same;endings=аться/иться;root=облач	
облениваться	облениться	verbal_aspect:same:иваться/иться:v1	mode=same;endings=иваться/иться;root=лен	
облизнуть	облизывать	verbal_aspect:same:нуть/ывать:v1	mode=same;endings=нуть/ывать;root=лиз	
облипать	облипнуть	verbal_aspect:same:ать/нуть:v1	mode=same;endings=ать/нуть;root=лип	
обличать	обличить	verbal_aspect:same:ать/ить:v1	mode=same;endings=ать/ить;root=лич	
облучать	облучить	verbal_aspect:same:ать/ить:v1	mode=same;endings=ать/ить;root=луч	
облучаться	облучиться	verbal_aspect:same:аться/иться:v1	mode=same;endings=аться/иться;root=луч	
облущивать	облущить	verbal_aspect:same:ивать/ить:v1	mode=same;endings=ивать/ить;root=лущ	
обмасливать	обмаслить	verbal_aspect:same:ивать/ить:v1	mode=same;endings=ивать/ить;root=масл	
обмасливаться	обмаслиться	verbal_aspect:same:иваться/иться:v1	mode=same;endings=иваться/иться;root=масл	
обменивать	обменить	verbal_aspect:same:ивать/ить:v1	mode=same;endings=ивать/ить;root=мен	
обмениваться	обмениться	verbal_aspect:same:иваться/иться:v1	mode=same;endings=иваться/иться;root=мен	
обмерзать	обмерзнуть	verbal_aspect:same:ать/нуть:v1	mode=same;endings=ать/нуть;root=мерз	
обмеривать	обмерить	verbal_aspect:same:ивать/ить:v1	mode=same;endings=ивать/ить;root=мер	
обмериваться	обмериться	verbal_aspect:same:иваться/иться:v1	mode=same;endings=иваться/иться;root=мер	
обмерить	обмерять	verbal_aspect:same:ить/ять:v1	mode=same;endings=ить/ять;root=мер	
обмериться	обмеряться	verbal_aspect:same:иться/яться:v1	mode=same;endings=иться/яться;root=мер	
обмокать	обмокнуть	verbal_aspect:same:ать/нуть:v1	mode=same;endings=ать/нуть;root=мок	
обмякать	обмякнуть	verbal_aspect:same:ать/нуть:v1	mode=same;endings=ать/нуть;root=мяк	
обнажать	обнажить	verbal_aspect:same:ать/ить:v1	mode=same;endings=ать/ить;root=наж	
обнажаться	обнажиться	verbal_aspect:same:аться/иться:v1	mode=same;endings=аться/иться;root=наж	
обнаруживать	обнаружить	verbal_aspect:same:ивать/ить:v1	mode=same;endings=ивать/ить;root=наруж	
обнаруживаться	обнаружиться	verbal_aspect:same:иваться/иться:v1	mode=same;endings=иваться/иться;root=наруж	
обобщать	обобщить	verbal_aspect:same:ать/ить:v1	mode=same;endings=ать/ить;root=общ	
обобщаться	обобщиться	verbal_aspect:same:аться/иться:v1	mode=same;endings=аться/иться;root=общ	
ободрить	ободрять	verbal_aspect:same:ить/ять:v1	mode=same;endings=ить/ять;root=бодр	
ободриться	ободряться	verbal_aspect:same:иться/яться:v1	mode=same;endings=иться/яться;root=бодр	
обоз	обозник	lemma_suffix:ник:v1	base=обоз;suffix=ник	
обоз	обозный	relational_adjective:ный:v1	root=обоз;noun=обоз;suffix=ный	
оболванивать	оболванить	verbal_aspect:same:ивать/ить:v1	mode=same;endings=ивать/ить;root=болван	
оболваниваться	оболваниться	verbal_aspect:same:иваться/иться:v1	mode=same;endings=иваться/иться;root=болван	
оборот	оборотный	relational_adjective:ный:v1	root=оборот;noun=оборот;suffix=ный	
обострить	обострять	verbal_aspect:same:ить/ять:v1	mode=same;endings=ить/ять;root=остр	
обостриться	обостряться	verbal_aspect:same:иться/яться:v1	mode=same;endings=иться/яться;root=остр	
обрат	обратный	relational_adjective:ный:v1	root=обрат;noun=обрат;suffix=ный	
обрубать	обрубить	verbal_aspect:same:ать/ить:v1	mode=same;endings=ать/ить;root=руб	
обручать	обручить	verbal_aspect:same:ать/ить:v1	mode=same;endings=ать/ить;root=руч	
обручаться	обручиться	verbal_aspect:same:аться/иться:v1	mode=same;endings=аться/иться;root=руч	
обрушивать	обрушить	verbal_aspect:same:ивать/ить:v1	mode=same;endings=ивать/ить;root=руш	
обрушиваться	обрушиться	verbal_aspect:same:иваться/иться:v1	mode=same;endings=иваться/иться;root=руш	
обряд	обрядовый	lemma_suffix:овый:v1	base=обряд;suffix=овый	
обсаливать	обсалить	verbal_aspect:same:ивать/ить:v1	mode=same;endings=ивать/ить;root=сал	
обсаливаться	обсалиться	verbal_aspect:same:иваться/иться:v1	mode=same;endings=иваться/иться;root=сал	
обсахаривать	обсахарить	verbal_aspect:same:ивать/ить:v1	mode=same;endings=ивать/ить;root=сахар	
обсахариваться	обсахариться	verbal_aspect:same:иваться/иться:v1	mode=same;endings=иваться/иться;root=сахар	
обследователь	обследовательский	lemma_suffix:ский:v1	base=обследователь;suffix=ский	
обслуживать	обслужить	verbal_aspect:same:ивать/ить:v1	mode=same;endings=ивать/ить;root=служ	
обступать	обступить	verbal_aspect:same:ать/ить:v1	mode=same;endings=ать/ить;root=ступ	
обсушивать	обсушить	verbal_aspect:same:ивать/ить:v1	mode=same;endings=ивать/ить;root=суш	
обсушиваться	обсушиться	verbal_aspect:same:иваться/иться:v1	mode=same;endings=иваться/иться;root=суш	
обугливать	обуглить	verbal_aspect:same:ивать/ить:v1	mode=same;endings=ивать/ить;root=угл	
обугливаться	обуглиться	verbal_aspect:same:иваться/иться:v1	mode=same;endings=иваться/иться;root=угл	
обхватить	обхватывать	verbal_aspect:same:ить/ывать:v1	mode=same;endings=ить/ывать;root=хват	
обчинивать	обчинить	verbal_aspect:same:ивать/ить:v1	mode=same;endings=ивать/ить;root=чин	
обчиниваться	обчиниться	verbal_aspect:same:иваться/иться:v1	mode=same;endings=иваться/иться;root=чин	
обшаривать	обшарить	verbal_aspect:same:ивать/ить:v1	mode=same;endings=ивать/ить;root=шар	
обшибать	обшибить	verbal_aspect:same:ать/ить:v1	mode=same;endings=ать/ить;root=шиб	
обшныривать	обшнырить	verbal_aspect:same:ивать/ить:v1	mode=same;endings=ивать/ить;root=шныр	
обыватель	обывательский	lemma_suffix:ский:v1	base=обыватель;suffix=ский	
овод	оводовый	relational_adjective:овый:v1	root=овод;noun=овод;suffix=овый	
оглушать	оглушить	verbal_aspect:same:ать/ить:v1	mode=same;endings=ать/ить;root=глуш	
оголить	оголять	verbal_aspect:same:ить/ять:v1	mode=same;endings=ить/ять;root=гол	
оголиться	оголяться	verbal_aspect:same:иться/яться:v1	mode=same;endings=иться/яться;root=гол	
огород	огородник	lemma_suffix:ник:v1	base=огород;suffix=ник	
огорошивать	огорошить	verbal_aspect:same:ивать/ить:v1	mode=same;endings=ивать/ить;root=горош	
огранивать	огранить	verbal_aspect:same:ивать/ить:v1	mode=same;endings=ивать/ить;root=гран	
оделить	оделять	verbal_aspect:same:ить/ять:v1	mode=same;endings=ить/ять;root=дел	
одобрить	одобрять	verbal_aspect:same:ить/ять:v1	mode=same;endings=ить/ять;root=добр	
одолжать	одолжить	verbal_aspect:same:ать/ить:v1	mode=same;endings=ать/ить;root=долж	
одолжаться	одолжиться	verbal_aspect:same:аться/иться:v1	mode=same;endings=аться/иться;root=долж	
одурманивать	одурманить	verbal_aspect:same:ивать/ить:v1	mode=same;endings=ивать/ить;root=дурман	
одурманиваться	одурманиться	verbal_aspect:same:иваться/иться:v1	mode=same;endings=иваться/иться;root=дурман	
ожесточать	ожесточить	verbal_aspect:same:ать/ить:v1	mode=same;endings=ать/ить;root=жесточ	
ожесточаться	ожесточиться	verbal_aspect:same:аться/иться:v1	mode=same;endings=аться/иться;root=жесточ	
озарить	озарять	verbal_aspect:same:ить/ять:v1	mode=same;endings=ить/ять;root=зар	
озариться	озаряться	verbal_aspect:same:иться/яться:v1	mode=same;endings=иться/яться;root=зар	
озвучивать	озвучить	verbal_aspect:same:ивать/ить:v1	mode=same;endings=ивать/ить;root=звуч	
озерный	озеро	relational_adjective:ный:v1	root=озер;noun=озеро;suffix=ный	
оказенивать	оказенить	verbal_aspect:same:ивать/ить:v1	mode=same;endings=ивать/ить;root=казен	
оказениваться	оказениться	verbal_aspect:same:иваться/иться:v1	mode=same;endings=иваться/иться;root=казен	
океан	океанский	relational_adjective:ский:v1	root=океан;noun=океан;suffix=ский	
оклеивать	оклеить	verbal_aspect:same:ивать/ить:v1	mode=same;endings=ивать/ить;root=кле	
окликать	окликнуть	verbal_aspect:same:ать/нуть:v1	mode=same;endings=ать/нуть;root=клик	
околпачивать	околпачить	verbal_aspect:same:ивать/ить:v1	mode=same;endings=ивать/ить;root=колпач	
окоп	окопник	lemma_suffix:ник:v1	base=окоп;suffix=ник	
окорить	окорять	verbal_aspect:same:ить/ять:v1	mode=same;endings=ить/ять;root=кор	
окорок	окороковый	lemma_suffix:овый:v1	base=окорок;suffix=овый	
окружать	окружить	verbal_aspect:same:ать/ить:v1	mode=same;endings=ать/ить;root=круж	
окрылить	окрылять	verbal_aspect:same:ить/ять:v1	mode=same;endings=ить/ять;root=крыл	
окрылиться	окрыляться	verbal_aspect:same:иться/яться:v1	mode=same;endings=иться/яться;root=крыл	
октябрист	октябристский	lemma_suffix:ский:v1	base=октябрист;suffix=ский	
октябрь	октябрьский	lemma_suffix:ский:v1	base=октябрь;suffix=ский	
окукливаться	окуклиться	verbal_aspect:same:иваться/иться:v1	mode=same;endings=иваться/иться;root=кукл	
окуневый	окунь	relational_adjective:евый:v1	root=окун;noun=окунь;suffix=евый	
окупать	окупить	verbal_aspect:same:ать/ить:v1	mode=same;endings=ать/ить;root=куп	
окупаться	окупиться	verbal_aspect:same:аться/иться:v1	mode=same;endings=аться/иться;root=куп	
окуривать	окурить	verbal_aspect:same:ивать/ить:v1	mode=same;endings=ивать/ить;root=кур	
окучивать	окучить	verbal_aspect:same:ивать/ить:v1	mode=same;endings=ивать/ить;root=куч	
ольха	ольховый	relational_adjective:овый:v1	root=ольх;noun=ольха;suffix=овый	
омрачать	омрачить	verbal_aspect:same:ать/ить:v1	mode=same;endings=ать/ить;root=мрач	
омрачаться	омрачиться	verbal_aspect:same:аться/иться:v1	mode=same;endings=аться/иться;root=мрач	
омулевый	омуль	relational_adjective:евый:v1	root=омул;noun=омуль;suffix=евый	
он	она	manual_accept:v1	source=manual	accept
он	они	manual_accept:v1	source=manual	accept
он	оно	manual_accept:v1	source=manual	accept
она	они	manual_accept:v1	source=manual	accept
она	оно	manual_accept:v1	source=manual	accept
они	оно	manual_accept:v1	source=manual	accept
опаливать	опалить	verbal_aspect:same:ивать/ить:v1	mode=same;endings=ивать/ить;root=пал	
опаливаться	опалиться	verbal_aspect:same:иваться/иться:v1	mode=same;endings=иваться/иться;root=пал	
опалить	опалять	verbal_aspect:same:ить/ять:v1	mode=same;endings=ить/ять;root=пал	
опалиться	опаляться	verbal_aspect:same:иться/яться:v1	mode=same;endings=иться/яться;root=пал	
опекун	опекунский	lemma_suffix:ский:v1	base=опекун;suffix=ский	
оперить	оперять	verbal_aspect:same:ить/ять:v1	mode=same;endings=ить/ять;root=пер	
опериться	оперяться	verbal_aspect:same:иться/яться:v1	mode=same;endings=иться/яться;root=пер	
опиливать	опилить	verbal_aspect:same:ивать/ить:v1	mode=same;endings=ивать/ить;root=пил	
опоганивать	опоганить	verbal_aspect:same:ивать/ить:v1	mode=same;endings=ивать/ить;root=поган	
опоганиваться	опоганиться	verbal_aspect:same:иваться/иться:v1	mode=same;endings=иваться/иться;root=поган	
опока	опоковый	relational_adjective:овый:v1	root=опок;noun=опока;suffix=овый	
ополчать	ополчить	verbal_aspect:same:ать/ить:v1	mode=same;endings=ать/ить;root=полч	
ополчаться	ополчиться	verbal_aspect:same:аться/иться:v1	mode=same;endings=аться/иться;root=полч	
опорожнить	опорожнять	verbal_aspect:same:ить/ять:v1	mode=same;endings=ить/ять;root=порожн	
опорожниться	опорожняться	verbal_aspect:same:иться/яться:v1	mode=same;endings=иться/яться;root=порожн	
опреснить	опреснять	verbal_aspect:same:ить/ять:v1	mode=same;endings=ить/ять;root=пресн	
опресниться	опресняться	verbal_aspect:same:иться/яться:v1	mode=same;endings=иться/яться;root=пресн	
опухать	опухнуть	verbal_aspect:same:ать/нуть:v1	mode=same;endings=ать/нуть;root=пух	
опушать	опушить	verbal_aspect:same:ать/ить:v1	mode=same;endings=ать/ить;root=пуш	
опушаться	опушиться	verbal_aspect:same:аться/иться:v1	mode=same;endings=аться/иться;root=пуш	
опыление	пыль	manual_accept:v1	source=manual	accept
опыливать	опылить	verbal_aspect:same:ивать/ить:v1	mode=same;endings=ивать/ить;root=пыл	
опыливаться	опылиться	verbal_aspect:same:иваться/иться:v1	mode=same;endings=иваться/иться;root=пыл	
опылить	опылять	verbal_aspect:same:ить/ять:v1	mode=same;endings=ить/ять;root=пыл	
опылиться	опыляться	verbal_aspect:same:иться/яться:v1	mode=same;endings=иться/яться;root=пыл	
опыт	опытник	lemma_suffix:ник:v1	base=опыт;suffix=ник	
орех	ореховый	relational_adjective:овый:v1	root=орех;noun=орех;suffix=овый	
орешник	орешниковый	lemma_suffix:овый:v1	base=орешник;suffix=овый	
освежать	освежить	verbal_aspect:same:ать/ить:v1	mode=same;endings=ать/ить;root=свеж	
освежаться	освежиться	verbal_aspect:same:аться/иться:v1	mode=same;endings=аться/иться;root=свеж	
осенить	осенять	verbal_aspect:same:ить/ять:v1	mode=same;endings=ить/ять;root=сен	
осенний	осень	relational_adjective:ний:v1	root=осен;noun=осень;suffix=ний	
осетр	осетровый	relational_adjective:овый:v1	root=осетр;noun=осетр;suffix=овый	
осиливать	осилить	verbal_aspect:same:ивать/ить:v1	mode=same;endings=ивать/ить;root=сил	
осина	осиновый	relational_adjective:овый:v1	root=осин;noun=осина;suffix=овый	
оскаливать	оскалить	verbal_aspect:same:ивать/ить:v1	mode=same;endings=ивать/ить;root=скал	
оскаливаться	оскалиться	verbal_aspect:same:иваться/иться:v1	mode=same;endings=иваться/иться;root=скал	
осквернить	осквернять	verbal_aspect:same:ить/ять:v1	mode=same;endings=ить/ять;root=скверн	
оскверниться	оскверняться	verbal_aspect:same:иться/яться:v1	mode=same;endings=иться/яться;root=скверн	
осот	осотовый	relational_adjective:овый:v1	root=осот;noun=осот;suffix=овый	
остеклить	остеклять	verbal_aspect:same:ить/ять:v1	mode=same;endings=ить/ять;root=стекл	
остепенить	остепенять	verbal_aspect:same:ить/ять:v1	mode=same;endings=ить/ять;root=степен	
остепениться	остепеняться	verbal_aspect:same:иться/яться:v1	mode=same;endings=иться/яться;root=степен	
остров	островной	relational_adjective:ной:v1	root=остров;noun=остров;suffix=ной	
остров	островской	relational_adjective:ской:v1	root=остров;noun=остров;suffix=ской	
оступаться	оступиться	verbal_aspect:same:аться/иться:v1	mode=same;endings=аться/иться;root=ступ	
осушать	осушить	verbal_aspect:same:ать/ить:v1	mode=same;endings=ать/ить;root=суш	
осушаться	осушиться	verbal_aspect:same:аться/иться:v1	mode=same;endings=аться/иться;root=суш	
отава	отавный	relational_adjective:ный:v1	root=отав;noun=отава;suffix=ный	
отбеливать	отбелить	verbal_aspect:same:ивать/ить:v1	mode=same;endings=ивать/ить;root=бел	
отбор	отборник	lemma_suffix:ник:v1	base=отбор;suffix=ник	
отбояриваться	отбояриться	verbal_aspect:same:иваться/иться:v1	mode=same;endings=иваться/иться;root=бояр	
отбучивать	отбучить	verbal_aspect:same:ивать/ить:v1	mode=same;endings=ивать/ить;root=буч	
отваливать	отвалить	verbal_aspect:same:ивать/ить:v1	mode=same;endings=ивать/ить;root=вал	
отваливаться	отвалиться	verbal_aspect:same:иваться/иться:v1	mode=same;endings=иваться/иться;root=вал	
отваривать	отварить	verbal_aspect:same:ивать/ить:v1	mode=same;endings=ивать/ить;root=вар	
отвариваться	отвариться	verbal_aspect:same:иваться/иться:v1	mode=same;endings=иваться/иться;root=вар	
отвергать	отвергнуть	verbal_aspect:same:ать/нуть:v1	mode=same;endings=ать/нуть;root=верг	
отвести	отводить	verbal_aspect:alt:ить/ти:v1	mode=alt;endings=ить/ти;root=	
отвисать	отвиснуть	verbal_aspect:same:ать/нуть:v1	mode=same;endings=ать/нуть;root=вис	
отворить	отворять	verbal_aspect:same:ить/ять:v1	mode=same;endings=ить/ять;root=твор	
отвориться	отворяться	verbal_aspect:same:иться/яться:v1	mode=same;endings=иться/яться;root=твор	
отвыкать	отвыкнуть	verbal_aspect:same:ать/нуть:v1	mode=same;endings=ать/нуть;root=вык	
отдалить	отдалять	verbal_aspect:same:ить/ять:v1	mode=same;endings=ить/ять;root=дал	
отдалиться	отдаляться	verbal_aspect:same:иться/яться:v1	mode=same;endings=иться/яться;root=дал	
отделить	отделять	verbal_aspect:same:ить/ять:v1	mode=same;endings=ить/ять;root=дел	
отделиться	отделяться	verbal_aspect:same:иться/яться:v1	mode=same;endings=иться/яться;root=дел	
отеплить	отеплять	verbal_aspect:same:ить/ять:v1	mode=same;endings=ить/ять;root=тепл	
отжаривать	отжарить	verbal_aspect:same:ивать/ить:v1	mode=same;endings=ивать/ить;root=жар	
отжиливать	отжилить	verbal_aspect:same:ивать/ить:v1	mode=same;endings=ивать/ить;root=жил	
откат	откатник	lemma_suffix:ник:v1	base=откат;suffix=ник	
откатить	откатывать	verbal_aspect:same:ить/ывать:v1	mode=same;endings=ить/ывать;root=кат	
откатиться	откатываться	verbal_aspect:same:иться/ываться:v1	mode=same;endings=иться/ываться;root=кат	
откладывать	отложить	verbal_aspect:cross:ить/ывать:v1	mode=cross;endings=ить/ывать;root=	
откладываться	отложиться	verbal_aspect:cross:иться/ываться:v1	mode=cross;endings=иться/ываться;root=	
отклеивать	отклеить	verbal_aspect:same:ивать/ить:v1	mode=same;endings=ивать/ить;root=кле	
отклеиваться	отклеиться	verbal_aspect:same:иваться/иться:v1	mode=same;endings=иваться/иться;root=кле	
отклонить	отклонять	verbal_aspect:same:ить/ять:v1	mode=same;endings=ить/ять;root=клон	
отклониться	отклоняться	verbal_aspect:same:иться/яться:v1	mode=same;endings=иться/яться;root=клон	
отключать	отключить	verbal_aspect:same:ать/ить:v1	mode=same;endings=ать/ить;root=ключ	
отключаться	отключиться	verbal_aspect:same:аться/иться:v1	mode=same;endings=аться/иться;root=ключ	
откос	откосник	lemma_suffix:ник:v1	base=откос;suffix=ник	
откупоривать	откупорить	verbal_aspect:same:ивать/ить:v1	mode=same;endings=ивать/ить;root=купор	
откупориваться	откупориться	verbal_aspect:same:иваться/иться:v1	mode=same;endings=иваться/иться;root=купор	
откусить	откусывать	verbal_aspect:same:ить/ывать:v1	mode=same;endings=ить/ывать;root=кус	
отлипать	отлипнуть	verbal_aspect:same:ать/нуть:v1	mode=same;endings=ать/нуть;root=лип	
отличать	отличить	verbal_aspect:same:ать/ить:v1	mode=same;endings=ать/ить;root=лич	
отлучать	отлучить	verbal_aspect:same:ать/ить:v1	mode=same;endings=ать/ить;root=луч	
отлучаться	отлучиться	verbal_aspect:same:аться/иться:v1	mode=same;endings=аться/иться;root=луч	
отменить	отменять	verbal_aspect:same:ить/ять:v1	mode=same;endings=ить/ять;root=мен	
отмениться	отменяться	verbal_aspect:same:иться/яться:v1	mode=same;endings=иться/яться;root=мен	
отмерзать	отмерзнуть	verbal_aspect:same:ать/нуть:v1	mode=same;endings=ать/нуть;root=мерз	
отмеривать	отмерить	verbal_aspect:same:ивать/ить:v1	mode=same;endings=ивать/ить;root=мер	
отмерить	отмерять	verbal_aspect:same:ить/ять:v1	mode=same;endings=ить/ять;root=мер	
отмокать	отмокнуть	verbal_aspect:same:ать/нуть:v1	mode=same;endings=ать/нуть;root=мок	
отмучивать	отмучить	verbal_aspect:same:ивать/ить:v1	mode=same;endings=ивать/ить;root=муч	
отмучиваться	отмучиться	verbal_aspect:same:иваться/иться:v1	mode=same;endings=иваться/иться;root=муч	
отмякать	отмякнуть	verbal_aspect:same:ать/нуть:v1	mode=same;endings=ать/нуть;root=мяк	
отоваривать	отоварить	verbal_aspect:same:ивать/ить:v1	mode=same;endings=ивать/ить;root=товар	
отовариваться	отовариться	verbal_aspect:same:иваться/иться:v1	mode=same;endings=иваться/иться;root=товар	
отпаривать	отпарить	verbal_aspect:same:ивать/ить:v1	mode=same;endings=ивать/ить;root=пар	
отпариваться	отпариться	verbal_aspect:same:иваться/иться:v1	mode=same;endings=иваться/иться;root=пар	
отпиливать	отпилить	verbal_aspect:same:ивать/ить:v1	mode=same;endings=ивать/ить;root=пил	
отправитель	отправительский	lemma_suffix:ский:v1	base=отправитель;suffix=ский	
отпуск	отпускник	lemma_suffix:ник:v1	base=отпуск;suffix=ник	
отрешать	отрешить	verbal_aspect:same:ать/ить:v1	mode=same;endings=ать/ить;root=реш	
отрешаться	отрешиться	verbal_aspect:same:аться/иться:v1	mode=same;endings=аться/иться;root=реш	
отрубать	отрубить	verbal_aspect:same:ать/ить:v1	mode=same;endings=ать/ить;root=руб	
отрыгать	отрыгнуть	verbal_aspect:same:ать/нуть:v1	mode=same;endings=ать/нуть;root=рыг	
отселить	отселять	verbal_aspect:same:ить/ять:v1	mode=same;endings=ить/ять;root=сел	
отселиться	отселяться	verbal_aspect:same:иться/яться:v1	mode=same;endings=иться/яться;root=сел	
отслонить	отслонять	verbal_aspect:same:ить/ять:v1	mode=same;endings=ить/ять;root=слон	
отслуживать	отслужить	verbal_aspect:same:ивать/ить:v1	mode=same;endings=ивать/ить;root=служ	
отслуживаться	отслужиться	verbal_aspect:same:иваться/иться:v1	mode=same;endings=иваться/иться;root=служ	
отстой	отстойник	lemma_suffix:ник:v1	base=отстой;suffix=ник	
отстранить	отстранять	verbal_aspect:same:ить/ять:v1	mode=same;endings=ить/ять;root=стран	
отстраниться	отстраняться	verbal_aspect:same:иться/яться:v1	mode=same;endings=иться/яться;root=стран	
отстреливать	отстрелить	verbal_aspect:same:ивать/ить:v1	mode=same;endings=ивать/ить;root=стрел	
отступ	отступник	lemma_suffix:ник:v1	base=отступ;suffix=ник	
отступать	отступить	verbal_aspect:same:ать/ить:v1	mode=same;endings=ать/ить;root=ступ	
отступаться	отступиться	verbal_aspect:same:аться/иться:v1	mode=same;endings=аться/иться;root=ступ	
отсучивать	отсучить	verbal_aspect:same:ивать/ить:v1	mode=same;endings=ивать/ить;root=суч	
отсучиваться	отсучиться	verbal_aspect:same:иваться/иться:v1	mode=same;endings=иваться/иться;root=суч	
оттенить	оттенять	verbal_aspect:same:ить/ять:v1	mode=same;endings=ить/ять;root=тен	
оттеснить	оттеснять	verbal_aspect:same:ить/ять:v1	mode=same;endings=ить/ять;root=тесн	
оттесниться	оттесняться	verbal_aspect:same:иться/яться:v1	mode=same;endings=иться/яться;root=тесн	
оттопыривать	оттопырить	verbal_aspect:same:ивать/ить:v1	mode=same;endings=ивать/ить;root=топыр	
оттопыриваться	оттопыриться	verbal_aspect:same:иваться/иться:v1	mode=same;endings=иваться/иться;root=топыр	
отторгать	отторгнуть	verbal_aspect:same:ать/нуть:v1	mode=same;endings=ать/нуть;root=торг	
отуманивать	отуманить	verbal_aspect:same:ивать/ить:v1	mode=same;endings=ивать/ить;root=туман	
отуманиваться	отуманиться	verbal_aspect:same:иваться/иться:v1	mode=same;endings=иваться/иться;root=туман	
отутюживать	отутюжить	verbal_aspect:same:ивать/ить:v1	mode=same;endings=ивать/ить;root=утюж	
отхватить	отхватывать	verbal_aspect:same:ить/ывать:v1	mode=same;endings=ить/ывать;root=хват	
отхлебнуть	отхлебывать	verbal_aspect:same:нуть/ывать:v1	mode=same;endings=нуть/ывать;root=хлеб	
отход	отходник	lemma_suffix:ник:v1	base=отход;suffix=ник	
отцветать	отцветить	verbal_aspect:same:ать/ить:v1	mode=same;endings=ать/ить;root=цвет	
отцов	отцовский	lemma_suffix:ский:v1	base=отцов;suffix=ский	
отчаливать	отчалить	verbal_aspect:same:ивать/ить:v1	mode=same;endings=ивать/ить;root=чал	
отчаливаться	отчалиться	verbal_aspect:same:иваться/иться:v1	mode=same;endings=иваться/иться;root=чал	
отчеканивать	отчеканить	verbal_aspect:same:ивать/ить:v1	mode=same;endings=ивать/ить;root=чекан	
отчерпнуть	отчерпывать	verbal_aspect:same:нуть/ывать:v1	mode=same;endings=нуть/ывать;root=черп	
отчислить	отчислять	verbal_aspect:same:ить/ять:v1	mode=same;endings=ить/ять;root=числ	
отчислиться	отчисляться	verbal_aspect:same:иться/яться:v1	mode=same;endings=иться/яться;root=числ	
отшибать	отшибить	verbal_aspect:same:ать/ить:v1	mode=same;endings=ать/ить;root=шиб	
отшпиливать	отшпилить	verbal_aspect:same:ивать/ить:v1	mode=same;endings=ивать/ить;root=шпил	
отшпиливаться	отшпилиться	verbal_aspect:same:иваться/иться:v1	mode=same;endings=иваться/иться;root=шпил	
отщипнуть	отщипывать	verbal_aspect:same:нуть/ывать:v1	mode=same;endings=нуть/ывать;root=щип	
оформитель	оформительский	lemma_suffix:ский:v1	base=оформитель;suffix=ский	
охватить	охватывать	verbal_aspect:same:ить/ывать:v1	mode=same;endings=ить/ывать;root=хват	
охмелить	охмелять	verbal_aspect:same:ить/ять:v1	mode=same;endings=ить/ять;root=хмел	
охра	охровый	relational_adjective:овый:v1	root=охр;noun=охра;suffix=овый	
охранить	охранять	verbal_aspect:same:ить/ять:v1	mode=same;endings=ить/ять;root=хран	
оценивать	оценить	verbal_aspect:same:ивать/ить:v1	mode=same;endings=ивать/ить;root=цен	
очаг	очаговый	relational_adjective:овый:v1	root=очаг;noun=очаг;suffix=овый	
очеловечивать	очеловечить	verbal_aspect:same:ивать/ить:v1	mode=same;endings=ивать/ить;root=человеч	
очеловечиваться	очеловечиться	verbal_aspect:same:иваться/иться:v1	mode=same;endings=иваться/иться;root=человеч	
очерет	очеретник	lemma_suffix:ник:v1	base=очерет;suffix=ник	
очерет	очеретовый	lemma_suffix:овый:v1	base=очерет;suffix=овый	
очерк	очерковый	lemma_suffix:овый:v1	base=очерк;suffix=овый	
очеркист	очеркистский	lemma_suffix:ский:v1	base=очеркист;suffix=ский	
очернить	очернять	verbal_aspect:same:ить/ять:v1	mode=same;endings=ить/ять;root=черн	
очинить	очинять	verbal_aspect:same:ить/ять:v1	mode=same;endings=ить/ять;root=чин	
ошарашивать	ошарашить	verbal_aspect:same:ивать/ить:v1	mode=same;endings=ивать/ить;root=шараш	
ошибаться	ошибиться	verbal_aspect:same:аться/иться:v1	mode=same;endings=аться/иться;root=шиб	
ошпаривать	ошпарить	verbal_aspect:same:ивать/ить:v1	mode=same;endings=ивать/ить;root=шпар	
ошпариваться	ошпариться	verbal_aspect:same:иваться/иться:v1	mode=same;endings=иваться/иться;root=шпар	
оштукатуривать	оштукатурить	verbal_aspect:same:ивать/ить:v1	mode=same;endings=ивать/ить;root=штукатур	
ощеривать	ощерить	verbal_aspect:same:ивать/ить:v1	mode=same;endings=ивать/ить;root=щер	
ощериваться	ощериться	verbal_aspect:same:иваться/иться:v1	mode=same;endings=иваться/иться;root=щер	
падевый	падь	relational_adjective:евый:v1	root=пад;noun=падь;suffix=евый	
падуб	падубовый	lemma_suffix:овый:v1	base=падуб;suffix=овый	
паз	пазник	lemma_suffix:ник:v1	base=паз;suffix=ник	
паз	пазовый	relational_adjective:овый:v1	root=паз;noun=паз;suffix=овый	
пакет	пакетный	relational_adjective:ный:v1	root=пакет;noun=пакет;suffix=ный	
пакостный	пакость	relational_adjective:ный:v1	root=пакост;noun=пакость;suffix=ный	
палата	палатный	relational_adjective:ный:v1	root=палат;noun=палата;suffix=ный	
пальто	пальтовый	relational_adjective:овый:v1	root=пальт;noun=пальто;suffix=овый	
памятный	память	relational_adjective:ный:v1	root=памят;noun=память;suffix=ный	
папоротник	папоротниковый	lemma_suffix:овый:v1	base=папоротник;suffix=овый	
пар	парник	lemma_suffix:ник:v1	base=пар;suffix=ник	
пар	парной	relational_adjective:ной:v1	root=пар;noun=пар;suffix=ной	
пара	парный	relational_adjective:ный:v1	root=пар;noun=пара;suffix=ный	
парник	парниковый	lemma_suffix:овый:v1	base=парник;suffix=овый	
паром	паромный	relational_adjective:ный:v1	root=паром;noun=паром;suffix=ный	
парус	парусник	lemma_suffix:ник:v1	base=парус;suffix=ник	
парус	парусный	relational_adjective:ный:v1	root=парус;noun=парус;suffix=ный	
парча	парчовый	relational_adjective:овый:v1	root=парч;noun=парча;suffix=овый	
паслен	пасленовый	relational_adjective:овый:v1	root=паслен;noun=паслен;suffix=овый	
паук	пауковый	relational_adjective:овый:v1	root=паук;noun=паук;suffix=овый	
пах	паховый	lemma_suffix:овый:v1	base=пах;suffix=овый	
паюс	паюсный	relational_adjective:ный:v1	root=паюс;noun=паюс;suffix=ный	
пена	пенный	relational_adjective:ный:v1	root=пен;noun=пена;suffix=ный	
пенька	пеньковый	relational_adjective:овый:v1	root=пеньк;noun=пенька;suffix=овый	
перебеливать	перебелить	verbal_aspect:same:ивать/ить:v1	mode=same;endings=ивать/ить;root=бел	
перебелить	перебелять	verbal_aspect:same:ить/ять:v1	mode=same;endings=ить/ять;root=бел	
перебраниваться	перебраниться	verbal_aspect:same:иваться/иться:v1	mode=same;endings=иваться/иться;root=бран	
переваливать	перевалить	verbal_aspect:same:ивать/ить:v1	mode=same;endings=ивать/ить;root=вал	
переваливаться	перевалиться	verbal_aspect:same:иваться/иться:v1	mode=same;endings=иваться/иться;root=вал	
переваривать	переварить	verbal_aspect:same:ивать/ить:v1	mode=same;endings=ивать/ить;root=вар	
перевариваться	перевариться	verbal_aspect:same:иваться/иться:v1	mode=same;endings=иваться/иться;root=вар	
перевьючивать	перевьючить	verbal_aspect:same:ивать/ить:v1	mode=same;endings=ивать/ить;root=вьюч	
перед	передник	lemma_suffix:ник:v1	base=перед;suffix=ник	
переделить	переделять	verbal_aspect:same:ить/ять:v1	mode=same;endings=ить/ять;root=дел	
переделиться	переделяться	verbal_aspect:same:иться/яться:v1	mode=same;endings=иться/яться;root=дел	
пережаривать	пережарить	verbal_aspect:same:ивать/ить:v1	mode=same;endings=ивать/ить;root=жар	
пережариваться	пережариться	verbal_aspect:same:иваться/иться:v1	mode=same;endings=иваться/иться;root=жар	
перекалечивать	перекалечить	verbal_aspect:same:ивать/ить:v1	mode=same;endings=ивать/ить;root=калеч	
перекаливать	перекалить	verbal_aspect:same:ивать/ить:v1	mode=same;endings=ивать/ить;root=кал	
перекаливаться	перекалиться	verbal_aspect:same:иваться/иться:v1	mode=same;endings=иваться/иться;root=кал	
перекатить	перекатывать	verbal_aspect:same:ить/ывать:v1	mode=same;endings=ить/ывать;root=кат	
перекатиться	перекатываться	verbal_aspect:same:иться/ываться:v1	mode=same;endings=иться/ываться;root=кат	
перекисать	перекиснуть	verbal_aspect:same:ать/нуть:v1	mode=same;endings=ать/нуть;root=кис	
перекладывать	переложить	verbal_aspect:cross:ить/ывать:v1	mode=cross;endings=ить/ывать;root=	
перекладываться	переложиться	verbal_aspect:cross:иться/ываться:v1	mode=cross;endings=иться/ываться;root=	
переклеивать	переклеить	verbal_aspect:same:ивать/ить:v1	mode=same;endings=ивать/ить;root=кле	
переключать	переключить	verbal_aspect:same:ать/ить:v1	mode=same;endings=ать/ить;root=ключ	
переключаться	переключиться	verbal_aspect:same:аться/иться:v1	mode=same;endings=аться/иться;root=ключ	
перекрахмаливать	перекрахмалить	verbal_aspect:same:ивать/ить:v1	mode=same;endings=ивать/ить;root=крахмал	
перекуривать	перекурить	verbal_aspect:same:ивать/ить:v1	mode=same;endings=ивать/ить;root=кур	
перелущивать	перелущить	verbal_aspect:same:ивать/ить:v1	mode=same;endings=ивать/ить;root=лущ	
переманивать	переманить	verbal_aspect:same:ивать/ить:v1	mode=same;endings=ивать/ить;root=ман	
перемасливать	перемаслить	verbal_aspect:same:ивать/ить:v1	mode=same;endings=ивать/ить;root=масл	
перемасливаться	перемаслиться	verbal_aspect:same:иваться/иться:v1	mode=same;endings=иваться/иться;root=масл	
перемежать	перемежить	verbal_aspect:same:ать/ить:v1	mode=same;endings=ать/ить;root=меж	
перемерзать	перемерзнуть	verbal_aspect:same:ать/нуть:v1	mode=same;endings=ать/нуть;root=мерз	
перемеривать	перемерить	verbal_aspect:same:ивать/ить:v1	mode=same;endings=ивать/ить;root=мер	
перемерить	перемерять	verbal_aspect:same:ить/ять:v1	mode=same;endings=ить/ять;root=мер	
переметнуть	переметывать	verbal_aspect:same:нуть/ывать:v1	mode=same;endings=нуть/ывать;root=мет	
перемножать	перемножить	verbal_aspect:same:ать/ить:v1	mode=same;endings=ать/ить;root=множ	
перемокать	перемокнуть	verbal_aspect:same:ать/нуть:v1	mode=same;endings=ать/нуть;root=мок	
перемусливать	перемуслить	verbal_aspect:same:ивать/ить:v1	mode=same;endings=ивать/ить;root=мусл	
перемусоливать	перемусолить	verbal_aspect:same:ивать/ить:v1	mode=same;endings=ивать/ить;root=мусол	
перепаривать	перепарить	verbal_aspect:same:ивать/ить:v1	mode=same;endings=ивать/ить;root=пар	
перепариваться	перепариться	verbal_aspect:same:иваться/иться:v1	mode=same;endings=иваться/иться;root=пар	
перепел	перепелиный	relational_adjective:иный:v1	root=перепел;noun=перепел;suffix=иный	
переперчивать	переперчить	verbal_aspect:same:ивать/ить:v1	mode=same;endings=ивать/ить;root=перч	
перепиливать	перепилить	verbal_aspect:same:ивать/ить:v1	mode=same;endings=ивать/ить;root=пил	
переполнить	переполнять	verbal_aspect:same:ить/ять:v1	mode=same;endings=ить/ять;root=полн	
переполниться	переполняться	verbal_aspect:same:иться/яться:v1	mode=same;endings=иться/яться;root=полн	
перерубать	перерубить	verbal_aspect:same:ать/ить:v1	mode=same;endings=ать/ить;root=руб	
перерумянивать	перерумянить	verbal_aspect:same:ивать/ить:v1	mode=same;endings=ивать/ить;root=румян	
перерыхлить	перерыхлять	verbal_aspect:same:ить/ять:v1	mode=same;endings=ить/ять;root=рыхл	
пересахаривать	пересахарить	verbal_aspect:same:ивать/ить:v1	mode=same;endings=ивать/ить;root=сахар	
переселить	переселять	verbal_aspect:same:ить/ять:v1	mode=same;endings=ить/ять;root=сел	
переселиться	переселяться	verbal_aspect:same:иться/яться:v1	mode=same;endings=иться/яться;root=сел	
пересиливать	пересилить	verbal_aspect:same:ивать/ить:v1	mode=same;endings=ивать/ить;root=сил	
пересинивать	пересинить	verbal_aspect:same:ивать/ить:v1	mode=same;endings=ивать/ить;root=син	
пересиниваться	пересиниться	verbal_aspect:same:иваться/иться:v1	mode=same;endings=иваться/иться;root=син	
переступать	переступить	verbal_aspect:same:ать/ить:v1	mode=same;endings=ать/ить;root=ступ	
пересучивать	пересучить	verbal_aspect:same:ивать/ить:v1	mode=same;endings=ивать/ить;root=суч	
пересушивать	пересушить	verbal_aspect:same:ивать/ить:v1	mode=same;endings=ивать/ить;root=суш	
пересушиваться	пересушиться	verbal_aspect:same:иваться/иться:v1	mode=same;endings=иваться/иться;root=суш	
переутюживать	переутюжить	verbal_aspect:same:ивать/ить:v1	mode=same;endings=ивать/ить;root=утюж	
перефасонивать	перефасонить	verbal_aspect:same:ивать/ить:v1	mode=same;endings=ивать/ить;root=фасон	
перехваливать	перехвалить	verbal_aspect:same:ивать/ить:v1	mode=same;endings=ивать/ить;root=хвал	
перехватить	перехватывать	verbal_aspect:same:ить/ывать:v1	mode=same;endings=ить/ывать;root=хват	
перехлестнуть	перехлестывать	verbal_aspect:same:нуть/ывать:v1	mode=same;endings=нуть/ывать;root=хлест	
переценивать	переценить	verbal_aspect:same:ивать/ить:v1	mode=same;endings=ивать/ить;root=цен	
перечеканивать	перечеканить	verbal_aspect:same:ивать/ить:v1	mode=same;endings=ивать/ить;root=чекан	
перечернить	перечернять	verbal_aspect:same:ить/ять:v1	mode=same;endings=ить/ять;root=черн	
перечинивать	перечинить	verbal_aspect:same:ивать/ить:v1	mode=same;endings=ивать/ить;root=чин	
перечислить	перечислять	verbal_aspect:same:ить/ять:v1	mode=same;endings=ить/ять;root=числ	
перечислиться	перечисляться	verbal_aspect:same:иться/яться:v1	mode=same;endings=иться/яться;root=числ	
перешаривать	перешарить	verbal_aspect:same:ивать/ить:v1	mode=same;endings=ивать/ить;root=шар	
перешибать	перешибить	verbal_aspect:same:ать/ить:v1	mode=same;endings=ать/ить;root=шиб	
перешпиливать	перешпилить	verbal_aspect:same:ивать/ить:v1	mode=same;endings=ивать/ить;root=шпил	
перештукатуривать	перештукатурить	verbal_aspect:same:ивать/ить:v1	mode=same;endings=ивать/ить;root=штукатур	
перл	перловый	relational_adjective:овый:v1	root=перл;noun=перл;suffix=овый	
пестик	пестиковый	lemma_suffix:овый:v1	base=пестик;suffix=овый	
песчаник	песчаниковый	lemma_suffix:овый:v1	base=песчаник;suffix=овый	
печаль	печальник	lemma_suffix:ник:v1	base=печаль;suffix=ник	
печатный	печать	relational_adjective:ный:v1	root=печат;noun=печать;suffix=ный	
печной	печь	relational_adjective:ной:v1	root=печ;noun=печь;suffix=ной	
пещной	пещь	relational_adjective:ной:v1	root=пещ;noun=пещь;suffix=ной	
пикать	пикнуть	verbal_aspect:same:ать/нуть:v1	mode=same;endings=ать/нуть;root=пик	
писатель	писательский	lemma_suffix:ский:v1	base=писатель;suffix=ский	
пихать	пихнуть	verbal_aspect:same:ать/нуть:v1	mode=same;endings=ать/нуть;root=пих	
плав	плавник	lemma_suffix:ник:v1	base=плав;suffix=ник	
плав	плавной	relational_adjective:ной:v1	root=плав;noun=плав;suffix=ной	
плав	плавный	relational_adjective:ный:v1	root=плав;noun=плав;suffix=ный	
плавик	плавиковый	lemma_suffix:овый:v1	base=плавик;suffix=овый	
плавник	плавниковый	lemma_suffix:овый:v1	base=плавник;suffix=овый	
план	плановый	relational_adjective:овый:v1	root=план;noun=план;suffix=овый	
планета	планетный	relational_adjective:ный:v1	root=планет;noun=планета;suffix=ный	
пластинник	пластинниковый	lemma_suffix:овый:v1	base=пластинник;suffix=овый	
пластун	пластунский	lemma_suffix:ский:v1	base=пластун;suffix=ский	
пластырный	пластырь	relational_adjective:ный:v1	root=пластыр;noun=пластырь;suffix=ный	
плата	платный	relational_adjective:ный:v1	root=плат;noun=плата;suffix=ный	
плахта	плахтовый	relational_adjective:овый:v1	root=плахт;noun=плахта;suffix=овый	
плен	пленник	lemma_suffix:ник:v1	base=плен;suffix=ник	
плен	пленный	relational_adjective:ный:v1	root=плен;noun=плен;suffix=ный	
плесенный	плесень	relational_adjective:ный:v1	root=плесен;noun=плесень;suffix=ный	
плечной	плечо	relational_adjective:ной:v1	root=плеч;noun=плечо;suffix=ной	
плита	плитный	relational_adjective:ный:v1	root=плит;noun=плита;suffix=ный	
плод	плодник	lemma_suffix:ник:v1	base=плод;suffix=ник	
плод	плодный	relational_adjective:ный:v1	root=плод;noun=плод;suffix=ный	
плод	плодовый	relational_adjective:овый:v1	root=плод;noun=плод;suffix=овый	
плотский	плоть	relational_adjective:ский:v1	root=плот;noun=плоть;suffix=ский	
плюхать	плюхнуть	verbal_aspect:same:ать/нуть:v1	mode=same;endings=ать/нуть;root=плюх	
плюш	плюшевый	relational_adjective:евый:v1	root=плюш;noun=плюш;suffix=евый	
победит	победитовый	lemma_suffix:овый:v1	base=победит;suffix=овый	
побор	поборник	lemma_suffix:ник:v1	base=побор;suffix=ник	
побранивать	побранить	verbal_aspect:same:ивать/ить:v1	mode=same;endings=ивать/ить;root=бран	
побраниваться	побраниться	verbal_aspect:same:иваться/иться:v1	mode=same;endings=иваться/иться;root=бран	
поваливать	повалить	verbal_aspect:same:ивать/ить:v1	mode=same;endings=ивать/ить;root=вал	
поваривать	поварить	verbal_aspect:same:ивать/ить:v1	mode=same;endings=ивать/ить;root=вар	
повергать	повергнуть	verbal_aspect:same:ать/нуть:v1	mode=same;endings=ать/нуть;root=верг	
поверить	поверять	verbal_aspect:same:ить/ять:v1	mode=same;endings=ить/ять;root=вер	
повисать	повиснуть	verbal_aspect:same:ать/нуть:v1	mode=same;endings=ать/нуть;root=вис	
повторить	повторять	verbal_aspect:same:ить/ять:v1	mode=same;endings=ить/ять;root=втор	
повториться	повторяться	verbal_aspect:same:иться/яться:v1	mode=same;endings=иться/яться;root=втор	
погасать	погасить	verbal_aspect:same:ать/ить:v1	mode=same;endings=ать/ить;root=гас	
погасать	погаснуть	verbal_aspect:same:ать/нуть:v1	mode=same;endings=ать/нуть;root=гас	
погибать	погибнуть	verbal_aspect:same:ать/нуть:v1	mode=same;endings=ать/нуть;root=гиб	
погрешать	погрешить	verbal_aspect:same:ать/ить:v1	mode=same;endings=ать/ить;root=греш	
погрязать	погрязнуть	verbal_aspect:same:ать/нуть:v1	mode=same;endings=ать/нуть;root=гряз	
под	подовый	lemma_suffix:овый:v1	base=под;suffix=овый	
подбеливать	подбелить	verbal_aspect:same:ивать/ить:v1	mode=same;endings=ивать/ить;root=бел	
подбодрить	подбодрять	verbal_aspect:same:ить/ять:v1	mode=same;endings=ить/ять;root=бодр	
подбодриться	подбодряться	verbal_aspect:same:иться/яться:v1	mode=same;endings=иться/яться;root=бодр	
подваливать	подвалить	verbal_aspect:same:ивать/ить:v1	mode=same;endings=ивать/ить;root=вал	
подваливаться	подвалиться	verbal_aspect:same:иваться/иться:v1	mode=same;endings=иваться/иться;root=вал	
подваривать	подварить	verbal_aspect:same:ивать/ить:v1	mode=same;endings=ивать/ить;root=вар	
подвариваться	подвариться	verbal_aspect:same:иваться/иться:v1	mode=same;endings=иваться/иться;root=вар	
подвергать	подвергнуть	verbal_aspect:same:ать/нуть:v1	mode=same;endings=ать/нуть;root=верг	
подвести	подводить	verbal_aspect:alt:ить/ти:v1	mode=alt;endings=ить/ти;root=	
поддон	поддонник	lemma_suffix:ник:v1	base=поддон;suffix=ник	
поджаривать	поджарить	verbal_aspect:same:ивать/ить:v1	mode=same;endings=ивать/ить;root=жар	
поджариваться	поджариться	verbal_aspect:same:иваться/иться:v1	mode=same;endings=иваться/иться;root=жар	
поджигатель	поджигательский	lemma_suffix:ский:v1	base=поджигатель;suffix=ский	
подкаливать	подкалить	verbal_aspect:same:ивать/ить:v1	mode=same;endings=ивать/ить;root=кал	
подкарауливать	подкараулить	verbal_aspect:same:ивать/ить:v1	mode=same;endings=ивать/ить;root=караул	
подкатить	подкатывать	verbal_aspect:same:ить/ывать:v1	mode=same;endings=ить/ывать;root=кат	
подкатиться	подкатываться	verbal_aspect:same:иться/ываться:v1	mode=same;endings=иться/ываться;root=кат	
подкладывать	подложить	verbal_aspect:cross:ить/ывать:v1	mode=cross;endings=ить/ывать;root=	
подклеивать	подклеить	verbal_aspect:same:ивать/ить:v1	mode=same;endings=ивать/ить;root=кле	
подключать	подключить	verbal_aspect:same:ать/ить:v1	mode=same;endings=ать/ить;root=ключ	
подкрахмаливать	подкрахмалить	verbal_aspect:same:ивать/ить:v1	mode=same;endings=ивать/ить;root=крахмал	
подкрахмаливаться	подкрахмалиться	verbal_aspect:same:иваться/иться:v1	mode=same;endings=иваться/иться;root=крахмал	
подкупать	подкупить	verbal_aspect:same:ать/ить:v1	mode=same;endings=ать/ить;root=куп	
подкуривать	подкурить	verbal_aspect:same:ивать/ить:v1	mode=same;endings=ивать/ить;root=кур	
подкусить	подкусывать	verbal_aspect:same:ить/ывать:v1	mode=same;endings=ить/ывать;root=кус	
подлечивать	подлечить	verbal_aspect:same:ивать/ить:v1	mode=same;endings=ивать/ить;root=леч	
подлечиваться	подлечиться	verbal_aspect:same:иваться/иться:v1	mode=same;endings=иваться/иться;root=леч	
подлипать	подлипнуть	verbal_aspect:same:ать/нуть:v1	mode=same;endings=ать/нуть;root=лип	
подлущивать	подлущить	verbal_aspect:same:ивать/ить:v1	mode=same;endings=ивать/ить;root=лущ	
подманивать	подманить	verbal_aspect:same:ивать/ить:v1	mode=same;endings=ивать/ить;root=ман	
подмасливать	подмаслить	verbal_aspect:same:ивать/ить:v1	mode=same;endings=ивать/ить;root=масл	
подменивать	подменить	verbal_aspect:same:ивать/ить:v1	mode=same;endings=ивать/ить;root=мен	
подменить	подменять	verbal_aspect:same:ить/ять:v1	mode=same;endings=ить/ять;root=мен	
подмерзать	подмерзнуть	verbal_aspect:same:ать/нуть:v1	mode=same;endings=ать/нуть;root=мерз	
подметнуть	подметывать	verbal_aspect:same:нуть/ывать:v1	mode=same;endings=нуть/ывать;root=мет	
подмокать	подмокнуть	verbal_aspect:same:ать/нуть:v1	mode=same;endings=ать/нуть;root=мок	
подорожник	подорожниковый	lemma_suffix:овый:v1	base=подорожник;suffix=овый	
подпаливать	подпалить	verbal_aspect:same:ивать/ить:v1	mode=same;endings=ивать/ить;root=пал	
подпиливать	подпилить	verbal_aspect:same:ивать/ить:v1	mode=same;endings=ивать/ить;root=пил	
подпушать	подпушить	verbal_aspect:same:ать/ить:v1	mode=same;endings=ать/ить;root=пуш	
подранивать	подранить	verbal_aspect:same:ивать/ить:v1	mode=same;endings=ивать/ить;root=ран	
подруливать	подрулить	verbal_aspect:same:ивать/ить:v1	mode=same;endings=ивать/ить;root=рул	
подрумянивать	подрумянить	verbal_aspect:same:ивать/ить:v1	mode=same;endings=ивать/ить;root=румян	
подрумяниваться	подрумяниться	verbal_aspect:same:иваться/иться:v1	mode=same;endings=иваться/иться;root=румян	
подрыв	подрывник	lemma_suffix:ник:v1	base=подрыв;suffix=ник	
подрыхлить	подрыхлять	verbal_aspect:same:ить/ять:v1	mode=same;endings=ить/ять;root=рыхл	
подсахаривать	подсахарить	verbal_aspect:same:ивать/ить:v1	mode=same;endings=ивать/ить;root=сахар	
подсвистнуть	подсвистывать	verbal_aspect:same:нуть/ывать:v1	mode=same;endings=нуть/ывать;root=свист	
подселить	подселять	verbal_aspect:same:ить/ять:v1	mode=same;endings=ить/ять;root=сел	
подселиться	подселяться	verbal_aspect:same:иться/яться:v1	mode=same;endings=иться/яться;root=сел	
подсинивать	подсинить	verbal_aspect:same:ивать/ить:v1	mode=same;endings=ивать/ить;root=син	
подслуживаться	подслужиться	verbal_aspect:same:иваться/иться:v1	mode=same;endings=иваться/иться;root=служ	
подсолнух	подсолнуховый	lemma_suffix:овый:v1	base=подсолнух;suffix=овый	
подстрекатель	подстрекательский	lemma_suffix:ский:v1	base=подстрекатель;suffix=ский	
подстрекать	подстрекнуть	verbal_aspect:same:ать/нуть:v1	mode=same;endings=ать/нуть;root=стрек	
подстреливать	подстрелить	verbal_aspect:same:ивать/ить:v1	mode=same;endings=ивать/ить;root=стрел	
подступать	подступить	verbal_aspect:same:ать/ить:v1	mode=same;endings=ать/ить;root=ступ	
подступаться	подступиться	verbal_aspect:same:аться/иться:v1	mode=same;endings=аться/иться;root=ступ	
подсучивать	подсучить	verbal_aspect:same:ивать/ить:v1	mode=same;endings=ивать/ить;root=суч	
подсучиваться	подсучиться	verbal_aspect:same:иваться/иться:v1	mode=same;endings=иваться/иться;root=суч	
подсушивать	подсушить	verbal_aspect:same:ивать/ить:v1	mode=same;endings=ивать/ить;root=суш	
подсушиваться	подсушиться	verbal_aspect:same:иваться/иться:v1	mode=same;endings=иваться/иться;root=суш	
подтрунивать	подтрунить	verbal_aspect:same:ивать/ить:v1	mode=same;endings=ивать/ить;root=трун	
подутюживать	подутюжить	verbal_aspect:same:ивать/ить:v1	mode=same;endings=ивать/ить;root=утюж	
подхалим	подхалимский	lemma_suffix:ский:v1	base=подхалим;suffix=ский	
подхватить	подхватывать	verbal_aspect:same:ить/ывать:v1	mode=same;endings=ить/ывать;root=хват	
подхлестнуть	подхлестывать	verbal_aspect:same:нуть/ывать:v1	mode=same;endings=нуть/ывать;root=хлест	
подчаливать	подчалить	verbal_aspect:same:ивать/ить:v1	mode=same;endings=ивать/ить;root=чал	
подчаливаться	подчалиться	verbal_aspect:same:иваться/иться:v1	mode=same;endings=иваться/иться;root=чал	
подчеканивать	подчеканить	verbal_aspect:same:ивать/ить:v1	mode=same;endings=ивать/ить;root=чекан	
подчинить	подчинять	verbal_aspect:same:ить/ять:v1	mode=same;endings=ить/ять;root=чин	
подчиниться	подчиняться	verbal_aspect:same:иться/яться:v1	mode=same;endings=иться/яться;root=чин	
подшибать	подшибить	verbal_aspect:same:ать/ить:v1	mode=same;endings=ать/ить;root=шиб	
подшипник	подшипниковый	lemma_suffix:овый:v1	base=подшипник;suffix=овый	
подшпиливать	подшпилить	verbal_aspect:same:ивать/ить:v1	mode=same;endings=ивать/ить;root=шпил	
подштукатуривать	подштукатурить	verbal_aspect:same:ивать/ить:v1	mode=same;endings=ивать/ить;root=штукатур	
подъем	подъемник	lemma_suffix:ник:v1	base=подъем;suffix=ник	
пожар	пожарник	lemma_suffix:ник:v1	base=пожар;suffix=ник	
поиск	поисковый	lemma_suffix:овый:v1	base=поиск;suffix=овый	
покатить	покатывать	verbal_aspect:same:ить/ывать:v1	mode=same;endings=ить/ывать;root=кат	
покатиться	покатываться	verbal_aspect:same:иться/ываться:v1	mode=same;endings=иться/ываться;root=кат	
поклон	поклонник	lemma_suffix:ник:v1	base=поклон;suffix=ник	
поклониться	поклоняться	verbal_aspect:same:иться/яться:v1	mode=same;endings=иться/яться;root=клон	
покой	покойник	lemma_suffix:ник:v1	base=покой;suffix=ник	
покорить	покорять	verbal_aspect:same:ить/ять:v1	mode=same;endings=ить/ять;root=кор	
покориться	покоряться	verbal_aspect:same:иться/яться:v1	mode=same;endings=иться/яться;root=кор	
покупатель	покупательский	lemma_suffix:ский:v1	base=покупатель;suffix=ский	
покуривать	покурить	verbal_aspect:same:ивать/ить:v1	mode=same;endings=ивать/ить;root=кур	
полечивать	полечить	verbal_aspect:same:ивать/ить:v1	mode=same;endings=ивать/ить;root=леч	
полечиваться	полечиться	verbal_aspect:same:иваться/иться:v1	mode=same;endings=иваться/иться;root=леч	
получатель	получательский	lemma_suffix:ский:v1	base=получатель;suffix=ский	
получать	получить	verbal_aspect:same:ать/ить:v1	mode=same;endings=ать/ить;root=луч	
получаться	получиться	verbal_aspect:same:аться/иться:v1	mode=same;endings=аться/иться;root=луч	
полущивать	полущить	verbal_aspect:same:ивать/ить:v1	mode=same;endings=ивать/ить;root=лущ	
полынный	полынь	relational_adjective:ный:v1	root=полын;noun=полынь;suffix=ный	
полыхать	полыхнуть	verbal_aspect:same:ать/нуть:v1	mode=same;endings=ать/нуть;root=полых	
помада	помадный	relational_adjective:ный:v1	root=помад;noun=помада;suffix=ный	
поманивать	поманить	verbal_aspect:same:ивать/ить:v1	mode=same;endings=ивать/ить;root=ман	
помор	поморский	lemma_suffix:ский:v1	base=помор;suffix=ский	
помрачать	помрачить	verbal_aspect:same:ать/ить:v1	mode=same;endings=ать/ить;root=мрач	
помрачаться	помрачиться	verbal_aspect:same:аться/иться:v1	mode=same;endings=аться/иться;root=мрач	
поникать	поникнуть	verbal_aspect:same:ать/нуть:v1	mode=same;endings=ать/нуть;root=ник	
пономарский	пономарь	relational_adjective:ский:v1	root=пономар;noun=пономарь;suffix=ский	
поощрить	поощрять	verbal_aspect:same:ить/ять:v1	mode=same;endings=ить/ять;root=ощр	
попаливать	попалить	verbal_aspect:same:ивать/ить:v1	mode=same;endings=ивать/ить;root=пал	
попечитель	попечительский	lemma_suffix:ский:v1	base=попечитель;suffix=ский	
пополнить	пополнять	verbal_aspect:same:ить/ять:v1	mode=same;endings=ить/ять;root=полн	
пополниться	пополняться	verbal_aspect:same:иться/яться:v1	mode=same;endings=иться/яться;root=полн	
попрекать	попрекнуть	verbal_aspect:same:ать/нуть:v1	mode=same;endings=ать/нуть;root=прек	
попуститель	попустительский	lemma_suffix:ский:v1	base=попуститель;suffix=ский	
порез	порезник	lemma_suffix:ник:v1	base=порез;suffix=ник	
порог	пороговый	relational_adjective:овый:v1	root=порог;noun=порог;suffix=овый	
порожняк	порожняковый	lemma_suffix:овый:v1	base=порожняк;suffix=овый	
порскать	порскнуть	verbal_aspect:same:ать/нуть:v1	mode=same;endings=ать/нуть;root=порск	
порт	портовый	relational_adjective:овый:v1	root=порт;noun=порт;suffix=овый	
поручать	поручить	verbal_aspect:same:ать/ить:v1	mode=same;endings=ать/ить;root=руч	
поручаться	поручиться	verbal_aspect:same:аться/иться:v1	mode=same;endings=аться/иться;root=руч	
поручитель	поручительский	lemma_suffix:ский:v1	base=поручитель;suffix=ский	
порхать	порхнуть	verbal_aspect:same:ать/нуть:v1	mode=same;endings=ать/нуть;root=порх	
посад	посадник	lemma_suffix:ник:v1	base=посад;suffix=ник	
посад	посадский	lemma_suffix:ский:v1	base=посад;suffix=ский	
поселить	поселять	verbal_aspect:same:ить/ять:v1	mode=same;endings=ить/ять;root=сел	
поселиться	поселяться	verbal_aspect:same:иться/яться:v1	mode=same;endings=иться/яться;root=сел	
посетитель	посетительский	lemma_suffix:ский:v1	base=посетитель;suffix=ский	
посконный	посконь	relational_adjective:ный:v1	root=поскон;noun=посконь;suffix=ный	
послед	последовый	lemma_suffix:овый:v1	base=послед;suffix=овый	
постель	постельник	lemma_suffix:ник:v1	base=постель;suffix=ник	
постигать	постигнуть	verbal_aspect:same:ать/нуть:v1	mode=same;endings=ать/нуть;root=стиг	
поступать	поступить	verbal_aspect:same:ать/ить:v1	mode=same;endings=ать/ить;root=ступ	
поступаться	поступиться	verbal_aspect:same:аться/иться:v1	mode=same;endings=аться/иться;root=ступ	
посягать	посягнуть	verbal_aspect:same:ать/нуть:v1	mode=same;endings=ать/нуть;root=сяг	
пот	потник	lemma_suffix:ник:v1	base=пот;suffix=ник	
пот	потный	relational_adjective:ный:v1	root=пот;noun=пот;suffix=ный	
потешать	потешить	verbal_aspect:same:ать/ить:v1	mode=same;endings=ать/ить;root=теш	
потешаться	потешиться	verbal_aspect:same:аться/иться:v1	mode=same;endings=аться/иться;root=теш	
потник	потниковый	lemma_suffix:овый:v1	base=потник;suffix=овый	
потребитель	потребительский	lemma_suffix:ский:v1	base=потребитель;suffix=ский	
потухать	потухнуть	verbal_aspect:same:ать/нуть:v1	mode=same;endings=ать/нуть;root=тух	
похваливать	похвалить	verbal_aspect:same:ивать/ить:v1	mode=same;endings=ивать/ить;root=хвал	
похвалиться	похваляться	verbal_aspect:same:иться/яться:v1	mode=same;endings=иться/яться;root=хвал	
починиться	починяться	verbal_aspect:same:иться/яться:v1	mode=same;endings=иться/яться;root=чин	
почка	почковый	relational_adjective:овый:v1	root=почк;noun=почка;suffix=овый	
почта	почтовый	relational_adjective:овый:v1	root=почт;noun=почта;suffix=овый	
почтальон	почтальонский	lemma_suffix:ский:v1	base=почтальон;suffix=ский	
почтамт	почтамтский	lemma_suffix:ский:v1	base=почтамт;suffix=ский	
почтеннейший	почтенный	adjective_degree:ейший:v1	stem=почтенн;ending=ейший	
пошаливать	пошалить	verbal_aspect:same:ивать/ить:v1	mode=same;endings=ивать/ить;root=шал	
пошевеливать	пошевелить	verbal_aspect:same:ивать/ить:v1	mode=same;endings=ивать/ить;root=шевел	
пошевеливаться	пошевелиться	verbal_aspect:same:иваться/иться:v1	mode=same;endings=иваться/иться;root=шевел	
пощуривать	пощурить	verbal_aspect:same:ивать/ить:v1	mode=same;endings=ивать/ить;root=щур	
пояс	поясной	relational_adjective:ной:v1	root=пояс;noun=пояс;suffix=ной	
правдист	правдистский	lemma_suffix:ский:v1	base=правдист;suffix=ский	
прародитель	прародительский	lemma_suffix:ский:v1	base=прародитель;suffix=ский	
предатель	предательский	lemma_suffix:ский:v1	base=предатель;suffix=ский	
предварить	предварять	verbal_aspect:same:ить/ять:v1	mode=same;endings=ить/ять;root=вар	
предводитель	предводительский	lemma_suffix:ский:v1	base=предводитель;suffix=ский	
предмет	предметник	lemma_suffix:ник:v1	base=предмет;suffix=ник	
предприниматель	предпринимательский	lemma_suffix:ский:v1	base=предприниматель;suffix=ский	
предрешать	предрешить	verbal_aspect:same:ать/ить:v1	mode=same;endings=ать/ить;root=реш	
председатель	председательский	lemma_suffix:ский:v1	base=председатель;suffix=ский	
предъявитель	предъявительский	lemma_suffix:ский:v1	base=предъявитель;suffix=ский	
преклонить	преклонять	verbal_aspect:same:ить/ять:v1	mode=same;endings=ить/ять;root=клон	
преклониться	преклоняться	verbal_aspect:same:иться/яться:v1	mode=same;endings=иться/яться;root=клон	
преобразователь	преобразовательский	lemma_suffix:ский:v1	base=преобразователь;suffix=ский	
преподаватель	преподавательский	lemma_suffix:ский:v1	base=преподаватель;suffix=ский	
преступать	преступить	verbal_aspect:same:ать/ить:v1	mode=same;endings=ать/ить;root=ступ	
претворить	претворять	verbal_aspect:same:ить/ять:v1	mode=same;endings=ить/ять;root=твор	
претвориться	претворяться	verbal_aspect:same:иться/яться:v1	mode=same;endings=иться/яться;root=твор	
прибегать	прибегнуть	verbal_aspect:same:ать/нуть:v1	mode=same;endings=ать/нуть;root=бег	
приваливать	привалить	verbal_aspect:same:ивать/ить:v1	mode=same;endings=ивать/ить;root=вал	
приваливаться	привалиться	verbal_aspect:same:иваться/иться:v1	mode=same;endings=иваться/иться;root=вал	
приваривать	приварить	verbal_aspect:same:ивать/ить:v1	mode=same;endings=ивать/ить;root=вар	
привариваться	привариться	verbal_aspect:same:иваться/иться:v1	mode=same;endings=иваться/иться;root=вар	
привести	приводить	verbal_aspect:alt:ить/ти:v1	mode=alt;endings=ить/ти;root=	
привыкать	привыкнуть	verbal_aspect:same:ать/нуть:v1	mode=same;endings=ать/нуть;root=вык	
приглушать	приглушить	verbal_aspect:same:ать/ить:v1	mode=same;endings=ать/ить;root=глуш	
прием	приемник	lemma_suffix:ник:v1	base=прием;suffix=ник	
призыв	призывник	lemma_suffix:ник:v1	base=призыв;suffix=ник	
прииск	приисковый	lemma_suffix:овый:v1	base=прииск;suffix=овый	
прикарманивать	прикарманить	verbal_aspect:same:ивать/ить:v1	mode=same;endings=ивать/ить;root=карман	
прикатить	прикатывать	verbal_aspect:same:ить/ывать:v1	mode=same;endings=ить/ывать;root=кат	
прикатиться	прикатываться	verbal_aspect:same:иться/ываться:v1	mode=same;endings=иться/ываться;root=кат	
прикладывать	приложить	verbal_aspect:cross:ить/ывать:v1	mode=cross;endings=ить/ывать;root=	
прикладываться	приложиться	verbal_aspect:cross:иться/ываться:v1	mode=cross;endings=иться/ываться;root=	
приклеивать	приклеить	verbal_aspect:same:ивать/ить:v1	mode=same;endings=ивать/ить;root=кле	
приклеиваться	приклеиться	verbal_aspect:same:иваться/иться:v1	mode=same;endings=иваться/иться;root=кле	
приклонить	приклонять	verbal_aspect:same:ить/ять:v1	mode=same;endings=ить/ять;root=клон	
приклониться	приклоняться	verbal_aspect:same:иться/яться:v1	mode=same;endings=иться/яться;root=клон	
приключать	приключить	verbal_aspect:same:ать/ить:v1	mode=same;endings=ать/ить;root=ключ	
приключаться	приключиться	verbal_aspect:same:аться/иться:v1	mode=same;endings=аться/иться;root=ключ	
прикупать	прикупить	verbal_aspect:same:ать/ить:v1	mode=same;endings=ать/ить;root=куп	
прикуривать	прикурить	verbal_aspect:same:ивать/ить:v1	mode=same;endings=ивать/ить;root=кур	
прикусить	прикусывать	verbal_aspect:same:ить/ывать:v1	mode=same;endings=ить/ывать;root=кус	
прилипать	прилипнуть	verbal_aspect:same:ать/нуть:v1	mode=same;endings=ать/нуть;root=лип	
приманивать	приманить	verbal_aspect:same:ивать/ить:v1	mode=same;endings=ивать/ить;root=ман	
применить	применять	verbal_aspect:same:ить/ять:v1	mode=same;endings=ить/ять;root=мен	
примениться	применяться	verbal_aspect:same:иться/яться:v1	mode=same;endings=иться/яться;root=мен	
примерзать	примерзнуть	verbal_aspect:same:ать/нуть:v1	mode=same;endings=ать/нуть;root=мерз	
примеривать	примерить	verbal_aspect:same:ивать/ить:v1	mode=same;endings=ивать/ить;root=мер	
примериваться	примериться	verbal_aspect:same:иваться/иться:v1	mode=same;endings=иваться/иться;root=мер	
примерить	примерять	verbal_aspect:same:ить/ять:v1	mode=same;endings=ить/ять;root=мер	
примериться	примеряться	verbal_aspect:same:иться/яться:v1	mode=same;endings=иться/яться;root=мер	
приметнуть	приметывать	verbal_aspect:same:нуть/ывать:v1	mode=same;endings=нуть/ывать;root=мет	
примирить	примирять	verbal_aspect:same:ить/ять:v1	mode=same;endings=ить/ять;root=мир	
примириться	примиряться	verbal_aspect:same:иться/яться:v1	mode=same;endings=иться/яться;root=мир	
приникать	приникнуть	verbal_aspect:same:ать/нуть:v1	mode=same;endings=ать/нуть;root=ник	
приобретатель	приобретательский	lemma_suffix:ский:v1	base=приобретатель;suffix=ский	
приобщать	приобщить	verbal_aspect:same:ать/ить:v1	mode=same;endings=ать/ить;root=общ	
приобщаться	приобщиться	verbal_aspect:same:аться/иться:v1	mode=same;endings=аться/иться;root=общ	
припаливать	припалить	verbal_aspect:same:ивать/ить:v1	mode=same;endings=ивать/ить;root=пал	
припаривать	припарить	verbal_aspect:same:ивать/ить:v1	mode=same;endings=ивать/ить;root=пар	
приперчивать	приперчить	verbal_aspect:same:ивать/ить:v1	mode=same;endings=ивать/ить;root=перч	
приплющивать	приплющить	verbal_aspect:same:ивать/ить:v1	mode=same;endings=ивать/ить;root=плющ	
припудривать	припудрить	verbal_aspect:same:ивать/ить:v1	mode=same;endings=ивать/ить;root=пудр	
припудриваться	припудриться	verbal_aspect:same:иваться/иться:v1	mode=same;endings=иваться/иться;root=пудр	
припухать	припухнуть	verbal_aspect:same:ать/нуть:v1	mode=same;endings=ать/нуть;root=пух	
прирубать	прирубить	verbal_aspect:same:ать/ить:v1	mode=same;endings=ать/ить;root=руб	
прируливать	прирулить	verbal_aspect:same:ивать/ить:v1	mode=same;endings=ивать/ить;root=рул	
приручать	приручить	verbal_aspect:same:ать/ить:v1	mode=same;endings=ать/ить;root=руч	
приручаться	приручиться	verbal_aspect:same:аться/иться:v1	mode=same;endings=аться/иться;root=руч	
присвистнуть	присвистывать	verbal_aspect:same:нуть/ывать:v1	mode=same;endings=нуть/ывать;root=свист	
приселить	приселять	verbal_aspect:same:ить/ять:v1	mode=same;endings=ить/ять;root=сел	
прислонить	прислонять	verbal_aspect:same:ить/ять:v1	mode=same;endings=ить/ять;root=слон	
прислониться	прислоняться	verbal_aspect:same:иться/яться:v1	mode=same;endings=иться/яться;root=слон	
прислуживать	прислужить	verbal_aspect:same:ивать/ить:v1	mode=same;endings=ивать/ить;root=служ	
прислуживаться	прислужиться	verbal_aspect:same:иваться/иться:v1	mode=same;endings=иваться/иться;root=служ	
пристреливать	пристрелить	verbal_aspect:same:ивать/ить:v1	mode=same;endings=ивать/ить;root=стрел	
приструнивать	приструнить	verbal_aspect:same:ивать/ить:v1	mode=same;endings=ивать/ить;root=струн	
приступать	приступить	verbal_aspect:same:ать/ить:v1	mode=same;endings=ать/ить;root=ступ	
приступаться	приступиться	verbal_aspect:same:аться/иться:v1	mode=same;endings=аться/иться;root=ступ	
присучивать	присучить	verbal_aspect:same:ивать/ить:v1	mode=same;endings=ивать/ить;root=суч	
присушивать	присушить	verbal_aspect:same:ивать/ить:v1	mode=same;endings=ивать/ить;root=суш	
присягать	присягнуть	verbal_aspect:same:ать/нуть:v1	mode=same;endings=ать/нуть;root=сяг	
притвориться	притворяться	verbal_aspect:same:иться/яться:v1	mode=same;endings=иться/яться;root=твор	
притеснить	притеснять	verbal_aspect:same:ить/ять:v1	mode=same;endings=ить/ять;root=тесн	
притихать	притихнуть	verbal_aspect:same:ать/нуть:v1	mode=same;endings=ать/нуть;root=тих	
притопнуть	притопывать	verbal_aspect:same:нуть/ывать:v1	mode=same;endings=нуть/ывать;root=топ	
притуманиваться	притуманиться	verbal_aspect:same:иваться/иться:v1	mode=same;endings=иваться/иться;root=туман	
притухать	притухнуть	verbal_aspect:same:ать/нуть:v1	mode=same;endings=ать/нуть;root=тух	
прихватить	прихватывать	verbal_aspect:same:ить/ывать:v1	mode=same;endings=ить/ывать;root=хват	
прихлебатель	прихлебательский	lemma_suffix:ский:v1	base=прихлебатель;suffix=ский	
прихлебнуть	прихлебывать	verbal_aspect:same:нуть/ывать:v1	mode=same;endings=нуть/ывать;root=хлеб	
прихлестнуть	прихлестывать	verbal_aspect:same:нуть/ывать:v1	mode=same;endings=нуть/ывать;root=хлест	
прихлопнуть	прихлопывать	verbal_aspect:same:нуть/ывать:v1	mode=same;endings=нуть/ывать;root=хлоп	
приход	приходский	lemma_suffix:ский:v1	base=приход;suffix=ский	
прицеливать	прицелить	verbal_aspect:same:ивать/ить:v1	mode=same;endings=ивать/ить;root=цел	
прицеливаться	прицелиться	verbal_aspect:same:иваться/иться:v1	mode=same;endings=иваться/иться;root=цел	
прицениваться	прицениться	verbal_aspect:same:иваться/иться:v1	mode=same;endings=иваться/иться;root=цен	
причаливать	причалить	verbal_aspect:same:ивать/ить:v1	mode=same;endings=ивать/ить;root=чал	
причет	причетник	lemma_suffix:ник:v1	base=причет;suffix=ник	
причинить	причинять	verbal_aspect:same:ить/ять:v1	mode=same;endings=ить/ять;root=чин	
причислить	причислять	verbal_aspect:same:ить/ять:v1	mode=same;endings=ить/ять;root=числ	
причт	причтовый	lemma_suffix:овый:v1	base=причт;suffix=овый	
пришабривать	пришабрить	verbal_aspect:same:ивать/ить:v1	mode=same;endings=ивать/ить;root=шабр	
пришибать	пришибить	verbal_aspect:same:ать/ить:v1	mode=same;endings=ать/ить;root=шиб	
пришлепнуть	пришлепывать	verbal_aspect:same:нуть/ывать:v1	mode=same;endings=нуть/ывать;root=шлеп	
пришпиливать	пришпилить	verbal_aspect:same:ивать/ить:v1	mode=same;endings=ивать/ить;root=шпил	
пришпоривать	пришпорить	verbal_aspect:same:ивать/ить:v1	mode=same;endings=ивать/ить;root=шпор	
прищуривать	прищурить	verbal_aspect:same:ивать/ить:v1	mode=same;endings=ивать/ить;root=щур	
прищуриваться	прищуриться	verbal_aspect:same:иваться/иться:v1	mode=same;endings=иваться/иться;root=щур	
прищучивать	прищучить	verbal_aspect:same:ивать/ить:v1	mode=same;endings=ивать/ить;root=щуч	
приют	приютский	lemma_suffix:ский:v1	base=приют;suffix=ский	
проба	пробный	relational_adjective:ный:v1	root=проб;noun=проба;suffix=ный	
пробеливать	пробелить	verbal_aspect:same:ивать/ить:v1	mode=same;endings=ивать/ить;root=бел	
пробеливаться	пробелиться	verbal_aspect:same:иваться/иться:v1	mode=same;endings=иваться/иться;root=бел	
пробка	пробковый	relational_adjective:овый:v1	root=пробк;noun=пробка;suffix=овый	
пробой	пробойник	lemma_suffix:ник:v1	base=пробой;suffix=ник	
проваливать	провалить	verbal_aspect:same:ивать/ить:v1	mode=same;endings=ивать/ить;root=вал	
проваливаться	провалиться	verbal_aspect:same:иваться/иться:v1	mode=same;endings=иваться/иться;root=вал	
проваривать	проварить	verbal_aspect:same:ивать/ить:v1	mode=same;endings=ивать/ить;root=вар	
провариваться	провариться	verbal_aspect:same:иваться/иться:v1	mode=same;endings=иваться/иться;root=вар	
проверить	проверять	verbal_aspect:same:ить/ять:v1	mode=same;endings=ить/ять;root=вер	
провести	проводить	verbal_aspect:alt:ить/ти:v1	mode=alt;endings=ить/ти;root=	
проветривать	проветрить	verbal_aspect:same:ивать/ить:v1	mode=same;endings=ивать/ить;root=ветр	
проветриваться	проветриться	verbal_aspect:same:иваться/иться:v1	mode=same;endings=иваться/иться;root=ветр	
провисать	провиснуть	verbal_aspect:same:ать/нуть:v1	mode=same;endings=ать/нуть;root=вис	
провод	проводник	lemma_suffix:ник:v1	base=провод;suffix=ник	
проводник	проводниковый	lemma_suffix:овый:v1	base=проводник;suffix=овый	
проворонивать	проворонить	verbal_aspect:same:ивать/ить:v1	mode=same;endings=ивать/ить;root=ворон	
продолжать	продолжить	verbal_aspect:same:ать/ить:v1	mode=same;endings=ать/ить;root=долж	
продолжаться	продолжиться	verbal_aspect:same:аться/иться:v1	mode=same;endings=аться/иться;root=долж	
прожаривать	прожарить	verbal_aspect:same:ивать/ить:v1	mode=same;endings=ивать/ить;root=жар	
прожариваться	прожариться	verbal_aspect:same:иваться/иться:v1	mode=same;endings=иваться/иться;root=жар	
прозябать	прозябнуть	verbal_aspect:same:ать/нуть:v1	mode=same;endings=ать/нуть;root=зяб	
прокаливать	прокалить	verbal_aspect:same:ивать/ить:v1	mode=same;endings=ивать/ить;root=кал	
прокаливаться	прокалиться	verbal_aspect:same:иваться/иться:v1	mode=same;endings=иваться/иться;root=кал	
прокарауливать	прокараулить	verbal_aspect:same:ивать/ить:v1	mode=same;endings=ивать/ить;root=караул	
прокатить	прокатывать	verbal_aspect:same:ить/ывать:v1	mode=same;endings=ить/ывать;root=кат	
прокатиться	прокатываться	verbal_aspect:same:иться/ываться:v1	mode=same;endings=иться/ываться;root=кат	
прокисать	прокиснуть	verbal_aspect:same:ать/нуть:v1	mode=same;endings=ать/нуть;root=кис	
прокладывать	проложить	verbal_aspect:cross:ить/ывать:v1	mode=cross;endings=ить/ывать;root=	
проклеивать	проклеить	verbal_aspect:same:ивать/ить:v1	mode=same;endings=ивать/ить;root=кле	
прокрахмаливать	прокрахмалить	verbal_aspect:same:ивать/ить:v1	mode=same;endings=ивать/ить;root=крахмал	
прокрахмаливаться	прокрахмалиться	verbal_aspect:same:иваться/иться:v1	mode=same;endings=иваться/иться;root=крахмал	
прокуривать	прокурить	verbal_aspect:same:ивать/ить:v1	mode=same;endings=ивать/ить;root=кур	
прокуриваться	прокуриться	verbal_aspect:same:иваться/иться:v1	mode=same;endings=иваться/иться;root=кур	
прокусить	прокусывать	verbal_aspect:same:ить/ывать:v1	mode=same;endings=ить/ывать;root=кус	
пролечивать	пролечить	verbal_aspect:same:ивать/ить:v1	mode=same;endings=ивать/ить;root=леч	
промасливать	промаслить	verbal_aspect:same:ивать/ить:v1	mode=same;endings=ивать/ить;root=масл	
промасливаться	промаслиться	verbal_aspect:same:иваться/иться:v1	mode=same;endings=иваться/иться;root=масл	
промер	промерник	lemma_suffix:ник:v1	base=промер;suffix=ник	
промерзать	промерзнуть	verbal_aspect:same:ать/нуть:v1	mode=same;endings=ать/нуть;root=мерз	
промеривать	промерить	verbal_aspect:same:ивать/ить:v1	mode=same;endings=ивать/ить;root=мер	
промерить	промерять	verbal_aspect:same:ить/ять:v1	mode=same;endings=ить/ять;root=мер	
прометнуть	прометывать	verbal_aspect:same:нуть/ывать:v1	mode=same;endings=нуть/ывать;root=мет	
промокать	промокнуть	verbal_aspect:same:ать/нуть:v1	mode=same;endings=ать/нуть;root=мок	
промысл	промысловый	lemma_suffix:овый:v1	base=промысл;suffix=овый	
проникать	проникнуть	verbal_aspect:same:ать/нуть:v1	mode=same;endings=ать/нуть;root=ник	
пропаривать	пропарить	verbal_aspect:same:ивать/ить:v1	mode=same;endings=ивать/ить;root=пар	
пропариваться	пропариться	verbal_aspect:same:иваться/иться:v1	mode=same;endings=иваться/иться;root=пар	
проперчивать	проперчить	verbal_aspect:same:ивать/ить:v1	mode=same;endings=ивать/ить;root=перч	
проперчиваться	проперчиться	verbal_aspect:same:иваться/иться:v1	mode=same;endings=иваться/иться;root=перч	
пропиливать	пропилить	verbal_aspect:same:ивать/ить:v1	mode=same;endings=ивать/ить;root=пил	
пропуск	пропускник	lemma_suffix:ник:v1	base=пропуск;suffix=ник	
прорезинивать	прорезинить	verbal_aspect:same:ивать/ить:v1	mode=same;endings=ивать/ить;root=резин	
прорезиниваться	прорезиниться	verbal_aspect:same:иваться/иться:v1	mode=same;endings=иваться/иться;root=резин	
прорубать	прорубить	verbal_aspect:same:ать/ить:v1	mode=same;endings=ать/ить;root=руб	
прорубаться	прорубиться	verbal_aspect:same:аться/иться:v1	mode=same;endings=аться/иться;root=руб	
просверливать	просверлить	verbal_aspect:same:ивать/ить:v1	mode=same;endings=ивать/ить;root=сверл	
просветитель	просветительский	lemma_suffix:ский:v1	base=просветитель;suffix=ский	
проситель	просительский	lemma_suffix:ский:v1	base=проситель;suffix=ский	
прослуживать	прослужить	verbal_aspect:same:ивать/ить:v1	mode=same;endings=ивать/ить;root=служ	
просмотр	просмотровый	lemma_suffix:овый:v1	base=просмотр;suffix=овый	
простреливать	прострелить	verbal_aspect:same:ивать/ить:v1	mode=same;endings=ивать/ить;root=стрел	
проступать	проступить	verbal_aspect:same:ать/ить:v1	mode=same;endings=ать/ить;root=ступ	
просушивать	просушить	verbal_aspect:same:ивать/ить:v1	mode=same;endings=ивать/ить;root=суш	
просушиваться	просушиться	verbal_aspect:same:иваться/иться:v1	mode=same;endings=иваться/иться;root=суш	
протаранивать	протаранить	verbal_aspect:same:ивать/ить:v1	mode=same;endings=ивать/ить;root=таран	
против	противник	lemma_suffix:ник:v1	base=против;suffix=ник	
проторить	проторять	verbal_aspect:same:ить/ять:v1	mode=same;endings=ить/ять;root=тор	
протраливать	протралить	verbal_aspect:same:ивать/ить:v1	mode=same;endings=ивать/ить;root=трал	
протранжиривать	протранжирить	verbal_aspect:same:ивать/ить:v1	mode=same;endings=ивать/ить;root=транжир	
протухать	протухнуть	verbal_aspect:same:ать/нуть:v1	mode=same;endings=ать/нуть;root=тух	
прохватить	прохватывать	verbal_aspect:same:ить/ывать:v1	mode=same;endings=ить/ывать;root=хват	
прочеканивать	прочеканить	verbal_aspect:same:ивать/ить:v1	mode=same;endings=ивать/ить;root=чекан	
прошибать	прошибить	verbal_aspect:same:ать/ить:v1	mode=same;endings=ать/ить;root=шиб	
проясниваться	проясниться	verbal_aspect:same:иваться/иться:v1	mode=same;endings=иваться/иться;root=ясн	
прояснить	прояснять	verbal_aspect:same:ить/ять:v1	mode=same;endings=ить/ять;root=ясн	
проясниться	проясняться	verbal_aspect:same:иться/яться:v1	mode=same;endings=иться/яться;root=ясн	
прыгать	прыгнуть	verbal_aspect:same:ать/нуть:v1	mode=same;endings=ать/нуть;root=прыг	
пугать	пугнуть	verbal_aspect:same:ать/нуть:v1	mode=same;endings=ать/нуть;root=пуг	
пустяк	пустяковый	lemma_suffix:овый:v1	base=пустяк;suffix=овый	
путевый	путь	relational_adjective:евый:v1	root=пут;noun=путь;suffix=евый	
путный	путь	relational_adjective:ный:v1	root=пут;noun=путь;suffix=ный	
пух	пуховый	relational_adjective:овый:v1	root=пух;noun=пух;suffix=овый	
пчела	пчелиный	relational_adjective:иный:v1	root=пчел;noun=пчела;suffix=иный	
пчела	пчеловод	profession:v1	head=пчел;tail=;source=tikhonov	
пчела	пчеловодный	profession:v1	head=пчел;tail=ный;source=tikhonov	
пчела	пчеловодство	profession:v1	head=пчел;tail=ство;source=tikhonov	
пчела	пчеловодческий	profession:v1	head=пчел;tail=ческий;source=tikhonov	
пшенный	пшено	relational_adjective:ный:v1	root=пшен;noun=пшено;suffix=ный	
пыж	пыжовый	relational_adjective:овый:v1	root=пыж;noun=пыж;suffix=овый	
пыль	пыльник	lemma_suffix:ник:v1	base=пыль;suffix=ник	
пырей	пырейник	lemma_suffix:ник:v1	base=пырей;suffix=ник	
пыхать	пыхнуть	verbal_aspect:same:ать/нуть:v1	mode=same;endings=ать/нуть;root=пых	
пястный	пясть	relational_adjective:ный:v1	root=пяст;noun=пясть;suffix=ный	
пятак	пятаковый	lemma_suffix:овый:v1	base=пятак;suffix=овый	
пятерик	пятериковый	lemma_suffix:овый:v1	base=пятерик;suffix=овый	
пятеро	пятый	ordinal:v1	root=пят;ending=ый	
пятник	пятниковый	lemma_suffix:овый:v1	base=пятник;suffix=овый	
пятый	пять	ordinal:v1	root=пят;ending=ый	
пятый	пятью	ordinal:v1	root=пят;ending=ый	
раб	рабский	relational_adjective:ский:v1	root=раб;noun=раб;suffix=ский	
раба	рабский	relational_adjective:ский:v1	root=раб;noun=раба;suffix=ский	
раз	разовый	relational_adjective:овый:v1	root=раз;noun=раз;suffix=овый	
разбазаривать	разбазарить	verbal_aspect:same:ивать/ить:v1	mode=same;endings=ивать/ить;root=базар	
разбой	разбойник	lemma_suffix:ник:v1	base=разбой;suffix=ник	
разбуривать	разбурить	verbal_aspect:same:ивать/ить:v1	mode=same;endings=ивать/ить;root=бур	
разбухать	разбухнуть	verbal_aspect:same:ать/нуть:v1	mode=same;endings=ать/нуть;root=бух	
разваливать	развалить	verbal_aspect:same:ивать/ить:v1	mode=same;endings=ивать/ить;root=вал	
разваливаться	развалиться	verbal_aspect:same:иваться/иться:v1	mode=same;endings=иваться/иться;root=вал	
разваривать	разварить	verbal_aspect:same:ивать/ить:v1	mode=same;endings=ивать/ить;root=вар	
развариваться	развариться	verbal_aspect:same:иваться/иться:v1	mode=same;endings=иваться/иться;root=вар	
разведривать	разведрить	verbal_aspect:same:ивать/ить:v1	mode=same;endings=ивать/ить;root=ведр	
разведриваться	разведриться	verbal_aspect:same:иваться/иться:v1	mode=same;endings=иваться/иться;root=ведр	
разверзать	разверзнуть	verbal_aspect:same:ать/нуть:v1	mode=same;endings=ать/нуть;root=верз	
развести	разводить	verbal_aspect:alt:ить/ти:v1	mode=alt;endings=ить/ти;root=	
разврат	развратник	lemma_suffix:ник:v1	base=разврат;suffix=ник	
развьючивать	развьючить	verbal_aspect:same:ивать/ить:v1	mode=same;endings=ивать/ить;root=вьюч	
развьючиваться	развьючиться	verbal_aspect:same:иваться/иться:v1	mode=same;endings=иваться/иться;root=вьюч	
разговор	разговорник	lemma_suffix:ник:v1	base=разговор;suffix=ник	
разделить	разделять	verbal_aspect:same:ить/ять:v1	mode=same;endings=ить/ять;root=дел	
разделиться	разделяться	verbal_aspect:same:иться/яться:v1	mode=same;endings=иться/яться;root=дел	
раздражать	раздражить	verbal_aspect:same:ать/ить:v1	mode=same;endings=ать/ить;root=драж	
раздражаться	раздражиться	verbal_aspect:same:аться/иться:v1	mode=same;endings=аться/иться;root=драж	
разлениваться	разлениться	verbal_aspect:same:иваться/иться:v1	mode=same;endings=иваться/иться;root=лен	
различать	различить	verbal_aspect:same:ать/ить:v1	mode=same;endings=ать/ить;root=лич	
разлучать	разлучить	verbal_aspect:same:ать/ить:v1	mode=same;endings=ать/ить;root=луч	
разлучаться	разлучиться	verbal_aspect:same:аться/иться:v1	mode=same;endings=аться/иться;root=луч	
размерить	размерять	verbal_aspect:same:ить/ять:v1	mode=same;endings=ить/ять;root=мер	
размножать	размножить	verbal_aspect:same:ать/ить:v1	mode=same;endings=ать/ить;root=множ	
размножаться	размножиться	verbal_aspect:same:аться/иться:v1	mode=same;endings=аться/иться;root=множ	
размокать	размокнуть	verbal_aspect:same:ать/нуть:v1	mode=same;endings=ать/нуть;root=мок	
размотыживать	размотыжить	verbal_aspect:same:ивать/ить:v1	mode=same;endings=ивать/ить;root=мотыж	
размусоливать	размусолить	verbal_aspect:same:ивать/ить:v1	mode=same;endings=ивать/ить;root=мусол	
размякать	размякнуть	verbal_aspect:same:ать/нуть:v1	mode=same;endings=ать/нуть;root=мяк	
разнеживать	разнежить	verbal_aspect:same:ивать/ить:v1	mode=same;endings=ивать/ить;root=неж	
разнеживаться	разнежиться	verbal_aspect:same:иваться/иться:v1	mode=same;endings=иваться/иться;root=неж	
разоблачать	разоблачить	verbal_aspect:same:ать/ить:v1	mode=same;endings=ать/ить;root=облач	
разоблачаться	разоблачиться	verbal_aspect:same:аться/иться:v1	mode=same;endings=аться/иться;root=облач	
разобщать	разобщить	verbal_aspect:same:ать/ить:v1	mode=same;endings=ать/ить;root=общ	
разобщаться	разобщиться	verbal_aspect:same:аться/иться:v1	mode=same;endings=аться/иться;root=общ	
разодолжать	разодолжить	verbal_aspect:same:ать/ить:v1	mode=same;endings=ать/ить;root=долж	
разоружать	разоружить	verbal_aspect:same:ать/ить:v1	mode=same;endings=ать/ить;root=руж	
разоружаться	разоружиться	verbal_aspect:same:аться/иться:v1	mode=same;endings=аться/иться;root=руж	
разрешать	разрешить	verbal_aspect:same:ать/ить:v1	mode=same;endings=ать/ить;root=реш	
разрешаться	разрешиться	verbal_aspect:same:аться/иться:v1	mode=same;endings=аться/иться;root=реш	
разрубать	разрубить	verbal_aspect:same:ать/ить:v1	mode=same;endings=ать/ить;root=руб	
разрумянивать	разрумянить	verbal_aspect:same:ивать/ить:v1	mode=same;endings=ивать/ить;root=румян	
разрумяниваться	разрумяниться	verbal_aspect:same:иваться/иться:v1	mode=same;endings=иваться/иться;root=румян	
разрушать	разрушить	verbal_aspect:same:ать/ить:v1	mode=same;endings=ать/ить;root=руш	
разрушаться	разрушиться	verbal_aspect:same:аться/иться:v1	mode=same;endings=аться/иться;root=руш	
разрыхлить	разрыхлять	verbal_aspect:same:ить/ять:v1	mode=same;endings=ить/ять;root=рыхл	
разрыхлиться	разрыхляться	verbal_aspect:same:иться/яться:v1	mode=same;endings=иться/яться;root=рыхл	
разряд	разрядник	lemma_suffix:ник:v1	base=разряд;suffix=ник	
разум	разумник	lemma_suffix:ник:v1	base=разум;suffix=ник	
разутюживать	разутюжить	verbal_aspect:same:ивать/ить:v1	mode=same;endings=ивать/ить;root=утюж	
разутюживаться	разутюжиться	verbal_aspect:same:иваться/иться:v1	mode=same;endings=иваться/иться;root=утюж	
рай	райский	lemma_suffix:ский:v1	base=рай;suffix=ский	
рак	раковый	relational_adjective:овый:v1	root=рак;noun=рак;suffix=овый	
ракита	ракитный	relational_adjective:ный:v1	root=ракит;noun=ракита;suffix=ный	
ракита	ракитовый	relational_adjective:овый:v1	root=ракит;noun=ракита;suffix=овый	
рама	рамный	relational_adjective:ный:v1	root=рам;noun=рама;suffix=ный	
ранний	рань	relational_adjective:ний:v1	root=ран;noun=рань;suffix=ний	
раскабалить	раскабалять	verbal_aspect:same:ить/ять:v1	mode=same;endings=ить/ять;root=кабал	
раскабалиться	раскабаляться	verbal_aspect:same:иться/яться:v1	mode=same;endings=иться/яться;root=кабал	
раскалить	раскалять	verbal_aspect:same:ить/ять:v1	mode=same;endings=ить/ять;root=кал	
раскалиться	раскаляться	verbal_aspect:same:иться/яться:v1	mode=same;endings=иться/яться;root=кал	
раскатить	раскатывать	verbal_aspect:same:ить/ывать:v1	mode=same;endings=ить/ывать;root=кат	
раскатиться	раскатываться	verbal_aspect:same:иться/ываться:v1	mode=same;endings=иться/ываться;root=кат	
раскисать	раскиснуть	verbal_aspect:same:ать/нуть:v1	mode=same;endings=ать/нуть;root=кис	
расклеивать	расклеить	verbal_aspect:same:ивать/ить:v1	mode=same;endings=ивать/ить;root=кле	
расклеиваться	расклеиться	verbal_aspect:same:иваться/иться:v1	mode=same;endings=иваться/иться;root=кле	
расклешивать	расклешить	verbal_aspect:same:ивать/ить:v1	mode=same;endings=ивать/ить;root=клеш	
расклинивать	расклинить	verbal_aspect:same:ивать/ить:v1	mode=same;endings=ивать/ить;root=клин	
расклиниваться	расклиниться	verbal_aspect:same:иваться/иться:v1	mode=same;endings=иваться/иться;root=клин	
раскорячивать	раскорячить	verbal_aspect:same:ивать/ить:v1	mode=same;endings=ивать/ить;root=коряч	
раскорячиваться	раскорячиться	verbal_aspect:same:иваться/иться:v1	mode=same;endings=иваться/иться;root=коряч	
раскошеливаться	раскошелиться	verbal_aspect:same:иваться/иться:v1	mode=same;endings=иваться/иться;root=кошел	
раскулачивать	раскулачить	verbal_aspect:same:ивать/ить:v1	mode=same;endings=ивать/ить;root=кулач	
раскупать	раскупить	verbal_aspect:same:ать/ить:v1	mode=same;endings=ать/ить;root=куп	
раскупоривать	раскупорить	verbal_aspect:same:ивать/ить:v1	mode=same;endings=ивать/ить;root=купор	
раскупориваться	раскупориться	verbal_aspect:same:иваться/иться:v1	mode=same;endings=иваться/иться;root=купор	
раскуривать	раскурить	verbal_aspect:same:ивать/ить:v1	mode=same;endings=ивать/ить;root=кур	
раскуриваться	раскуриться	verbal_aspect:same:иваться/иться:v1	mode=same;endings=иваться/иться;root=кур	
раскусать	раскусить	verbal_aspect:same:ать/ить:v1	mode=same;endings=ать/ить;root=кус	
раскусить	раскусывать	verbal_aspect:same:ить/ывать:v1	mode=same;endings=ить/ывать;root=кус	
распалить	распалять	verbal_aspect:same:ить/ять:v1	mode=same;endings=ить/ять;root=пал	
распалиться	распаляться	verbal_aspect:same:иться/яться:v1	mode=same;endings=иться/яться;root=пал	
распаривать	распарить	verbal_aspect:same:ивать/ить:v1	mode=same;endings=ивать/ить;root=пар	
распариваться	распариться	verbal_aspect:same:иваться/иться:v1	mode=same;endings=иваться/иться;root=пар	
распестрить	распестрять	verbal_aspect:same:ить/ять:v1	mode=same;endings=ить/ять;root=пестр	
распиливать	распилить	verbal_aspect:same:ивать/ить:v1	mode=same;endings=ивать/ить;root=пил	
расплющивать	расплющить	verbal_aspect:same:ивать/ить:v1	mode=same;endings=ивать/ить;root=плющ	
расплющиваться	расплющиться	verbal_aspect:same:иваться/иться:v1	mode=same;endings=иваться/иться;root=плющ	
распорядитель	распорядительский	lemma_suffix:ский:v1	base=распорядитель;suffix=ский	
распространитель	распространительский	lemma_suffix:ский:v1	base=распространитель;suffix=ский	
распухать	распухнуть	verbal_aspect:same:ать/нуть:v1	mode=same;endings=ать/нуть;root=пух	
распучивать	распучить	verbal_aspect:same:ивать/ить:v1	mode=same;endings=ивать/ить;root=пуч	
распылить	распылять	verbal_aspect:same:ить/ять:v1	mode=same;endings=ить/ять;root=пыл	
распылиться	распыляться	verbal_aspect:same:иться/яться:v1	mode=same;endings=иться/яться;root=пыл	
рассверливать	рассверлить	verbal_aspect:same:ивать/ить:v1	mode=same;endings=ивать/ить;root=сверл	
рассверливаться	рассверлиться	verbal_aspect:same:иваться/иться:v1	mode=same;endings=иваться/иться;root=сверл	
расселить	расселять	verbal_aspect:same:ить/ять:v1	mode=same;endings=ить/ять;root=сел	
расселиться	расселяться	verbal_aspect:same:иться/яться:v1	mode=same;endings=иться/яться;root=сел	
расступаться	расступиться	verbal_aspect:same:аться/иться:v1	mode=same;endings=аться/иться;root=ступ	
рассучивать	рассучить	verbal_aspect:same:ивать/ить:v1	mode=same;endings=ивать/ить;root=суч	
рассучиваться	рассучиться	verbal_aspect:same:иваться/иться:v1	mode=same;endings=иваться/иться;root=суч	
растеливаться	растелиться	verbal_aspect:same:иваться/иться:v1	mode=same;endings=иваться/иться;root=тел	
растопыривать	растопырить	verbal_aspect:same:ивать/ить:v1	mode=same;endings=ивать/ить;root=топыр	
растопыриваться	растопыриться	verbal_aspect:same:иваться/иться:v1	mode=same;endings=иваться/иться;root=топыр	
расторгать	расторгнуть	verbal_aspect:same:ать/нуть:v1	mode=same;endings=ать/нуть;root=торг	
расточать	расточить	verbal_aspect:same:ать/ить:v1	mode=same;endings=ать/ить;root=точ	
расточаться	расточиться	verbal_aspect:same:аться/иться:v1	mode=same;endings=аться/иться;root=точ	
растранжиривать	растранжирить	verbal_aspect:same:ивать/ить:v1	mode=same;endings=ивать/ить;root=транжир	
растранжириваться	растранжириться	verbal_aspect:same:иваться/иться:v1	mode=same;endings=иваться/иться;root=транжир	
растревоживать	растревожить	verbal_aspect:same:ивать/ить:v1	mode=same;endings=ивать/ить;root=тревож	
растревоживаться	растревожиться	verbal_aspect:same:иваться/иться:v1	mode=same;endings=иваться/иться;root=тревож	
расхваливать	расхвалить	verbal_aspect:same:ивать/ить:v1	mode=same;endings=ивать/ить;root=хвал	
расхваливаться	расхвалиться	verbal_aspect:same:иваться/иться:v1	mode=same;endings=иваться/иться;root=хвал	
расхватить	расхватывать	verbal_aspect:same:ить/ывать:v1	mode=same;endings=ить/ывать;root=хват	
расхлестнуть	расхлестывать	verbal_aspect:same:нуть/ывать:v1	mode=same;endings=нуть/ывать;root=хлест	
расцветать	расцветить	verbal_aspect:same:ать/ить:v1	mode=same;endings=ать/ить;root=цвет	
расценивать	расценить	verbal_aspect:same:ивать/ить:v1	mode=same;endings=ивать/ить;root=цен	
расчаливать	расчалить	verbal_aspect:same:ивать/ить:v1	mode=same;endings=ивать/ить;root=чал	
расчеканивать	расчеканить	verbal_aspect:same:ивать/ить:v1	mode=same;endings=ивать/ить;root=чекан	
расчехлить	расчехлять	verbal_aspect:same:ить/ять:v1	mode=same;endings=ить/ять;root=чехл	
расчислить	расчислять	verbal_aspect:same:ить/ять:v1	mode=same;endings=ить/ять;root=числ	
расчленить	расчленять	verbal_aspect:same:ить/ять:v1	mode=same;endings=ить/ять;root=член	
расчлениться	расчленяться	verbal_aspect:same:иться/яться:v1	mode=same;endings=иться/яться;root=член	
расшевеливать	расшевелить	verbal_aspect:same:ивать/ить:v1	mode=same;endings=ивать/ить;root=шевел	
расшевеливаться	расшевелиться	verbal_aspect:same:иваться/иться:v1	mode=same;endings=иваться/иться;root=шевел	
расшибать	расшибить	verbal_aspect:same:ать/ить:v1	mode=same;endings=ать/ить;root=шиб	
расшибаться	расшибиться	verbal_aspect:same:аться/иться:v1	mode=same;endings=аться/иться;root=шиб	
расшириться	расширяться	verbal_aspect:same:иться/яться:v1	mode=same;endings=иться/яться;root=шир	
расщебенивать	расщебенить	verbal_aspect:same:ивать/ить:v1	mode=same;endings=ивать/ить;root=щебен	
расщедриваться	расщедриться	verbal_aspect:same:иваться/иться:v1	mode=same;endings=иваться/иться;root=щедр	
ратный	рать	relational_adjective:ный:v1	root=рат;noun=рать;suffix=ный	
ребро	ребровый	relational_adjective:овый:v1	root=ребр;noun=ребро;suffix=овый	
ревенный	ревень	relational_adjective:ный:v1	root=ревен;noun=ревень;suffix=ный	
рез	резник	lemma_suffix:ник:v1	base=рез;suffix=ник	
рез	резной	relational_adjective:ной:v1	root=рез;noun=рез;suffix=ной	
резать	резнуть	verbal_aspect:same:ать/нуть:v1	mode=same;endings=ать/нуть;root=рез	
резина	резинный	relational_adjective:ный:v1	root=резин;noun=резина;suffix=ный	
резина	резиновый	relational_adjective:овый:v1	root=резин;noun=резина;suffix=овый	
резной	резь	relational_adjective:ной:v1	root=рез;noun=резь;suffix=ной	
рекрут	рекрутский	relational_adjective:ский:v1	root=рекрут;noun=рекрут;suffix=ский	
репа	репный	relational_adjective:ный:v1	root=реп;noun=репа;suffix=ный	
репа	реповый	relational_adjective:овый:v1	root=реп;noun=репа;suffix=овый	
репей	репейник	lemma_suffix:ник:v1	base=репей;suffix=ник	
решать	решить	verbal_aspect:same:ать/ить:v1	mode=same;endings=ать/ить;root=реш	
решаться	решиться	verbal_aspect:same:аться/иться:v1	mode=same;endings=аться/иться;root=реш	
решетный	решето	relational_adjective:ный:v1	root=решет;noun=решето;suffix=ный	
рис	рисовый	relational_adjective:овый:v1	root=рис;noun=рис;suffix=овый	
риск	рисковый	relational_adjective:овый:v1	root=риск;noun=риск;suffix=овый	
рогожа	рогожный	relational_adjective:ный:v1	root=рогож;noun=рогожа;suffix=ный	
рогоз	рогозовый	relational_adjective:овый:v1	root=рогоз;noun=рогоз;suffix=овый	
родитель	родительский	lemma_suffix:ский:v1	base=родитель;suffix=ский	
родник	родниковый	lemma_suffix:овый:v1	base=родник;suffix=овый	
роза	розовый	relational_adjective:овый:v1	root=роз;noun=роза;suffix=овый	
розга	розговый	relational_adjective:овый:v1	root=розг;noun=розга;suffix=овый	
рой	ройник	lemma_suffix:ник:v1	base=рой;suffix=ник	
ропот	ропотный	relational_adjective:ный:v1	root=ропот;noun=ропот;suffix=ный	
роса	росный	relational_adjective:ный:v1	root=рос;noun=роса;suffix=ный	
роскошный	роскошь	relational_adjective:ный:v1	root=роскош;noun=роскошь;suffix=ный	
рота	ротный	relational_adjective:ный:v1	root=рот;noun=рота;suffix=ный	
ртутный	ртуть	relational_adjective:ный:v1	root=ртут;noun=ртуть;suffix=ный	
рубать	рубнуть	verbal_aspect:same:ать/нуть:v1	mode=same;endings=ать/нуть;root=руб	
ругатель	ругательский	lemma_suffix:ский:v1	base=ругатель;suffix=ский	
ругать	ругнуть	verbal_aspect:same:ать/нуть:v1	mode=same;endings=ать/нуть;root=руг	
руда	рудный	relational_adjective:ный:v1	root=руд;noun=руда;suffix=ный	
рудник	рудниковый	lemma_suffix:овый:v1	base=рудник;suffix=овый	
рука	ручка	diminutive:v1	root=рук;alt=руч;suffix=ка	
рунный	руно	relational_adjective:ный:v1	root=рун;noun=руно;suffix=ный	
русин	русинский	lemma_suffix:ский:v1	base=русин;suffix=ский	
русист	русистский	lemma_suffix:ский:v1	base=русист;suffix=ский	
русло	русловый	relational_adjective:овый:v1	root=русл;noun=русло;suffix=овый	
рухляк	рухляковый	lemma_suffix:овый:v1	base=рухляк;suffix=овый	
ручей	ручейник	lemma_suffix:ник:v1	base=ручей;suffix=ник	
рыба	рыбный	relational_adjective:ный:v1	root=рыб;noun=рыба;suffix=ный	
рыба	рыбовод	profession:v1	head=рыб;tail=;source=tikhonov	
рыба	рыбоводный	profession:v1	head=рыб;tail=ный;source=tikhonov	
рыба	рыбоводство	profession:v1	head=рыб;tail=ство;source=tikhonov	
рыба	рыбоводческий	profession:v1	head=рыб;tail=ческий;source=tikhonov	
рыгать	рыгнуть	verbal_aspect:same:ать/нуть:v1	mode=same;endings=ать/нуть;root=рыг	
рыжик	рыжиковый	lemma_suffix:овый:v1	base=рыжик;suffix=овый	
рябчик	рябчиковый	lemma_suffix:овый:v1	base=рябчик;suffix=овый	
рявкать	рявкнуть	verbal_aspect:same:ать/нуть:v1	mode=same;endings=ать/нуть;root=рявк	
ряд	рядный	relational_adjective:ный:v1	root=ряд;noun=ряд;suffix=ный	
ряд	рядской	relational_adjective:ской:v1	root=ряд;noun=ряд;suffix=ской	
ряда	рядный	relational_adjective:ный:v1	root=ряд;noun=ряда;suffix=ный	
ряда	рядской	relational_adjective:ской:v1	root=ряд;noun=ряда;suffix=ской	
сад	садовый	relational_adjective:овый:v1	root=сад;noun=сад;suffix=овый	
саж	сажный	relational_adjective:ный:v1	root=саж;noun=саж;suffix=ный	
сажа	сажный	relational_adjective:ный:v1	root=саж;noun=сажа;suffix=ный	
салат	салатник	lemma_suffix:ник:v1	base=салат;suffix=ник	
салат	салатный	relational_adjective:ный:v1	root=салат;noun=салат;suffix=ный	
сальник	сальниковый	lemma_suffix:овый:v1	base=сальник;suffix=овый	
салют	салютный	relational_adjective:ный:v1	root=салют;noun=салют;suffix=ный	
сап	сапной	relational_adjective:ной:v1	root=сап;noun=сап;suffix=ной	
сап	саповый	relational_adjective:овый:v1	root=сап;noun=сап;suffix=овый	
саранча	саранчовый	relational_adjective:овый:v1	root=саранч;noun=саранча;suffix=овый	
сарафан	сарафанный	relational_adjective:ный:v1	root=сарафан;noun=сарафан;suffix=ный	
сахар	сахарник	lemma_suffix:ник:v1	base=сахар;suffix=ник	
сахар	сахарный	relational_adjective:ный:v1	root=сахар;noun=сахар;suffix=ный	
сахарин	сахариновый	lemma_suffix:овый:v1	base=сахарин;suffix=овый	
сбор	сборник	lemma_suffix:ник:v1	base=сбор;suffix=ник	
сбредать	сбредить	verbal_aspect:same:ать/ить:v1	mode=same;endings=ать/ить;root=бред	
сброс	сбросовый	lemma_suffix:овый:v1	base=сброс;suffix=овый	
сваливать	свалить	verbal_aspect:same:ивать/ить:v1	mode=same;endings=ивать/ить;root=вал	
сваливаться	свалиться	verbal_aspect:same:иваться/иться:v1	mode=same;endings=иваться/иться;root=вал	
сваривать	сварить	verbal_aspect:same:ивать/ить:v1	mode=same;endings=ивать/ить;root=вар	
свариваться	свариться	verbal_aspect:same:иваться/иться:v1	mode=same;endings=иваться/иться;root=вар	
свекла	свекловод	profession:v1	head=свекл;tail=;source=tikhonov	
свекла	свекловодство	profession:v1	head=свекл;tail=ство;source=tikhonov	
свекла	свекловодческий	profession:v1	head=свекл;tail=ческий;source=tikhonov	
свергать	свергнуть	verbal_aspect:same:ать/нуть:v1	mode=same;endings=ать/нуть;root=верг	
сверить	сверять	verbal_aspect:same:ить/ять:v1	mode=same;endings=ить/ять;root=вер	
свериться	сверяться	verbal_aspect:same:иться/яться:v1	mode=same;endings=иться/яться;root=вер	
сверкать	сверкнуть	verbal_aspect:same:ать/нуть:v1	mode=same;endings=ать/нуть;root=сверк	
свершать	свершить	verbal_aspect:same:ать/ить:v1	mode=same;endings=ать/ить;root=верш	
свершаться	свершиться	verbal_aspect:same:аться/иться:v1	mode=same;endings=аться/иться;root=верш	
светлейший	светлый	adjective_degree:ейший:v1	stem=светл;ending=ейший	
свеча	свечной	relational_adjective:ной:v1	root=свеч;noun=свеча;suffix=ной	
свидетель	свидетельский	lemma_suffix:ский:v1	base=свидетель;suffix=ский	
свисать	свиснуть	verbal_aspect:same:ать/нуть:v1	mode=same;endings=ать/нуть;root=вис	
свистать	свистнуть	verbal_aspect:same:ать/нуть:v1	mode=same;endings=ать/нуть;root=свист	
свобода	свободный	relational_adjective:ный:v1	root=свобод;noun=свобода;suffix=ный	
свой	свойский	lemma_suffix:ский:v1	base=свой;suffix=ский	
святейший	святой	adjective_degree:ейший:v1	stem=свят;ending=ейший	
святитель	святительский	lemma_suffix:ский:v1	base=святитель;suffix=ский	
сгибать	сгибнуть	verbal_aspect:same:ать/нуть:v1	mode=same;endings=ать/нуть;root=гиб	
сдружать	сдружить	verbal_aspect:same:ать/ить:v1	mode=same;endings=ать/ить;root=друж	
сдружаться	сдружиться	verbal_aspect:same:аться/иться:v1	mode=same;endings=аться/иться;root=друж	
север	северный	relational_adjective:ный:v1	root=север;noun=север;suffix=ный	
сезон	сезонник	lemma_suffix:ник:v1	base=сезон;suffix=ник	
сезон	сезонный	relational_adjective:ный:v1	root=сезон;noun=сезон;suffix=ный	
сельдевый	сельдь	relational_adjective:евый:v1	root=сельд;noun=сельдь;suffix=евый	
семга	семговый	relational_adjective:овый:v1	root=семг;noun=семга;suffix=овый	
семенник	семенниковый	lemma_suffix:овый:v1	base=семенник;suffix=овый	
семерик	семериковый	lemma_suffix:овый:v1	base=семерик;suffix=овый	
сентябрь	сентябрьский	lemma_suffix:ский:v1	base=сентябрь;suffix=ский	
сера	серный	relational_adjective:ный:v1	root=сер;noun=сера;suffix=ный	
сестрин	сестринский	lemma_suffix:ский:v1	base=сестрин;suffix=ский	
сетной	сеть	relational_adjective:ной:v1	root=сет;noun=сеть;suffix=ной	
сетный	сеть	relational_adjective:ный:v1	root=сет;noun=сеть;suffix=ный	
сиг	сиговый	relational_adjective:овый:v1	root=сиг;noun=сиг;suffix=овый	
сикать	сикнуть	verbal_aspect:same:ать/нуть:v1	mode=same;endings=ать/нуть;root=сик	
силос	силосный	relational_adjective:ный:v1	root=силос;noun=силос;suffix=ный	
сиреневый	сирень	relational_adjective:евый:v1	root=сирен;noun=сирень;suffix=евый	
сироп	сиропный	relational_adjective:ный:v1	root=сироп;noun=сироп;suffix=ный	
ситник	ситниковый	lemma_suffix:овый:v1	base=ситник;suffix=овый	
ситный	сито	relational_adjective:ный:v1	root=сит;noun=сито;suffix=ный	
сито	ситовый	relational_adjective:овый:v1	root=сит;noun=сито;suffix=овый	
сказ	сказовый	lemma_suffix:овый:v1	base=сказ;suffix=овый	
скакать	скакнуть	verbal_aspect:same:ать/нуть:v1	mode=same;endings=ать/нуть;root=скак	
скарб	скарбник	lemma_suffix:ник:v1	base=скарб;suffix=ник	
скарб	скарбовый	relational_adjective:овый:v1	root=скарб;noun=скарб;suffix=овый	
скаред	скаредник	lemma_suffix:ник:v1	base=скаред;suffix=ник	
скаред	скаредный	relational_adjective:ный:v1	root=скаред;noun=скаред;suffix=ный	
скареда	скаредный	relational_adjective:ный:v1	root=скаред;noun=скареда;suffix=ный	
скатить	скатывать	verbal_aspect:same:ить/ывать:v1	mode=same;endings=ить/ывать;root=кат	
скатиться	скатываться	verbal_aspect:same:иться/ываться:v1	mode=same;endings=иться/ываться;root=кат	
скирд	скирдник	lemma_suffix:ник:v1	base=скирд;suffix=ник	
скисать	скиснуть	verbal_aspect:same:ать/нуть:v1	mode=same;endings=ать/нуть;root=кис	
скит	скитник	lemma_suffix:ник:v1	base=скит;suffix=ник	
скит	скитский	relational_adjective:ский:v1	root=скит;noun=скит;suffix=ский	
складывать	сложить	verbal_aspect:cross:ить/ывать:v1	mode=cross;endings=ить/ывать;root=	
складываться	сложиться	verbal_aspect:cross:иться/ываться:v1	mode=cross;endings=иться/ываться;root=	
склеивать	склеить	verbal_aspect:same:ивать/ить:v1	mode=same;endings=ивать/ить;root=кле	
склеиваться	склеиться	verbal_aspect:same:иваться/иться:v1	mode=same;endings=иваться/иться;root=кле	
склонить	склонять	verbal_aspect:same:ить/ять:v1	mode=same;endings=ить/ять;root=клон	
склониться	склоняться	verbal_aspect:same:иться/яться:v1	mode=same;endings=иться/яться;root=клон	
сковорода	сковородный	relational_adjective:ный:v1	root=сковород;noun=сковорода;suffix=ный	
скорбный	скорбь	relational_adjective:ный:v1	root=скорб;noun=скорбь;suffix=ный	
скот	скотник	lemma_suffix:ник:v1	base=скот;suffix=ник	
скот	скотный	relational_adjective:ный:v1	root=скот;noun=скот;suffix=ный	
скот	скотский	relational_adjective:ский:v1	root=скот;noun=скот;suffix=ский	
скрючивать	скрючить	verbal_aspect:same:ивать/ить:v1	mode=same;endings=ивать/ить;root=крюч	
скрючиваться	скрючиться	verbal_aspect:same:иваться/иться:v1	mode=same;endings=иваться/иться;root=крюч	
скупать	скупить	verbal_aspect:same:ать/ить:v1	mode=same;endings=ать/ить;root=куп	
скусить	скусывать	verbal_aspect:same:ить/ывать:v1	mode=same;endings=ить/ывать;root=кус	
скучивать	скучить	verbal_aspect:same:ивать/ить:v1	mode=same;endings=ивать/ить;root=куч	
скучиваться	скучиться	verbal_aspect:same:иваться/иться:v1	mode=same;endings=иваться/иться;root=куч	
слава	славный	relational_adjective:ный:v1	root=слав;noun=слава;suffix=ный	
славист	славистский	lemma_suffix:ский:v1	base=славист;suffix=ский	
следователь	следовательский	lemma_suffix:ский:v1	base=следователь;suffix=ский	
слеза	слезный	relational_adjective:ный:v1	root=слез;noun=слеза;suffix=ный	
слива	сливовый	relational_adjective:овый:v1	root=слив;noun=слива;suffix=овый	
сличать	сличить	verbal_aspect:same:ать/ить:v1	mode=same;endings=ать/ить;root=лич	
слобода	слободской	relational_adjective:ской:v1	root=слобод;noun=слобода;suffix=ской	
слон	слоновый	relational_adjective:овый:v1	root=слон;noun=слон;suffix=овый	
служитель	служительский	lemma_suffix:ский:v1	base=служитель;suffix=ский	
случать	случить	verbal_aspect:same:ать/ить:v1	mode=same;endings=ать/ить;root=луч	
слюна	слюнный	relational_adjective:ный:v1	root=слюн;noun=слюна;suffix=ный	
слюнтяй	слюнтяйский	lemma_suffix:ский:v1	base=слюнтяй;suffix=ский	
сманивать	сманить	verbal_aspect:same:ивать/ить:v1	mode=same;endings=ивать/ить;root=ман	
смежать	смежить	verbal_aspect:same:ать/ить:v1	mode=same;endings=ать/ить;root=меж	
смежаться	смежиться	verbal_aspect:same:аться/иться:v1	mode=same;endings=аться/иться;root=меж	
смекать	смекнуть	verbal_aspect:same:ать/нуть:v1	mode=same;endings=ать/нуть;root=мек	
смерзать	смерзнуть	verbal_aspect:same:ать/нуть:v1	mode=same;endings=ать/нуть;root=мерз	
сметнуть	сметывать	verbal_aspect:same:нуть/ывать:v1	mode=same;endings=нуть/ывать;root=мет	
смирить	смирять	verbal_aspect:same:ить/ять:v1	mode=same;endings=ить/ять;root=мир	
смириться	смиряться	verbal_aspect:same:иться/яться:v1	mode=same;endings=иться/яться;root=мир	
смокать	смокнуть	verbal_aspect:same:ать/нуть:v1	mode=same;endings=ать/нуть;root=мок	
смолкать	смолкнуть	verbal_aspect:same:ать/нуть:v1	mode=same;endings=ать/нуть;root=молк	
смоль	смольник	lemma_suffix:ник:v1	base=смоль;suffix=ник	
сморкать	сморкнуть	verbal_aspect:same:ать/нуть:v1	mode=same;endings=ать/нуть;root=сморк	
сморщивать	сморщить	verbal_aspect:same:ивать/ить:v1	mode=same;endings=ивать/ить;root=морщ	
сморщиваться	сморщиться	verbal_aspect:same:иваться/иться:v1	mode=same;endings=иваться/иться;root=морщ	
смотритель	смотрительский	lemma_suffix:ский:v1	base=смотритель;suffix=ский	
смрад	смрадный	relational_adjective:ный:v1	root=смрад;noun=смрад;suffix=ный	
смутьян	смутьянский	lemma_suffix:ский:v1	base=смутьян;suffix=ский	
смякать	смякнуть	verbal_aspect:same:ать/нуть:v1	mode=same;endings=ать/нуть;root=мяк	
снаряд	снарядовый	lemma_suffix:овый:v1	base=снаряд;suffix=овый	
сникать	сникнуть	verbal_aspect:same:ать/нуть:v1	mode=same;endings=ать/нуть;root=ник	
собака	собаковод	profession:v1	head=собак;tail=;source=tikhonov	
собака	собаководство	profession:v1	head=собак;tail=ство;source=tikhonov	
собака	собаководческий	profession:v1	head=собак;tail=ческий;source=tikhonov	
соблазнить	соблазнять	verbal_aspect:same:ить/ять:v1	mode=same;endings=ить/ять;root=блазн	
соблазниться	соблазняться	verbal_aspect:same:иться/яться:v1	mode=same;endings=иться/яться;root=блазн	
соболиный	соболь	relational_adjective:иный:v1	root=собол;noun=соболь;suffix=иный	
сова	совиный	relational_adjective:иный:v1	root=сов;noun=сова;suffix=иный	
совершать	совершить	verbal_aspect:same:ать/ить:v1	mode=same;endings=ать/ить;root=верш	
совершаться	совершиться	verbal_aspect:same:аться/иться:v1	mode=same;endings=аться/иться;root=верш	
совет	советник	lemma_suffix:ник:v1	base=совет;suffix=ник	
совет	советский	lemma_suffix:ский:v1	base=совет;suffix=ский	
совместитель	совместительский	lemma_suffix:ский:v1	base=совместитель;suffix=ский	
соглашатель	соглашательский	lemma_suffix:ский:v1	base=соглашатель;suffix=ский	
согрешать	согрешить	verbal_aspect:same:ать/ить:v1	mode=same;endings=ать/ить;root=греш	
соединить	соединять	verbal_aspect:same:ить/ять:v1	mode=same;endings=ить/ять;root=един	
соединиться	соединяться	verbal_aspect:same:иться/яться:v1	mode=same;endings=иться/яться;root=един	
сок	соковый	relational_adjective:овый:v1	root=сок;noun=сок;suffix=овый	
сокол	соколиный	relational_adjective:иный:v1	root=сокол;noun=сокол;suffix=иный	
сокрушать	сокрушить	verbal_aspect:same:ать/ить:v1	mode=same;endings=ать/ить;root=круш	
солдат	солдатский	relational_adjective:ский:v1	root=солдат;noun=солдат;suffix=ский	
солод	солодовый	relational_adjective:овый:v1	root=солод;noun=солод;suffix=овый	
соломит	соломитовый	lemma_suffix:овый:v1	base=соломит;suffix=овый	
солончак	солончаковый	lemma_suffix:овый:v1	base=солончак;suffix=овый	
сон	сонник	lemma_suffix:ник:v1	base=сон;suffix=ник	
сон	сонный	relational_adjective:ный:v1	root=сон;noun=сон;suffix=ный	
сонный	сонь	relational_adjective:ный:v1	root=сон;noun=сонь;suffix=ный	
сонный	соня	relational_adjective:ный:v1	root=сон;noun=соня;suffix=ный	
сообщать	сообщить	verbal_aspect:same:ать/ить:v1	mode=same;endings=ать/ить;root=общ	
сообщаться	сообщиться	verbal_aspect:same:аться/иться:v1	mode=same;endings=аться/иться;root=общ	
сор	сорный	relational_adjective:ный:v1	root=сор;noun=сор;suffix=ный	
сором	соромный	relational_adjective:ный:v1	root=сором;noun=сором;suffix=ный	
сосед	соседский	lemma_suffix:ский:v1	base=сосед;suffix=ский	
сосна	сосновый	relational_adjective:овый:v1	root=сосн;noun=сосна;suffix=овый	
составитель	составительский	lemma_suffix:ский:v1	base=составитель;suffix=ский	
сострунивать	сострунить	verbal_aspect:same:ивать/ить:v1	mode=same;endings=ивать/ить;root=струн	
сохранить	сохранять	verbal_aspect:same:ить/ять:v1	mode=same;endings=ить/ять;root=хран	
сохраниться	сохраняться	verbal_aspect:same:иться/яться:v1	mode=same;endings=иться/яться;root=хран	
сочинитель	сочинительский	lemma_suffix:ский:v1	base=сочинитель;suffix=ский	
сочинить	сочинять	verbal_aspect:same:ить/ять:v1	mode=same;endings=ить/ять;root=чин	
сочлен	сочленовый	lemma_suffix:овый:v1	base=сочлен;suffix=овый	
сочленить	сочленять	verbal_aspect:same:ить/ять:v1	mode=same;endings=ить/ять;root=член	
сошник	сошниковый	lemma_suffix:овый:v1	base=сошник;suffix=овый	
сощипнуть	сощипывать	verbal_aspect:same:нуть/ывать:v1	mode=same;endings=нуть/ывать;root=щип	
сощуривать	сощурить	verbal_aspect:same:ивать/ить:v1	mode=same;endings=ивать/ить;root=щур	
сощуриваться	сощуриться	verbal_aspect:same:иваться/иться:v1	mode=same;endings=иваться/иться;root=щур	
союз	союзник	lemma_suffix:ник:v1	base=союз;suffix=ник	
союз	союзный	relational_adjective:ный:v1	root=союз;noun=союз;suffix=ный	
спаривать	спарить	verbal_aspect:same:ивать/ить:v1	mode=same;endings=ивать/ить;root=пар	
спариваться	спариться	verbal_aspect:same:иваться/иться:v1	mode=same;endings=иваться/иться;root=пар	
спешиваться	спешиться	verbal_aspect:same:иваться/иться:v1	mode=same;endings=иваться/иться;root=пеш	
спиливать	спилить	verbal_aspect:same:ивать/ить:v1	mode=same;endings=ивать/ить;root=пил	
спирт	спиртной	relational_adjective:ной:v1	root=спирт;noun=спирт;suffix=ной	
сплющивать	сплющить	verbal_aspect:same:ивать/ить:v1	mode=same;endings=ивать/ить;root=плющ	
сплющиваться	сплющиться	verbal_aspect:same:иваться/иться:v1	mode=same;endings=иваться/иться;root=плющ	
срам	срамник	lemma_suffix:ник:v1	base=срам;suffix=ник	
срам	срамной	relational_adjective:ной:v1	root=срам;noun=срам;suffix=ной	
сруб	срубовый	lemma_suffix:овый:v1	base=сруб;suffix=овый	
сселить	сселять	verbal_aspect:same:ить/ять:v1	mode=same;endings=ить/ять;root=сел	
ссучивать	ссучить	verbal_aspect:same:ивать/ить:v1	mode=same;endings=ивать/ить;root=суч	
ссучиваться	ссучиться	verbal_aspect:same:иваться/иться:v1	mode=same;endings=иваться/иться;root=суч	
став	ставник	lemma_suffix:ник:v1	base=став;suffix=ник	
стадный	стадо	relational_adjective:ный:v1	root=стад;noun=стадо;suffix=ный	
стакан	стаканный	relational_adjective:ный:v1	root=стакан;noun=стакан;suffix=ный	
старатель	старательский	lemma_suffix:ский:v1	base=старатель;suffix=ский	
створить	створять	verbal_aspect:same:ить/ять:v1	mode=same;endings=ить/ять;root=твор	
створиться	створяться	verbal_aspect:same:иться/яться:v1	mode=same;endings=иться/яться;root=твор	
стегать	стегнуть	verbal_aspect:same:ать/нуть:v1	mode=same;endings=ать/нуть;root=стег	
стена	стенной	relational_adjective:ной:v1	root=стен;noun=стена;suffix=ной	
степенный	степень	relational_adjective:ный:v1	root=степен;noun=степень;suffix=ный	
степной	степь	relational_adjective:ной:v1	root=степ;noun=степь;suffix=ной	
стеснить	стеснять	verbal_aspect:same:ить/ять:v1	mode=same;endings=ить/ять;root=тесн	
стесниться	стесняться	verbal_aspect:same:иться/яться:v1	mode=same;endings=иться/яться;root=тесн	
стихать	стихнуть	verbal_aspect:same:ать/нуть:v1	mode=same;endings=ать/нуть;root=тих	
сток	стоковый	lemma_suffix:овый:v1	base=сток;suffix=овый	
стол	столовый	relational_adjective:овый:v1	root=стол;noun=стол;suffix=овый	
столбик	столбиковый	lemma_suffix:овый:v1	base=столбик;suffix=овый	
столбняк	столбняковый	lemma_suffix:овый:v1	base=столбняк;suffix=овый	
столкать	столкнуть	verbal_aspect:same:ать/нуть:v1	mode=same;endings=ать/нуть;root=толк	
столп	столпник	lemma_suffix:ник:v1	base=столп;suffix=ник	
стопа	стопный	relational_adjective:ный:v1	root=стоп;noun=стопа;suffix=ный	
стопор	стопорный	relational_adjective:ный:v1	root=стопор;noun=стопор;suffix=ный	
сторона	сторонний	relational_adjective:ний:v1	root=сторон;noun=сторона;suffix=ний	
стояк	стояковый	lemma_suffix:овый:v1	base=стояк;suffix=овый	
страда	страдный	relational_adjective:ный:v1	root=страд;noun=страда;suffix=ный	
страж	стражник	lemma_suffix:ник:v1	base=страж;suffix=ник	
страус	страусник	lemma_suffix:ник:v1	base=страус;suffix=ник	
страус	страусовый	relational_adjective:овый:v1	root=страус;noun=страус;suffix=овый	
стрепет	стрепетиный	relational_adjective:иный:v1	root=стрепет;noun=стрепет;suffix=иный	
строитель	строительский	lemma_suffix:ский:v1	base=строитель;suffix=ский	
стругать	стругнуть	verbal_aspect:same:ать/нуть:v1	mode=same;endings=ать/нуть;root=струг	
струна	струнный	relational_adjective:ный:v1	root=струн;noun=струна;suffix=ный	
стукать	стукнуть	verbal_aspect:same:ать/нуть:v1	mode=same;endings=ать/нуть;root=тук	
ступать	ступить	verbal_aspect:same:ать/ить:v1	mode=same;endings=ать/ить;root=ступ	
стыд	стыдный	relational_adjective:ный:v1	root=стыд;noun=стыд;suffix=ный	
стяг	стяговый	relational_adjective:овый:v1	root=стяг;noun=стяг;suffix=овый	
суббота	субботний	relational_adjective:ний:v1	root=суббот;noun=суббота;suffix=ний	
судак	судаковый	relational_adjective:овый:v1	root=судак;noun=судак;suffix=овый	
сумбур	сумбурный	relational_adjective:ный:v1	root=сумбур;noun=сумбур;suffix=ный	
суп	супник	lemma_suffix:ник:v1	base=суп;suffix=ник	
супротив	супротивник	lemma_suffix:ник:v1	base=супротив;suffix=ник	
сургуч	сургучник	lemma_suffix:ник:v1	base=сургуч;suffix=ник	
сургуч	сургучный	relational_adjective:ный:v1	root=сургуч;noun=сургуч;suffix=ный	
сургуч	сургучовый	relational_adjective:овый:v1	root=сургуч;noun=сургуч;suffix=овый	
суслик	сусликовый	lemma_suffix:овый:v1	base=суслик;suffix=овый	
сусло	сусловый	relational_adjective:овый:v1	root=сусл;noun=сусло;suffix=овый	
схватить	схватывать	verbal_aspect:same:ить/ывать:v1	mode=same;endings=ить/ывать;root=хват	
схватиться	схватываться	verbal_aspect:same:иться/ываться:v1	mode=same;endings=иться/ываться;root=хват	
схлебнуть	схлебывать	verbal_aspect:same:нуть/ывать:v1	mode=same;endings=нуть/ывать;root=хлеб	
схлестнуть	схлестывать	verbal_aspect:same:нуть/ывать:v1	mode=same;endings=нуть/ывать;root=хлест	
сцапнуть	сцапывать	verbal_aspect:same:нуть/ывать:v1	mode=same;endings=нуть/ывать;root=цап	
сцарапнуть	сцарапывать	verbal_aspect:same:нуть/ывать:v1	mode=same;endings=нуть/ывать;root=царап	
счаливать	счалить	verbal_aspect:same:ивать/ить:v1	mode=same;endings=ивать/ить;root=чал	
счаливаться	счалиться	verbal_aspect:same:иваться/иться:v1	mode=same;endings=иваться/иться;root=чал	
счеканивать	счеканить	verbal_aspect:same:ивать/ить:v1	mode=same;endings=ивать/ить;root=чекан	
счерпнуть	счерпывать	verbal_aspect:same:нуть/ывать:v1	mode=same;endings=нуть/ывать;root=черп	
счислить	счислять	verbal_aspect:same:ить/ять:v1	mode=same;endings=ить/ять;root=числ	
сшибать	сшибить	verbal_aspect:same:ать/ить:v1	mode=same;endings=ать/ить;root=шиб	
сшибаться	сшибиться	verbal_aspect:same:аться/иться:v1	mode=same;endings=аться/иться;root=шиб	
съезд	съездовый	lemma_suffix:овый:v1	base=съезд;suffix=овый	
сыпать	сыпнуть	verbal_aspect:same:ать/нуть:v1	mode=same;endings=ать/нуть;root=сып	
сыпной	сыпь	relational_adjective:ной:v1	root=сып;noun=сыпь;suffix=ной	
сыр	сырник	lemma_suffix:ник:v1	base=сыр;suffix=ник	
сыр	сырный	relational_adjective:ный:v1	root=сыр;noun=сыр;suffix=ный	
сырный	сырь	relational_adjective:ный:v1	root=сыр;noun=сырь;suffix=ный	
табун	табунный	relational_adjective:ный:v1	root=табун;noun=табун;suffix=ный	
табурет	табуретный	relational_adjective:ный:v1	root=табурет;noun=табурет;suffix=ный	
таган	таганный	relational_adjective:ный:v1	root=таган;noun=таган;suffix=ный	
таз	тазовый	relational_adjective:овый:v1	root=таз;noun=таз;suffix=овый	
тайник	тайниковый	lemma_suffix:овый:v1	base=тайник;suffix=овый	
таков	таковский	lemma_suffix:ский:v1	base=таков;suffix=ский	
тал	таловый	lemma_suffix:овый:v1	base=тал;suffix=овый	
тальник	тальниковый	lemma_suffix:овый:v1	base=тальник;suffix=овый	
танк	танковый	relational_adjective:овый:v1	root=танк;noun=танк;suffix=овый	
танкист	танкистский	lemma_suffix:ский:v1	base=танкист;suffix=ский	
таран	таранный	relational_adjective:ный:v1	root=таран;noun=таран;suffix=ный	
тарарахать	тарарахнуть	verbal_aspect:same:ать/нуть:v1	mode=same;endings=ать/нуть;root=тарарах	
темный	темь	relational_adjective:ный:v1	root=тем;noun=темь;suffix=ный	
тенета	тенетный	relational_adjective:ный:v1	root=тенет;noun=тенета;suffix=ный	
терн	терновый	relational_adjective:овый:v1	root=терн;noun=терн;suffix=овый	
тес	тесовый	relational_adjective:овый:v1	root=тес;noun=тес;suffix=овый	
тетрадный	тетрадь	relational_adjective:ный:v1	root=тетрад;noun=тетрадь;suffix=ный	
тигр	тигриный	relational_adjective:иный:v1	root=тигр;noun=тигр;suffix=иный	
тигр	тигровый	relational_adjective:овый:v1	root=тигр;noun=тигр;suffix=овый	
ткань	тканьевый	lemma_suffix:евый:v1	base=ткань;suffix=евый	
товар	товарный	relational_adjective:ный:v1	root=товар;noun=товар;suffix=ный	
толк	толковый	lemma_suffix:овый:v1	base=толк;suffix=овый	
толкать	толкнуть	verbal_aspect:same:ать/нуть:v1	mode=same;endings=ать/нуть;root=толк	
тополевый	тополь	relational_adjective:евый:v1	root=топол;noun=тополь;suffix=евый	
топор	топорник	lemma_suffix:ник:v1	base=топор;suffix=ник	
топор	топорный	relational_adjective:ный:v1	root=топор;noun=топор;suffix=ный	
торг	торговый	relational_adjective:овый:v1	root=торг;noun=торг;suffix=овый	
тормоз	тормозник	lemma_suffix:ник:v1	base=тормоз;suffix=ник	
тормоз	тормозной	relational_adjective:ной:v1	root=тормоз;noun=тормоз;suffix=ной	
трава	травный	relational_adjective:ный:v1	root=трав;noun=трава;suffix=ный	
травник	травниковый	lemma_suffix:овый:v1	base=травник;suffix=овый	
трактир	трактирный	relational_adjective:ный:v1	root=трактир;noun=трактир;suffix=ный	
трал	траловый	relational_adjective:овый:v1	root=трал;noun=трал;suffix=овый	
трапеза	трапезный	relational_adjective:ный:v1	root=трапез;noun=трапеза;suffix=ный	
трахать	трахнуть	verbal_aspect:same:ать/нуть:v1	mode=same;endings=ать/нуть;root=трах	
треска	тресковый	relational_adjective:овый:v1	root=треск;noun=треска;suffix=овый	
тростник	тростниковый	lemma_suffix:овый:v1	base=тростник;suffix=овый	
труба	трубный	relational_adjective:ный:v1	root=труб;noun=труба;suffix=ный	
труд	трудник	lemma_suffix:ник:v1	base=труд;suffix=ник	
труд	трудный	relational_adjective:ный:v1	root=труд;noun=труд;suffix=ный	
труп	трупный	relational_adjective:ный:v1	root=труп;noun=труп;suffix=ный	
трут	трутник	lemma_suffix:ник:v1	base=трут;suffix=ник	
трущоба	трущобный	relational_adjective:ный:v1	root=трущоб;noun=трущоба;suffix=ный	
тукать	тукнуть	verbal_aspect:same:ать/нуть:v1	mode=same;endings=ать/нуть;root=тук	
тулуп	тулупник	lemma_suffix:ник:v1	base=тулуп;suffix=ник	
тулуп	тулупный	relational_adjective:ный:v1	root=тулуп;noun=тулуп;suffix=ный	
туман	туманный	relational_adjective:ный:v1	root=туман;noun=туман;suffix=ный	
тупик	тупиковый	lemma_suffix:овый:v1	base=тупик;suffix=овый	
тюк	тюковый	lemma_suffix:овый:v1	base=тюк;suffix=овый	
тюкать	тюкнуть	verbal_aspect:same:ать/нуть:v1	mode=same;endings=ать/нуть;root=тюк	
тюленевый	тюлень	relational_adjective:евый:v1	root=тюлен;noun=тюлень;suffix=евый	
тяпать	тяпнуть	verbal_aspect:same:ать/нуть:v1	mode=same;endings=ать/нуть;root=тяп	
убелить	убелять	verbal_aspect:same:ить/ять:v1	mode=same;endings=ить/ять;root=бел	
убыстрить	убыстрять	verbal_aspect:same:ить/ять:v1	mode=same;endings=ить/ять;root=быстр	
убыстриться	убыстряться	verbal_aspect:same:иться/яться:v1	mode=same;endings=иться/яться;root=быстр	
уважать	уважить	verbal_aspect:same:ать/ить:v1	mode=same;endings=ать/ить;root=важ	
уваривать	уварить	verbal_aspect:same:ивать/ить:v1	mode=same;endings=ивать/ить;root=вар	
увариваться	увариться	verbal_aspect:same:иваться/иться:v1	mode=same;endings=иваться/иться;root=вар	
уверить	уверять	verbal_aspect:same:ить/ять:v1	mode=same;endings=ить/ять;root=вер	
увериться	уверяться	verbal_aspect:same:иться/яться:v1	mode=same;endings=иться/яться;root=вер	
увести	уводить	verbal_aspect:alt:ить/ти:v1	mode=alt;endings=ить/ти;root=	
увлажать	увлажить	verbal_aspect:same:ать/ить:v1	mode=same;endings=ать/ить;root=влаж	
увлажаться	увлажиться	verbal_aspect:same:аться/иться:v1	mode=same;endings=аться/иться;root=влаж	
увязнуть	увязывать	verbal_aspect:same:нуть/ывать:v1	mode=same;endings=нуть/ывать;root=вяз	
угасать	угасить	verbal_aspect:same:ать/ить:v1	mode=same;endings=ать/ить;root=гас	
угасать	угаснуть	verbal_aspect:same:ать/нуть:v1	mode=same;endings=ать/нуть;root=гас	
удалить	удалять	verbal_aspect:same:ить/ять:v1	mode=same;endings=ить/ять;root=дал	
удалиться	удаляться	verbal_aspect:same:иться/яться:v1	mode=same;endings=иться/яться;root=дал	
удар	ударник	lemma_suffix:ник:v1	base=удар;suffix=ник	
удар	ударный	relational_adjective:ный:v1	root=удар;noun=удар;suffix=ный	
уделить	уделять	verbal_aspect:same:ить/ять:v1	mode=same;endings=ить/ять;root=дел	
удобрить	удобрять	verbal_aspect:same:ить/ять:v1	mode=same;endings=ить/ять;root=добр	
удод	удодовый	relational_adjective:овый:v1	root=удод;noun=удод;suffix=овый	
удорожать	удорожить	verbal_aspect:same:ать/ить:v1	mode=same;endings=ать/ить;root=дорож	
удорожаться	удорожиться	verbal_aspect:same:аться/иться:v1	mode=same;endings=аться/иться;root=дорож	
удосуживаться	удосужиться	verbal_aspect:same:иваться/иться:v1	mode=same;endings=иваться/иться;root=досуж	
удружать	удружить	verbal_aspect:same:ать/ить:v1	mode=same;endings=ать/ить;root=друж	
удручать	удручить	verbal_aspect:same:ать/ить:v1	mode=same;endings=ать/ить;root=друч	
удручаться	удручиться	verbal_aspect:same:аться/иться:v1	mode=same;endings=аться/иться;root=друч	
удушать	удушить	verbal_aspect:same:ать/ить:v1	mode=same;endings=ать/ить;root=душ	
удушаться	удушиться	verbal_aspect:same:аться/иться:v1	mode=same;endings=аться/иться;root=душ	
уединить	уединять	verbal_aspect:same:ить/ять:v1	mode=same;endings=ить/ять;root=един	
уединиться	уединяться	verbal_aspect:same:иться/яться:v1	mode=same;endings=иться/яться;root=един	
ужаривать	ужарить	verbal_aspect:same:ивать/ить:v1	mode=same;endings=ивать/ить;root=жар	
ужариваться	ужариться	verbal_aspect:same:иваться/иться:v1	mode=same;endings=иваться/иться;root=жар	
ужас	ужасный	relational_adjective:ный:v1	root=ужас;noun=ужас;suffix=ный	
ужасать	ужаснуть	verbal_aspect:same:ать/нуть:v1	mode=same;endings=ать/нуть;root=ужас	
ужиливать	ужилить	verbal_aspect:same:ивать/ить:v1	mode=same;endings=ивать/ить;root=жил	
укарауливать	укараулить	verbal_aspect:same:ивать/ить:v1	mode=same;endings=ивать/ить;root=караул	
укатить	укатывать	verbal_aspect:same:ить/ывать:v1	mode=same;endings=ить/ывать;root=кат	
укатиться	укатываться	verbal_aspect:same:иться/ываться:v1	mode=same;endings=иться/ываться;root=кат	
укисать	укиснуть	verbal_aspect:same:ать/нуть:v1	mode=same;endings=ать/нуть;root=кис	
укладывать	уложить	verbal_aspect:cross:ить/ывать:v1	mode=cross;endings=ить/ывать;root=	
укладываться	уложиться	verbal_aspect:cross:иться/ываться:v1	mode=cross;endings=иться/ываться;root=	
уклеивать	уклеить	verbal_aspect:same:ивать/ить:v1	mode=same;endings=ивать/ить;root=кле	
уклонист	уклонистский	lemma_suffix:ский:v1	base=уклонист;suffix=ский	
уклонить	уклонять	verbal_aspect:same:ить/ять:v1	mode=same;endings=ить/ять;root=клон	
уклониться	уклоняться	verbal_aspect:same:иться/яться:v1	mode=same;endings=иться/яться;root=клон	
укоренить	укоренять	verbal_aspect:same:ить/ять:v1	mode=same;endings=ить/ять;root=корен	
укорениться	укореняться	verbal_aspect:same:иться/яться:v1	mode=same;endings=иться/яться;root=корен	
укорить	укорять	verbal_aspect:same:ить/ять:v1	mode=same;endings=ить/ять;root=кор	
украшатель	украшательский	lemma_suffix:ский:v1	base=украшатель;suffix=ский	
укроп	укропный	relational_adjective:ный:v1	root=укроп;noun=укроп;suffix=ный	
уксус	уксусник	lemma_suffix:ник:v1	base=уксус;suffix=ник	
уксус	уксусный	relational_adjective:ный:v1	root=уксус;noun=уксус;suffix=ный	
укупоривать	укупорить	verbal_aspect:same:ивать/ить:v1	mode=same;endings=ивать/ить;root=купор	
улепетнуть	улепетывать	verbal_aspect:same:нуть/ывать:v1	mode=same;endings=нуть/ывать;root=лепет	
уличать	уличить	verbal_aspect:same:ать/ить:v1	mode=same;endings=ать/ить;root=лич	
уломать	уломить	verbal_aspect:same:ать/ить:v1	mode=same;endings=ать/ить;root=лом	
улучать	улучить	verbal_aspect:same:ать/ить:v1	mode=same;endings=ать/ить;root=луч	
умалить	умалять	verbal_aspect:same:ить/ять:v1	mode=same;endings=ить/ять;root=мал	
умалиться	умаляться	verbal_aspect:same:иться/яться:v1	mode=same;endings=иться/яться;root=мал	
уманивать	уманить	verbal_aspect:same:ивать/ить:v1	mode=same;endings=ивать/ить;root=ман	
умасливать	умаслить	verbal_aspect:same:ивать/ить:v1	mode=same;endings=ивать/ить;root=масл	
умасливаться	умаслиться	verbal_aspect:same:иваться/иться:v1	mode=same;endings=иваться/иться;root=масл	
умерить	умерять	verbal_aspect:same:ить/ять:v1	mode=same;endings=ить/ять;root=мер	
умилить	умилять	verbal_aspect:same:ить/ять:v1	mode=same;endings=ить/ять;root=мил	
умилиться	умиляться	verbal_aspect:same:иться/яться:v1	mode=same;endings=иться/яться;root=мил	
умирить	умирять	verbal_aspect:same:ить/ять:v1	mode=same;endings=ить/ять;root=мир	
умириться	умиряться	verbal_aspect:same:иться/яться:v1	mode=same;endings=иться/яться;root=мир	
умножать	умножить	verbal_aspect:same:ать/ить:v1	mode=same;endings=ать/ить;root=множ	
умножаться	умножиться	verbal_aspect:same:аться/иться:v1	mode=same;endings=аться/иться;root=множ	
умокать	умокнуть	verbal_aspect:same:ать/нуть:v1	mode=same;endings=ать/нуть;root=мок	
умолить	умолять	verbal_aspect:same:ить/ять:v1	mode=same;endings=ить/ять;root=мол	
умолкать	умолкнуть	verbal_aspect:same:ать/нуть:v1	mode=same;endings=ать/нуть;root=молк	
умудрить	умудрять	verbal_aspect:same:ить/ять:v1	mode=same;endings=ить/ять;root=мудр	
умудриться	умудряться	verbal_aspect:same:иться/яться:v1	mode=same;endings=иться/яться;root=мудр	
упаривать	упарить	verbal_aspect:same:ивать/ить:v1	mode=same;endings=ивать/ить;root=пар	
упариваться	упариться	verbal_aspect:same:иваться/иться:v1	mode=same;endings=иваться/иться;root=пар	
управитель	управительский	lemma_suffix:ский:v1	base=управитель;suffix=ский	
упразднить	упразднять	verbal_aspect:same:ить/ять:v1	mode=same;endings=ить/ять;root=праздн	
упраздниться	упраздняться	verbal_aspect:same:иться/яться:v1	mode=same;endings=иться/яться;root=праздн	
упрекать	упрекнуть	verbal_aspect:same:ать/нуть:v1	mode=same;endings=ать/нуть;root=прек	
упрочивать	упрочить	verbal_aspect:same:ивать/ить:v1	mode=same;endings=ивать/ить;root=проч	
упрочиваться	упрочиться	verbal_aspect:same:иваться/иться:v1	mode=same;endings=иваться/иться;root=проч	
урез	урезник	lemma_suffix:ник:v1	base=урез;suffix=ник	
урод	уродский	lemma_suffix:ский:v1	base=урод;suffix=ский	
уряд	урядник	lemma_suffix:ник:v1	base=уряд;suffix=ник	
усиливать	усилить	verbal_aspect:same:ивать/ить:v1	mode=same;endings=ивать/ить;root=сил	
усиливаться	усилиться	verbal_aspect:same:иваться/иться:v1	mode=same;endings=иваться/иться;root=сил	
ускользать	ускользнуть	verbal_aspect:same:ать/нуть:v1	mode=same;endings=ать/нуть;root=скольз	
ускорить	ускорять	verbal_aspect:same:ить/ять:v1	mode=same;endings=ить/ять;root=скор	
ускориться	ускоряться	verbal_aspect:same:иться/яться:v1	mode=same;endings=иться/яться;root=скор	
услуживать	услужить	verbal_aspect:same:ивать/ить:v1	mode=same;endings=ивать/ить;root=служ	
уста	устный	relational_adjective:ный:v1	root=уст;noun=уста;suffix=ный	
устранить	устранять	verbal_aspect:same:ить/ять:v1	mode=same;endings=ить/ять;root=стран	
устраниться	устраняться	verbal_aspect:same:иться/яться:v1	mode=same;endings=иться/яться;root=стран	
устрашать	устрашить	verbal_aspect:same:ать/ить:v1	mode=same;endings=ать/ить;root=страш	
устрашаться	устрашиться	verbal_aspect:same:аться/иться:v1	mode=same;endings=аться/иться;root=страш	
устроитель	устроительский	lemma_suffix:ский:v1	base=устроитель;suffix=ский	
уступать	уступить	verbal_aspect:same:ать/ить:v1	mode=same;endings=ать/ить;root=ступ	
утеплить	утеплять	verbal_aspect:same:ить/ять:v1	mode=same;endings=ить/ять;root=тепл	
утеплиться	утепляться	verbal_aspect:same:иться/яться:v1	mode=same;endings=иться/яться;root=тепл	
утеснить	утеснять	verbal_aspect:same:ить/ять:v1	mode=same;endings=ить/ять;root=тесн	
утесниться	утесняться	verbal_aspect:same:иться/яться:v1	mode=same;endings=иться/яться;root=тесн	
утешать	утешить	verbal_aspect:same:ать/ить:v1	mode=same;endings=ать/ить;root=теш	
утешаться	утешиться	verbal_aspect:same:аться/иться:v1	mode=same;endings=аться/иться;root=теш	
утихать	утихнуть	verbal_aspect:same:ать/нуть:v1	mode=same;endings=ать/нуть;root=тих	
утишать	утишить	verbal_aspect:same:ать/ить:v1	mode=same;endings=ать/ить;root=тиш	
утолить	утолять	verbal_aspect:same:ить/ять:v1	mode=same;endings=ить/ять;root=тол	
утолиться	утоляться	verbal_aspect:same:иться/яться:v1	mode=same;endings=иться/яться;root=тол	
утонить	утонять	verbal_aspect:same:ить/ять:v1	mode=same;endings=ить/ять;root=тон	
утониться	утоняться	verbal_aspect:same:иться/яться:v1	mode=same;endings=иться/яться;root=тон	
утор	уторник	lemma_suffix:ник:v1	base=утор;suffix=ник	
утушать	утушить	verbal_aspect:same:ать/ить:v1	mode=same;endings=ать/ить;root=туш	
утушаться	утушиться	verbal_aspect:same:аться/иться:v1	mode=same;endings=аться/иться;root=туш	
ухажер	ухажерский	lemma_suffix:ский:v1	base=ухажер;suffix=ский	
ухватить	ухватывать	verbal_aspect:same:ить/ывать:v1	mode=same;endings=ить/ывать;root=хват	
ухватиться	ухватываться	verbal_aspect:same:иться/ываться:v1	mode=same;endings=иться/ываться;root=хват	
ухитриться	ухитряться	verbal_aspect:same:иться/яться:v1	mode=same;endings=иться/яться;root=хитр	
ухлебнуть	ухлебывать	verbal_aspect:same:нуть/ывать:v1	mode=same;endings=нуть/ывать;root=хлеб	
ухлестнуть	ухлестывать	verbal_aspect:same:нуть/ывать:v1	mode=same;endings=нуть/ывать;root=хлест	
ухоливать	ухолить	verbal_aspect:same:ивать/ить:v1	mode=same;endings=ивать/ить;root=хол	
уценивать	уценить	verbal_aspect:same:ивать/ить:v1	mode=same;endings=ивать/ить;root=цен	
учерпнуть	учерпывать	verbal_aspect:same:нуть/ывать:v1	mode=same;endings=нуть/ывать;root=черп	
учетверить	учетверять	verbal_aspect:same:ить/ять:v1	mode=same;endings=ить/ять;root=четвер	
учетвериться	учетверяться	verbal_aspect:same:иться/яться:v1	mode=same;endings=иться/яться;root=четвер	
учинить	учинять	verbal_aspect:same:ить/ять:v1	mode=same;endings=ить/ять;root=чин	
учиниться	учиняться	verbal_aspect:same:иться/яться:v1	mode=same;endings=иться/яться;root=чин	
учитель	учительский	lemma_suffix:ский:v1	base=учитель;suffix=ский	
учредитель	учредительский	lemma_suffix:ский:v1	base=учредитель;suffix=ский	
ушибать	ушибить	verbal_aspect:same:ать/ить:v1	mode=same;endings=ать/ить;root=шиб	
ушибаться	ушибиться	verbal_aspect:same:аться/иться:v1	mode=same;endings=аться/иться;root=шиб	
ушириться	уширяться	verbal_aspect:same:иться/яться:v1	mode=same;endings=иться/яться;root=шир	
ушкуй	ушкуйник	lemma_suffix:ник:v1	base=ушкуй;suffix=ник	
ущипнуть	ущипывать	verbal_aspect:same:нуть/ывать:v1	mode=same;endings=нуть/ывать;root=щип	
уяснить	уяснять	verbal_aspect:same:ить/ять:v1	mode=same;endings=ить/ять;root=ясн	
уясниться	уясняться	verbal_aspect:same:иться/яться:v1	mode=same;endings=иться/яться;root=ясн	
фабрикант	фабрикантский	lemma_suffix:ский:v1	base=фабрикант;suffix=ский	
фанера	фанерный	relational_adjective:ный:v1	root=фанер;noun=фанера;suffix=ный	
фасолевый	фасоль	relational_adjective:евый:v1	root=фасол;noun=фасоль;suffix=евый	
фасон	фасонный	relational_adjective:ный:v1	root=фасон;noun=фасон;suffix=ный	
февраль	февральский	lemma_suffix:ский:v1	base=февраль;suffix=ский	
фигура	фигурный	relational_adjective:ный:v1	root=фигур;noun=фигура;suffix=ный	
флейта	флейтный	relational_adjective:ный:v1	root=флейт;noun=флейта;suffix=ный	
флейта	флейтовый	relational_adjective:овый:v1	root=флейт;noun=флейта;suffix=овый	
флот	флотский	relational_adjective:ский:v1	root=флот;noun=флот;suffix=ский	
фонарный	фонарь	relational_adjective:ный:v1	root=фонар;noun=фонарь;suffix=ный	
фонтан	фонтанный	relational_adjective:ный:v1	root=фонтан;noun=фонтан;suffix=ный	
фрукт	фруктовый	relational_adjective:овый:v1	root=фрукт;noun=фрукт;suffix=овый	
фукать	фукнуть	verbal_aspect:same:ать/нуть:v1	mode=same;endings=ать/нуть;root=фук	
футляр	футлярный	relational_adjective:ный:v1	root=футляр;noun=футляр;suffix=ный	
фыркать	фыркнуть	verbal_aspect:same:ать/нуть:v1	mode=same;endings=ать/нуть;root=фырк	
халат	халатник	lemma_suffix:ник:v1	base=халат;suffix=ник	
халат	халатный	relational_adjective:ный:v1	root=халат;noun=халат;suffix=ный	
халтура	халтурный	relational_adjective:ный:v1	root=халтур;noun=халтура;suffix=ный	
хам	хамский	relational_adjective:ский:v1	root=хам;noun=хам;suffix=ский	
хапать	хапнуть	verbal_aspect:same:ать/нуть:v1	mode=same;endings=ать/нуть;root=хап	
характер	характерный	relational_adjective:ный:v1	root=характер;noun=характер;suffix=ный	
харкать	харкнуть	verbal_aspect:same:ать/нуть:v1	mode=same;endings=ать/нуть;root=харк	
хвастать	хвастнуть	verbal_aspect:same:ать/нуть:v1	mode=same;endings=ать/нуть;root=хваст	
хват	хватский	relational_adjective:ский:v1	root=хват;noun=хват;suffix=ский	
хватать	хватить	verbal_aspect:same:ать/ить:v1	mode=same;endings=ать/ить;root=хват	
хвататься	хватиться	verbal_aspect:same:аться/иться:v1	mode=same;endings=аться/иться;root=хват	
хвостист	хвостистский	lemma_suffix:ский:v1	base=хвостист;suffix=ский	
хлад	хладный	relational_adjective:ный:v1	root=хлад;noun=хлад;suffix=ный	
хлеб	хлебник	lemma_suffix:ник:v1	base=хлеб;suffix=ник	
хлеб	хлебный	relational_adjective:ный:v1	root=хлеб;noun=хлеб;suffix=ный	
хлебать	хлебнуть	verbal_aspect:same:ать/нуть:v1	mode=same;endings=ать/нуть;root=хлеб	
хлебнуть	хлебывать	verbal_aspect:same:нуть/ывать:v1	mode=same;endings=нуть/ывать;root=хлеб	
хлестать	хлестнуть	verbal_aspect:same:ать/нуть:v1	mode=same;endings=ать/нуть;root=хлест	
хлобыстать	хлобыстнуть	verbal_aspect:same:ать/нуть:v1	mode=same;endings=ать/нуть;root=хлобыст	
хлопать	хлопнуть	verbal_aspect:same:ать/нуть:v1	mode=same;endings=ать/нуть;root=хлоп	
хлопчатник	хлопчатниковый	lemma_suffix:овый:v1	base=хлопчатник;suffix=овый	
хлыст	хлыстовый	relational_adjective:овый:v1	root=хлыст;noun=хлыст;suffix=овый	
хлыстать	хлыстнуть	verbal_aspect:same:ать/нуть:v1	mode=same;endings=ать/нуть;root=хлыст	
хлюпать	хлюпнуть	verbal_aspect:same:ать/нуть:v1	mode=same;endings=ать/нуть;root=хлюп	
хмель	хмельник	lemma_suffix:ник:v1	base=хмель;suffix=ник	
хмыкать	хмыкнуть	verbal_aspect:same:ать/нуть:v1	mode=same;endings=ать/нуть;root=хмык	
хобот	хоботной	relational_adjective:ной:v1	root=хобот;noun=хобот;suffix=ной	
холод	холодный	relational_adjective:ный:v1	root=холод;noun=холод;suffix=ный	
холод	холодовый	relational_adjective:овый:v1	root=холод;noun=холод;suffix=овый	
холоп	холопский	relational_adjective:ский:v1	root=холоп;noun=холоп;suffix=ский	
холуй	холуйский	lemma_suffix:ский:v1	base=холуй;suffix=ский	
хомут	хомутник	lemma_suffix:ник:v1	base=хомут;suffix=ник	
хомут	хомутный	relational_adjective:ный:v1	root=хомут;noun=хомут;suffix=ный	
хоревый	хорь	relational_adjective:евый:v1	root=хор;noun=хорь;suffix=евый	
хребет	хребетный	relational_adjective:ный:v1	root=хребет;noun=хребет;suffix=ный	
хрен	хреновый	relational_adjective:овый:v1	root=хрен;noun=хрен;suffix=овый	
хрупать	хрупнуть	verbal_aspect:same:ать/нуть:v1	mode=same;endings=ать/нуть;root=хруп	
хрустать	хрустнуть	verbal_aspect:same:ать/нуть:v1	mode=same;endings=ать/нуть;root=хруст	
хрястать	хрястнуть	verbal_aspect:same:ать/нуть:v1	mode=same;endings=ать/нуть;root=хряст	
хулиган	хулиганский	relational_adjective:ский:v1	root=хулиган;noun=хулиган;suffix=ский	
хутор	хуторный	relational_adjective:ный:v1	root=хутор;noun=хутор;suffix=ный	
хутор	хуторской	relational_adjective:ской:v1	root=хутор;noun=хутор;suffix=ской	
цапать	цапнуть	verbal_aspect:same:ать/нуть:v1	mode=same;endings=ать/нуть;root=цап	
царапать	царапнуть	verbal_aspect:same:ать/нуть:v1	mode=same;endings=ать/нуть;root=царап	
царский	царь	relational_adjective:ский:v1	root=цар;noun=царь;suffix=ский	
цвет	цветной	relational_adjective:ной:v1	root=цвет;noun=цвет;suffix=ной	
цветник	цветниковый	lemma_suffix:овый:v1	base=цветник;suffix=овый	
цена	ценный	relational_adjective:ный:v1	root=цен;noun=цена;suffix=ный	
цеп	цепной	relational_adjective:ной:v1	root=цеп;noun=цеп;suffix=ной	
цепной	цепь	relational_adjective:ной:v1	root=цеп;noun=цепь;suffix=ной	
церковный	церковь	relational_adjective:ный:v1	root=церков;noun=церковь;suffix=ный	
цифирный	цифирь	relational_adjective:ный:v1	root=цифир;noun=цифирь;suffix=ный	
цокать	цокнуть	verbal_aspect:same:ать/нуть:v1	mode=same;endings=ать/нуть;root=цок	
цыган	цыганский	relational_adjective:ский:v1	root=цыган;noun=цыган;suffix=ский	
цыкать	цыкнуть	verbal_aspect:same:ать/нуть:v1	mode=same;endings=ать/нуть;root=цык	
чавкать	чавкнуть	verbal_aspect:same:ать/нуть:v1	mode=same;endings=ать/нуть;root=чавк	
чад	чадный	relational_adjective:ный:v1	root=чад;noun=чад;suffix=ный	
чан	чанный	relational_adjective:ный:v1	root=чан;noun=чан;suffix=ный	
частик	частиковый	lemma_suffix:овый:v1	base=частик;suffix=овый	
частный	часть	relational_adjective:ный:v1	root=част;noun=часть;suffix=ный	
чекан	чеканный	relational_adjective:ный:v1	root=чекан;noun=чекан;suffix=ный	
челюстной	челюсть	relational_adjective:ной:v1	root=челюст;noun=челюсть;suffix=ной	
чемодан	чемоданный	relational_adjective:ный:v1	root=чемодан;noun=чемодан;suffix=ный	
чемпион	чемпионский	relational_adjective:ский:v1	root=чемпион;noun=чемпион;suffix=ский	
чепуха	чепуховый	relational_adjective:овый:v1	root=чепух;noun=чепуха;suffix=овый	
черва	червовод	profession:v1	head=черв;tail=;source=tikhonov	
черва	червовый	relational_adjective:овый:v1	root=черв;noun=черва;suffix=овый	
червяк	червяковый	lemma_suffix:овый:v1	base=червяк;suffix=овый	
череп	черепной	relational_adjective:ной:v1	root=череп;noun=череп;suffix=ной	
черкать	черкнуть	verbal_aspect:same:ать/нуть:v1	mode=same;endings=ать/нуть;root=черк	
черневый	чернь	relational_adjective:евый:v1	root=черн;noun=чернь;suffix=евый	
черпать	черпнуть	verbal_aspect:same:ать/нуть:v1	mode=same;endings=ать/нуть;root=черп	
чертеж	чертежник	lemma_suffix:ник:v1	base=чертеж;suffix=ник	
чертов	чертовский	lemma_suffix:ский:v1	base=чертов;suffix=ский	
чет	четный	relational_adjective:ный:v1	root=чет;noun=чет;suffix=ный	
четверг	четверговый	lemma_suffix:овый:v1	base=четверг;suffix=овый	
четверик	четвериковый	lemma_suffix:овый:v1	base=четверик;suffix=овый	
четвертак	четвертаковый	lemma_suffix:овый:v1	base=четвертак;suffix=овый	
чибис	чибисовый	relational_adjective:овый:v1	root=чибис;noun=чибис;suffix=овый	
чиж	чижиный	relational_adjective:иный:v1	root=чиж;noun=чиж;suffix=иный	
чиж	чижовый	relational_adjective:овый:v1	root=чиж;noun=чиж;suffix=овый	
чикать	чикнуть	verbal_aspect:same:ать/нуть:v1	mode=same;endings=ать/нуть;root=чик	
чиркать	чиркнуть	verbal_aspect:same:ать/нуть:v1	mode=same;endings=ать/нуть;root=чирк	
читатель	читательский	lemma_suffix:ский:v1	base=читатель;suffix=ский	
чихать	чихнуть	verbal_aspect:same:ать/нуть:v1	mode=same;endings=ать/нуть;root=чих	
член	членный	relational_adjective:ный:v1	root=член;noun=член;suffix=ный	
член	членский	relational_adjective:ский:v1	root=член;noun=член;suffix=ский	
чмокать	чмокнуть	verbal_aspect:same:ать/нуть:v1	mode=same;endings=ать/нуть;root=чмок	
чугун	чугунный	relational_adjective:ный:v1	root=чугун;noun=чугун;suffix=ный	
чудной	чудо	relational_adjective:ной:v1	root=чуд;noun=чудо;suffix=ной	
чудный	чудо	relational_adjective:ный:v1	root=чуд;noun=чудо;suffix=ный	
чулан	чуланный	relational_adjective:ный:v1	root=чулан;noun=чулан;suffix=ный	
чума	чумной	relational_adjective:ной:v1	root=чум;noun=чума;suffix=ной	
шабаш	шабашник	lemma_suffix:ник:v1	base=шабаш;suffix=ник	
шагать	шагнуть	verbal_aspect:same:ать/нуть:v1	mode=same;endings=ать/нуть;root=шаг	
шалевый	шаль	relational_adjective:евый:v1	root=шал;noun=шаль;suffix=евый	
шарахать	шарахнуть	verbal_aspect:same:ать/нуть:v1	mode=same;endings=ать/нуть;root=шарах	
шарик	шариковый	lemma_suffix:овый:v1	base=шарик;suffix=овый	
шаркать	шаркнуть	verbal_aspect:same:ать/нуть:v1	mode=same;endings=ать/нуть;root=шарк	
шатать	шатнуть	verbal_aspect:same:ать/нуть:v1	mode=same;endings=ать/нуть;root=шат	
шахта	шахтный	relational_adjective:ный:v1	root=шахт;noun=шахта;suffix=ный	
шахта	шахтовый	relational_adjective:овый:v1	root=шахт;noun=шахта;suffix=овый	
шахтер	шахтерский	lemma_suffix:ский:v1	base=шахтер;suffix=ский	
шваркать	шваркнуть	verbal_aspect:same:ать/нуть:v1	mode=same;endings=ать/нуть;root=шварк	
шелк	шелковый	relational_adjective:овый:v1	root=шелк;noun=шелк;suffix=овый	
шерстный	шерсть	relational_adjective:ный:v1	root=шерст;noun=шерсть;suffix=ный	
шестерик	шестериковый	lemma_suffix:овый:v1	base=шестерик;suffix=овый	
шестеро	шестой	ordinal:v1	root=шест;ending=ой	
шестой	шесть	ordinal:v1	root=шест;ending=ой	
шестой	шестью	ordinal:v1	root=шест;ending=ой	
шеф	шефский	relational_adjective:ский:v1	root=шеф;noun=шеф;suffix=ский	
шина	шинный	relational_adjective:ный:v1	root=шин;noun=шина;suffix=ный	
шкаф	шкафной	relational_adjective:ной:v1	root=шкаф;noun=шкаф;suffix=ной	
школяр	школярский	lemma_suffix:ский:v1	base=школяр;suffix=ский	
шкура	шкурный	relational_adjective:ный:v1	root=шкур;noun=шкура;suffix=ный	
шлак	шлаковый	relational_adjective:овый:v1	root=шлак;noun=шлак;suffix=овый	
шлепать	шлепнуть	verbal_aspect:same:ать/нуть:v1	mode=same;endings=ать/нуть;root=шлеп	
шлюз	шлюзный	relational_adjective:ный:v1	root=шлюз;noun=шлюз;suffix=ный	
шляпа	шляпный	relational_adjective:ный:v1	root=шляп;noun=шляпа;suffix=ный	
шмелиный	шмель	relational_adjective:иный:v1	root=шмел;noun=шмель;suffix=иный	
шмыгать	шмыгнуть	verbal_aspect:same:ать/нуть:v1	mode=same;endings=ать/нуть;root=шмыг	
шмякать	шмякнуть	verbal_aspect:same:ать/нуть:v1	mode=same;endings=ать/нуть;root=шмяк	
шов	шовный	relational_adjective:ный:v1	root=шов;noun=шов;suffix=ный	
шоколад	шоколадный	relational_adjective:ный:v1	root=шоколад;noun=шоколад;suffix=ный	
шофер	шоферский	relational_adjective:ский:v1	root=шофер;noun=шофер;suffix=ский	
штат	штатный	relational_adjective:ный:v1	root=штат;noun=штат;suffix=ный	
штат	штатский	relational_adjective:ский:v1	root=штат;noun=штат;suffix=ский	
штопор	штопорный	relational_adjective:ный:v1	root=штопор;noun=штопор;suffix=ный	
штраф	штрафник	lemma_suffix:ник:v1	base=штраф;suffix=ник	
штраф	штрафной	relational_adjective:ной:v1	root=штраф;noun=штраф;suffix=ной	
штукатур	штукатурный	relational_adjective:ный:v1	root=штукатур;noun=штукатур;suffix=ный	
шуба	шубный	relational_adjective:ный:v1	root=шуб;noun=шуба;suffix=ный	
шугать	шугнуть	verbal_aspect:same:ать/нуть:v1	mode=same;endings=ать/нуть;root=шуг	
шум	шумный	relational_adjective:ный:v1	root=шум;noun=шум;suffix=ный	
шут	шутник	lemma_suffix:ник:v1	base=шут;suffix=ник	
щавелевый	щавель	relational_adjective:евый:v1	root=щавел;noun=щавель;suffix=евый	
щавель	щавельник	lemma_suffix:ник:v1	base=щавель;suffix=ник	
щелкать	щелкнуть	verbal_aspect:same:ать/нуть:v1	mode=same;endings=ать/нуть;root=щелк	
щелочной	щелочь	relational_adjective:ной:v1	root=щелоч;noun=щелочь;suffix=ной	
щепа	щепной	relational_adjective:ной:v1	root=щеп;noun=щепа;suffix=ной	
щипать	щипнуть	verbal_aspect:same:ать/нуть:v1	mode=same;endings=ать/нуть;root=щип	
экзаменатор	экзаменаторский	lemma_suffix:ский:v1	base=экзаменатор;suffix=ский	
этаж	этажный	relational_adjective:ный:v1	root=этаж;noun=этаж;suffix=ный	
эфир	эфирный	relational_adjective:ный:v1	root=эфир;noun=эфир;suffix=ный	
юрод	юродский	relational_adjective:ский:v1	root=юрод;noun=юрод;suffix=ский	
явор	яворовый	relational_adjective:овый:v1	root=явор;noun=явор;suffix=овый	
ягода	ягодный	relational_adjective:ный:v1	root=ягод;noun=ягода;suffix=ный	
ядро	ядровый	relational_adjective:овый:v1	root=ядр;noun=ядро;suffix=овый	
язык	языковый	relational_adjective:овый:v1	root=язык;noun=язык;suffix=овый	
якорный	якорь	relational_adjective:ный:v1	root=якор;noun=якорь;suffix=ный	
январский	январь	relational_adjective:ский:v1	root=январ;noun=январь;suffix=ский	
янтарный	янтарь	relational_adjective:ный:v1	root=янтар;noun=янтарь;suffix=ный	
ярем	яремный	relational_adjective:ный:v1	root=ярем;noun=ярем;suffix=ный	
ярус	ярусный	relational_adjective:ный:v1	root=ярус;noun=ярус;suffix=ный	
ясеневый	ясень	relational_adjective:евый:v1	root=ясен;noun=ясень;suffix=евый	
ястреб	ястребиный	relational_adjective:иный:v1	root=ястреб;noun=ястреб;suffix=иный	
яхта	яхтный	relational_adjective:ный:v1	root=яхт;noun=яхта;suffix=ный	
ящер	ящерный	relational_adjective:ный:v1	root=ящер;noun=ящер;suffix=ный	
ящур	ящурный	relational_adjective:ный:v1	root=ящур;noun=ящур;suffix=ный	
